
  You can now view your Streamlit app in your browser.

  Network URL: http://10.26.50.228:8501
  External URL: http://117.28.251.152:8501

2023-06-21 19:36:27.003 Uncaught app exception
Traceback (most recent call last):
  File "/home/room/miniconda3/envs/pytorch1_11_cpu/lib/python3.10/site-packages/streamlit/runtime/scriptrunner/script_runner.py", line 565, in _run_script
    exec(code, module.__dict__)
  File "/home/room/streamlit/denoise/denoise.py", line 192, in <module>
    run()
  File "/home/room/streamlit/denoise/denoise.py", line 142, in run
    raw_specs, filenames = upload_module(upload_file, save_path=save_path)
TypeError: cannot unpack non-iterable NoneType object
2023-06-21 19:36:48.017 Uncaught app exception
Traceback (most recent call last):
  File "/home/room/miniconda3/envs/pytorch1_11_cpu/lib/python3.10/site-packages/streamlit/runtime/scriptrunner/script_runner.py", line 565, in _run_script
    exec(code, module.__dict__)
  File "/home/room/streamlit/denoise/denoise.py", line 192, in <module>
    run()
  File "/home/room/streamlit/denoise/denoise.py", line 142, in run
    raw_specs, filenames = upload_module(upload_file, save_path=save_path)
TypeError: cannot unpack non-iterable NoneType object
2023-06-21 19:36:58.290 Uncaught app exception
Traceback (most recent call last):
  File "/home/room/miniconda3/envs/pytorch1_11_cpu/lib/python3.10/site-packages/streamlit/runtime/scriptrunner/script_runner.py", line 565, in _run_script
    exec(code, module.__dict__)
  File "/home/room/streamlit/denoise/denoise.py", line 192, in <module>
    run()
  File "/home/room/streamlit/denoise/denoise.py", line 142, in run
    raw_specs, filenames = upload_module(upload_file, save_path=save_path)
TypeError: cannot unpack non-iterable NoneType object
2023-06-21 19:36:59.626 Uncaught app exception
Traceback (most recent call last):
  File "/home/room/miniconda3/envs/pytorch1_11_cpu/lib/python3.10/site-packages/streamlit/runtime/scriptrunner/script_runner.py", line 565, in _run_script
    exec(code, module.__dict__)
  File "/home/room/streamlit/denoise/denoise.py", line 192, in <module>
    run()
  File "/home/room/streamlit/denoise/denoise.py", line 142, in run
    raw_specs, filenames = upload_module(upload_file, save_path=save_path)
TypeError: cannot unpack non-iterable NoneType object
2023-06-21 19:45:40.847 Uncaught app exception
Traceback (most recent call last):
  File "/home/room/miniconda3/envs/pytorch1_11_cpu/lib/python3.10/site-packages/streamlit/runtime/scriptrunner/script_runner.py", line 565, in _run_script
    exec(code, module.__dict__)
  File "/home/room/streamlit/denoise/denoise.py", line 192, in <module>
    run()
  File "/home/room/streamlit/denoise/denoise.py", line 142, in run
    raw_specs, filenames = upload_module(upload_file, save_path=save_path)
TypeError: cannot unpack non-iterable NoneType object
2023-06-21 19:45:46.688 Uncaught app exception
Traceback (most recent call last):
  File "/home/room/miniconda3/envs/pytorch1_11_cpu/lib/python3.10/site-packages/streamlit/runtime/scriptrunner/script_runner.py", line 565, in _run_script
    exec(code, module.__dict__)
  File "/home/room/streamlit/denoise/denoise.py", line 192, in <module>
    run()
  File "/home/room/streamlit/denoise/denoise.py", line 142, in run
    raw_specs, filenames = upload_module(upload_file, save_path=save_path)
TypeError: cannot unpack non-iterable NoneType object
2023-06-21 19:45:47.494 Uncaught app exception
Traceback (most recent call last):
  File "/home/room/miniconda3/envs/pytorch1_11_cpu/lib/python3.10/site-packages/streamlit/runtime/scriptrunner/script_runner.py", line 565, in _run_script
    exec(code, module.__dict__)
  File "/home/room/streamlit/denoise/denoise.py", line 192, in <module>
    run()
  File "/home/room/streamlit/denoise/denoise.py", line 142, in run
    raw_specs, filenames = upload_module(upload_file, save_path=save_path)
TypeError: cannot unpack non-iterable NoneType object
2023-06-21 19:45:48.731 Uncaught app exception
Traceback (most recent call last):
  File "/home/room/miniconda3/envs/pytorch1_11_cpu/lib/python3.10/site-packages/streamlit/runtime/scriptrunner/script_runner.py", line 565, in _run_script
    exec(code, module.__dict__)
  File "/home/room/streamlit/denoise/denoise.py", line 192, in <module>
    run()
  File "/home/room/streamlit/denoise/denoise.py", line 142, in run
    raw_specs, filenames = upload_module(upload_file, save_path=save_path)
TypeError: cannot unpack non-iterable NoneType object
2023-06-21 19:45:50.198 Uncaught app exception
Traceback (most recent call last):
  File "/home/room/miniconda3/envs/pytorch1_11_cpu/lib/python3.10/site-packages/streamlit/runtime/scriptrunner/script_runner.py", line 565, in _run_script
    exec(code, module.__dict__)
  File "/home/room/streamlit/denoise/denoise.py", line 192, in <module>
    run()
  File "/home/room/streamlit/denoise/denoise.py", line 142, in run
    raw_specs, filenames = upload_module(upload_file, save_path=save_path)
TypeError: cannot unpack non-iterable NoneType object
2023-06-21 19:45:50.634 Uncaught app exception
Traceback (most recent call last):
  File "/home/room/miniconda3/envs/pytorch1_11_cpu/lib/python3.10/site-packages/streamlit/runtime/scriptrunner/script_runner.py", line 565, in _run_script
    exec(code, module.__dict__)
  File "/home/room/streamlit/denoise/denoise.py", line 192, in <module>
    run()
  File "/home/room/streamlit/denoise/denoise.py", line 142, in run
    raw_specs, filenames = upload_module(upload_file, save_path=save_path)
TypeError: cannot unpack non-iterable NoneType object
2023-06-21 19:45:51.089 Uncaught app exception
Traceback (most recent call last):
  File "/home/room/miniconda3/envs/pytorch1_11_cpu/lib/python3.10/site-packages/streamlit/runtime/scriptrunner/script_runner.py", line 565, in _run_script
    exec(code, module.__dict__)
  File "/home/room/streamlit/denoise/denoise.py", line 192, in <module>
    run()
  File "/home/room/streamlit/denoise/denoise.py", line 142, in run
    raw_specs, filenames = upload_module(upload_file, save_path=save_path)
TypeError: cannot unpack non-iterable NoneType object
2023-06-21 19:45:51.295 Uncaught app exception
Traceback (most recent call last):
  File "/home/room/miniconda3/envs/pytorch1_11_cpu/lib/python3.10/site-packages/streamlit/runtime/scriptrunner/script_runner.py", line 565, in _run_script
    exec(code, module.__dict__)
  File "/home/room/streamlit/denoise/denoise.py", line 192, in <module>
    run()
  File "/home/room/streamlit/denoise/denoise.py", line 142, in run
    raw_specs, filenames = upload_module(upload_file, save_path=save_path)
TypeError: cannot unpack non-iterable NoneType object
2023-06-21 19:45:51.760 Uncaught app exception
Traceback (most recent call last):
  File "/home/room/miniconda3/envs/pytorch1_11_cpu/lib/python3.10/site-packages/streamlit/runtime/scriptrunner/script_runner.py", line 565, in _run_script
    exec(code, module.__dict__)
  File "/home/room/streamlit/denoise/denoise.py", line 192, in <module>
    run()
  File "/home/room/streamlit/denoise/denoise.py", line 142, in run
    raw_specs, filenames = upload_module(upload_file, save_path=save_path)
TypeError: cannot unpack non-iterable NoneType object
2023-06-21 19:45:51.963 Uncaught app exception
Traceback (most recent call last):
  File "/home/room/miniconda3/envs/pytorch1_11_cpu/lib/python3.10/site-packages/streamlit/runtime/scriptrunner/script_runner.py", line 565, in _run_script
    exec(code, module.__dict__)
  File "/home/room/streamlit/denoise/denoise.py", line 192, in <module>
    run()
  File "/home/room/streamlit/denoise/denoise.py", line 142, in run
    raw_specs, filenames = upload_module(upload_file, save_path=save_path)
TypeError: cannot unpack non-iterable NoneType object
2023-06-21 19:45:52.112 Uncaught app exception
Traceback (most recent call last):
  File "/home/room/miniconda3/envs/pytorch1_11_cpu/lib/python3.10/site-packages/streamlit/runtime/scriptrunner/script_runner.py", line 565, in _run_script
    exec(code, module.__dict__)
  File "/home/room/streamlit/denoise/denoise.py", line 192, in <module>
    run()
  File "/home/room/streamlit/denoise/denoise.py", line 142, in run
    raw_specs, filenames = upload_module(upload_file, save_path=save_path)
TypeError: cannot unpack non-iterable NoneType object
2023-06-21 19:45:52.250 Uncaught app exception
Traceback (most recent call last):
  File "/home/room/miniconda3/envs/pytorch1_11_cpu/lib/python3.10/site-packages/streamlit/runtime/scriptrunner/script_runner.py", line 565, in _run_script
    exec(code, module.__dict__)
  File "/home/room/streamlit/denoise/denoise.py", line 192, in <module>
    run()
  File "/home/room/streamlit/denoise/denoise.py", line 142, in run
    raw_specs, filenames = upload_module(upload_file, save_path=save_path)
TypeError: cannot unpack non-iterable NoneType object
2023-06-21 19:45:52.431 Uncaught app exception
Traceback (most recent call last):
  File "/home/room/miniconda3/envs/pytorch1_11_cpu/lib/python3.10/site-packages/streamlit/runtime/scriptrunner/script_runner.py", line 565, in _run_script
    exec(code, module.__dict__)
  File "/home/room/streamlit/denoise/denoise.py", line 192, in <module>
    run()
  File "/home/room/streamlit/denoise/denoise.py", line 142, in run
    raw_specs, filenames = upload_module(upload_file, save_path=save_path)
TypeError: cannot unpack non-iterable NoneType object
2023-06-21 19:45:52.577 Uncaught app exception
Traceback (most recent call last):
  File "/home/room/miniconda3/envs/pytorch1_11_cpu/lib/python3.10/site-packages/streamlit/runtime/scriptrunner/script_runner.py", line 565, in _run_script
    exec(code, module.__dict__)
  File "/home/room/streamlit/denoise/denoise.py", line 192, in <module>
    run()
  File "/home/room/streamlit/denoise/denoise.py", line 142, in run
    raw_specs, filenames = upload_module(upload_file, save_path=save_path)
TypeError: cannot unpack non-iterable NoneType object
2023-06-21 19:45:52.707 Uncaught app exception
Traceback (most recent call last):
  File "/home/room/miniconda3/envs/pytorch1_11_cpu/lib/python3.10/site-packages/streamlit/runtime/scriptrunner/script_runner.py", line 565, in _run_script
    exec(code, module.__dict__)
  File "/home/room/streamlit/denoise/denoise.py", line 192, in <module>
    run()
  File "/home/room/streamlit/denoise/denoise.py", line 142, in run
    raw_specs, filenames = upload_module(upload_file, save_path=save_path)
TypeError: cannot unpack non-iterable NoneType object
2023-06-21 19:45:52.861 Uncaught app exception
Traceback (most recent call last):
  File "/home/room/miniconda3/envs/pytorch1_11_cpu/lib/python3.10/site-packages/streamlit/runtime/scriptrunner/script_runner.py", line 565, in _run_script
    exec(code, module.__dict__)
  File "/home/room/streamlit/denoise/denoise.py", line 192, in <module>
    run()
  File "/home/room/streamlit/denoise/denoise.py", line 142, in run
    raw_specs, filenames = upload_module(upload_file, save_path=save_path)
TypeError: cannot unpack non-iterable NoneType object
2023-06-21 19:45:54.181 Uncaught app exception
Traceback (most recent call last):
  File "/home/room/miniconda3/envs/pytorch1_11_cpu/lib/python3.10/site-packages/streamlit/runtime/scriptrunner/script_runner.py", line 565, in _run_script
    exec(code, module.__dict__)
  File "/home/room/streamlit/denoise/denoise.py", line 192, in <module>
    run()
  File "/home/room/streamlit/denoise/denoise.py", line 142, in run
    raw_specs, filenames = upload_module(upload_file, save_path=save_path)
TypeError: cannot unpack non-iterable NoneType object
2023-06-25 15:43:56.650 Uncaught app exception
Traceback (most recent call last):
  File "/home/room/miniconda3/envs/pytorch1_11_cpu/lib/python3.10/site-packages/streamlit/runtime/scriptrunner/script_runner.py", line 565, in _run_script
    exec(code, module.__dict__)
  File "/home/room/streamlit/denoise/denoise.py", line 192, in <module>
    run()
  File "/home/room/streamlit/denoise/denoise.py", line 142, in run
    raw_specs, filenames = upload_module(upload_file, save_path=save_path)
TypeError: cannot unpack non-iterable NoneType object
2023-06-25 15:44:17.465 Uncaught app exception
Traceback (most recent call last):
  File "/home/room/miniconda3/envs/pytorch1_11_cpu/lib/python3.10/site-packages/streamlit/runtime/scriptrunner/script_runner.py", line 565, in _run_script
    exec(code, module.__dict__)
  File "/home/room/streamlit/denoise/denoise.py", line 192, in <module>
    run()
  File "/home/room/streamlit/denoise/denoise.py", line 142, in run
    raw_specs, filenames = upload_module(upload_file, save_path=save_path)
TypeError: cannot unpack non-iterable NoneType object
2023-06-25 15:44:22.398 Uncaught app exception
Traceback (most recent call last):
  File "/home/room/miniconda3/envs/pytorch1_11_cpu/lib/python3.10/site-packages/streamlit/runtime/scriptrunner/script_runner.py", line 565, in _run_script
    exec(code, module.__dict__)
  File "/home/room/streamlit/denoise/denoise.py", line 192, in <module>
    run()
  File "/home/room/streamlit/denoise/denoise.py", line 142, in run
    raw_specs, filenames = upload_module(upload_file, save_path=save_path)
TypeError: cannot unpack non-iterable NoneType object
2023-06-25 15:45:22.559 Uncaught app exception
Traceback (most recent call last):
  File "/home/room/miniconda3/envs/pytorch1_11_cpu/lib/python3.10/site-packages/streamlit/runtime/scriptrunner/script_runner.py", line 565, in _run_script
    exec(code, module.__dict__)
  File "/home/room/streamlit/denoise/denoise.py", line 192, in <module>
    run()
  File "/home/room/streamlit/denoise/denoise.py", line 142, in run
    raw_specs, filenames = upload_module(upload_file, save_path=save_path)
TypeError: cannot unpack non-iterable NoneType object
2023-06-25 15:47:51.207 Uncaught app exception
Traceback (most recent call last):
  File "/home/room/miniconda3/envs/pytorch1_11_cpu/lib/python3.10/site-packages/streamlit/runtime/scriptrunner/script_runner.py", line 565, in _run_script
    exec(code, module.__dict__)
  File "/home/room/streamlit/denoise/denoise.py", line 192, in <module>
    run()
  File "/home/room/streamlit/denoise/denoise.py", line 142, in run
    raw_specs, filenames = upload_module(upload_file, save_path=save_path)
TypeError: cannot unpack non-iterable NoneType object
2023-06-25 15:47:57.207 Uncaught app exception
Traceback (most recent call last):
  File "/home/room/miniconda3/envs/pytorch1_11_cpu/lib/python3.10/site-packages/streamlit/runtime/scriptrunner/script_runner.py", line 565, in _run_script
    exec(code, module.__dict__)
  File "/home/room/streamlit/denoise/denoise.py", line 192, in <module>
    run()
  File "/home/room/streamlit/denoise/denoise.py", line 142, in run
    raw_specs, filenames = upload_module(upload_file, save_path=save_path)
TypeError: cannot unpack non-iterable NoneType object
2023-06-25 15:51:06.519 Uncaught app exception
Traceback (most recent call last):
  File "/home/room/miniconda3/envs/pytorch1_11_cpu/lib/python3.10/site-packages/streamlit/runtime/scriptrunner/script_runner.py", line 565, in _run_script
    exec(code, module.__dict__)
  File "/home/room/streamlit/denoise/denoise.py", line 192, in <module>
    run()
  File "/home/room/streamlit/denoise/denoise.py", line 163, in run
    res = process(file, cut_args, smooth_args, baseline_args)
  File "/home/room/streamlit/denoise/denoise.py", line 116, in process
    res_df['raw_intensity'] = smooth(res_df['raw_intensity'], *smooth_args[1:]) if not smooth_args[0] else res_df
  File "/home/room/miniconda3/envs/pytorch1_11_cpu/lib/python3.10/site-packages/pandas/core/frame.py", line 3950, in __setitem__
    self._set_item_frame_value(key, value)
  File "/home/room/miniconda3/envs/pytorch1_11_cpu/lib/python3.10/site-packages/pandas/core/frame.py", line 4079, in _set_item_frame_value
    raise ValueError("Columns must be same length as key")
ValueError: Columns must be same length as key
2023-06-25 15:53:45.579 Uncaught app exception
Traceback (most recent call last):
  File "/home/room/miniconda3/envs/pytorch1_11_cpu/lib/python3.10/site-packages/streamlit/runtime/scriptrunner/script_runner.py", line 565, in _run_script
    exec(code, module.__dict__)
  File "/home/room/streamlit/denoise/denoise.py", line 192, in <module>
    run()
  File "/home/room/streamlit/denoise/denoise.py", line 163, in run
    res = process(file, cut_args, smooth_args, baseline_args)
  File "/home/room/streamlit/denoise/denoise.py", line 116, in process
    res_df['raw_intensity'] = smooth(res_df['raw_intensity'], *smooth_args[1:]) if not smooth_args[0] else res_df
  File "/home/room/miniconda3/envs/pytorch1_11_cpu/lib/python3.10/site-packages/pandas/core/frame.py", line 3950, in __setitem__
    self._set_item_frame_value(key, value)
  File "/home/room/miniconda3/envs/pytorch1_11_cpu/lib/python3.10/site-packages/pandas/core/frame.py", line 4079, in _set_item_frame_value
    raise ValueError("Columns must be same length as key")
ValueError: Columns must be same length as key
2023-06-25 17:25:44.790 Uncaught app exception
Traceback (most recent call last):
  File "/home/room/miniconda3/envs/pytorch1_11_cpu/lib/python3.10/site-packages/streamlit/runtime/scriptrunner/script_runner.py", line 565, in _run_script
    exec(code, module.__dict__)
  File "/home/room/streamlit/denoise/denoise.py", line 200, in <module>
    run()
  File "/home/room/streamlit/denoise/denoise.py", line 150, in run
    raw_specs, filenames = upload_module(upload_file, save_path=save_path)
TypeError: cannot unpack non-iterable NoneType object
2023-06-25 17:27:07.016 Uncaught app exception
Traceback (most recent call last):
  File "/home/room/miniconda3/envs/pytorch1_11_cpu/lib/python3.10/site-packages/streamlit/runtime/scriptrunner/script_runner.py", line 565, in _run_script
    exec(code, module.__dict__)
  File "/home/room/streamlit/denoise/denoise.py", line 200, in <module>
    run()
  File "/home/room/streamlit/denoise/denoise.py", line 150, in run
    raw_specs, filenames = upload_module(upload_file, save_path=save_path)
TypeError: cannot unpack non-iterable NoneType object
2023-06-25 17:27:13.330 Uncaught app exception
Traceback (most recent call last):
  File "/home/room/miniconda3/envs/pytorch1_11_cpu/lib/python3.10/site-packages/streamlit/runtime/scriptrunner/script_runner.py", line 565, in _run_script
    exec(code, module.__dict__)
  File "/home/room/streamlit/denoise/denoise.py", line 200, in <module>
    run()
  File "/home/room/streamlit/denoise/denoise.py", line 150, in run
    raw_specs, filenames = upload_module(upload_file, save_path=save_path)
TypeError: cannot unpack non-iterable NoneType object
2023-06-25 17:27:46.571 Uncaught app exception
Traceback (most recent call last):
  File "/home/room/miniconda3/envs/pytorch1_11_cpu/lib/python3.10/site-packages/streamlit/runtime/scriptrunner/script_runner.py", line 565, in _run_script
    exec(code, module.__dict__)
  File "/home/room/streamlit/denoise/denoise.py", line 200, in <module>
    run()
  File "/home/room/streamlit/denoise/denoise.py", line 150, in run
    raw_specs, filenames = upload_module(upload_file, save_path=save_path)
  File "/home/room/streamlit/denoise/denoise.py", line 55, in upload_module
    spec = load_data(file, save_path)
  File "/home/room/streamlit/denoise/denoise.py", line 39, in load_data
    lines = f.readlines()
  File "/home/room/miniconda3/envs/pytorch1_11_cpu/lib/python3.10/codecs.py", line 322, in decode
    (result, consumed) = self._buffer_decode(data, self.errors, final)
UnicodeDecodeError: 'utf-8' codec can't decode byte 0xb0 in position 331: invalid start byte
2023-06-25 17:27:58.886 Uncaught app exception
Traceback (most recent call last):
  File "/home/room/miniconda3/envs/pytorch1_11_cpu/lib/python3.10/site-packages/streamlit/runtime/scriptrunner/script_runner.py", line 565, in _run_script
    exec(code, module.__dict__)
  File "/home/room/streamlit/denoise/denoise.py", line 200, in <module>
    run()
  File "/home/room/streamlit/denoise/denoise.py", line 150, in run
    raw_specs, filenames = upload_module(upload_file, save_path=save_path)
  File "/home/room/streamlit/denoise/denoise.py", line 55, in upload_module
    spec = load_data(file, save_path)
  File "/home/room/streamlit/denoise/denoise.py", line 44, in load_data
    spec = pd.read_csv(file, delimiter='\t', header=None)
  File "/home/room/miniconda3/envs/pytorch1_11_cpu/lib/python3.10/site-packages/pandas/io/parsers/readers.py", line 912, in read_csv
    return _read(filepath_or_buffer, kwds)
  File "/home/room/miniconda3/envs/pytorch1_11_cpu/lib/python3.10/site-packages/pandas/io/parsers/readers.py", line 577, in _read
    parser = TextFileReader(filepath_or_buffer, **kwds)
  File "/home/room/miniconda3/envs/pytorch1_11_cpu/lib/python3.10/site-packages/pandas/io/parsers/readers.py", line 1407, in __init__
    self._engine = self._make_engine(f, self.engine)
  File "/home/room/miniconda3/envs/pytorch1_11_cpu/lib/python3.10/site-packages/pandas/io/parsers/readers.py", line 1679, in _make_engine
    return mapping[engine](f, **self.options)
  File "/home/room/miniconda3/envs/pytorch1_11_cpu/lib/python3.10/site-packages/pandas/io/parsers/c_parser_wrapper.py", line 93, in __init__
    self._reader = parsers.TextReader(src, **kwds)
  File "pandas/_libs/parsers.pyx", line 548, in pandas._libs.parsers.TextReader.__cinit__
  File "pandas/_libs/parsers.pyx", line 756, in pandas._libs.parsers.TextReader._get_header
  File "pandas/_libs/parsers.pyx", line 848, in pandas._libs.parsers.TextReader._tokenize_rows
  File "pandas/_libs/parsers.pyx", line 859, in pandas._libs.parsers.TextReader._check_tokenize_status
  File "pandas/_libs/parsers.pyx", line 2017, in pandas._libs.parsers.raise_parser_error
UnicodeDecodeError: 'utf-8' codec can't decode byte 0xb0 in position 331: invalid start byte
2023-06-25 17:28:17.977 Uncaught app exception
Traceback (most recent call last):
  File "/home/room/miniconda3/envs/pytorch1_11_cpu/lib/python3.10/site-packages/streamlit/runtime/scriptrunner/script_runner.py", line 565, in _run_script
    exec(code, module.__dict__)
  File "/home/room/streamlit/denoise/denoise.py", line 200, in <module>
    run()
  File "/home/room/streamlit/denoise/denoise.py", line 150, in run
    raw_specs, filenames = upload_module(upload_file, save_path=save_path)
  File "/home/room/streamlit/denoise/denoise.py", line 55, in upload_module
    spec = load_data(file, save_path)
  File "/home/room/streamlit/denoise/denoise.py", line 44, in load_data
    spec = pd.read_csv(file, delimiter='\t', header=None)
  File "/home/room/miniconda3/envs/pytorch1_11_cpu/lib/python3.10/site-packages/pandas/io/parsers/readers.py", line 912, in read_csv
    return _read(filepath_or_buffer, kwds)
  File "/home/room/miniconda3/envs/pytorch1_11_cpu/lib/python3.10/site-packages/pandas/io/parsers/readers.py", line 577, in _read
    parser = TextFileReader(filepath_or_buffer, **kwds)
  File "/home/room/miniconda3/envs/pytorch1_11_cpu/lib/python3.10/site-packages/pandas/io/parsers/readers.py", line 1407, in __init__
    self._engine = self._make_engine(f, self.engine)
  File "/home/room/miniconda3/envs/pytorch1_11_cpu/lib/python3.10/site-packages/pandas/io/parsers/readers.py", line 1679, in _make_engine
    return mapping[engine](f, **self.options)
  File "/home/room/miniconda3/envs/pytorch1_11_cpu/lib/python3.10/site-packages/pandas/io/parsers/c_parser_wrapper.py", line 93, in __init__
    self._reader = parsers.TextReader(src, **kwds)
  File "pandas/_libs/parsers.pyx", line 548, in pandas._libs.parsers.TextReader.__cinit__
  File "pandas/_libs/parsers.pyx", line 756, in pandas._libs.parsers.TextReader._get_header
  File "pandas/_libs/parsers.pyx", line 848, in pandas._libs.parsers.TextReader._tokenize_rows
  File "pandas/_libs/parsers.pyx", line 859, in pandas._libs.parsers.TextReader._check_tokenize_status
  File "pandas/_libs/parsers.pyx", line 2017, in pandas._libs.parsers.raise_parser_error
UnicodeDecodeError: 'utf-8' codec can't decode byte 0xb0 in position 331: invalid start byte
2023-06-25 17:28:56.164 Uncaught app exception
Traceback (most recent call last):
  File "/home/room/miniconda3/envs/pytorch1_11_cpu/lib/python3.10/site-packages/streamlit/runtime/scriptrunner/script_runner.py", line 565, in _run_script
    exec(code, module.__dict__)
  File "/home/room/streamlit/denoise/denoise.py", line 200, in <module>
    run()
  File "/home/room/streamlit/denoise/denoise.py", line 150, in run
    raw_specs, filenames = upload_module(upload_file, save_path=save_path)
  File "/home/room/streamlit/denoise/denoise.py", line 55, in upload_module
    spec = load_data(file, save_path)
  File "/home/room/streamlit/denoise/denoise.py", line 44, in load_data
    spec = pd.read_csv(file, delimiter='\t', header=None)
  File "/home/room/miniconda3/envs/pytorch1_11_cpu/lib/python3.10/site-packages/pandas/io/parsers/readers.py", line 912, in read_csv
    return _read(filepath_or_buffer, kwds)
  File "/home/room/miniconda3/envs/pytorch1_11_cpu/lib/python3.10/site-packages/pandas/io/parsers/readers.py", line 577, in _read
    parser = TextFileReader(filepath_or_buffer, **kwds)
  File "/home/room/miniconda3/envs/pytorch1_11_cpu/lib/python3.10/site-packages/pandas/io/parsers/readers.py", line 1407, in __init__
    self._engine = self._make_engine(f, self.engine)
  File "/home/room/miniconda3/envs/pytorch1_11_cpu/lib/python3.10/site-packages/pandas/io/parsers/readers.py", line 1679, in _make_engine
    return mapping[engine](f, **self.options)
  File "/home/room/miniconda3/envs/pytorch1_11_cpu/lib/python3.10/site-packages/pandas/io/parsers/c_parser_wrapper.py", line 93, in __init__
    self._reader = parsers.TextReader(src, **kwds)
  File "pandas/_libs/parsers.pyx", line 548, in pandas._libs.parsers.TextReader.__cinit__
  File "pandas/_libs/parsers.pyx", line 756, in pandas._libs.parsers.TextReader._get_header
  File "pandas/_libs/parsers.pyx", line 848, in pandas._libs.parsers.TextReader._tokenize_rows
  File "pandas/_libs/parsers.pyx", line 859, in pandas._libs.parsers.TextReader._check_tokenize_status
  File "pandas/_libs/parsers.pyx", line 2017, in pandas._libs.parsers.raise_parser_error
UnicodeDecodeError: 'utf-8' codec can't decode byte 0xb0 in position 331: invalid start byte
2023-06-25 17:29:00.231 Uncaught app exception
Traceback (most recent call last):
  File "/home/room/miniconda3/envs/pytorch1_11_cpu/lib/python3.10/site-packages/streamlit/runtime/scriptrunner/script_runner.py", line 565, in _run_script
    exec(code, module.__dict__)
  File "/home/room/streamlit/denoise/denoise.py", line 200, in <module>
    run()
  File "/home/room/streamlit/denoise/denoise.py", line 150, in run
    raw_specs, filenames = upload_module(upload_file, save_path=save_path)
  File "/home/room/streamlit/denoise/denoise.py", line 55, in upload_module
    spec = load_data(file, save_path)
  File "/home/room/streamlit/denoise/denoise.py", line 44, in load_data
    spec = pd.read_csv(file, delimiter='\t', header=None)
  File "/home/room/miniconda3/envs/pytorch1_11_cpu/lib/python3.10/site-packages/pandas/io/parsers/readers.py", line 912, in read_csv
    return _read(filepath_or_buffer, kwds)
  File "/home/room/miniconda3/envs/pytorch1_11_cpu/lib/python3.10/site-packages/pandas/io/parsers/readers.py", line 577, in _read
    parser = TextFileReader(filepath_or_buffer, **kwds)
  File "/home/room/miniconda3/envs/pytorch1_11_cpu/lib/python3.10/site-packages/pandas/io/parsers/readers.py", line 1407, in __init__
    self._engine = self._make_engine(f, self.engine)
  File "/home/room/miniconda3/envs/pytorch1_11_cpu/lib/python3.10/site-packages/pandas/io/parsers/readers.py", line 1679, in _make_engine
    return mapping[engine](f, **self.options)
  File "/home/room/miniconda3/envs/pytorch1_11_cpu/lib/python3.10/site-packages/pandas/io/parsers/c_parser_wrapper.py", line 93, in __init__
    self._reader = parsers.TextReader(src, **kwds)
  File "pandas/_libs/parsers.pyx", line 548, in pandas._libs.parsers.TextReader.__cinit__
  File "pandas/_libs/parsers.pyx", line 756, in pandas._libs.parsers.TextReader._get_header
  File "pandas/_libs/parsers.pyx", line 848, in pandas._libs.parsers.TextReader._tokenize_rows
  File "pandas/_libs/parsers.pyx", line 859, in pandas._libs.parsers.TextReader._check_tokenize_status
  File "pandas/_libs/parsers.pyx", line 2017, in pandas._libs.parsers.raise_parser_error
UnicodeDecodeError: 'utf-8' codec can't decode byte 0xb0 in position 331: invalid start byte
2023-06-25 17:30:06.273 Uncaught app exception
Traceback (most recent call last):
  File "/home/room/miniconda3/envs/pytorch1_11_cpu/lib/python3.10/site-packages/streamlit/runtime/scriptrunner/script_runner.py", line 565, in _run_script
    exec(code, module.__dict__)
  File "/home/room/streamlit/denoise/denoise.py", line 200, in <module>
    run()
  File "/home/room/streamlit/denoise/denoise.py", line 150, in run
    raw_specs, filenames = upload_module(upload_file, save_path=save_path)
  File "/home/room/streamlit/denoise/denoise.py", line 55, in upload_module
    spec = load_data(file, save_path)
  File "/home/room/streamlit/denoise/denoise.py", line 42, in load_data
    f.writelines(lines)
TypeError: a bytes-like object is required, not 'str'
2023-06-25 17:32:15.863 Uncaught app exception
Traceback (most recent call last):
  File "/home/room/miniconda3/envs/pytorch1_11_cpu/lib/python3.10/site-packages/streamlit/runtime/scriptrunner/script_runner.py", line 565, in _run_script
    exec(code, module.__dict__)
  File "/home/room/streamlit/denoise/denoise.py", line 200, in <module>
    run()
  File "/home/room/streamlit/denoise/denoise.py", line 150, in run
    raw_specs, filenames = upload_module(upload_file, save_path=save_path)
  File "/home/room/streamlit/denoise/denoise.py", line 55, in upload_module
    spec = load_data(file, save_path)
  File "/home/room/streamlit/denoise/denoise.py", line 42, in load_data
    f.writelines(lines)
TypeError: a bytes-like object is required, not 'str'
2023-06-25 17:32:23.736 Uncaught app exception
Traceback (most recent call last):
  File "/home/room/miniconda3/envs/pytorch1_11_cpu/lib/python3.10/site-packages/streamlit/runtime/scriptrunner/script_runner.py", line 565, in _run_script
    exec(code, module.__dict__)
  File "/home/room/streamlit/denoise/denoise.py", line 200, in <module>
    run()
  File "/home/room/streamlit/denoise/denoise.py", line 150, in run
    raw_specs, filenames = upload_module(upload_file, save_path=save_path)
  File "/home/room/streamlit/denoise/denoise.py", line 55, in upload_module
    spec = load_data(file, save_path)
  File "/home/room/streamlit/denoise/denoise.py", line 42, in load_data
    f.writelines(lines)
TypeError: a bytes-like object is required, not 'str'
2023-06-25 17:33:21.805 Uncaught app exception
Traceback (most recent call last):
  File "/home/room/miniconda3/envs/pytorch1_11_cpu/lib/python3.10/site-packages/streamlit/runtime/scriptrunner/script_runner.py", line 565, in _run_script
    exec(code, module.__dict__)
  File "/home/room/streamlit/denoise/denoise.py", line 200, in <module>
    run()
  File "/home/room/streamlit/denoise/denoise.py", line 150, in run
    raw_specs, filenames = upload_module(upload_file, save_path=save_path)
  File "/home/room/streamlit/denoise/denoise.py", line 55, in upload_module
    spec = load_data(file, save_path)
  File "/home/room/streamlit/denoise/denoise.py", line 35, in load_data
    f.write(file.getvalue())
TypeError: write() argument must be str, not bytes
2023-06-25 17:33:26.957 Uncaught app exception
Traceback (most recent call last):
  File "/home/room/miniconda3/envs/pytorch1_11_cpu/lib/python3.10/site-packages/streamlit/runtime/scriptrunner/script_runner.py", line 565, in _run_script
    exec(code, module.__dict__)
  File "/home/room/streamlit/denoise/denoise.py", line 200, in <module>
    run()
  File "/home/room/streamlit/denoise/denoise.py", line 150, in run
    raw_specs, filenames = upload_module(upload_file, save_path=save_path)
  File "/home/room/streamlit/denoise/denoise.py", line 55, in upload_module
    spec = load_data(file, save_path)
  File "/home/room/streamlit/denoise/denoise.py", line 35, in load_data
    f.write(file.getvalue())
TypeError: write() argument must be str, not bytes
2023-06-25 17:33:28.188 Uncaught app exception
Traceback (most recent call last):
  File "/home/room/miniconda3/envs/pytorch1_11_cpu/lib/python3.10/site-packages/streamlit/runtime/scriptrunner/script_runner.py", line 565, in _run_script
    exec(code, module.__dict__)
  File "/home/room/streamlit/denoise/denoise.py", line 200, in <module>
    run()
  File "/home/room/streamlit/denoise/denoise.py", line 150, in run
    raw_specs, filenames = upload_module(upload_file, save_path=save_path)
  File "/home/room/streamlit/denoise/denoise.py", line 55, in upload_module
    spec = load_data(file, save_path)
  File "/home/room/streamlit/denoise/denoise.py", line 35, in load_data
    f.write(file.getvalue())
TypeError: write() argument must be str, not bytes
2023-06-25 17:33:44.369 Uncaught app exception
Traceback (most recent call last):
  File "/home/room/miniconda3/envs/pytorch1_11_cpu/lib/python3.10/site-packages/streamlit/runtime/scriptrunner/script_runner.py", line 565, in _run_script
    exec(code, module.__dict__)
  File "/home/room/streamlit/denoise/denoise.py", line 200, in <module>
    run()
  File "/home/room/streamlit/denoise/denoise.py", line 150, in run
    raw_specs, filenames = upload_module(upload_file, save_path=save_path)
  File "/home/room/streamlit/denoise/denoise.py", line 55, in upload_module
    spec = load_data(file, save_path)
  File "/home/room/streamlit/denoise/denoise.py", line 44, in load_data
    spec = pd.read_csv(file, delimiter='\t', header=None)
  File "/home/room/miniconda3/envs/pytorch1_11_cpu/lib/python3.10/site-packages/pandas/io/parsers/readers.py", line 912, in read_csv
    return _read(filepath_or_buffer, kwds)
  File "/home/room/miniconda3/envs/pytorch1_11_cpu/lib/python3.10/site-packages/pandas/io/parsers/readers.py", line 577, in _read
    parser = TextFileReader(filepath_or_buffer, **kwds)
  File "/home/room/miniconda3/envs/pytorch1_11_cpu/lib/python3.10/site-packages/pandas/io/parsers/readers.py", line 1407, in __init__
    self._engine = self._make_engine(f, self.engine)
  File "/home/room/miniconda3/envs/pytorch1_11_cpu/lib/python3.10/site-packages/pandas/io/parsers/readers.py", line 1679, in _make_engine
    return mapping[engine](f, **self.options)
  File "/home/room/miniconda3/envs/pytorch1_11_cpu/lib/python3.10/site-packages/pandas/io/parsers/c_parser_wrapper.py", line 93, in __init__
    self._reader = parsers.TextReader(src, **kwds)
  File "pandas/_libs/parsers.pyx", line 548, in pandas._libs.parsers.TextReader.__cinit__
  File "pandas/_libs/parsers.pyx", line 756, in pandas._libs.parsers.TextReader._get_header
  File "pandas/_libs/parsers.pyx", line 848, in pandas._libs.parsers.TextReader._tokenize_rows
  File "pandas/_libs/parsers.pyx", line 859, in pandas._libs.parsers.TextReader._check_tokenize_status
  File "pandas/_libs/parsers.pyx", line 2017, in pandas._libs.parsers.raise_parser_error
UnicodeDecodeError: 'utf-8' codec can't decode byte 0xb0 in position 331: invalid start byte
2023-06-25 17:34:02.853 Uncaught app exception
Traceback (most recent call last):
  File "/home/room/miniconda3/envs/pytorch1_11_cpu/lib/python3.10/site-packages/streamlit/runtime/scriptrunner/script_runner.py", line 565, in _run_script
    exec(code, module.__dict__)
  File "/home/room/streamlit/denoise/denoise.py", line 200, in <module>
    run()
  File "/home/room/streamlit/denoise/denoise.py", line 150, in run
    raw_specs, filenames = upload_module(upload_file, save_path=save_path)
  File "/home/room/streamlit/denoise/denoise.py", line 55, in upload_module
    spec = load_data(file, save_path)
  File "/home/room/streamlit/denoise/denoise.py", line 39, in load_data
    lines = f.readlines()
  File "/home/room/miniconda3/envs/pytorch1_11_cpu/lib/python3.10/codecs.py", line 322, in decode
    (result, consumed) = self._buffer_decode(data, self.errors, final)
UnicodeDecodeError: 'utf-8' codec can't decode byte 0xb0 in position 331: invalid start byte
2023-06-25 17:35:29.839 Uncaught app exception
Traceback (most recent call last):
  File "/home/room/miniconda3/envs/pytorch1_11_cpu/lib/python3.10/site-packages/streamlit/runtime/scriptrunner/script_runner.py", line 565, in _run_script
    exec(code, module.__dict__)
  File "/home/room/streamlit/denoise/denoise.py", line 201, in <module>
    run()
  File "/home/room/streamlit/denoise/denoise.py", line 151, in run
    raw_specs, filenames = upload_module(upload_file, save_path=save_path)
  File "/home/room/streamlit/denoise/denoise.py", line 56, in upload_module
    spec = load_data(file, save_path)
  File "/home/room/streamlit/denoise/denoise.py", line 45, in load_data
    spec = pd.read_csv(os.path.join(save_path, file.name), sep='\t', header=None)
  File "/home/room/miniconda3/envs/pytorch1_11_cpu/lib/python3.10/site-packages/pandas/io/parsers/readers.py", line 912, in read_csv
    return _read(filepath_or_buffer, kwds)
  File "/home/room/miniconda3/envs/pytorch1_11_cpu/lib/python3.10/site-packages/pandas/io/parsers/readers.py", line 577, in _read
    parser = TextFileReader(filepath_or_buffer, **kwds)
  File "/home/room/miniconda3/envs/pytorch1_11_cpu/lib/python3.10/site-packages/pandas/io/parsers/readers.py", line 1407, in __init__
    self._engine = self._make_engine(f, self.engine)
  File "/home/room/miniconda3/envs/pytorch1_11_cpu/lib/python3.10/site-packages/pandas/io/parsers/readers.py", line 1679, in _make_engine
    return mapping[engine](f, **self.options)
  File "/home/room/miniconda3/envs/pytorch1_11_cpu/lib/python3.10/site-packages/pandas/io/parsers/c_parser_wrapper.py", line 93, in __init__
    self._reader = parsers.TextReader(src, **kwds)
  File "pandas/_libs/parsers.pyx", line 548, in pandas._libs.parsers.TextReader.__cinit__
  File "pandas/_libs/parsers.pyx", line 756, in pandas._libs.parsers.TextReader._get_header
  File "pandas/_libs/parsers.pyx", line 848, in pandas._libs.parsers.TextReader._tokenize_rows
  File "pandas/_libs/parsers.pyx", line 859, in pandas._libs.parsers.TextReader._check_tokenize_status
  File "pandas/_libs/parsers.pyx", line 2017, in pandas._libs.parsers.raise_parser_error
UnicodeDecodeError: 'utf-8' codec can't decode byte 0xb0 in position 331: invalid start byte
2023-06-25 17:36:01.684 Uncaught app exception
Traceback (most recent call last):
  File "/home/room/miniconda3/envs/pytorch1_11_cpu/lib/python3.10/site-packages/streamlit/runtime/scriptrunner/script_runner.py", line 565, in _run_script
    exec(code, module.__dict__)
  File "/home/room/streamlit/denoise/denoise.py", line 201, in <module>
    run()
  File "/home/room/streamlit/denoise/denoise.py", line 151, in run
    raw_specs, filenames = upload_module(upload_file, save_path=save_path)
  File "/home/room/streamlit/denoise/denoise.py", line 56, in upload_module
    spec = load_data(file, save_path)
  File "/home/room/streamlit/denoise/denoise.py", line 45, in load_data
    spec = pd.read_csv(os.path.join(save_path, file.name), sep='\t', header=None)
  File "/home/room/miniconda3/envs/pytorch1_11_cpu/lib/python3.10/site-packages/pandas/io/parsers/readers.py", line 912, in read_csv
    return _read(filepath_or_buffer, kwds)
  File "/home/room/miniconda3/envs/pytorch1_11_cpu/lib/python3.10/site-packages/pandas/io/parsers/readers.py", line 577, in _read
    parser = TextFileReader(filepath_or_buffer, **kwds)
  File "/home/room/miniconda3/envs/pytorch1_11_cpu/lib/python3.10/site-packages/pandas/io/parsers/readers.py", line 1407, in __init__
    self._engine = self._make_engine(f, self.engine)
  File "/home/room/miniconda3/envs/pytorch1_11_cpu/lib/python3.10/site-packages/pandas/io/parsers/readers.py", line 1679, in _make_engine
    return mapping[engine](f, **self.options)
  File "/home/room/miniconda3/envs/pytorch1_11_cpu/lib/python3.10/site-packages/pandas/io/parsers/c_parser_wrapper.py", line 93, in __init__
    self._reader = parsers.TextReader(src, **kwds)
  File "pandas/_libs/parsers.pyx", line 548, in pandas._libs.parsers.TextReader.__cinit__
  File "pandas/_libs/parsers.pyx", line 756, in pandas._libs.parsers.TextReader._get_header
  File "pandas/_libs/parsers.pyx", line 848, in pandas._libs.parsers.TextReader._tokenize_rows
  File "pandas/_libs/parsers.pyx", line 859, in pandas._libs.parsers.TextReader._check_tokenize_status
  File "pandas/_libs/parsers.pyx", line 2017, in pandas._libs.parsers.raise_parser_error
UnicodeDecodeError: 'utf-8' codec can't decode byte 0xb0 in position 331: invalid start byte
2023-06-25 17:36:19.740 Uncaught app exception
Traceback (most recent call last):
  File "/home/room/miniconda3/envs/pytorch1_11_cpu/lib/python3.10/site-packages/streamlit/runtime/scriptrunner/script_runner.py", line 565, in _run_script
    exec(code, module.__dict__)
  File "/home/room/streamlit/denoise/denoise.py", line 201, in <module>
    run()
  File "/home/room/streamlit/denoise/denoise.py", line 151, in run
    raw_specs, filenames = upload_module(upload_file, save_path=save_path)
  File "/home/room/streamlit/denoise/denoise.py", line 56, in upload_module
    spec = load_data(file, save_path)
  File "/home/room/streamlit/denoise/denoise.py", line 45, in load_data
    spec = pd.read_csv(os.path.join(save_path, file.name), delimiter='\t', header=None)
  File "/home/room/miniconda3/envs/pytorch1_11_cpu/lib/python3.10/site-packages/pandas/io/parsers/readers.py", line 912, in read_csv
    return _read(filepath_or_buffer, kwds)
  File "/home/room/miniconda3/envs/pytorch1_11_cpu/lib/python3.10/site-packages/pandas/io/parsers/readers.py", line 577, in _read
    parser = TextFileReader(filepath_or_buffer, **kwds)
  File "/home/room/miniconda3/envs/pytorch1_11_cpu/lib/python3.10/site-packages/pandas/io/parsers/readers.py", line 1407, in __init__
    self._engine = self._make_engine(f, self.engine)
  File "/home/room/miniconda3/envs/pytorch1_11_cpu/lib/python3.10/site-packages/pandas/io/parsers/readers.py", line 1679, in _make_engine
    return mapping[engine](f, **self.options)
  File "/home/room/miniconda3/envs/pytorch1_11_cpu/lib/python3.10/site-packages/pandas/io/parsers/c_parser_wrapper.py", line 93, in __init__
    self._reader = parsers.TextReader(src, **kwds)
  File "pandas/_libs/parsers.pyx", line 548, in pandas._libs.parsers.TextReader.__cinit__
  File "pandas/_libs/parsers.pyx", line 756, in pandas._libs.parsers.TextReader._get_header
  File "pandas/_libs/parsers.pyx", line 848, in pandas._libs.parsers.TextReader._tokenize_rows
  File "pandas/_libs/parsers.pyx", line 859, in pandas._libs.parsers.TextReader._check_tokenize_status
  File "pandas/_libs/parsers.pyx", line 2017, in pandas._libs.parsers.raise_parser_error
UnicodeDecodeError: 'utf-8' codec can't decode byte 0xb0 in position 331: invalid start byte
2023-06-25 17:38:58.015 Uncaught app exception
Traceback (most recent call last):
  File "/home/room/miniconda3/envs/pytorch1_11_cpu/lib/python3.10/site-packages/streamlit/runtime/scriptrunner/script_runner.py", line 565, in _run_script
    exec(code, module.__dict__)
  File "/home/room/streamlit/denoise/denoise.py", line 200, in <module>
    run()
  File "/home/room/streamlit/denoise/denoise.py", line 171, in run
    res = process(file, cut_args, smooth_args, baseline_args)
  File "/home/room/streamlit/denoise/denoise.py", line 124, in process
    res_df['raw_intensity'] = smooth(res_df['raw_intensity'], *smooth_args[1:]) if not smooth_args[0] else res_df
  File "/home/room/miniconda3/envs/pytorch1_11_cpu/lib/python3.10/site-packages/pandas/core/frame.py", line 3950, in __setitem__
    self._set_item_frame_value(key, value)
  File "/home/room/miniconda3/envs/pytorch1_11_cpu/lib/python3.10/site-packages/pandas/core/frame.py", line 4079, in _set_item_frame_value
    raise ValueError("Columns must be same length as key")
ValueError: Columns must be same length as key
2023-06-25 17:40:21.497 Uncaught app exception
Traceback (most recent call last):
  File "/home/room/miniconda3/envs/pytorch1_11_cpu/lib/python3.10/site-packages/streamlit/runtime/scriptrunner/script_runner.py", line 565, in _run_script
    exec(code, module.__dict__)
  File "/home/room/streamlit/denoise/denoise.py", line 200, in <module>
    run()
  File "/home/room/streamlit/denoise/denoise.py", line 171, in run
    res = process(file, cut_args, smooth_args, baseline_args)
  File "/home/room/streamlit/denoise/denoise.py", line 125, in process
    res_df['raw_intensity'] = baseline(res_df['raw_intensity'], *baseline_args[1:]) if not baseline_args[0] else res_df
  File "/home/room/miniconda3/envs/pytorch1_11_cpu/lib/python3.10/site-packages/pandas/core/frame.py", line 3950, in __setitem__
    self._set_item_frame_value(key, value)
  File "/home/room/miniconda3/envs/pytorch1_11_cpu/lib/python3.10/site-packages/pandas/core/frame.py", line 4079, in _set_item_frame_value
    raise ValueError("Columns must be same length as key")
ValueError: Columns must be same length as key
2023-06-25 17:42:09.580 Uncaught app exception
Traceback (most recent call last):
  File "/home/room/miniconda3/envs/pytorch1_11_cpu/lib/python3.10/site-packages/streamlit/runtime/scriptrunner/script_runner.py", line 565, in _run_script
    exec(code, module.__dict__)
  File "/home/room/streamlit/denoise/denoise.py", line 201, in <module>
    run()
  File "/home/room/streamlit/denoise/denoise.py", line 172, in run
    res = process(file, cut_args, smooth_args, baseline_args)
  File "/home/room/streamlit/denoise/denoise.py", line 125, in process
    res_df['raw_intensity'] = smooth(res_df['raw_intensity'], *smooth_args[1:]) if not smooth_args[0] else res_df
  File "/home/room/miniconda3/envs/pytorch1_11_cpu/lib/python3.10/site-packages/pandas/core/frame.py", line 3950, in __setitem__
    self._set_item_frame_value(key, value)
  File "/home/room/miniconda3/envs/pytorch1_11_cpu/lib/python3.10/site-packages/pandas/core/frame.py", line 4079, in _set_item_frame_value
    raise ValueError("Columns must be same length as key")
ValueError: Columns must be same length as key
2023-06-25 17:54:04.090 Uncaught app exception
Traceback (most recent call last):
  File "/home/room/miniconda3/envs/pytorch1_11_cpu/lib/python3.10/site-packages/streamlit/runtime/scriptrunner/script_runner.py", line 565, in _run_script
    exec(code, module.__dict__)
  File "/home/room/streamlit/denoise/denoise.py", line 196, in <module>
    run()
  File "/home/room/streamlit/denoise/denoise.py", line 156, in run
    demo_spec, smooth_args = smooth_module(demo_spec)
  File "/home/room/streamlit/denoise/denoise.py", line 79, in smooth_module
    with col1:
UnboundLocalError: local variable 'col1' referenced before assignment
2023-06-25 18:59:18.661 Session with id 290f3dcf-e5bb-4777-bde2-b8a90831393d is already connected! Connecting to a new session.
2023-06-25 19:00:41.033 Please replace `st.beta_columns` with `st.columns`.

`st.beta_columns` will be removed after 2021-11-02.
2023-06-25 19:02:39.695 Uncaught app exception
Traceback (most recent call last):
  File "/home/room/miniconda3/envs/pytorch1_11_cpu/lib/python3.10/site-packages/streamlit/runtime/scriptrunner/script_runner.py", line 565, in _run_script
    exec(code, module.__dict__)
  File "/home/room/streamlit/denoise/denoise.py", line 196, in <module>
    run()
  File "/home/room/streamlit/denoise/denoise.py", line 146, in run
    raw_specs, filenames = upload_module(upload_file, save_path=save_path)
  File "/home/room/streamlit/denoise/denoise.py", line 55, in upload_module
    spec = load_data(file, save_path)
  File "/home/room/streamlit/denoise/denoise.py", line 45, in load_data
    spec.columns = ['wavenumber', 'raw_intensity']
  File "/home/room/miniconda3/envs/pytorch1_11_cpu/lib/python3.10/site-packages/pandas/core/generic.py", line 6002, in __setattr__
    return object.__setattr__(self, name, value)
  File "pandas/_libs/properties.pyx", line 69, in pandas._libs.properties.AxisProperty.__set__
  File "/home/room/miniconda3/envs/pytorch1_11_cpu/lib/python3.10/site-packages/pandas/core/generic.py", line 730, in _set_axis
    self._mgr.set_axis(axis, labels)
  File "/home/room/miniconda3/envs/pytorch1_11_cpu/lib/python3.10/site-packages/pandas/core/internals/managers.py", line 225, in set_axis
    self._validate_set_axis(axis, new_labels)
  File "/home/room/miniconda3/envs/pytorch1_11_cpu/lib/python3.10/site-packages/pandas/core/internals/base.py", line 70, in _validate_set_axis
    raise ValueError(
ValueError: Length mismatch: Expected axis has 1 elements, new values have 2 elements
2023-06-25 19:03:09.047 Uncaught app exception
Traceback (most recent call last):
  File "/home/room/miniconda3/envs/pytorch1_11_cpu/lib/python3.10/site-packages/streamlit/runtime/scriptrunner/script_runner.py", line 565, in _run_script
    exec(code, module.__dict__)
  File "/home/room/streamlit/denoise/denoise.py", line 196, in <module>
    run()
  File "/home/room/streamlit/denoise/denoise.py", line 146, in run
    raw_specs, filenames = upload_module(upload_file, save_path=save_path)
  File "/home/room/streamlit/denoise/denoise.py", line 55, in upload_module
    spec = load_data(file, save_path)
  File "/home/room/streamlit/denoise/denoise.py", line 45, in load_data
    spec.columns = ['wavenumber', 'raw_intensity']
  File "/home/room/miniconda3/envs/pytorch1_11_cpu/lib/python3.10/site-packages/pandas/core/generic.py", line 6002, in __setattr__
    return object.__setattr__(self, name, value)
  File "pandas/_libs/properties.pyx", line 69, in pandas._libs.properties.AxisProperty.__set__
  File "/home/room/miniconda3/envs/pytorch1_11_cpu/lib/python3.10/site-packages/pandas/core/generic.py", line 730, in _set_axis
    self._mgr.set_axis(axis, labels)
  File "/home/room/miniconda3/envs/pytorch1_11_cpu/lib/python3.10/site-packages/pandas/core/internals/managers.py", line 225, in set_axis
    self._validate_set_axis(axis, new_labels)
  File "/home/room/miniconda3/envs/pytorch1_11_cpu/lib/python3.10/site-packages/pandas/core/internals/base.py", line 70, in _validate_set_axis
    raise ValueError(
ValueError: Length mismatch: Expected axis has 1 elements, new values have 2 elements

  You can now view your Streamlit app in your browser.

  Network URL: http://10.26.50.228:8501
  External URL: http://117.28.251.250:8501

2023-06-27 19:36:50.442 Uncaught app exception
Traceback (most recent call last):
  File "/home/room/miniconda3/envs/pytorch1_11_cpu/lib/python3.10/site-packages/streamlit/runtime/scriptrunner/script_runner.py", line 565, in _run_script
    exec(code, module.__dict__)
  File "/home/room/streamlit/denoise/denoise.py", line 222, in <module>
    run()
  File "/home/room/streamlit/denoise/denoise.py", line 167, in run
    raw_specs, filenames = upload_module(upload_file, save_path=save_path)
  File "/home/room/streamlit/denoise/denoise.py", line 56, in upload_module
    spec = load_data(file, save_path)
  File "/home/room/streamlit/denoise/denoise.py", line 46, in load_data
    spec.columns = ['wavenumber', 'raw_intensity']
  File "/home/room/miniconda3/envs/pytorch1_11_cpu/lib/python3.10/site-packages/pandas/core/generic.py", line 6002, in __setattr__
    return object.__setattr__(self, name, value)
  File "pandas/_libs/properties.pyx", line 69, in pandas._libs.properties.AxisProperty.__set__
  File "/home/room/miniconda3/envs/pytorch1_11_cpu/lib/python3.10/site-packages/pandas/core/generic.py", line 730, in _set_axis
    self._mgr.set_axis(axis, labels)
  File "/home/room/miniconda3/envs/pytorch1_11_cpu/lib/python3.10/site-packages/pandas/core/internals/managers.py", line 225, in set_axis
    self._validate_set_axis(axis, new_labels)
  File "/home/room/miniconda3/envs/pytorch1_11_cpu/lib/python3.10/site-packages/pandas/core/internals/base.py", line 70, in _validate_set_axis
    raise ValueError(
ValueError: Length mismatch: Expected axis has 1 elements, new values have 2 elements
2023-06-27 19:45:37.615 Uncaught app exception
Traceback (most recent call last):
  File "/home/room/miniconda3/envs/pytorch1_11_cpu/lib/python3.10/site-packages/streamlit/runtime/scriptrunner/script_runner.py", line 565, in _run_script
    exec(code, module.__dict__)
  File "/home/room/streamlit/denoise/denoise.py", line 222, in <module>
    run()
  File "/home/room/streamlit/denoise/denoise.py", line 167, in run
    raw_specs, filenames = upload_module(upload_file, save_path=save_path)
  File "/home/room/streamlit/denoise/denoise.py", line 56, in upload_module
    spec = load_data(file, save_path)
  File "/home/room/streamlit/denoise/denoise.py", line 46, in load_data
    spec.columns = ['wavenumber', 'raw_intensity']
  File "/home/room/miniconda3/envs/pytorch1_11_cpu/lib/python3.10/site-packages/pandas/core/generic.py", line 6002, in __setattr__
    return object.__setattr__(self, name, value)
  File "pandas/_libs/properties.pyx", line 69, in pandas._libs.properties.AxisProperty.__set__
  File "/home/room/miniconda3/envs/pytorch1_11_cpu/lib/python3.10/site-packages/pandas/core/generic.py", line 730, in _set_axis
    self._mgr.set_axis(axis, labels)
  File "/home/room/miniconda3/envs/pytorch1_11_cpu/lib/python3.10/site-packages/pandas/core/internals/managers.py", line 225, in set_axis
    self._validate_set_axis(axis, new_labels)
  File "/home/room/miniconda3/envs/pytorch1_11_cpu/lib/python3.10/site-packages/pandas/core/internals/base.py", line 70, in _validate_set_axis
    raise ValueError(
ValueError: Length mismatch: Expected axis has 1 elements, new values have 2 elements
2023-06-27 19:49:41.876 Uncaught app exception
Traceback (most recent call last):
  File "/home/room/miniconda3/envs/pytorch1_11_cpu/lib/python3.10/site-packages/streamlit/runtime/scriptrunner/script_runner.py", line 565, in _run_script
    exec(code, module.__dict__)
  File "/home/room/streamlit/denoise/denoise.py", line 222, in <module>
    run()
  File "/home/room/streamlit/denoise/denoise.py", line 167, in run
    raw_specs, filenames = upload_module(upload_file, save_path=save_path)
  File "/home/room/streamlit/denoise/denoise.py", line 56, in upload_module
    spec = load_data(file, save_path)
  File "/home/room/streamlit/denoise/denoise.py", line 46, in load_data
    spec.columns = ['wavenumber', 'raw_intensity']
  File "/home/room/miniconda3/envs/pytorch1_11_cpu/lib/python3.10/site-packages/pandas/core/generic.py", line 6002, in __setattr__
    return object.__setattr__(self, name, value)
  File "pandas/_libs/properties.pyx", line 69, in pandas._libs.properties.AxisProperty.__set__
  File "/home/room/miniconda3/envs/pytorch1_11_cpu/lib/python3.10/site-packages/pandas/core/generic.py", line 730, in _set_axis
    self._mgr.set_axis(axis, labels)
  File "/home/room/miniconda3/envs/pytorch1_11_cpu/lib/python3.10/site-packages/pandas/core/internals/managers.py", line 225, in set_axis
    self._validate_set_axis(axis, new_labels)
  File "/home/room/miniconda3/envs/pytorch1_11_cpu/lib/python3.10/site-packages/pandas/core/internals/base.py", line 70, in _validate_set_axis
    raise ValueError(
ValueError: Length mismatch: Expected axis has 1 elements, new values have 2 elements
2023-06-29 14:50:30.866 Uncaught app exception
Traceback (most recent call last):
  File "/home/room/miniconda3/envs/pytorch1_11_cpu/lib/python3.10/site-packages/streamlit/runtime/scriptrunner/script_runner.py", line 565, in _run_script
    exec(code, module.__dict__)
  File "/home/room/streamlit/denoise/pages/CLRMA.py", line 11, in <module>
    from utils import lrma_denoise
  File "/home/room/streamlit/denoise/utils.py", line 4, in <module>
    import LRMA
  File "/home/room/miniconda3/envs/pytorch1_11_cpu/lib/python3.10/site-packages/LRMA/__init__.py", line 290, in <module>
    _pir.get_paths_from_os()
  File "/home/room/miniconda3/envs/pytorch1_11_cpu/lib/python3.10/site-packages/LRMA/__init__.py", line 128, in get_paths_from_os
    raise RuntimeError('On {0}, you must set the environment variable "{1}" to a non-empty string. {2}'.format(
RuntimeError: On Linux, you must set the environment variable "LD_LIBRARY_PATH" to a non-empty string. For more details, see the package documentation.

  You can now view your Streamlit app in your browser.

  Network URL: http://10.26.50.228:8501
  External URL: http://117.28.251.152:8501


  You can now view your Streamlit app in your browser.

  Network URL: http://10.26.50.228:8501
  External URL: http://117.28.251.152:8501

2023-06-29 14:56:16.004 Uncaught app exception
Traceback (most recent call last):
  File "/home/room/miniconda3/envs/pytorch1_11_cpu/lib/python3.10/site-packages/streamlit/runtime/scriptrunner/script_runner.py", line 565, in _run_script
    exec(code, module.__dict__)
  File "/home/room/streamlit/denoise/pages/CLRMA.py", line 128, in <module>
    run()
  File "/home/room/streamlit/denoise/pages/CLRMA.py", line 102, in run
    demo_spec, cut_args = cut_module(demo_spec)
  File "/home/room/streamlit/denoise/pages/CLRMA.py", line 64, in cut_module
    MIN, MAX = spec_df.wavenumber.min(), spec_df.wavenumber.max()
  File "/home/room/miniconda3/envs/pytorch1_11_cpu/lib/python3.10/site-packages/pandas/core/generic.py", line 5989, in __getattr__
    return object.__getattribute__(self, name)
AttributeError: 'DataFrame' object has no attribute 'wavenumber'
2023-06-29 14:57:39.961 Uncaught app exception
Traceback (most recent call last):
  File "/home/room/miniconda3/envs/pytorch1_11_cpu/lib/python3.10/site-packages/streamlit/runtime/scriptrunner/script_runner.py", line 565, in _run_script
    exec(code, module.__dict__)
  File "/home/room/streamlit/denoise/pages/CLRMA.py", line 128, in <module>
    run()
  File "/home/room/streamlit/denoise/pages/CLRMA.py", line 100, in run
    demo_spec = raw_specs[filenames.index(option)]
ValueError: 'ALRMA' is not in list
2023-06-29 15:04:32.462 Uncaught app exception
Traceback (most recent call last):
  File "/home/room/miniconda3/envs/pytorch1_11_cpu/lib/python3.10/site-packages/streamlit/runtime/scriptrunner/script_runner.py", line 565, in _run_script
    exec(code, module.__dict__)
  File "/home/room/streamlit/denoise/pages/CLRMA.py", line 104, in <module>
    run()
  File "/home/room/streamlit/denoise/pages/CLRMA.py", line 89, in run
    raw_spec, filename = upload_module(upload_file, save_path=save_path)
  File "/home/room/streamlit/denoise/pages/CLRMA.py", line 47, in upload_module
    spec = load_data(upload_file, save_path)
  File "/home/room/streamlit/denoise/pages/CLRMA.py", line 34, in load_data
    with open (os.path.join(save_path, file.name), 'wb') as f:
AttributeError: 'list' object has no attribute 'name'
2023-06-29 15:04:55.823 Uncaught app exception
Traceback (most recent call last):
  File "/home/room/miniconda3/envs/pytorch1_11_cpu/lib/python3.10/site-packages/streamlit/runtime/scriptrunner/script_runner.py", line 565, in _run_script
    exec(code, module.__dict__)
  File "/home/room/streamlit/denoise/pages/CLRMA.py", line 104, in <module>
    run()
  File "/home/room/streamlit/denoise/pages/CLRMA.py", line 89, in run
    raw_spec, filename = upload_module(upload_file, save_path=save_path)
  File "/home/room/streamlit/denoise/pages/CLRMA.py", line 47, in upload_module
    spec = load_data(upload_file, save_path)
  File "/home/room/streamlit/denoise/pages/CLRMA.py", line 34, in load_data
    with open (os.path.join(save_path, file.name), 'wb') as f:
AttributeError: 'list' object has no attribute 'name'
2023-06-29 15:06:29.356 Uncaught app exception
Traceback (most recent call last):
  File "/home/room/miniconda3/envs/pytorch1_11_cpu/lib/python3.10/site-packages/streamlit/runtime/scriptrunner/script_runner.py", line 565, in _run_script
    exec(code, module.__dict__)
  File "/home/room/streamlit/denoise/pages/CLRMA.py", line 104, in <module>
    run()
  File "/home/room/streamlit/denoise/pages/CLRMA.py", line 95, in run
    pre_spec = cut_module(raw_spec)
  File "/home/room/streamlit/denoise/pages/CLRMA.py", line 57, in cut_module
    MIN, MAX = wavenumber.min(), wavenumber.max()
AttributeError: 'NoneType' object has no attribute 'min'
2023-06-29 15:08:41.275 Uncaught app exception
Traceback (most recent call last):
  File "/home/room/miniconda3/envs/pytorch1_11_cpu/lib/python3.10/site-packages/pandas/core/indexes/base.py", line 3652, in get_loc
    return self._engine.get_loc(casted_key)
  File "pandas/_libs/index.pyx", line 147, in pandas._libs.index.IndexEngine.get_loc
  File "pandas/_libs/index.pyx", line 176, in pandas._libs.index.IndexEngine.get_loc
  File "pandas/_libs/hashtable_class_helper.pxi", line 7080, in pandas._libs.hashtable.PyObjectHashTable.get_item
  File "pandas/_libs/hashtable_class_helper.pxi", line 7088, in pandas._libs.hashtable.PyObjectHashTable.get_item
KeyError: (584.522353634344, 3019.45411144684)

The above exception was the direct cause of the following exception:

Traceback (most recent call last):
  File "/home/room/miniconda3/envs/pytorch1_11_cpu/lib/python3.10/site-packages/streamlit/runtime/scriptrunner/script_runner.py", line 565, in _run_script
    exec(code, module.__dict__)
  File "/home/room/streamlit/denoise/pages/CLRMA.py", line 106, in <module>
    run()
  File "/home/room/streamlit/denoise/pages/CLRMA.py", line 97, in run
    pre_spec = cut_module(raw_spec)
  File "/home/room/streamlit/denoise/pages/CLRMA.py", line 63, in cut_module
    new_df = x[values[0], values[1]]
  File "/home/room/miniconda3/envs/pytorch1_11_cpu/lib/python3.10/site-packages/pandas/core/frame.py", line 3761, in __getitem__
    indexer = self.columns.get_loc(key)
  File "/home/room/miniconda3/envs/pytorch1_11_cpu/lib/python3.10/site-packages/pandas/core/indexes/base.py", line 3654, in get_loc
    raise KeyError(key) from err
KeyError: (584.522353634344, 3019.45411144684)
2023-06-29 15:17:56.874 Uncaught app exception
Traceback (most recent call last):
  File "/home/room/miniconda3/envs/pytorch1_11_cpu/lib/python3.10/site-packages/streamlit/runtime/scriptrunner/script_runner.py", line 565, in _run_script
    exec(code, module.__dict__)
  File "/home/room/streamlit/denoise/pages/CLRMA.py", line 111, in <module>
    run()
  File "/home/room/streamlit/denoise/pages/CLRMA.py", line 102, in run
    pre_spec = cut_module(raw_spec)
  File "/home/room/streamlit/denoise/pages/CLRMA.py", line 63, in cut_module
    values = st.slider('Select the range of wavenumber', min_value=MIN, max_value=MAX, value=(float(MIN), float(MAX)))
  File "/home/room/miniconda3/envs/pytorch1_11_cpu/lib/python3.10/site-packages/streamlit/runtime/metrics_util.py", line 332, in wrapped_func
    result = non_optional_func(*args, **kwargs)
  File "/home/room/miniconda3/envs/pytorch1_11_cpu/lib/python3.10/site-packages/streamlit/elements/slider.py", line 331, in slider
    return self._slider(
  File "/home/room/miniconda3/envs/pytorch1_11_cpu/lib/python3.10/site-packages/streamlit/elements/slider.py", line 494, in _slider
    raise StreamlitAPIException(
streamlit.errors.StreamlitAPIException: Slider value arguments must be of matching types.
`min_value` has int64 type.
`max_value` has int64 type.
`step` has float type.
2023-06-29 15:20:16.662 Uncaught app exception
Traceback (most recent call last):
  File "/home/room/miniconda3/envs/pytorch1_11_cpu/lib/python3.10/site-packages/streamlit/runtime/scriptrunner/script_runner.py", line 565, in _run_script
    exec(code, module.__dict__)
  File "/home/room/streamlit/denoise/pages/CLRMA.py", line 111, in <module>
    run()
  File "/home/room/streamlit/denoise/pages/CLRMA.py", line 102, in run
    pre_spec = cut_module(raw_spec)
  File "/home/room/streamlit/denoise/pages/CLRMA.py", line 68, in cut_module
    st.image(arr.mean(0)[1:].reshape(-1, 400))
  File "/home/room/miniconda3/envs/pytorch1_11_cpu/lib/python3.10/site-packages/pandas/core/generic.py", line 5989, in __getattr__
    return object.__getattribute__(self, name)
AttributeError: 'Series' object has no attribute 'reshape'
2023-06-30 18:55:53.710 Uncaught app exception
Traceback (most recent call last):
  File "/home/room/miniconda3/envs/pytorch1_11_cpu/lib/python3.10/site-packages/streamlit/runtime/scriptrunner/script_runner.py", line 565, in _run_script
    exec(code, module.__dict__)
  File "/home/room/streamlit/denoise/denoise.py", line 222, in <module>
    run()
  File "/home/room/streamlit/denoise/denoise.py", line 167, in run
    raw_specs, filenames = upload_module(upload_file, save_path=save_path)
  File "/home/room/streamlit/denoise/denoise.py", line 56, in upload_module
    spec = load_data(file, save_path)
  File "/home/room/streamlit/denoise/denoise.py", line 46, in load_data
    spec.columns = ['wavenumber', 'raw_intensity']
  File "/home/room/miniconda3/envs/pytorch1_11_cpu/lib/python3.10/site-packages/pandas/core/generic.py", line 6002, in __setattr__
    return object.__setattr__(self, name, value)
  File "pandas/_libs/properties.pyx", line 69, in pandas._libs.properties.AxisProperty.__set__
  File "/home/room/miniconda3/envs/pytorch1_11_cpu/lib/python3.10/site-packages/pandas/core/generic.py", line 730, in _set_axis
    self._mgr.set_axis(axis, labels)
  File "/home/room/miniconda3/envs/pytorch1_11_cpu/lib/python3.10/site-packages/pandas/core/internals/managers.py", line 225, in set_axis
    self._validate_set_axis(axis, new_labels)
  File "/home/room/miniconda3/envs/pytorch1_11_cpu/lib/python3.10/site-packages/pandas/core/internals/base.py", line 70, in _validate_set_axis
    raise ValueError(
ValueError: Length mismatch: Expected axis has 1 elements, new values have 2 elements
2023-06-30 18:56:27.320 Uncaught app exception
Traceback (most recent call last):
  File "/home/room/miniconda3/envs/pytorch1_11_cpu/lib/python3.10/site-packages/streamlit/runtime/scriptrunner/script_runner.py", line 565, in _run_script
    exec(code, module.__dict__)
  File "/home/room/streamlit/denoise/denoise.py", line 223, in <module>
    run()
  File "/home/room/streamlit/denoise/denoise.py", line 168, in run
    raw_specs, filenames = upload_module(upload_file, save_path=save_path)
  File "/home/room/streamlit/denoise/denoise.py", line 57, in upload_module
    spec = load_data(file, save_path)
  File "/home/room/streamlit/denoise/denoise.py", line 47, in load_data
    spec.columns = ['wavenumber', 'raw_intensity']
  File "/home/room/miniconda3/envs/pytorch1_11_cpu/lib/python3.10/site-packages/pandas/core/generic.py", line 6002, in __setattr__
    return object.__setattr__(self, name, value)
  File "pandas/_libs/properties.pyx", line 69, in pandas._libs.properties.AxisProperty.__set__
  File "/home/room/miniconda3/envs/pytorch1_11_cpu/lib/python3.10/site-packages/pandas/core/generic.py", line 730, in _set_axis
    self._mgr.set_axis(axis, labels)
  File "/home/room/miniconda3/envs/pytorch1_11_cpu/lib/python3.10/site-packages/pandas/core/internals/managers.py", line 225, in set_axis
    self._validate_set_axis(axis, new_labels)
  File "/home/room/miniconda3/envs/pytorch1_11_cpu/lib/python3.10/site-packages/pandas/core/internals/base.py", line 70, in _validate_set_axis
    raise ValueError(
ValueError: Length mismatch: Expected axis has 1 elements, new values have 2 elements
2023-06-30 19:34:27.402 Uncaught app exception
Traceback (most recent call last):
  File "/home/room/miniconda3/envs/pytorch1_11_cpu/lib/python3.10/site-packages/streamlit/runtime/scriptrunner/script_runner.py", line 565, in _run_script
    exec(code, module.__dict__)
  File "/home/room/streamlit/denoise/pages/CLRMA.py", line 103, in <module>
    run()
  File "/home/room/streamlit/denoise/pages/CLRMA.py", line 94, in run
    pre_hsi = cut_module(raw_hsi, wavenumber=wave)
  File "/home/room/streamlit/denoise/pages/CLRMA.py", line 51, in cut_module
    if not wavenumber:
  File "/home/room/miniconda3/envs/pytorch1_11_cpu/lib/python3.10/site-packages/pandas/core/generic.py", line 1466, in __nonzero__
    raise ValueError(
ValueError: The truth value of a Series is ambiguous. Use a.empty, a.bool(), a.item(), a.any() or a.all().
2023-06-30 19:37:12.527 Uncaught app exception
Traceback (most recent call last):
  File "/home/room/miniconda3/envs/pytorch1_11_cpu/lib/python3.10/site-packages/streamlit/runtime/scriptrunner/script_runner.py", line 565, in _run_script
    exec(code, module.__dict__)
  File "/home/room/streamlit/denoise/pages/CLRMA.py", line 105, in <module>
    run()
  File "/home/room/streamlit/denoise/pages/CLRMA.py", line 96, in run
    pre_hsi = cut_module(raw_hsi, wavenumber=wave)
  File "/home/room/streamlit/denoise/pages/CLRMA.py", line 60, in cut_module
    st.image(arr.mean(0)[1:].reshape(-1, 400))
  File "/home/room/miniconda3/envs/pytorch1_11_cpu/lib/python3.10/site-packages/pandas/core/generic.py", line 5989, in __getattr__
    return object.__getattribute__(self, name)
AttributeError: 'Series' object has no attribute 'reshape'
2023-06-30 19:38:18.716 Uncaught app exception
Traceback (most recent call last):
  File "/home/room/miniconda3/envs/pytorch1_11_cpu/lib/python3.10/site-packages/streamlit/runtime/scriptrunner/script_runner.py", line 565, in _run_script
    exec(code, module.__dict__)
  File "/home/room/streamlit/denoise/pages/CLRMA.py", line 102, in <module>
    run()
  File "/home/room/streamlit/denoise/pages/CLRMA.py", line 93, in run
    pre_hsi = cut_module(raw_hsi, wavenumber=wave)
  File "/home/room/streamlit/denoise/pages/CLRMA.py", line 58, in cut_module
    st.image(arr.mean(0)[1:].reshape(-1, 400))
ValueError: cannot reshape array of size 31599 into shape (400)
2023-06-30 19:38:51.952 Uncaught app exception
Traceback (most recent call last):
  File "/home/room/miniconda3/envs/pytorch1_11_cpu/lib/python3.10/site-packages/streamlit/runtime/scriptrunner/script_runner.py", line 565, in _run_script
    exec(code, module.__dict__)
  File "/home/room/streamlit/denoise/pages/CLRMA.py", line 102, in <module>
    run()
  File "/home/room/streamlit/denoise/pages/CLRMA.py", line 93, in run
    pre_hsi = cut_module(raw_hsi, wavenumber=wave)
  File "/home/room/streamlit/denoise/pages/CLRMA.py", line 58, in cut_module
    st.image(arr.mean(0).reshape(-1, 400))
  File "/home/room/miniconda3/envs/pytorch1_11_cpu/lib/python3.10/site-packages/streamlit/runtime/metrics_util.py", line 332, in wrapped_func
    result = non_optional_func(*args, **kwargs)
  File "/home/room/miniconda3/envs/pytorch1_11_cpu/lib/python3.10/site-packages/streamlit/elements/image.py", line 169, in image
    marshall_images(
  File "/home/room/miniconda3/envs/pytorch1_11_cpu/lib/python3.10/site-packages/streamlit/elements/image.py", line 536, in marshall_images
    proto_img.url = image_to_url(
  File "/home/room/miniconda3/envs/pytorch1_11_cpu/lib/python3.10/site-packages/streamlit/elements/image.py", line 388, in image_to_url
    image = _clip_image(
  File "/home/room/miniconda3/envs/pytorch1_11_cpu/lib/python3.10/site-packages/streamlit/elements/image.py", line 319, in _clip_image
    raise RuntimeError("Data is outside [0.0, 1.0] and clamp is not set.")
RuntimeError: Data is outside [0.0, 1.0] and clamp is not set.
2023-06-30 19:39:28.645 Uncaught app exception
Traceback (most recent call last):
  File "/home/room/miniconda3/envs/pytorch1_11_cpu/lib/python3.10/site-packages/streamlit/runtime/scriptrunner/script_runner.py", line 565, in _run_script
    exec(code, module.__dict__)
  File "/home/room/streamlit/denoise/pages/CLRMA.py", line 103, in <module>
    run()
  File "/home/room/streamlit/denoise/pages/CLRMA.py", line 94, in run
    pre_hsi = cut_module(raw_hsi, wavenumber=wave)
  File "/home/room/streamlit/denoise/pages/CLRMA.py", line 59, in cut_module
    st.image(arr.mean(0).reshape(-1, 400))
  File "/home/room/miniconda3/envs/pytorch1_11_cpu/lib/python3.10/site-packages/streamlit/runtime/metrics_util.py", line 332, in wrapped_func
    result = non_optional_func(*args, **kwargs)
  File "/home/room/miniconda3/envs/pytorch1_11_cpu/lib/python3.10/site-packages/streamlit/elements/image.py", line 169, in image
    marshall_images(
  File "/home/room/miniconda3/envs/pytorch1_11_cpu/lib/python3.10/site-packages/streamlit/elements/image.py", line 536, in marshall_images
    proto_img.url = image_to_url(
  File "/home/room/miniconda3/envs/pytorch1_11_cpu/lib/python3.10/site-packages/streamlit/elements/image.py", line 388, in image_to_url
    image = _clip_image(
  File "/home/room/miniconda3/envs/pytorch1_11_cpu/lib/python3.10/site-packages/streamlit/elements/image.py", line 319, in _clip_image
    raise RuntimeError("Data is outside [0.0, 1.0] and clamp is not set.")
RuntimeError: Data is outside [0.0, 1.0] and clamp is not set.
2023-06-30 19:40:11.182 Uncaught app exception
Traceback (most recent call last):
  File "/home/room/miniconda3/envs/pytorch1_11_cpu/lib/python3.10/site-packages/streamlit/runtime/scriptrunner/script_runner.py", line 565, in _run_script
    exec(code, module.__dict__)
  File "/home/room/streamlit/denoise/pages/CLRMA.py", line 105, in <module>
    run()
  File "/home/room/streamlit/denoise/pages/CLRMA.py", line 96, in run
    pre_hsi = cut_module(raw_hsi, wavenumber=wave)
  File "/home/room/streamlit/denoise/pages/CLRMA.py", line 61, in cut_module
    st.image(arr.mean(0).reshape(-1, 400))
  File "/home/room/miniconda3/envs/pytorch1_11_cpu/lib/python3.10/site-packages/streamlit/runtime/metrics_util.py", line 332, in wrapped_func
    result = non_optional_func(*args, **kwargs)
  File "/home/room/miniconda3/envs/pytorch1_11_cpu/lib/python3.10/site-packages/streamlit/elements/image.py", line 169, in image
    marshall_images(
  File "/home/room/miniconda3/envs/pytorch1_11_cpu/lib/python3.10/site-packages/streamlit/elements/image.py", line 536, in marshall_images
    proto_img.url = image_to_url(
  File "/home/room/miniconda3/envs/pytorch1_11_cpu/lib/python3.10/site-packages/streamlit/elements/image.py", line 388, in image_to_url
    image = _clip_image(
  File "/home/room/miniconda3/envs/pytorch1_11_cpu/lib/python3.10/site-packages/streamlit/elements/image.py", line 319, in _clip_image
    raise RuntimeError("Data is outside [0.0, 1.0] and clamp is not set.")
RuntimeError: Data is outside [0.0, 1.0] and clamp is not set.
2023-06-30 19:41:09.539 Uncaught app exception
Traceback (most recent call last):
  File "/home/room/miniconda3/envs/pytorch1_11_cpu/lib/python3.10/site-packages/streamlit/runtime/scriptrunner/script_runner.py", line 565, in _run_script
    exec(code, module.__dict__)
  File "/home/room/streamlit/denoise/pages/CLRMA.py", line 105, in <module>
    run()
  File "/home/room/streamlit/denoise/pages/CLRMA.py", line 96, in run
    pre_hsi = cut_module(raw_hsi, wavenumber=wave)
  File "/home/room/streamlit/denoise/pages/CLRMA.py", line 61, in cut_module
    st.image(arr.mean(0).reshape(-1, 400))
  File "/home/room/miniconda3/envs/pytorch1_11_cpu/lib/python3.10/site-packages/streamlit/runtime/metrics_util.py", line 332, in wrapped_func
    result = non_optional_func(*args, **kwargs)
  File "/home/room/miniconda3/envs/pytorch1_11_cpu/lib/python3.10/site-packages/streamlit/elements/image.py", line 169, in image
    marshall_images(
  File "/home/room/miniconda3/envs/pytorch1_11_cpu/lib/python3.10/site-packages/streamlit/elements/image.py", line 536, in marshall_images
    proto_img.url = image_to_url(
  File "/home/room/miniconda3/envs/pytorch1_11_cpu/lib/python3.10/site-packages/streamlit/elements/image.py", line 388, in image_to_url
    image = _clip_image(
  File "/home/room/miniconda3/envs/pytorch1_11_cpu/lib/python3.10/site-packages/streamlit/elements/image.py", line 319, in _clip_image
    raise RuntimeError("Data is outside [0.0, 1.0] and clamp is not set.")
RuntimeError: Data is outside [0.0, 1.0] and clamp is not set.
2023-06-30 19:41:43.544 Uncaught app exception
Traceback (most recent call last):
  File "/home/room/miniconda3/envs/pytorch1_11_cpu/lib/python3.10/site-packages/streamlit/runtime/scriptrunner/script_runner.py", line 565, in _run_script
    exec(code, module.__dict__)
  File "/home/room/streamlit/denoise/pages/CLRMA.py", line 102, in <module>
    if __name__ == "__main__":
  File "/home/room/streamlit/denoise/pages/CLRMA.py", line 93, in run
    wave, raw_hsi = upload_module(upload_file, save_path=save_path)
  File "/home/room/streamlit/denoise/pages/CLRMA.py", line 58, in cut_module
    # show the image
  File "/home/room/miniconda3/envs/pytorch1_11_cpu/lib/python3.10/site-packages/streamlit/runtime/metrics_util.py", line 332, in wrapped_func
    result = non_optional_func(*args, **kwargs)
  File "/home/room/miniconda3/envs/pytorch1_11_cpu/lib/python3.10/site-packages/streamlit/elements/image.py", line 169, in image
    marshall_images(
  File "/home/room/miniconda3/envs/pytorch1_11_cpu/lib/python3.10/site-packages/streamlit/elements/image.py", line 536, in marshall_images
    proto_img.url = image_to_url(
  File "/home/room/miniconda3/envs/pytorch1_11_cpu/lib/python3.10/site-packages/streamlit/elements/image.py", line 388, in image_to_url
    image = _clip_image(
  File "/home/room/miniconda3/envs/pytorch1_11_cpu/lib/python3.10/site-packages/streamlit/elements/image.py", line 319, in _clip_image
    raise RuntimeError("Data is outside [0.0, 1.0] and clamp is not set.")
RuntimeError: Data is outside [0.0, 1.0] and clamp is not set.
Index in position 1 exceeds array bounds. Index must not exceed 1159.

Error in ALRMA (line 36)

2023-06-30 19:52:47.193 Uncaught app exception
Traceback (most recent call last):
  File "/home/room/miniconda3/envs/pytorch1_11_cpu/lib/python3.10/site-packages/streamlit/runtime/scriptrunner/script_runner.py", line 565, in _run_script
    exec(code, module.__dict__)
  File "/home/room/streamlit/denoise/pages/CLRMA.py", line 105, in <module>
    run()
  File "/home/room/streamlit/denoise/pages/CLRMA.py", line 97, in run
    pre_hsi = denoise_module(pre_hsi)
  File "/home/room/streamlit/denoise/pages/CLRMA.py", line 71, in denoise_module
    return alrma(x)
  File "/home/room/streamlit/denoise/pages/CLRMA.py", line 16, in alrma
    x = lrma_denoise(x, mode=mode, C=C)
  File "/home/room/streamlit/denoise/utils.py", line 18, in lrma_denoise
    mat_res = lrma.ALRMA(mat_in, C, )
  File "/usr/local/MATLAB/MATLAB_Runtime/R2023a/toolbox/compiler_sdk/pysdk_py/matlab_pysdk/runtime/deployablefunc.py", line 79, in __call__
    nlhsWasSpecified, stdoutObj, stderrObj).result()
  File "/usr/local/MATLAB/MATLAB_Runtime/R2023a/toolbox/compiler_sdk/pysdk_py/matlab_pysdk/runtime/futureresult.py", line 134, in result
    raise e
  File "/usr/local/MATLAB/MATLAB_Runtime/R2023a/toolbox/compiler_sdk/pysdk_py/matlab_pysdk/runtime/futureresult.py", line 122, in result
    raise e
  File "/usr/local/MATLAB/MATLAB_Runtime/R2023a/toolbox/compiler_sdk/pysdk_py/matlab_pysdk/runtime/futureresult.py", line 111, in result
    self._result = self._cppext_handle.getFEvalResult(self._future_tuple,
matlab_pysdk.runtime.MatlabRuntimeError: An error occurred when evaluating the result from a function. Details: 
  File /home/room/.mcrCache9.14/LRMA_b0/LRMA/ALRMA.m, line 36, in ALRMA
Index in position 1 exceeds array bounds. Index must not exceed 1159.

Index in position 1 exceeds array bounds. Index must not exceed 1183.

Error in ALRMA (line 36)

2023-07-01 10:43:39.272 Uncaught app exception
Traceback (most recent call last):
  File "/home/room/miniconda3/envs/pytorch1_11_cpu/lib/python3.10/site-packages/streamlit/runtime/scriptrunner/script_runner.py", line 565, in _run_script
    exec(code, module.__dict__)
  File "/home/room/streamlit/denoise/pages/CLRMA.py", line 109, in <module>
    run()
  File "/home/room/streamlit/denoise/pages/CLRMA.py", line 97, in run
    pre_hsi = denoise_module(pre_hsi)
  File "/home/room/streamlit/denoise/pages/CLRMA.py", line 71, in denoise_module
    return alrma(x)
  File "/home/room/streamlit/denoise/pages/CLRMA.py", line 16, in alrma
    x = lrma_denoise(x, mode=mode, C=C)
  File "/home/room/streamlit/denoise/utils.py", line 18, in lrma_denoise
    mat_res = lrma.ALRMA(mat_in, C,)
  File "/usr/local/MATLAB/MATLAB_Runtime/R2023a/toolbox/compiler_sdk/pysdk_py/matlab_pysdk/runtime/deployablefunc.py", line 79, in __call__
    nlhsWasSpecified, stdoutObj, stderrObj).result()
  File "/usr/local/MATLAB/MATLAB_Runtime/R2023a/toolbox/compiler_sdk/pysdk_py/matlab_pysdk/runtime/futureresult.py", line 134, in result
    raise e
  File "/usr/local/MATLAB/MATLAB_Runtime/R2023a/toolbox/compiler_sdk/pysdk_py/matlab_pysdk/runtime/futureresult.py", line 122, in result
    raise e
  File "/usr/local/MATLAB/MATLAB_Runtime/R2023a/toolbox/compiler_sdk/pysdk_py/matlab_pysdk/runtime/futureresult.py", line 111, in result
    self._result = self._cppext_handle.getFEvalResult(self._future_tuple,
matlab_pysdk.runtime.MatlabRuntimeError: An error occurred when evaluating the result from a function. Details: 
  File /home/room/.mcrCache9.14/LRMA_b0/LRMA/ALRMA.m, line 36, in ALRMA
Index in position 1 exceeds array bounds. Index must not exceed 1183.

2023-07-01 10:46:59.047 Uncaught app exception
Traceback (most recent call last):
  File "/home/room/miniconda3/envs/pytorch1_11_cpu/lib/python3.10/site-packages/streamlit/runtime/scriptrunner/script_runner.py", line 565, in _run_script
    exec(code, module.__dict__)
  File "/home/room/streamlit/denoise/denoise.py", line 225, in <module>
    run()
  File "/home/room/streamlit/denoise/denoise.py", line 170, in run
    raw_specs, filenames = upload_module(upload_file, save_path=save_path)
  File "/home/room/streamlit/denoise/denoise.py", line 59, in upload_module
    spec = load_data(file, save_path)
  File "/home/room/streamlit/denoise/denoise.py", line 46, in load_data
    spec = pd.read_csv(os.path.join(save_path, file.name), delimiter='\t', header=None)
  File "/home/room/miniconda3/envs/pytorch1_11_cpu/lib/python3.10/site-packages/pandas/io/parsers/readers.py", line 912, in read_csv
    return _read(filepath_or_buffer, kwds)
  File "/home/room/miniconda3/envs/pytorch1_11_cpu/lib/python3.10/site-packages/pandas/io/parsers/readers.py", line 577, in _read
    parser = TextFileReader(filepath_or_buffer, **kwds)
  File "/home/room/miniconda3/envs/pytorch1_11_cpu/lib/python3.10/site-packages/pandas/io/parsers/readers.py", line 1407, in __init__
    self._engine = self._make_engine(f, self.engine)
  File "/home/room/miniconda3/envs/pytorch1_11_cpu/lib/python3.10/site-packages/pandas/io/parsers/readers.py", line 1679, in _make_engine
    return mapping[engine](f, **self.options)
  File "/home/room/miniconda3/envs/pytorch1_11_cpu/lib/python3.10/site-packages/pandas/io/parsers/c_parser_wrapper.py", line 93, in __init__
    self._reader = parsers.TextReader(src, **kwds)
  File "pandas/_libs/parsers.pyx", line 548, in pandas._libs.parsers.TextReader.__cinit__
  File "pandas/_libs/parsers.pyx", line 756, in pandas._libs.parsers.TextReader._get_header
  File "pandas/_libs/parsers.pyx", line 848, in pandas._libs.parsers.TextReader._tokenize_rows
  File "pandas/_libs/parsers.pyx", line 859, in pandas._libs.parsers.TextReader._check_tokenize_status
  File "pandas/_libs/parsers.pyx", line 2017, in pandas._libs.parsers.raise_parser_error
UnicodeDecodeError: 'utf-8' codec can't decode byte 0x90 in position 18: invalid start byte
Index exceeds the number of array elements. Index must not exceed 0.

Error in ALRMA (line 63)

2023-07-02 11:28:24.111 Uncaught app exception
Traceback (most recent call last):
  File "/home/room/miniconda3/envs/pytorch1_11_cpu/lib/python3.10/site-packages/streamlit/runtime/scriptrunner/script_runner.py", line 565, in _run_script
    exec(code, module.__dict__)
  File "/home/room/streamlit/denoise/pages/CLRMA.py", line 109, in <module>
    run()
  File "/home/room/streamlit/denoise/pages/CLRMA.py", line 97, in run
    pre_hsi = denoise_module(pre_hsi)
  File "/home/room/streamlit/denoise/pages/CLRMA.py", line 71, in denoise_module
    return alrma(x)
  File "/home/room/streamlit/denoise/pages/CLRMA.py", line 16, in alrma
    x = lrma_denoise(x, mode=mode, C=C)
  File "/home/room/streamlit/denoise/utils.py", line 18, in lrma_denoise
    mat_res = lrma.ALRMA(mat_in, C,)
  File "/usr/local/MATLAB/MATLAB_Runtime/R2023a/toolbox/compiler_sdk/pysdk_py/matlab_pysdk/runtime/deployablefunc.py", line 79, in __call__
    nlhsWasSpecified, stdoutObj, stderrObj).result()
  File "/usr/local/MATLAB/MATLAB_Runtime/R2023a/toolbox/compiler_sdk/pysdk_py/matlab_pysdk/runtime/futureresult.py", line 134, in result
    raise e
  File "/usr/local/MATLAB/MATLAB_Runtime/R2023a/toolbox/compiler_sdk/pysdk_py/matlab_pysdk/runtime/futureresult.py", line 122, in result
    raise e
  File "/usr/local/MATLAB/MATLAB_Runtime/R2023a/toolbox/compiler_sdk/pysdk_py/matlab_pysdk/runtime/futureresult.py", line 111, in result
    self._result = self._cppext_handle.getFEvalResult(self._future_tuple,
matlab_pysdk.runtime.MatlabRuntimeError: An error occurred when evaluating the result from a function. Details: 
  File /home/room/.mcrCache9.14/LRMA_b0/LRMA/ALRMA.m, line 63, in ALRMA
Index exceeds the number of array elements. Index must not exceed 0.

Index exceeds the number of array elements. Index must not exceed 0.

Error in ALRMA (line 63)

2023-07-02 11:28:41.502 Uncaught app exception
Traceback (most recent call last):
  File "/home/room/miniconda3/envs/pytorch1_11_cpu/lib/python3.10/site-packages/streamlit/runtime/scriptrunner/script_runner.py", line 565, in _run_script
    exec(code, module.__dict__)
  File "/home/room/streamlit/denoise/pages/CLRMA.py", line 109, in <module>
    run()
  File "/home/room/streamlit/denoise/pages/CLRMA.py", line 97, in run
    pre_hsi = denoise_module(pre_hsi)
  File "/home/room/streamlit/denoise/pages/CLRMA.py", line 71, in denoise_module
    return alrma(x)
  File "/home/room/streamlit/denoise/pages/CLRMA.py", line 16, in alrma
    x = lrma_denoise(x, mode=mode, C=C)
  File "/home/room/streamlit/denoise/utils.py", line 18, in lrma_denoise
    mat_res = lrma.ALRMA(mat_in, C,)
  File "/usr/local/MATLAB/MATLAB_Runtime/R2023a/toolbox/compiler_sdk/pysdk_py/matlab_pysdk/runtime/deployablefunc.py", line 79, in __call__
    nlhsWasSpecified, stdoutObj, stderrObj).result()
  File "/usr/local/MATLAB/MATLAB_Runtime/R2023a/toolbox/compiler_sdk/pysdk_py/matlab_pysdk/runtime/futureresult.py", line 134, in result
    raise e
  File "/usr/local/MATLAB/MATLAB_Runtime/R2023a/toolbox/compiler_sdk/pysdk_py/matlab_pysdk/runtime/futureresult.py", line 122, in result
    raise e
  File "/usr/local/MATLAB/MATLAB_Runtime/R2023a/toolbox/compiler_sdk/pysdk_py/matlab_pysdk/runtime/futureresult.py", line 111, in result
    self._result = self._cppext_handle.getFEvalResult(self._future_tuple,
matlab_pysdk.runtime.MatlabRuntimeError: An error occurred when evaluating the result from a function. Details: 
  File /home/room/.mcrCache9.14/LRMA_b0/LRMA/ALRMA.m, line 63, in ALRMA
Index exceeds the number of array elements. Index must not exceed 0.

Index in position 1 exceeds array bounds. Index must not exceed 1090.

Error in ALRMA (line 36)

2023-07-02 11:29:12.573 Uncaught app exception
Traceback (most recent call last):
  File "/home/room/miniconda3/envs/pytorch1_11_cpu/lib/python3.10/site-packages/streamlit/runtime/scriptrunner/script_runner.py", line 565, in _run_script
    exec(code, module.__dict__)
  File "/home/room/streamlit/denoise/pages/CLRMA.py", line 109, in <module>
    run()
  File "/home/room/streamlit/denoise/pages/CLRMA.py", line 97, in run
    pre_hsi = denoise_module(pre_hsi)
  File "/home/room/streamlit/denoise/pages/CLRMA.py", line 71, in denoise_module
    return alrma(x)
  File "/home/room/streamlit/denoise/pages/CLRMA.py", line 16, in alrma
    x = lrma_denoise(x, mode=mode, C=C)
  File "/home/room/streamlit/denoise/utils.py", line 18, in lrma_denoise
    mat_res = lrma.ALRMA(mat_in, C,)
  File "/usr/local/MATLAB/MATLAB_Runtime/R2023a/toolbox/compiler_sdk/pysdk_py/matlab_pysdk/runtime/deployablefunc.py", line 79, in __call__
    nlhsWasSpecified, stdoutObj, stderrObj).result()
  File "/usr/local/MATLAB/MATLAB_Runtime/R2023a/toolbox/compiler_sdk/pysdk_py/matlab_pysdk/runtime/futureresult.py", line 134, in result
    raise e
  File "/usr/local/MATLAB/MATLAB_Runtime/R2023a/toolbox/compiler_sdk/pysdk_py/matlab_pysdk/runtime/futureresult.py", line 122, in result
    raise e
  File "/usr/local/MATLAB/MATLAB_Runtime/R2023a/toolbox/compiler_sdk/pysdk_py/matlab_pysdk/runtime/futureresult.py", line 111, in result
    self._result = self._cppext_handle.getFEvalResult(self._future_tuple,
matlab_pysdk.runtime.MatlabRuntimeError: An error occurred when evaluating the result from a function. Details: 
  File /home/room/.mcrCache9.14/LRMA_b0/LRMA/ALRMA.m, line 36, in ALRMA
Index in position 1 exceeds array bounds. Index must not exceed 1090.

Index in position 1 exceeds array bounds. Index must not exceed 1006.

Error in ALRMA (line 36)

Index in position 1 exceeds array bounds. Index must not exceed 992.

Error in ALRMA (line 36)

2023-07-02 11:29:26.066 Uncaught app exception
Traceback (most recent call last):
  File "/home/room/miniconda3/envs/pytorch1_11_cpu/lib/python3.10/site-packages/streamlit/runtime/scriptrunner/script_runner.py", line 565, in _run_script
    exec(code, module.__dict__)
  File "/home/room/streamlit/denoise/pages/CLRMA.py", line 109, in <module>
    run()
  File "/home/room/streamlit/denoise/pages/CLRMA.py", line 97, in run
    pre_hsi = denoise_module(pre_hsi)
  File "/home/room/streamlit/denoise/pages/CLRMA.py", line 71, in denoise_module
    return alrma(x)
  File "/home/room/streamlit/denoise/pages/CLRMA.py", line 16, in alrma
    x = lrma_denoise(x, mode=mode, C=C)
  File "/home/room/streamlit/denoise/utils.py", line 18, in lrma_denoise
    mat_res = lrma.ALRMA(mat_in, C,)
  File "/usr/local/MATLAB/MATLAB_Runtime/R2023a/toolbox/compiler_sdk/pysdk_py/matlab_pysdk/runtime/deployablefunc.py", line 79, in __call__
    nlhsWasSpecified, stdoutObj, stderrObj).result()
  File "/usr/local/MATLAB/MATLAB_Runtime/R2023a/toolbox/compiler_sdk/pysdk_py/matlab_pysdk/runtime/futureresult.py", line 134, in result
    raise e
  File "/usr/local/MATLAB/MATLAB_Runtime/R2023a/toolbox/compiler_sdk/pysdk_py/matlab_pysdk/runtime/futureresult.py", line 122, in result
    raise e
  File "/usr/local/MATLAB/MATLAB_Runtime/R2023a/toolbox/compiler_sdk/pysdk_py/matlab_pysdk/runtime/futureresult.py", line 111, in result
    self._result = self._cppext_handle.getFEvalResult(self._future_tuple,
matlab_pysdk.runtime.MatlabRuntimeError: An error occurred when evaluating the result from a function. Details: 
  File /home/room/.mcrCache9.14/LRMA_b0/LRMA/ALRMA.m, line 36, in ALRMA
Index in position 1 exceeds array bounds. Index must not exceed 992.

2023-07-02 11:29:32.099 Uncaught app exception
Traceback (most recent call last):
  File "/home/room/miniconda3/envs/pytorch1_11_cpu/lib/python3.10/site-packages/streamlit/runtime/scriptrunner/script_runner.py", line 565, in _run_script
    exec(code, module.__dict__)
  File "/home/room/streamlit/denoise/pages/CLRMA.py", line 109, in <module>
    run()
  File "/home/room/streamlit/denoise/pages/CLRMA.py", line 97, in run
    pre_hsi = denoise_module(pre_hsi)
  File "/home/room/streamlit/denoise/pages/CLRMA.py", line 73, in denoise_module
    return clrma(x, ref=ref)
  File "/home/room/streamlit/denoise/pages/CLRMA.py", line 20, in clrma
    x = lrma_denoise(x, mode=mode, C=C, ref=ref)
  File "/home/room/streamlit/denoise/utils.py", line 20, in lrma_denoise
    mat_res = lrma.CLRMA(mat_in, ref, C, )
  File "/usr/local/MATLAB/MATLAB_Runtime/R2023a/toolbox/compiler_sdk/pysdk_py/matlab_pysdk/runtime/deployablefunc.py", line 69, in __call__
    future_tuple = self._cppext_handle.evaluateFunction(self._mcr_handle, self._name, nlhs, args,
TypeError: None cannot be passed to MATLAB
2023-07-02 11:29:40.695 Uncaught app exception
Traceback (most recent call last):
  File "/home/room/miniconda3/envs/pytorch1_11_cpu/lib/python3.10/site-packages/streamlit/runtime/scriptrunner/script_runner.py", line 565, in _run_script
    exec(code, module.__dict__)
  File "/home/room/streamlit/denoise/pages/CLRMA.py", line 109, in <module>
    run()
  File "/home/room/streamlit/denoise/pages/CLRMA.py", line 97, in run
    pre_hsi = denoise_module(pre_hsi)
  File "/home/room/streamlit/denoise/pages/CLRMA.py", line 73, in denoise_module
    return clrma(x, ref=ref)
  File "/home/room/streamlit/denoise/pages/CLRMA.py", line 20, in clrma
    x = lrma_denoise(x, mode=mode, C=C, ref=ref)
  File "/home/room/streamlit/denoise/utils.py", line 20, in lrma_denoise
    mat_res = lrma.CLRMA(mat_in, ref, C, )
  File "/usr/local/MATLAB/MATLAB_Runtime/R2023a/toolbox/compiler_sdk/pysdk_py/matlab_pysdk/runtime/deployablefunc.py", line 69, in __call__
    future_tuple = self._cppext_handle.evaluateFunction(self._mcr_handle, self._name, nlhs, args,
TypeError: None cannot be passed to MATLAB
2023-07-02 16:37:18.184 Uncaught app exception
Traceback (most recent call last):
  File "/home/room/miniconda3/envs/pytorch1_11_cpu/lib/python3.10/site-packages/streamlit/runtime/scriptrunner/script_runner.py", line 565, in _run_script
    exec(code, module.__dict__)
  File "/home/room/streamlit/denoise/denoise.py", line 225, in <module>
    run()
  File "/home/room/streamlit/denoise/denoise.py", line 179, in run
    demo_spec, cut_args = cut_module(demo_spec)
  File "/home/room/streamlit/denoise/denoise.py", line 74, in cut_module
    values = st.slider('Select the range of wavenumber', min_value=MIN, max_value=MAX, value=(float(MIN), float(MAX)))
  File "/home/room/miniconda3/envs/pytorch1_11_cpu/lib/python3.10/site-packages/streamlit/runtime/metrics_util.py", line 332, in wrapped_func
    result = non_optional_func(*args, **kwargs)
  File "/home/room/miniconda3/envs/pytorch1_11_cpu/lib/python3.10/site-packages/streamlit/elements/slider.py", line 331, in slider
    return self._slider(
  File "/home/room/miniconda3/envs/pytorch1_11_cpu/lib/python3.10/site-packages/streamlit/elements/slider.py", line 494, in _slider
    raise StreamlitAPIException(
streamlit.errors.StreamlitAPIException: Slider value arguments must be of matching types.
`min_value` has int64 type.
`max_value` has int64 type.
`step` has float type.
2023-07-02 17:34:28.217 Uncaught app exception
Traceback (most recent call last):
  File "/home/room/miniconda3/envs/pytorch1_11_cpu/lib/python3.10/site-packages/streamlit/runtime/scriptrunner/script_runner.py", line 565, in _run_script
    exec(code, module.__dict__)
  File "/home/room/streamlit/denoise/denoise.py", line 225, in <module>
    run()
  File "/home/room/streamlit/denoise/denoise.py", line 179, in run
    demo_spec, cut_args = cut_module(demo_spec)
  File "/home/room/streamlit/denoise/denoise.py", line 74, in cut_module
    values = st.slider('Select the range of wavenumber', min_value=MIN, max_value=MAX, value=(float(MIN), float(MAX)))
  File "/home/room/miniconda3/envs/pytorch1_11_cpu/lib/python3.10/site-packages/streamlit/runtime/metrics_util.py", line 332, in wrapped_func
    result = non_optional_func(*args, **kwargs)
  File "/home/room/miniconda3/envs/pytorch1_11_cpu/lib/python3.10/site-packages/streamlit/elements/slider.py", line 331, in slider
    return self._slider(
  File "/home/room/miniconda3/envs/pytorch1_11_cpu/lib/python3.10/site-packages/streamlit/elements/slider.py", line 494, in _slider
    raise StreamlitAPIException(
streamlit.errors.StreamlitAPIException: Slider value arguments must be of matching types.
`min_value` has int64 type.
`max_value` has int64 type.
`step` has float type.
2023-07-02 17:34:32.536 Uncaught app exception
Traceback (most recent call last):
  File "/home/room/miniconda3/envs/pytorch1_11_cpu/lib/python3.10/site-packages/streamlit/runtime/scriptrunner/script_runner.py", line 565, in _run_script
    exec(code, module.__dict__)
  File "/home/room/streamlit/denoise/denoise.py", line 225, in <module>
    run()
  File "/home/room/streamlit/denoise/denoise.py", line 179, in run
    demo_spec, cut_args = cut_module(demo_spec)
  File "/home/room/streamlit/denoise/denoise.py", line 74, in cut_module
    values = st.slider('Select the range of wavenumber', min_value=MIN, max_value=MAX, value=(float(MIN), float(MAX)))
  File "/home/room/miniconda3/envs/pytorch1_11_cpu/lib/python3.10/site-packages/streamlit/runtime/metrics_util.py", line 332, in wrapped_func
    result = non_optional_func(*args, **kwargs)
  File "/home/room/miniconda3/envs/pytorch1_11_cpu/lib/python3.10/site-packages/streamlit/elements/slider.py", line 331, in slider
    return self._slider(
  File "/home/room/miniconda3/envs/pytorch1_11_cpu/lib/python3.10/site-packages/streamlit/elements/slider.py", line 494, in _slider
    raise StreamlitAPIException(
streamlit.errors.StreamlitAPIException: Slider value arguments must be of matching types.
`min_value` has int64 type.
`max_value` has int64 type.
`step` has float type.
2023-07-02 17:35:03.653 Uncaught app exception
Traceback (most recent call last):
  File "/home/room/miniconda3/envs/pytorch1_11_cpu/lib/python3.10/site-packages/streamlit/runtime/scriptrunner/script_runner.py", line 565, in _run_script
    exec(code, module.__dict__)
  File "/home/room/streamlit/denoise/denoise.py", line 225, in <module>
    run()
  File "/home/room/streamlit/denoise/denoise.py", line 179, in run
    demo_spec, cut_args = cut_module(demo_spec)
  File "/home/room/streamlit/denoise/denoise.py", line 74, in cut_module
    values = st.slider('Select the range of wavenumber', min_value=MIN, max_value=MAX, value=(float(MIN), float(MAX)))
  File "/home/room/miniconda3/envs/pytorch1_11_cpu/lib/python3.10/site-packages/streamlit/runtime/metrics_util.py", line 332, in wrapped_func
    result = non_optional_func(*args, **kwargs)
  File "/home/room/miniconda3/envs/pytorch1_11_cpu/lib/python3.10/site-packages/streamlit/elements/slider.py", line 331, in slider
    return self._slider(
  File "/home/room/miniconda3/envs/pytorch1_11_cpu/lib/python3.10/site-packages/streamlit/elements/slider.py", line 494, in _slider
    raise StreamlitAPIException(
streamlit.errors.StreamlitAPIException: Slider value arguments must be of matching types.
`min_value` has int64 type.
`max_value` has int64 type.
`step` has float type.
2023-07-02 17:35:55.548 Uncaught app exception
Traceback (most recent call last):
  File "/home/room/miniconda3/envs/pytorch1_11_cpu/lib/python3.10/site-packages/streamlit/runtime/scriptrunner/script_runner.py", line 565, in _run_script
    exec(code, module.__dict__)
  File "/home/room/streamlit/denoise/denoise.py", line 225, in <module>
    run()
  File "/home/room/streamlit/denoise/denoise.py", line 179, in run
    demo_spec, cut_args = cut_module(demo_spec)
  File "/home/room/streamlit/denoise/denoise.py", line 74, in cut_module
    values = st.slider('Select the range of wavenumber', min_value=MIN, max_value=MAX, value=(float(MIN), float(MAX)))
  File "/home/room/miniconda3/envs/pytorch1_11_cpu/lib/python3.10/site-packages/streamlit/runtime/metrics_util.py", line 332, in wrapped_func
    result = non_optional_func(*args, **kwargs)
  File "/home/room/miniconda3/envs/pytorch1_11_cpu/lib/python3.10/site-packages/streamlit/elements/slider.py", line 331, in slider
    return self._slider(
  File "/home/room/miniconda3/envs/pytorch1_11_cpu/lib/python3.10/site-packages/streamlit/elements/slider.py", line 494, in _slider
    raise StreamlitAPIException(
streamlit.errors.StreamlitAPIException: Slider value arguments must be of matching types.
`min_value` has int64 type.
`max_value` has int64 type.
`step` has float type.
2023-07-02 17:36:13.214 Uncaught app exception
Traceback (most recent call last):
  File "/home/room/miniconda3/envs/pytorch1_11_cpu/lib/python3.10/site-packages/streamlit/runtime/scriptrunner/script_runner.py", line 565, in _run_script
    exec(code, module.__dict__)
  File "/home/room/streamlit/denoise/denoise.py", line 225, in <module>
    run()
  File "/home/room/streamlit/denoise/denoise.py", line 179, in run
    demo_spec, cut_args = cut_module(demo_spec)
  File "/home/room/streamlit/denoise/denoise.py", line 74, in cut_module
    values = st.slider('Select the range of wavenumber', min_value=MIN, max_value=MAX, value=(float(MIN), float(MAX)))
  File "/home/room/miniconda3/envs/pytorch1_11_cpu/lib/python3.10/site-packages/streamlit/runtime/metrics_util.py", line 332, in wrapped_func
    result = non_optional_func(*args, **kwargs)
  File "/home/room/miniconda3/envs/pytorch1_11_cpu/lib/python3.10/site-packages/streamlit/elements/slider.py", line 331, in slider
    return self._slider(
  File "/home/room/miniconda3/envs/pytorch1_11_cpu/lib/python3.10/site-packages/streamlit/elements/slider.py", line 494, in _slider
    raise StreamlitAPIException(
streamlit.errors.StreamlitAPIException: Slider value arguments must be of matching types.
`min_value` has int64 type.
`max_value` has int64 type.
`step` has float type.
2023-07-02 17:36:24.381 Uncaught app exception
Traceback (most recent call last):
  File "/home/room/miniconda3/envs/pytorch1_11_cpu/lib/python3.10/site-packages/streamlit/runtime/scriptrunner/script_runner.py", line 565, in _run_script
    exec(code, module.__dict__)
  File "/home/room/streamlit/denoise/pages/CLRMA.py", line 109, in <module>
    run()
  File "/home/room/streamlit/denoise/pages/CLRMA.py", line 96, in run
    pre_hsi = spectral_cut_module(raw_hsi, wavenumber=wave)
  File "/home/room/streamlit/denoise/pages/CLRMA.py", line 52, in spectral_cut_module
    values = st.slider('Select the range of wavenumber', min_value=MIN, max_value=MAX, value=(float(MIN), float(MAX)))
  File "/home/room/miniconda3/envs/pytorch1_11_cpu/lib/python3.10/site-packages/streamlit/runtime/metrics_util.py", line 332, in wrapped_func
    result = non_optional_func(*args, **kwargs)
  File "/home/room/miniconda3/envs/pytorch1_11_cpu/lib/python3.10/site-packages/streamlit/elements/slider.py", line 331, in slider
    return self._slider(
  File "/home/room/miniconda3/envs/pytorch1_11_cpu/lib/python3.10/site-packages/streamlit/elements/slider.py", line 494, in _slider
    raise StreamlitAPIException(
streamlit.errors.StreamlitAPIException: Slider value arguments must be of matching types.
`min_value` has int64 type.
`max_value` has int64 type.
`step` has float type.
2023-07-02 17:37:55.503 Uncaught app exception
Traceback (most recent call last):
  File "/home/room/miniconda3/envs/pytorch1_11_cpu/lib/python3.10/site-packages/streamlit/runtime/scriptrunner/script_runner.py", line 565, in _run_script
    exec(code, module.__dict__)
  File "/home/room/streamlit/denoise/denoise.py", line 225, in <module>
    run()
  File "/home/room/streamlit/denoise/denoise.py", line 179, in run
    demo_spec, cut_args = cut_module(demo_spec)
  File "/home/room/streamlit/denoise/denoise.py", line 74, in cut_module
    values = st.slider('Select the range of wavenumber', min_value=MIN, max_value=MAX, value=(float(MIN), float(MAX)))
  File "/home/room/miniconda3/envs/pytorch1_11_cpu/lib/python3.10/site-packages/streamlit/runtime/metrics_util.py", line 332, in wrapped_func
    result = non_optional_func(*args, **kwargs)
  File "/home/room/miniconda3/envs/pytorch1_11_cpu/lib/python3.10/site-packages/streamlit/elements/slider.py", line 331, in slider
    return self._slider(
  File "/home/room/miniconda3/envs/pytorch1_11_cpu/lib/python3.10/site-packages/streamlit/elements/slider.py", line 494, in _slider
    raise StreamlitAPIException(
streamlit.errors.StreamlitAPIException: Slider value arguments must be of matching types.
`min_value` has int64 type.
`max_value` has int64 type.
`step` has float type.
Index in position 1 exceeds array bounds. Index must not exceed 1022.

Error in ALRMA (line 36)

2023-07-11 23:48:50.784 Uncaught app exception
Traceback (most recent call last):
  File "/home/room/miniconda3/envs/pytorch1_11_cpu/lib/python3.10/site-packages/streamlit/runtime/scriptrunner/script_runner.py", line 565, in _run_script
    exec(code, module.__dict__)
  File "/home/room/streamlit/denoise/pages/CLRMA.py", line 109, in <module>
    run()
  File "/home/room/streamlit/denoise/pages/CLRMA.py", line 97, in run
    pre_hsi = denoise_module(pre_hsi)
  File "/home/room/streamlit/denoise/pages/CLRMA.py", line 71, in denoise_module
    return alrma(x)
  File "/home/room/streamlit/denoise/pages/CLRMA.py", line 16, in alrma
    x = lrma_denoise(x, mode=mode, C=C)
  File "/home/room/streamlit/denoise/utils.py", line 18, in lrma_denoise
    mat_res = lrma.ALRMA(mat_in, C,)
  File "/usr/local/MATLAB/MATLAB_Runtime/R2023a/toolbox/compiler_sdk/pysdk_py/matlab_pysdk/runtime/deployablefunc.py", line 79, in __call__
    nlhsWasSpecified, stdoutObj, stderrObj).result()
  File "/usr/local/MATLAB/MATLAB_Runtime/R2023a/toolbox/compiler_sdk/pysdk_py/matlab_pysdk/runtime/futureresult.py", line 134, in result
    raise e
  File "/usr/local/MATLAB/MATLAB_Runtime/R2023a/toolbox/compiler_sdk/pysdk_py/matlab_pysdk/runtime/futureresult.py", line 122, in result
    raise e
  File "/usr/local/MATLAB/MATLAB_Runtime/R2023a/toolbox/compiler_sdk/pysdk_py/matlab_pysdk/runtime/futureresult.py", line 111, in result
    self._result = self._cppext_handle.getFEvalResult(self._future_tuple,
matlab_pysdk.runtime.MatlabRuntimeError: An error occurred when evaluating the result from a function. Details: 
  File /home/room/.mcrCache9.14/LRMA_b0/LRMA/ALRMA.m, line 36, in ALRMA
Index in position 1 exceeds array bounds. Index must not exceed 1022.

2023-07-20 14:18:23.718 Uncaught app exception
Traceback (most recent call last):
  File "/home/room/miniconda3/envs/pytorch1_11_cpu/lib/python3.10/site-packages/streamlit/runtime/scriptrunner/script_runner.py", line 565, in _run_script
    exec(code, module.__dict__)
  File "/home/room/streamlit/denoise/denoise.py", line 225, in <module>
    run()
  File "/home/room/streamlit/denoise/denoise.py", line 170, in run
    raw_specs, filenames = upload_module(upload_file, save_path=save_path)
  File "/home/room/streamlit/denoise/denoise.py", line 59, in upload_module
    spec = load_data(file, save_path)
  File "/home/room/streamlit/denoise/denoise.py", line 49, in load_data
    spec.columns = ['wavenumber', 'raw_intensity']
  File "/home/room/miniconda3/envs/pytorch1_11_cpu/lib/python3.10/site-packages/pandas/core/generic.py", line 6002, in __setattr__
    return object.__setattr__(self, name, value)
  File "pandas/_libs/properties.pyx", line 69, in pandas._libs.properties.AxisProperty.__set__
  File "/home/room/miniconda3/envs/pytorch1_11_cpu/lib/python3.10/site-packages/pandas/core/generic.py", line 730, in _set_axis
    self._mgr.set_axis(axis, labels)
  File "/home/room/miniconda3/envs/pytorch1_11_cpu/lib/python3.10/site-packages/pandas/core/internals/managers.py", line 225, in set_axis
    self._validate_set_axis(axis, new_labels)
  File "/home/room/miniconda3/envs/pytorch1_11_cpu/lib/python3.10/site-packages/pandas/core/internals/base.py", line 70, in _validate_set_axis
    raise ValueError(
ValueError: Length mismatch: Expected axis has 3 elements, new values have 2 elements
2023-07-20 14:18:35.038 Uncaught app exception
Traceback (most recent call last):
  File "/home/room/miniconda3/envs/pytorch1_11_cpu/lib/python3.10/site-packages/streamlit/runtime/scriptrunner/script_runner.py", line 565, in _run_script
    exec(code, module.__dict__)
  File "/home/room/streamlit/denoise/denoise.py", line 225, in <module>
    run()
  File "/home/room/streamlit/denoise/denoise.py", line 170, in run
    raw_specs, filenames = upload_module(upload_file, save_path=save_path)
  File "/home/room/streamlit/denoise/denoise.py", line 59, in upload_module
    spec = load_data(file, save_path)
  File "/home/room/streamlit/denoise/denoise.py", line 49, in load_data
    spec.columns = ['wavenumber', 'raw_intensity']
  File "/home/room/miniconda3/envs/pytorch1_11_cpu/lib/python3.10/site-packages/pandas/core/generic.py", line 6002, in __setattr__
    return object.__setattr__(self, name, value)
  File "pandas/_libs/properties.pyx", line 69, in pandas._libs.properties.AxisProperty.__set__
  File "/home/room/miniconda3/envs/pytorch1_11_cpu/lib/python3.10/site-packages/pandas/core/generic.py", line 730, in _set_axis
    self._mgr.set_axis(axis, labels)
  File "/home/room/miniconda3/envs/pytorch1_11_cpu/lib/python3.10/site-packages/pandas/core/internals/managers.py", line 225, in set_axis
    self._validate_set_axis(axis, new_labels)
  File "/home/room/miniconda3/envs/pytorch1_11_cpu/lib/python3.10/site-packages/pandas/core/internals/base.py", line 70, in _validate_set_axis
    raise ValueError(
ValueError: Length mismatch: Expected axis has 3 elements, new values have 2 elements
2023-07-21 14:55:25.315 Uncaught app exception
Traceback (most recent call last):
  File "/home/room/miniconda3/envs/pytorch1_11_cpu/lib/python3.10/site-packages/streamlit/runtime/scriptrunner/script_runner.py", line 565, in _run_script
    exec(code, module.__dict__)
  File "/home/room/streamlit/denoise/denoise.py", line 232, in <module>
    run()
  File "/home/room/streamlit/denoise/denoise.py", line 189, in run
    switch_page("Peak_analysis")
  File "/home/room/miniconda3/envs/pytorch1_11_cpu/lib/python3.10/site-packages/streamlit/runtime/metrics_util.py", line 332, in wrapped_func
    result = non_optional_func(*args, **kwargs)
  File "/home/room/miniconda3/envs/pytorch1_11_cpu/lib/python3.10/site-packages/streamlit_extras/switch_page_button/__init__.py", line 29, in switch_page
    raise ValueError(f"Could not find page {page_name}. Must be one of {page_names}")
ValueError: Could not find page peak analysis. Must be one of ['denoise', 'clrma', 'peak ayalysis']
2023-07-21 14:59:30.044 Uncaught app exception
Traceback (most recent call last):
  File "/home/room/miniconda3/envs/pytorch1_11_cpu/lib/python3.10/site-packages/streamlit/runtime/scriptrunner/script_runner.py", line 565, in _run_script
    exec(code, module.__dict__)
  File "/home/room/streamlit/denoise/denoise.py", line 233, in <module>
    run()
  File "/home/room/streamlit/denoise/denoise.py", line 190, in run
    peak_analysis_module(demo_spec)
TypeError: peak_analysis_module() takes 0 positional arguments but 1 was given
2023-07-21 15:10:14.863 Uncaught app exception
Traceback (most recent call last):
  File "/home/room/miniconda3/envs/pytorch1_11_cpu/lib/python3.10/site-packages/streamlit/runtime/scriptrunner/script_runner.py", line 565, in _run_script
    exec(code, module.__dict__)
  File "/home/room/streamlit/denoise/denoise.py", line 269, in <module>
    run()
  File "/home/room/streamlit/denoise/denoise.py", line 226, in run
    peak_analysis_module(demo_spec)
  File "/home/room/streamlit/denoise/denoise.py", line 152, in peak_analysis_module
    st.subheader('Peak analysis')
UnboundLocalError: local variable 'st' referenced before assignment
2023-07-21 15:10:43.806 Uncaught app exception
Traceback (most recent call last):
  File "/home/room/miniconda3/envs/pytorch1_11_cpu/lib/python3.10/site-packages/streamlit/runtime/scriptrunner/script_runner.py", line 565, in _run_script
    exec(code, module.__dict__)
  File "/home/room/streamlit/denoise/denoise.py", line 265, in <module>
    run()
  File "/home/room/streamlit/denoise/denoise.py", line 222, in run
    peak_analysis_module(demo_spec)
  File "/home/room/streamlit/denoise/denoise.py", line 172, in peak_analysis_module
    ax.set_legend()
AttributeError: 'Axes' object has no attribute 'set_legend'
2023-07-21 15:19:01.695 MediaFileHandler: Missing file 3cb5db0f7954f2099e50bab0e6a8a9c045dc359d4f2cbec2126406c8.png
2023-07-21 15:30:40.743 Uncaught app exception
Traceback (most recent call last):
  File "/home/room/miniconda3/envs/pytorch1_11_cpu/lib/python3.10/site-packages/streamlit/runtime/scriptrunner/script_runner.py", line 565, in _run_script
    exec(code, module.__dict__)
  File "/home/room/streamlit/denoise/denoise.py", line 287, in <module>
    run()
  File "/home/room/streamlit/denoise/denoise.py", line 244, in run
    peak_analysis_module(demo_spec)
  File "/home/room/streamlit/denoise/denoise.py", line 191, in peak_analysis_module
    popt, pcov = optimize.curve_fit(gaussian,
  File "/home/room/miniconda3/envs/pytorch1_11_cpu/lib/python3.10/site-packages/scipy/optimize/_minpack_py.py", line 859, in curve_fit
    res = leastsq(func, p0, Dfun=jac, full_output=1, **kwargs)
  File "/home/room/miniconda3/envs/pytorch1_11_cpu/lib/python3.10/site-packages/scipy/optimize/_minpack_py.py", line 417, in leastsq
    raise TypeError(f"Improper input: func input vector length N={n} must"
TypeError: Improper input: func input vector length N=3 must not exceed func output vector length M=1
2023-07-21 15:31:05.676 Uncaught app exception
Traceback (most recent call last):
  File "/home/room/miniconda3/envs/pytorch1_11_cpu/lib/python3.10/site-packages/streamlit/runtime/scriptrunner/script_runner.py", line 565, in _run_script
    exec(code, module.__dict__)
  File "/home/room/streamlit/denoise/denoise.py", line 288, in <module>
    run()
  File "/home/room/streamlit/denoise/denoise.py", line 245, in run
    peak_analysis_module(demo_spec)
  File "/home/room/streamlit/denoise/denoise.py", line 192, in peak_analysis_module
    popt, pcov = optimize.curve_fit(gaussian,
  File "/home/room/miniconda3/envs/pytorch1_11_cpu/lib/python3.10/site-packages/scipy/optimize/_minpack_py.py", line 859, in curve_fit
    res = leastsq(func, p0, Dfun=jac, full_output=1, **kwargs)
  File "/home/room/miniconda3/envs/pytorch1_11_cpu/lib/python3.10/site-packages/scipy/optimize/_minpack_py.py", line 417, in leastsq
    raise TypeError(f"Improper input: func input vector length N={n} must"
TypeError: Improper input: func input vector length N=3 must not exceed func output vector length M=1
2023-07-21 15:31:30.300 Uncaught app exception
Traceback (most recent call last):
  File "/home/room/miniconda3/envs/pytorch1_11_cpu/lib/python3.10/site-packages/streamlit/runtime/scriptrunner/script_runner.py", line 565, in _run_script
    exec(code, module.__dict__)
  File "/home/room/streamlit/denoise/denoise.py", line 288, in <module>
    run()
  File "/home/room/streamlit/denoise/denoise.py", line 245, in run
    peak_analysis_module(demo_spec)
  File "/home/room/streamlit/denoise/denoise.py", line 192, in peak_analysis_module
    popt, pcov = optimize.curve_fit(gaussian,
  File "/home/room/miniconda3/envs/pytorch1_11_cpu/lib/python3.10/site-packages/scipy/optimize/_minpack_py.py", line 859, in curve_fit
    res = leastsq(func, p0, Dfun=jac, full_output=1, **kwargs)
  File "/home/room/miniconda3/envs/pytorch1_11_cpu/lib/python3.10/site-packages/scipy/optimize/_minpack_py.py", line 417, in leastsq
    raise TypeError(f"Improper input: func input vector length N={n} must"
TypeError: Improper input: func input vector length N=3 must not exceed func output vector length M=1
2023-07-21 15:42:53.791 Uncaught app exception
Traceback (most recent call last):
  File "/home/room/miniconda3/envs/pytorch1_11_cpu/lib/python3.10/site-packages/streamlit/runtime/scriptrunner/script_runner.py", line 565, in _run_script
    exec(code, module.__dict__)
  File "/home/room/streamlit/denoise/denoise.py", line 299, in <module>
    run()
  File "/home/room/streamlit/denoise/denoise.py", line 256, in run
    peak_analysis_module(demo_spec)
  File "/home/room/streamlit/denoise/denoise.py", line 202, in peak_analysis_module
    popt, pcov = optimize.curve_fit(multi_gaussian,
  File "/home/room/miniconda3/envs/pytorch1_11_cpu/lib/python3.10/site-packages/scipy/optimize/_minpack_py.py", line 779, in curve_fit
    raise ValueError("Unable to determine number of fit parameters.")
ValueError: Unable to determine number of fit parameters.
2023-07-21 15:43:19.180 Uncaught app exception
Traceback (most recent call last):
  File "/home/room/miniconda3/envs/pytorch1_11_cpu/lib/python3.10/site-packages/streamlit/runtime/scriptrunner/script_runner.py", line 565, in _run_script
    exec(code, module.__dict__)
  File "/home/room/streamlit/denoise/denoise.py", line 300, in <module>
    run()
  File "/home/room/streamlit/denoise/denoise.py", line 257, in run
    peak_analysis_module(demo_spec)
  File "/home/room/streamlit/denoise/denoise.py", line 202, in peak_analysis_module
    popt, pcov = optimize.curve_fit(multi_gaussian,
  File "/home/room/miniconda3/envs/pytorch1_11_cpu/lib/python3.10/site-packages/scipy/optimize/_minpack_py.py", line 857, in curve_fit
    raise TypeError(f"The number of func parameters={n} must not"
TypeError: The number of func parameters=39 must not exceed the number of data points=13
2023-07-21 15:48:05.235 Uncaught app exception
Traceback (most recent call last):
  File "/home/room/miniconda3/envs/pytorch1_11_cpu/lib/python3.10/site-packages/streamlit/runtime/scriptrunner/script_runner.py", line 565, in _run_script
    exec(code, module.__dict__)
  File "/home/room/streamlit/denoise/denoise.py", line 300, in <module>
    run()
  File "/home/room/streamlit/denoise/denoise.py", line 257, in run
    peak_analysis_module(demo_spec)
  File "/home/room/streamlit/denoise/denoise.py", line 202, in peak_analysis_module
    popt, pcov = optimize.curve_fit(multi_gaussian,
TypeError: curve_fit() missing 1 required positional argument: 'ydata'
2023-07-21 15:51:23.617 Uncaught app exception
Traceback (most recent call last):
  File "/home/room/miniconda3/envs/pytorch1_11_cpu/lib/python3.10/site-packages/pandas/core/indexes/base.py", line 3652, in get_loc
    return self._engine.get_loc(casted_key)
  File "pandas/_libs/index.pyx", line 147, in pandas._libs.index.IndexEngine.get_loc
  File "pandas/_libs/index.pyx", line 176, in pandas._libs.index.IndexEngine.get_loc
  File "pandas/_libs/hashtable_class_helper.pxi", line 2606, in pandas._libs.hashtable.Int64HashTable.get_item
  File "pandas/_libs/hashtable_class_helper.pxi", line 2630, in pandas._libs.hashtable.Int64HashTable.get_item
KeyError: 10

The above exception was the direct cause of the following exception:

Traceback (most recent call last):
  File "/home/room/miniconda3/envs/pytorch1_11_cpu/lib/python3.10/site-packages/streamlit/runtime/scriptrunner/script_runner.py", line 565, in _run_script
    exec(code, module.__dict__)
  File "/home/room/streamlit/denoise/denoise.py", line 320, in <module>
    run()
  File "/home/room/streamlit/denoise/denoise.py", line 277, in run
    peak_analysis_module(demo_spec)
  File "/home/room/streamlit/denoise/denoise.py", line 217, in peak_analysis_module
    initial_guess = [y_peak.max(), x_peak[np.argmax(y_peak)], 1.0]
  File "/home/room/miniconda3/envs/pytorch1_11_cpu/lib/python3.10/site-packages/pandas/core/series.py", line 1007, in __getitem__
    return self._get_value(key)
  File "/home/room/miniconda3/envs/pytorch1_11_cpu/lib/python3.10/site-packages/pandas/core/series.py", line 1116, in _get_value
    loc = self.index.get_loc(label)
  File "/home/room/miniconda3/envs/pytorch1_11_cpu/lib/python3.10/site-packages/pandas/core/indexes/base.py", line 3654, in get_loc
    raise KeyError(key) from err
KeyError: 10
2023-07-21 15:52:31.914 Uncaught app exception
Traceback (most recent call last):
  File "/home/room/miniconda3/envs/pytorch1_11_cpu/lib/python3.10/site-packages/pandas/core/indexes/base.py", line 3652, in get_loc
    return self._engine.get_loc(casted_key)
  File "pandas/_libs/index.pyx", line 147, in pandas._libs.index.IndexEngine.get_loc
  File "pandas/_libs/index.pyx", line 176, in pandas._libs.index.IndexEngine.get_loc
  File "pandas/_libs/hashtable_class_helper.pxi", line 2606, in pandas._libs.hashtable.Int64HashTable.get_item
  File "pandas/_libs/hashtable_class_helper.pxi", line 2630, in pandas._libs.hashtable.Int64HashTable.get_item
KeyError: 10

The above exception was the direct cause of the following exception:

Traceback (most recent call last):
  File "/home/room/miniconda3/envs/pytorch1_11_cpu/lib/python3.10/site-packages/streamlit/runtime/scriptrunner/script_runner.py", line 565, in _run_script
    exec(code, module.__dict__)
  File "/home/room/streamlit/denoise/denoise.py", line 321, in <module>
    run()
  File "/home/room/streamlit/denoise/denoise.py", line 278, in run
    peak_analysis_module(demo_spec)
  File "/home/room/streamlit/denoise/denoise.py", line 218, in peak_analysis_module
    initial_guess = [y_peak.max(), x_peak[np.argmax(y_peak)], 1.0]
  File "/home/room/miniconda3/envs/pytorch1_11_cpu/lib/python3.10/site-packages/pandas/core/series.py", line 1007, in __getitem__
    return self._get_value(key)
  File "/home/room/miniconda3/envs/pytorch1_11_cpu/lib/python3.10/site-packages/pandas/core/series.py", line 1116, in _get_value
    loc = self.index.get_loc(label)
  File "/home/room/miniconda3/envs/pytorch1_11_cpu/lib/python3.10/site-packages/pandas/core/indexes/base.py", line 3654, in get_loc
    raise KeyError(key) from err
KeyError: 10
2023-07-21 15:53:15.108 Uncaught app exception
Traceback (most recent call last):
  File "/home/room/miniconda3/envs/pytorch1_11_cpu/lib/python3.10/site-packages/pandas/core/indexes/base.py", line 3652, in get_loc
    return self._engine.get_loc(casted_key)
  File "pandas/_libs/index.pyx", line 147, in pandas._libs.index.IndexEngine.get_loc
  File "pandas/_libs/index.pyx", line 176, in pandas._libs.index.IndexEngine.get_loc
  File "pandas/_libs/hashtable_class_helper.pxi", line 2606, in pandas._libs.hashtable.Int64HashTable.get_item
  File "pandas/_libs/hashtable_class_helper.pxi", line 2630, in pandas._libs.hashtable.Int64HashTable.get_item
KeyError: 10

The above exception was the direct cause of the following exception:

Traceback (most recent call last):
  File "/home/room/miniconda3/envs/pytorch1_11_cpu/lib/python3.10/site-packages/streamlit/runtime/scriptrunner/script_runner.py", line 565, in _run_script
    exec(code, module.__dict__)
  File "/home/room/streamlit/denoise/denoise.py", line 322, in <module>
    run()
  File "/home/room/streamlit/denoise/denoise.py", line 279, in run
    peak_analysis_module(demo_spec)
  File "/home/room/streamlit/denoise/denoise.py", line 219, in peak_analysis_module
    initial_guess = [y_peak.max(), x_peak[np.argmax(y_peak)], 1.0]
  File "/home/room/miniconda3/envs/pytorch1_11_cpu/lib/python3.10/site-packages/pandas/core/series.py", line 1007, in __getitem__
    return self._get_value(key)
  File "/home/room/miniconda3/envs/pytorch1_11_cpu/lib/python3.10/site-packages/pandas/core/series.py", line 1116, in _get_value
    loc = self.index.get_loc(label)
  File "/home/room/miniconda3/envs/pytorch1_11_cpu/lib/python3.10/site-packages/pandas/core/indexes/base.py", line 3654, in get_loc
    raise KeyError(key) from err
KeyError: 10
2023-07-21 15:53:35.373 Uncaught app exception
Traceback (most recent call last):
  File "/home/room/miniconda3/envs/pytorch1_11_cpu/lib/python3.10/site-packages/pandas/core/indexes/base.py", line 3652, in get_loc
    return self._engine.get_loc(casted_key)
  File "pandas/_libs/index.pyx", line 147, in pandas._libs.index.IndexEngine.get_loc
  File "pandas/_libs/index.pyx", line 176, in pandas._libs.index.IndexEngine.get_loc
  File "pandas/_libs/hashtable_class_helper.pxi", line 2606, in pandas._libs.hashtable.Int64HashTable.get_item
  File "pandas/_libs/hashtable_class_helper.pxi", line 2630, in pandas._libs.hashtable.Int64HashTable.get_item
KeyError: 10

The above exception was the direct cause of the following exception:

Traceback (most recent call last):
  File "/home/room/miniconda3/envs/pytorch1_11_cpu/lib/python3.10/site-packages/streamlit/runtime/scriptrunner/script_runner.py", line 565, in _run_script
    exec(code, module.__dict__)
  File "/home/room/streamlit/denoise/denoise.py", line 322, in <module>
    run()
  File "/home/room/streamlit/denoise/denoise.py", line 279, in run
    peak_analysis_module(demo_spec)
  File "/home/room/streamlit/denoise/denoise.py", line 219, in peak_analysis_module
    initial_guess = [y_peak.max(), x_peak[np.argmax(y_peak)], 1.0]
  File "/home/room/miniconda3/envs/pytorch1_11_cpu/lib/python3.10/site-packages/pandas/core/series.py", line 1007, in __getitem__
    return self._get_value(key)
  File "/home/room/miniconda3/envs/pytorch1_11_cpu/lib/python3.10/site-packages/pandas/core/series.py", line 1116, in _get_value
    loc = self.index.get_loc(label)
  File "/home/room/miniconda3/envs/pytorch1_11_cpu/lib/python3.10/site-packages/pandas/core/indexes/base.py", line 3654, in get_loc
    raise KeyError(key) from err
KeyError: 10
2023-07-21 15:56:04.962 Uncaught app exception
Traceback (most recent call last):
  File "/home/room/miniconda3/envs/pytorch1_11_cpu/lib/python3.10/site-packages/streamlit/runtime/scriptrunner/script_runner.py", line 565, in _run_script
    exec(code, module.__dict__)
  File "/home/room/streamlit/denoise/denoise.py", line 325, in <module>
    run()
  File "/home/room/streamlit/denoise/denoise.py", line 282, in run
    peak_analysis_module(demo_spec)
  File "/home/room/streamlit/denoise/denoise.py", line 225, in peak_analysis_module
    popt, _ = curve_fit(gaussian, x_peak, y_peak, p0=initial_guess)
  File "/home/room/miniconda3/envs/pytorch1_11_cpu/lib/python3.10/site-packages/scipy/optimize/_minpack_py.py", line 864, in curve_fit
    raise RuntimeError("Optimal parameters not found: " + errmsg)
RuntimeError: Optimal parameters not found: Number of calls to function has reached maxfev = 800.
2023-07-21 15:56:11.788 Uncaught app exception
Traceback (most recent call last):
  File "/home/room/miniconda3/envs/pytorch1_11_cpu/lib/python3.10/site-packages/streamlit/runtime/scriptrunner/script_runner.py", line 565, in _run_script
    exec(code, module.__dict__)
  File "/home/room/streamlit/denoise/denoise.py", line 325, in <module>
    run()
  File "/home/room/streamlit/denoise/denoise.py", line 282, in run
    peak_analysis_module(demo_spec)
  File "/home/room/streamlit/denoise/denoise.py", line 225, in peak_analysis_module
    popt, _ = curve_fit(gaussian, x_peak, y_peak, p0=initial_guess)
  File "/home/room/miniconda3/envs/pytorch1_11_cpu/lib/python3.10/site-packages/scipy/optimize/_minpack_py.py", line 864, in curve_fit
    raise RuntimeError("Optimal parameters not found: " + errmsg)
RuntimeError: Optimal parameters not found: Number of calls to function has reached maxfev = 800.
2023-07-21 15:58:29.713 Uncaught app exception
Traceback (most recent call last):
  File "/home/room/miniconda3/envs/pytorch1_11_cpu/lib/python3.10/site-packages/streamlit/runtime/scriptrunner/script_runner.py", line 565, in _run_script
    exec(code, module.__dict__)
  File "/home/room/streamlit/denoise/denoise.py", line 326, in <module>
    run()
  File "/home/room/streamlit/denoise/denoise.py", line 283, in run
    peak_analysis_module(demo_spec)
  File "/home/room/streamlit/denoise/denoise.py", line 216, in peak_analysis_module
    x_peak = spec_df['wavenumber'][peak_index + fit_region].to_numpy()
  File "/home/room/miniconda3/envs/pytorch1_11_cpu/lib/python3.10/site-packages/pandas/core/series.py", line 1007, in __getitem__
    return self._get_value(key)
  File "/home/room/miniconda3/envs/pytorch1_11_cpu/lib/python3.10/site-packages/pandas/core/series.py", line 1116, in _get_value
    loc = self.index.get_loc(label)
  File "/home/room/miniconda3/envs/pytorch1_11_cpu/lib/python3.10/site-packages/pandas/core/indexes/range.py", line 349, in get_loc
    raise KeyError(key)
KeyError: 59.765177784507955
2023-07-21 15:59:00.130 Uncaught app exception
Traceback (most recent call last):
  File "/home/room/miniconda3/envs/pytorch1_11_cpu/lib/python3.10/site-packages/streamlit/runtime/scriptrunner/script_runner.py", line 565, in _run_script
    exec(code, module.__dict__)
  File "/home/room/streamlit/denoise/denoise.py", line 326, in <module>
    run()
  File "/home/room/streamlit/denoise/denoise.py", line 283, in run
    peak_analysis_module(demo_spec)
  File "/home/room/streamlit/denoise/denoise.py", line 213, in peak_analysis_module
    fit_region = range(-fit_region_width, fit_region_width + 1)
TypeError: 'numpy.float64' object cannot be interpreted as an integer
2023-07-21 16:00:13.972 Uncaught app exception
Traceback (most recent call last):
  File "/home/room/miniconda3/envs/pytorch1_11_cpu/lib/python3.10/site-packages/streamlit/runtime/scriptrunner/script_runner.py", line 565, in _run_script
    exec(code, module.__dict__)
  File "/home/room/streamlit/denoise/denoise.py", line 326, in <module>
    run()
  File "/home/room/streamlit/denoise/denoise.py", line 283, in run
    peak_analysis_module(demo_spec)
  File "/home/room/streamlit/denoise/denoise.py", line 212, in peak_analysis_module
    fit_region_width = ceil(properties['widths'][i])
NameError: name 'ceil' is not defined
2023-07-21 16:00:25.421 Uncaught app exception
Traceback (most recent call last):
  File "/home/room/miniconda3/envs/pytorch1_11_cpu/lib/python3.10/site-packages/streamlit/runtime/scriptrunner/script_runner.py", line 565, in _run_script
    exec(code, module.__dict__)
  File "/home/room/streamlit/denoise/denoise.py", line 326, in <module>
    run()
  File "/home/room/streamlit/denoise/denoise.py", line 283, in run
    peak_analysis_module(demo_spec)
  File "/home/room/streamlit/denoise/denoise.py", line 213, in peak_analysis_module
    fit_region = range(-fit_region_width, fit_region_width + 1)
TypeError: 'numpy.float64' object cannot be interpreted as an integer
2023-07-21 16:00:36.534 Uncaught app exception
Traceback (most recent call last):
  File "/home/room/miniconda3/envs/pytorch1_11_cpu/lib/python3.10/site-packages/streamlit/runtime/scriptrunner/script_runner.py", line 565, in _run_script
    exec(code, module.__dict__)
  File "/home/room/streamlit/denoise/denoise.py", line 326, in <module>
    run()
  File "/home/room/streamlit/denoise/denoise.py", line 283, in run
    peak_analysis_module(demo_spec)
  File "/home/room/streamlit/denoise/denoise.py", line 212, in peak_analysis_module
    fit_region_width = np.int(properties['widths'][i])
  File "/home/room/miniconda3/envs/pytorch1_11_cpu/lib/python3.10/site-packages/numpy/__init__.py", line 305, in __getattr__
    raise AttributeError(__former_attrs__[attr])
AttributeError: module 'numpy' has no attribute 'int'.
`np.int` was a deprecated alias for the builtin `int`. To avoid this error in existing code, use `int` by itself. Doing this will not modify any behavior and is safe. When replacing `np.int`, you may wish to use e.g. `np.int64` or `np.int32` to specify the precision. If you wish to review your current use, check the release note link for additional information.
The aliases was originally deprecated in NumPy 1.20; for more details and guidance see the original release note at:
    https://numpy.org/devdocs/release/1.20.0-notes.html#deprecations
2023-07-21 16:04:59.189 Uncaught app exception
Traceback (most recent call last):
  File "/home/room/miniconda3/envs/pytorch1_11_cpu/lib/python3.10/site-packages/streamlit/runtime/scriptrunner/script_runner.py", line 565, in _run_script
    exec(code, module.__dict__)
  File "/home/room/streamlit/denoise/denoise.py", line 317, in <module>
    run()
  File "/home/room/streamlit/denoise/denoise.py", line 274, in run
    peak_analysis_module(demo_spec)
  File "/home/room/streamlit/denoise/denoise.py", line 231, in peak_analysis_module
    ax.plot(x_peak_fit, y_peak_fit, label='Peak Fit', linewidth=1, linestyle='-.-')
  File "/home/room/miniconda3/envs/pytorch1_11_cpu/lib/python3.10/site-packages/matplotlib/axes/_axes.py", line 1688, in plot
    lines = [*self._get_lines(*args, data=data, **kwargs)]
  File "/home/room/miniconda3/envs/pytorch1_11_cpu/lib/python3.10/site-packages/matplotlib/axes/_base.py", line 311, in __call__
    yield from self._plot_args(
  File "/home/room/miniconda3/envs/pytorch1_11_cpu/lib/python3.10/site-packages/matplotlib/axes/_base.py", line 544, in _plot_args
    return [l[0] for l in result]
  File "/home/room/miniconda3/envs/pytorch1_11_cpu/lib/python3.10/site-packages/matplotlib/axes/_base.py", line 544, in <listcomp>
    return [l[0] for l in result]
  File "/home/room/miniconda3/envs/pytorch1_11_cpu/lib/python3.10/site-packages/matplotlib/axes/_base.py", line 537, in <genexpr>
    result = (make_artist(x[:, j % ncx], y[:, j % ncy], kw,
  File "/home/room/miniconda3/envs/pytorch1_11_cpu/lib/python3.10/site-packages/matplotlib/axes/_base.py", line 351, in _makeline
    seg = mlines.Line2D(x, y, **kw)
  File "/home/room/miniconda3/envs/pytorch1_11_cpu/lib/python3.10/site-packages/matplotlib/_api/deprecation.py", line 454, in wrapper
    return func(*args, **kwargs)
  File "/home/room/miniconda3/envs/pytorch1_11_cpu/lib/python3.10/site-packages/matplotlib/lines.py", line 358, in __init__
    self.set_linestyle(linestyle)
  File "/home/room/miniconda3/envs/pytorch1_11_cpu/lib/python3.10/site-packages/matplotlib/lines.py", line 1171, in set_linestyle
    _api.check_in_list([*self._lineStyles, *ls_mapper_r], ls=ls)
  File "/home/room/miniconda3/envs/pytorch1_11_cpu/lib/python3.10/site-packages/matplotlib/_api/__init__.py", line 131, in check_in_list
    raise ValueError(msg)
ValueError: '-.-' is not a valid value for ls; supported values are '-', '--', '-.', ':', 'None', ' ', '', 'solid', 'dashed', 'dashdot', 'dotted'
2023-07-21 16:06:06.123 Uncaught app exception
Traceback (most recent call last):
  File "/home/room/miniconda3/envs/pytorch1_11_cpu/lib/python3.10/site-packages/streamlit/runtime/scriptrunner/script_runner.py", line 565, in _run_script
    exec(code, module.__dict__)
  File "/home/room/streamlit/denoise/denoise.py", line 317, in <module>
    run()
  File "/home/room/streamlit/denoise/denoise.py", line 274, in run
    peak_analysis_module(demo_spec)
  File "/home/room/streamlit/denoise/denoise.py", line 229, in peak_analysis_module
    x_peak_fit = spec_df['wavenumber'][peak_index + fit_region]
  File "/home/room/miniconda3/envs/pytorch1_11_cpu/lib/python3.10/site-packages/pandas/core/series.py", line 1033, in __getitem__
    return self._get_with(key)
  File "/home/room/miniconda3/envs/pytorch1_11_cpu/lib/python3.10/site-packages/pandas/core/series.py", line 1068, in _get_with
    return self.loc[key]
  File "/home/room/miniconda3/envs/pytorch1_11_cpu/lib/python3.10/site-packages/pandas/core/indexing.py", line 1103, in __getitem__
    return self._getitem_axis(maybe_callable, axis=axis)
  File "/home/room/miniconda3/envs/pytorch1_11_cpu/lib/python3.10/site-packages/pandas/core/indexing.py", line 1332, in _getitem_axis
    return self._getitem_iterable(key, axis=axis)
  File "/home/room/miniconda3/envs/pytorch1_11_cpu/lib/python3.10/site-packages/pandas/core/indexing.py", line 1272, in _getitem_iterable
    keyarr, indexer = self._get_listlike_indexer(key, axis)
  File "/home/room/miniconda3/envs/pytorch1_11_cpu/lib/python3.10/site-packages/pandas/core/indexing.py", line 1462, in _get_listlike_indexer
    keyarr, indexer = ax._get_indexer_strict(key, axis_name)
  File "/home/room/miniconda3/envs/pytorch1_11_cpu/lib/python3.10/site-packages/pandas/core/indexes/base.py", line 5876, in _get_indexer_strict
    self._raise_if_missing(keyarr, indexer, axis_name)
  File "/home/room/miniconda3/envs/pytorch1_11_cpu/lib/python3.10/site-packages/pandas/core/indexes/base.py", line 5938, in _raise_if_missing
    raise KeyError(f"{not_found} not in index")
KeyError: '[-2, -1] not in index'
2023-07-21 16:06:49.332 Uncaught app exception
Traceback (most recent call last):
  File "/home/room/miniconda3/envs/pytorch1_11_cpu/lib/python3.10/site-packages/streamlit/runtime/scriptrunner/script_runner.py", line 565, in _run_script
    exec(code, module.__dict__)
  File "/home/room/streamlit/denoise/denoise.py", line 317, in <module>
    run()
  File "/home/room/streamlit/denoise/denoise.py", line 274, in run
    peak_analysis_module(demo_spec)
  File "/home/room/streamlit/denoise/denoise.py", line 229, in peak_analysis_module
    x_peak_fit = spec_df['wavenumber'][peak_index + fit_region]
  File "/home/room/miniconda3/envs/pytorch1_11_cpu/lib/python3.10/site-packages/pandas/core/series.py", line 1033, in __getitem__
    return self._get_with(key)
  File "/home/room/miniconda3/envs/pytorch1_11_cpu/lib/python3.10/site-packages/pandas/core/series.py", line 1068, in _get_with
    return self.loc[key]
  File "/home/room/miniconda3/envs/pytorch1_11_cpu/lib/python3.10/site-packages/pandas/core/indexing.py", line 1103, in __getitem__
    return self._getitem_axis(maybe_callable, axis=axis)
  File "/home/room/miniconda3/envs/pytorch1_11_cpu/lib/python3.10/site-packages/pandas/core/indexing.py", line 1332, in _getitem_axis
    return self._getitem_iterable(key, axis=axis)
  File "/home/room/miniconda3/envs/pytorch1_11_cpu/lib/python3.10/site-packages/pandas/core/indexing.py", line 1272, in _getitem_iterable
    keyarr, indexer = self._get_listlike_indexer(key, axis)
  File "/home/room/miniconda3/envs/pytorch1_11_cpu/lib/python3.10/site-packages/pandas/core/indexing.py", line 1462, in _get_listlike_indexer
    keyarr, indexer = ax._get_indexer_strict(key, axis_name)
  File "/home/room/miniconda3/envs/pytorch1_11_cpu/lib/python3.10/site-packages/pandas/core/indexes/base.py", line 5876, in _get_indexer_strict
    self._raise_if_missing(keyarr, indexer, axis_name)
  File "/home/room/miniconda3/envs/pytorch1_11_cpu/lib/python3.10/site-packages/pandas/core/indexes/base.py", line 5938, in _raise_if_missing
    raise KeyError(f"{not_found} not in index")
KeyError: '[-2, -1] not in index'
2023-07-21 16:06:52.353 Uncaught app exception
Traceback (most recent call last):
  File "/home/room/miniconda3/envs/pytorch1_11_cpu/lib/python3.10/site-packages/streamlit/runtime/scriptrunner/script_runner.py", line 565, in _run_script
    exec(code, module.__dict__)
  File "/home/room/streamlit/denoise/denoise.py", line 317, in <module>
    run()
  File "/home/room/streamlit/denoise/denoise.py", line 274, in run
    peak_analysis_module(demo_spec)
  File "/home/room/streamlit/denoise/denoise.py", line 229, in peak_analysis_module
    x_peak_fit = spec_df['wavenumber'][peak_index + fit_region]
  File "/home/room/miniconda3/envs/pytorch1_11_cpu/lib/python3.10/site-packages/pandas/core/series.py", line 1033, in __getitem__
    return self._get_with(key)
  File "/home/room/miniconda3/envs/pytorch1_11_cpu/lib/python3.10/site-packages/pandas/core/series.py", line 1068, in _get_with
    return self.loc[key]
  File "/home/room/miniconda3/envs/pytorch1_11_cpu/lib/python3.10/site-packages/pandas/core/indexing.py", line 1103, in __getitem__
    return self._getitem_axis(maybe_callable, axis=axis)
  File "/home/room/miniconda3/envs/pytorch1_11_cpu/lib/python3.10/site-packages/pandas/core/indexing.py", line 1332, in _getitem_axis
    return self._getitem_iterable(key, axis=axis)
  File "/home/room/miniconda3/envs/pytorch1_11_cpu/lib/python3.10/site-packages/pandas/core/indexing.py", line 1272, in _getitem_iterable
    keyarr, indexer = self._get_listlike_indexer(key, axis)
  File "/home/room/miniconda3/envs/pytorch1_11_cpu/lib/python3.10/site-packages/pandas/core/indexing.py", line 1462, in _get_listlike_indexer
    keyarr, indexer = ax._get_indexer_strict(key, axis_name)
  File "/home/room/miniconda3/envs/pytorch1_11_cpu/lib/python3.10/site-packages/pandas/core/indexes/base.py", line 5876, in _get_indexer_strict
    self._raise_if_missing(keyarr, indexer, axis_name)
  File "/home/room/miniconda3/envs/pytorch1_11_cpu/lib/python3.10/site-packages/pandas/core/indexes/base.py", line 5938, in _raise_if_missing
    raise KeyError(f"{not_found} not in index")
KeyError: '[-2, -1] not in index'
2023-07-21 16:07:00.406 Uncaught app exception
Traceback (most recent call last):
  File "/home/room/miniconda3/envs/pytorch1_11_cpu/lib/python3.10/site-packages/streamlit/runtime/scriptrunner/script_runner.py", line 565, in _run_script
    exec(code, module.__dict__)
  File "/home/room/streamlit/denoise/denoise.py", line 317, in <module>
    run()
  File "/home/room/streamlit/denoise/denoise.py", line 274, in run
    peak_analysis_module(demo_spec)
  File "/home/room/streamlit/denoise/denoise.py", line 229, in peak_analysis_module
    x_peak_fit = spec_df['wavenumber'][peak_index + fit_region]
  File "/home/room/miniconda3/envs/pytorch1_11_cpu/lib/python3.10/site-packages/pandas/core/series.py", line 1033, in __getitem__
    return self._get_with(key)
  File "/home/room/miniconda3/envs/pytorch1_11_cpu/lib/python3.10/site-packages/pandas/core/series.py", line 1068, in _get_with
    return self.loc[key]
  File "/home/room/miniconda3/envs/pytorch1_11_cpu/lib/python3.10/site-packages/pandas/core/indexing.py", line 1103, in __getitem__
    return self._getitem_axis(maybe_callable, axis=axis)
  File "/home/room/miniconda3/envs/pytorch1_11_cpu/lib/python3.10/site-packages/pandas/core/indexing.py", line 1332, in _getitem_axis
    return self._getitem_iterable(key, axis=axis)
  File "/home/room/miniconda3/envs/pytorch1_11_cpu/lib/python3.10/site-packages/pandas/core/indexing.py", line 1272, in _getitem_iterable
    keyarr, indexer = self._get_listlike_indexer(key, axis)
  File "/home/room/miniconda3/envs/pytorch1_11_cpu/lib/python3.10/site-packages/pandas/core/indexing.py", line 1462, in _get_listlike_indexer
    keyarr, indexer = ax._get_indexer_strict(key, axis_name)
  File "/home/room/miniconda3/envs/pytorch1_11_cpu/lib/python3.10/site-packages/pandas/core/indexes/base.py", line 5876, in _get_indexer_strict
    self._raise_if_missing(keyarr, indexer, axis_name)
  File "/home/room/miniconda3/envs/pytorch1_11_cpu/lib/python3.10/site-packages/pandas/core/indexes/base.py", line 5938, in _raise_if_missing
    raise KeyError(f"{not_found} not in index")
KeyError: '[-2, -1] not in index'
2023-07-21 16:10:51.987 Uncaught app exception
Traceback (most recent call last):
  File "/home/room/miniconda3/envs/pytorch1_11_cpu/lib/python3.10/site-packages/streamlit/runtime/scriptrunner/script_runner.py", line 565, in _run_script
    exec(code, module.__dict__)
  File "/home/room/streamlit/denoise/denoise.py", line 317, in <module>
    run()
  File "/home/room/streamlit/denoise/denoise.py", line 274, in run
    peak_analysis_module(demo_spec)
  File "/home/room/streamlit/denoise/denoise.py", line 219, in peak_analysis_module
    popt, _ = curve_fit(gaussian, x_peak, y_peak, p0=initial_guess)
  File "/home/room/miniconda3/envs/pytorch1_11_cpu/lib/python3.10/site-packages/scipy/optimize/_minpack_py.py", line 864, in curve_fit
    raise RuntimeError("Optimal parameters not found: " + errmsg)
RuntimeError: Optimal parameters not found: Number of calls to function has reached maxfev = 800.
2023-07-21 16:14:17.065 Uncaught app exception
Traceback (most recent call last):
  File "/home/room/miniconda3/envs/pytorch1_11_cpu/lib/python3.10/site-packages/streamlit/runtime/scriptrunner/script_runner.py", line 565, in _run_script
    exec(code, module.__dict__)
  File "/home/room/streamlit/denoise/denoise.py", line 325, in <module>
    run()
  File "/home/room/streamlit/denoise/denoise.py", line 282, in run
    peak_analysis_module(demo_spec)
  File "/home/room/streamlit/denoise/denoise.py", line 214, in peak_analysis_module
    fit_region = range(-fit_region_width, fit_region_width + 1)
TypeError: 'numpy.float64' object cannot be interpreted as an integer
2023-07-21 16:17:20.730 Uncaught app exception
Traceback (most recent call last):
  File "/home/room/miniconda3/envs/pytorch1_11_cpu/lib/python3.10/site-packages/streamlit/runtime/scriptrunner/script_runner.py", line 565, in _run_script
    exec(code, module.__dict__)
  File "/home/room/streamlit/denoise/denoise.py", line 336, in <module>
    run()
  File "/home/room/streamlit/denoise/denoise.py", line 293, in run
    peak_analysis_module(demo_spec)
  File "/home/room/streamlit/denoise/denoise.py", line 251, in peak_analysis_module
    ax.vlines(properties[np.argmax(y_peak_fit)], 0, y_peak_fit.max(), linestyle='--', color='red')
KeyError: 43
2023-07-21 16:23:19.424 Uncaught app exception
Traceback (most recent call last):
  File "/home/room/miniconda3/envs/pytorch1_11_cpu/lib/python3.10/site-packages/streamlit/runtime/scriptrunner/script_runner.py", line 565, in _run_script
    exec(code, module.__dict__)
  File "/home/room/streamlit/denoise/denoise.py", line 337, in <module>
    run()
  File "/home/room/streamlit/denoise/denoise.py", line 294, in run
    peak_analysis_module(demo_spec)
  File "/home/room/streamlit/denoise/denoise.py", line 252, in peak_analysis_module
    ax.vlines(properties[np.argmax(y_peak_fit)], 0, y_peak_fit.max(), linestyle='--', color='red')
KeyError: 43
2023-07-21 16:27:42.627 Uncaught app exception
Traceback (most recent call last):
  File "/home/room/miniconda3/envs/pytorch1_11_cpu/lib/python3.10/site-packages/streamlit/runtime/scriptrunner/script_runner.py", line 565, in _run_script
    exec(code, module.__dict__)
  File "/home/room/streamlit/denoise/denoise.py", line 357, in <module>
    run()
  File "/home/room/streamlit/denoise/denoise.py", line 314, in run
    peak_analysis_module(demo_spec)
  File "/home/room/streamlit/denoise/denoise.py", line 238, in peak_analysis_module
    x_peak = spec_df['wavenumber'][start_points[i]:end_points[i]].to_numpy()
  File "/home/room/miniconda3/envs/pytorch1_11_cpu/lib/python3.10/site-packages/pandas/core/series.py", line 1033, in __getitem__
    return self._get_with(key)
  File "/home/room/miniconda3/envs/pytorch1_11_cpu/lib/python3.10/site-packages/pandas/core/series.py", line 1040, in _get_with
    slobj = self.index._convert_slice_indexer(key, kind="getitem")
  File "/home/room/miniconda3/envs/pytorch1_11_cpu/lib/python3.10/site-packages/pandas/core/indexes/base.py", line 4100, in _convert_slice_indexer
    self._validate_indexer("slice", key.start, "getitem")
  File "/home/room/miniconda3/envs/pytorch1_11_cpu/lib/python3.10/site-packages/pandas/core/indexes/base.py", line 6373, in _validate_indexer
    self._raise_invalid_indexer(form, key)
  File "/home/room/miniconda3/envs/pytorch1_11_cpu/lib/python3.10/site-packages/pandas/core/indexes/base.py", line 4151, in _raise_invalid_indexer
    raise TypeError(msg)
TypeError: cannot do slice indexing on RangeIndex with these indexers [502.666] of type float64
2023-07-21 16:28:17.185 Uncaught app exception
Traceback (most recent call last):
  File "/home/room/miniconda3/envs/pytorch1_11_cpu/lib/python3.10/site-packages/streamlit/runtime/scriptrunner/script_runner.py", line 565, in _run_script
    exec(code, module.__dict__)
  File "/home/room/streamlit/denoise/denoise.py", line 357, in <module>
    run()
  File "/home/room/streamlit/denoise/denoise.py", line 314, in run
    peak_analysis_module(demo_spec)
  File "/home/room/streamlit/denoise/denoise.py", line 238, in peak_analysis_module
    x_peak = spec_df['wavenumber'][start_points[i]:end_points[i]].to_numpy()
  File "/home/room/miniconda3/envs/pytorch1_11_cpu/lib/python3.10/site-packages/pandas/core/series.py", line 1033, in __getitem__
    return self._get_with(key)
  File "/home/room/miniconda3/envs/pytorch1_11_cpu/lib/python3.10/site-packages/pandas/core/series.py", line 1040, in _get_with
    slobj = self.index._convert_slice_indexer(key, kind="getitem")
  File "/home/room/miniconda3/envs/pytorch1_11_cpu/lib/python3.10/site-packages/pandas/core/indexes/base.py", line 4100, in _convert_slice_indexer
    self._validate_indexer("slice", key.start, "getitem")
  File "/home/room/miniconda3/envs/pytorch1_11_cpu/lib/python3.10/site-packages/pandas/core/indexes/base.py", line 6373, in _validate_indexer
    self._raise_invalid_indexer(form, key)
  File "/home/room/miniconda3/envs/pytorch1_11_cpu/lib/python3.10/site-packages/pandas/core/indexes/base.py", line 4151, in _raise_invalid_indexer
    raise TypeError(msg)
TypeError: cannot do slice indexing on RangeIndex with these indexers [502.666] of type float64
2023-07-21 16:28:45.456 Uncaught app exception
Traceback (most recent call last):
  File "/home/room/miniconda3/envs/pytorch1_11_cpu/lib/python3.10/site-packages/streamlit/runtime/scriptrunner/script_runner.py", line 565, in _run_script
    exec(code, module.__dict__)
  File "/home/room/streamlit/denoise/denoise.py", line 356, in <module>
    run()
  File "/home/room/streamlit/denoise/denoise.py", line 313, in run
    peak_analysis_module(demo_spec)
  File "/home/room/streamlit/denoise/denoise.py", line 257, in peak_analysis_module
    x_peak_fit = spec_df['wavenumber'][peak_index + fit_region]
NameError: name 'fit_region' is not defined
2023-07-21 16:29:18.732 Uncaught app exception
Traceback (most recent call last):
  File "/home/room/miniconda3/envs/pytorch1_11_cpu/lib/python3.10/site-packages/streamlit/runtime/scriptrunner/script_runner.py", line 565, in _run_script
    exec(code, module.__dict__)
  File "/home/room/streamlit/denoise/denoise.py", line 356, in <module>
    run()
  File "/home/room/streamlit/denoise/denoise.py", line 313, in run
    peak_analysis_module(demo_spec)
  File "/home/room/streamlit/denoise/denoise.py", line 271, in peak_analysis_module
    ax.vlines(properties[np.argmax(y_peak_fit)], 0, y_peak_fit.max(), linestyle='--', color='red')
KeyError: 5
2023-07-21 16:35:43.731 Serialization of dataframe to Arrow table was unsuccessful due to: ('Could not convert 70     486.852\n71     488.071\n72     489.289\n73     490.505\n74     491.721\n75     492.939\n76     494.155\n77     495.372\n78     496.587\n79     497.804\n80     499.019\n81     500.236\n82     501.450\n83     502.666\n84     503.881\n85     505.095\n86     506.310\n87     507.524\n88     508.739\n89     509.952\n90     511.165\n91     512.380\n92     513.593\n93     514.805\n94     516.019\n95     517.231\n96     518.443\n97     519.657\n98     520.868\n99     522.080\n100    523.292\n101    524.503\n102    525.714\n103    526.925\n104    528.137\n105    529.347\nName: wavenumber, dtype: float64 with type Series: did not recognize Python value type when inferring an Arrow data type', 'Conversion failed for column Range with type object'). Applying automatic fixes for column types to make the dataframe Arrow-compatible.
2023-07-24 16:38:37.935 Uncaught app exception
Traceback (most recent call last):
  File "/home/room/miniconda3/envs/pytorch1_11_cpu/lib/python3.10/site-packages/streamlit/runtime/scriptrunner/script_runner.py", line 565, in _run_script
    exec(code, module.__dict__)
  File "/home/room/streamlit/denoise/denoise.py", line 362, in <module>
    run()
  File "/home/room/streamlit/denoise/denoise.py", line 319, in run
    peak_analysis_module(demo_spec)
  File "/home/room/streamlit/denoise/denoise.py", line 247, in peak_analysis_module
    popt, _ = curve_fit(gaussian, x_peak, y_peak, p0=initial_guess)
  File "/home/room/miniconda3/envs/pytorch1_11_cpu/lib/python3.10/site-packages/scipy/optimize/_minpack_py.py", line 857, in curve_fit
    raise TypeError(f"The number of func parameters={n} must not"
TypeError: The number of func parameters=3 must not exceed the number of data points=2
2023-07-25 18:12:02.949 Uncaught app exception
Traceback (most recent call last):
  File "/home/room/miniconda3/envs/pytorch1_11_cpu/lib/python3.10/site-packages/streamlit/runtime/scriptrunner/script_runner.py", line 565, in _run_script
    exec(code, module.__dict__)
  File "/home/room/streamlit/denoise/denoise.py", line 362, in <module>
    run()
  File "/home/room/streamlit/denoise/denoise.py", line 305, in run
    raw_specs, filenames = upload_module(upload_file, save_path=save_path)
  File "/home/room/streamlit/denoise/denoise.py", line 61, in upload_module
    spec = load_data(file, save_path)
  File "/home/room/streamlit/denoise/denoise.py", line 51, in load_data
    spec.columns = ['wavenumber', 'raw_intensity']
  File "/home/room/miniconda3/envs/pytorch1_11_cpu/lib/python3.10/site-packages/pandas/core/generic.py", line 6002, in __setattr__
    return object.__setattr__(self, name, value)
  File "pandas/_libs/properties.pyx", line 69, in pandas._libs.properties.AxisProperty.__set__
  File "/home/room/miniconda3/envs/pytorch1_11_cpu/lib/python3.10/site-packages/pandas/core/generic.py", line 730, in _set_axis
    self._mgr.set_axis(axis, labels)
  File "/home/room/miniconda3/envs/pytorch1_11_cpu/lib/python3.10/site-packages/pandas/core/internals/managers.py", line 225, in set_axis
    self._validate_set_axis(axis, new_labels)
  File "/home/room/miniconda3/envs/pytorch1_11_cpu/lib/python3.10/site-packages/pandas/core/internals/base.py", line 70, in _validate_set_axis
    raise ValueError(
ValueError: Length mismatch: Expected axis has 1 elements, new values have 2 elements
2023-07-25 18:15:11.085 Uncaught app exception
Traceback (most recent call last):
  File "/home/room/miniconda3/envs/pytorch1_11_cpu/lib/python3.10/site-packages/streamlit/runtime/scriptrunner/script_runner.py", line 565, in _run_script
    exec(code, module.__dict__)
  File "/home/room/streamlit/denoise/denoise.py", line 363, in <module>
    run()
  File "/home/room/streamlit/denoise/denoise.py", line 306, in run
    raw_specs, filenames = upload_module(upload_file, save_path=save_path)
  File "/home/room/streamlit/denoise/denoise.py", line 62, in upload_module
    spec = load_data(file, save_path)
  File "/home/room/streamlit/denoise/denoise.py", line 51, in load_data
    spec.columns = ['wavenumber', 'raw_intensity']
  File "/home/room/miniconda3/envs/pytorch1_11_cpu/lib/python3.10/site-packages/pandas/core/generic.py", line 6002, in __setattr__
    return object.__setattr__(self, name, value)
  File "pandas/_libs/properties.pyx", line 69, in pandas._libs.properties.AxisProperty.__set__
  File "/home/room/miniconda3/envs/pytorch1_11_cpu/lib/python3.10/site-packages/pandas/core/generic.py", line 730, in _set_axis
    self._mgr.set_axis(axis, labels)
  File "/home/room/miniconda3/envs/pytorch1_11_cpu/lib/python3.10/site-packages/pandas/core/internals/managers.py", line 225, in set_axis
    self._validate_set_axis(axis, new_labels)
  File "/home/room/miniconda3/envs/pytorch1_11_cpu/lib/python3.10/site-packages/pandas/core/internals/base.py", line 70, in _validate_set_axis
    raise ValueError(
ValueError: Length mismatch: Expected axis has 1 elements, new values have 2 elements
2023-07-26 19:28:10.900 Uncaught app exception
Traceback (most recent call last):
  File "/home/room/miniconda3/envs/pytorch1_11_cpu/lib/python3.10/site-packages/streamlit/runtime/scriptrunner/script_runner.py", line 565, in _run_script
    exec(code, module.__dict__)
  File "/home/room/streamlit/denoise/denoise.py", line 363, in <module>
    run()
  File "/home/room/streamlit/denoise/denoise.py", line 320, in run
    peak_analysis_module(demo_spec)
  File "/home/room/streamlit/denoise/denoise.py", line 261, in peak_analysis_module
    peak_x, peak_y, peaks, fit_results, start_point, end_point = find_and_fit_peaks(spec_df, height_threshold, edge_threshold, peak_width, peak_distance)
TypeError: cannot unpack non-iterable NoneType object
2023-07-26 19:34:17.039 Uncaught app exception
Traceback (most recent call last):
  File "/home/room/miniconda3/envs/pytorch1_11_cpu/lib/python3.10/site-packages/streamlit/runtime/scriptrunner/script_runner.py", line 565, in _run_script
    exec(code, module.__dict__)
  File "/home/room/streamlit/denoise/denoise.py", line 363, in <module>
    run()
  File "/home/room/streamlit/denoise/denoise.py", line 320, in run
    peak_analysis_module(demo_spec)
  File "/home/room/streamlit/denoise/denoise.py", line 261, in peak_analysis_module
    peak_x, peak_y, peaks, fit_results, start_point, end_point = find_and_fit_peaks(spec_df, height_threshold, edge_threshold, peak_width, peak_distance)
TypeError: cannot unpack non-iterable NoneType object
2023-07-26 19:58:26.510 Uncaught app exception
Traceback (most recent call last):
  File "/home/room/miniconda3/envs/pytorch1_11_cpu/lib/python3.10/site-packages/pandas/core/indexes/base.py", line 3652, in get_loc
    return self._engine.get_loc(casted_key)
  File "pandas/_libs/index.pyx", line 147, in pandas._libs.index.IndexEngine.get_loc
  File "pandas/_libs/index.pyx", line 176, in pandas._libs.index.IndexEngine.get_loc
  File "pandas/_libs/hashtable_class_helper.pxi", line 7080, in pandas._libs.hashtable.PyObjectHashTable.get_item
  File "pandas/_libs/hashtable_class_helper.pxi", line 7088, in pandas._libs.hashtable.PyObjectHashTable.get_item
KeyError: 'processed'

The above exception was the direct cause of the following exception:

Traceback (most recent call last):
  File "/home/room/miniconda3/envs/pytorch1_11_cpu/lib/python3.10/site-packages/streamlit/runtime/scriptrunner/script_runner.py", line 565, in _run_script
    exec(code, module.__dict__)
  File "/home/room/streamlit/denoise/denoise.py", line 385, in <module>
    run()
  File "/home/room/streamlit/denoise/denoise.py", line 338, in run
    tmp_df = find_and_fit_peaks(res, *peak_analysis_args[1:])
  File "/home/room/streamlit/denoise/denoise.py", line 73, in find_and_fit_peaks
    peaks, properties  = find_peaks(spec_df['processed'], height=height_threshold, prominence=1, width=peak_width, distance=peak_distance)
  File "/home/room/miniconda3/envs/pytorch1_11_cpu/lib/python3.10/site-packages/pandas/core/frame.py", line 3761, in __getitem__
    indexer = self.columns.get_loc(key)
  File "/home/room/miniconda3/envs/pytorch1_11_cpu/lib/python3.10/site-packages/pandas/core/indexes/base.py", line 3654, in get_loc
    raise KeyError(key) from err
KeyError: 'processed'
2023-07-26 20:01:26.903 Uncaught app exception
Traceback (most recent call last):
  File "/home/room/miniconda3/envs/pytorch1_11_cpu/lib/python3.10/site-packages/streamlit/runtime/scriptrunner/script_runner.py", line 565, in _run_script
    exec(code, module.__dict__)
  File "/home/room/streamlit/denoise/denoise.py", line 385, in <module>
    run()
  File "/home/room/streamlit/denoise/denoise.py", line 325, in run
    peak_analysis_args = peak_analysis_module(demo_spec)
  File "/home/room/streamlit/denoise/denoise.py", line 271, in peak_analysis_module
    peak_x, peak_y, peaks, fit_results, start_points, end_points = find_and_fit_peaks(spec_df, height_threshold, edge_threshold, peak_width, peak_distance)
  File "/home/room/streamlit/denoise/denoise.py", line 112, in find_and_fit_peaks
    y_peak = inp[start_points[i]:end_points[i]].to_numpy()
AttributeError: 'numpy.ndarray' object has no attribute 'to_numpy'
2023-07-26 20:02:16.845 Uncaught app exception
Traceback (most recent call last):
  File "/home/room/miniconda3/envs/pytorch1_11_cpu/lib/python3.10/site-packages/pandas/core/indexes/base.py", line 3652, in get_loc
    return self._engine.get_loc(casted_key)
  File "pandas/_libs/index.pyx", line 147, in pandas._libs.index.IndexEngine.get_loc
  File "pandas/_libs/index.pyx", line 176, in pandas._libs.index.IndexEngine.get_loc
  File "pandas/_libs/hashtable_class_helper.pxi", line 7080, in pandas._libs.hashtable.PyObjectHashTable.get_item
  File "pandas/_libs/hashtable_class_helper.pxi", line 7088, in pandas._libs.hashtable.PyObjectHashTable.get_item
KeyError: 'processed'

The above exception was the direct cause of the following exception:

Traceback (most recent call last):
  File "/home/room/miniconda3/envs/pytorch1_11_cpu/lib/python3.10/site-packages/streamlit/runtime/scriptrunner/script_runner.py", line 565, in _run_script
    exec(code, module.__dict__)
  File "/home/room/streamlit/denoise/denoise.py", line 385, in <module>
    run()
  File "/home/room/streamlit/denoise/denoise.py", line 338, in run
    tmp_df = find_and_fit_peaks(res, *peak_analysis_args[1:])
  File "/home/room/streamlit/denoise/denoise.py", line 71, in find_and_fit_peaks
    inp = spec_df['processed'] if verbose else spec_df['raw_intensity']
  File "/home/room/miniconda3/envs/pytorch1_11_cpu/lib/python3.10/site-packages/pandas/core/frame.py", line 3761, in __getitem__
    indexer = self.columns.get_loc(key)
  File "/home/room/miniconda3/envs/pytorch1_11_cpu/lib/python3.10/site-packages/pandas/core/indexes/base.py", line 3654, in get_loc
    raise KeyError(key) from err
KeyError: 'processed'
2023-07-27 08:39:51.114 Uncaught app exception
Traceback (most recent call last):
  File "/home/room/miniconda3/envs/pytorch1_11_cpu/lib/python3.10/site-packages/streamlit/runtime/scriptrunner/script_runner.py", line 565, in _run_script
    exec(code, module.__dict__)
  File "/home/room/streamlit/denoise/denoise.py", line 387, in <module>
    run()
  File "/home/room/streamlit/denoise/denoise.py", line 312, in run
    raw_specs, filenames = upload_module(upload_file, save_path=save_path)
  File "/home/room/streamlit/denoise/denoise.py", line 140, in upload_module
    spec = load_data(file, save_path)
  File "/home/room/streamlit/denoise/denoise.py", line 61, in load_data
    spec.columns = ['wavenumber', 'raw_intensity']
  File "/home/room/miniconda3/envs/pytorch1_11_cpu/lib/python3.10/site-packages/pandas/core/generic.py", line 6002, in __setattr__
    return object.__setattr__(self, name, value)
  File "pandas/_libs/properties.pyx", line 69, in pandas._libs.properties.AxisProperty.__set__
  File "/home/room/miniconda3/envs/pytorch1_11_cpu/lib/python3.10/site-packages/pandas/core/generic.py", line 730, in _set_axis
    self._mgr.set_axis(axis, labels)
  File "/home/room/miniconda3/envs/pytorch1_11_cpu/lib/python3.10/site-packages/pandas/core/internals/managers.py", line 225, in set_axis
    self._validate_set_axis(axis, new_labels)
  File "/home/room/miniconda3/envs/pytorch1_11_cpu/lib/python3.10/site-packages/pandas/core/internals/base.py", line 70, in _validate_set_axis
    raise ValueError(
ValueError: Length mismatch: Expected axis has 3 elements, new values have 2 elements
2023-07-27 08:41:16.976 Uncaught app exception
Traceback (most recent call last):
  File "/home/room/miniconda3/envs/pytorch1_11_cpu/lib/python3.10/site-packages/streamlit/runtime/scriptrunner/script_runner.py", line 565, in _run_script
    exec(code, module.__dict__)
  File "/home/room/streamlit/denoise/denoise.py", line 387, in <module>
    run()
  File "/home/room/streamlit/denoise/denoise.py", line 312, in run
    raw_specs, filenames = upload_module(upload_file, save_path=save_path)
  File "/home/room/streamlit/denoise/denoise.py", line 140, in upload_module
    spec = load_data(file, save_path)
  File "/home/room/streamlit/denoise/denoise.py", line 61, in load_data
    spec.columns = ['wavenumber', 'raw_intensity']
  File "/home/room/miniconda3/envs/pytorch1_11_cpu/lib/python3.10/site-packages/pandas/core/generic.py", line 6002, in __setattr__
    return object.__setattr__(self, name, value)
  File "pandas/_libs/properties.pyx", line 69, in pandas._libs.properties.AxisProperty.__set__
  File "/home/room/miniconda3/envs/pytorch1_11_cpu/lib/python3.10/site-packages/pandas/core/generic.py", line 730, in _set_axis
    self._mgr.set_axis(axis, labels)
  File "/home/room/miniconda3/envs/pytorch1_11_cpu/lib/python3.10/site-packages/pandas/core/internals/managers.py", line 225, in set_axis
    self._validate_set_axis(axis, new_labels)
  File "/home/room/miniconda3/envs/pytorch1_11_cpu/lib/python3.10/site-packages/pandas/core/internals/base.py", line 70, in _validate_set_axis
    raise ValueError(
ValueError: Length mismatch: Expected axis has 3 elements, new values have 2 elements
2023-07-27 08:45:44.194 Uncaught app exception
Traceback (most recent call last):
  File "/home/room/miniconda3/envs/pytorch1_11_cpu/lib/python3.10/site-packages/streamlit/runtime/scriptrunner/script_runner.py", line 565, in _run_script
    exec(code, module.__dict__)
  File "/home/room/streamlit/denoise/denoise.py", line 387, in <module>
    run()
  File "/home/room/streamlit/denoise/denoise.py", line 326, in run
    peak_analysis_args = peak_analysis_module(demo_spec)
  File "/home/room/streamlit/denoise/denoise.py", line 272, in peak_analysis_module
    peak_x, peak_y, peaks, fit_results, start_points, end_points = find_and_fit_peaks(spec_df, height_threshold, edge_threshold, peak_width, peak_distance)
  File "/home/room/streamlit/denoise/denoise.py", line 75, in find_and_fit_peaks
    peak_x = spec_df['wavenumber'][peaks]
  File "/home/room/miniconda3/envs/pytorch1_11_cpu/lib/python3.10/site-packages/pandas/core/series.py", line 1033, in __getitem__
    return self._get_with(key)
  File "/home/room/miniconda3/envs/pytorch1_11_cpu/lib/python3.10/site-packages/pandas/core/series.py", line 1068, in _get_with
    return self.loc[key]
  File "/home/room/miniconda3/envs/pytorch1_11_cpu/lib/python3.10/site-packages/pandas/core/indexing.py", line 1103, in __getitem__
    return self._getitem_axis(maybe_callable, axis=axis)
  File "/home/room/miniconda3/envs/pytorch1_11_cpu/lib/python3.10/site-packages/pandas/core/indexing.py", line 1332, in _getitem_axis
    return self._getitem_iterable(key, axis=axis)
  File "/home/room/miniconda3/envs/pytorch1_11_cpu/lib/python3.10/site-packages/pandas/core/indexing.py", line 1272, in _getitem_iterable
    keyarr, indexer = self._get_listlike_indexer(key, axis)
  File "/home/room/miniconda3/envs/pytorch1_11_cpu/lib/python3.10/site-packages/pandas/core/indexing.py", line 1462, in _get_listlike_indexer
    keyarr, indexer = ax._get_indexer_strict(key, axis_name)
  File "/home/room/miniconda3/envs/pytorch1_11_cpu/lib/python3.10/site-packages/pandas/core/indexes/base.py", line 5876, in _get_indexer_strict
    self._raise_if_missing(keyarr, indexer, axis_name)
  File "/home/room/miniconda3/envs/pytorch1_11_cpu/lib/python3.10/site-packages/pandas/core/indexes/base.py", line 5938, in _raise_if_missing
    raise KeyError(f"{not_found} not in index")
KeyError: '[191, 311] not in index'
2023-07-27 08:45:51.684 Uncaught app exception
Traceback (most recent call last):
  File "/home/room/miniconda3/envs/pytorch1_11_cpu/lib/python3.10/site-packages/streamlit/runtime/scriptrunner/script_runner.py", line 565, in _run_script
    exec(code, module.__dict__)
  File "/home/room/streamlit/denoise/denoise.py", line 387, in <module>
    run()
  File "/home/room/streamlit/denoise/denoise.py", line 326, in run
    peak_analysis_args = peak_analysis_module(demo_spec)
  File "/home/room/streamlit/denoise/denoise.py", line 272, in peak_analysis_module
    peak_x, peak_y, peaks, fit_results, start_points, end_points = find_and_fit_peaks(spec_df, height_threshold, edge_threshold, peak_width, peak_distance)
  File "/home/room/streamlit/denoise/denoise.py", line 75, in find_and_fit_peaks
    peak_x = spec_df['wavenumber'][peaks]
  File "/home/room/miniconda3/envs/pytorch1_11_cpu/lib/python3.10/site-packages/pandas/core/series.py", line 1033, in __getitem__
    return self._get_with(key)
  File "/home/room/miniconda3/envs/pytorch1_11_cpu/lib/python3.10/site-packages/pandas/core/series.py", line 1068, in _get_with
    return self.loc[key]
  File "/home/room/miniconda3/envs/pytorch1_11_cpu/lib/python3.10/site-packages/pandas/core/indexing.py", line 1103, in __getitem__
    return self._getitem_axis(maybe_callable, axis=axis)
  File "/home/room/miniconda3/envs/pytorch1_11_cpu/lib/python3.10/site-packages/pandas/core/indexing.py", line 1332, in _getitem_axis
    return self._getitem_iterable(key, axis=axis)
  File "/home/room/miniconda3/envs/pytorch1_11_cpu/lib/python3.10/site-packages/pandas/core/indexing.py", line 1272, in _getitem_iterable
    keyarr, indexer = self._get_listlike_indexer(key, axis)
  File "/home/room/miniconda3/envs/pytorch1_11_cpu/lib/python3.10/site-packages/pandas/core/indexing.py", line 1462, in _get_listlike_indexer
    keyarr, indexer = ax._get_indexer_strict(key, axis_name)
  File "/home/room/miniconda3/envs/pytorch1_11_cpu/lib/python3.10/site-packages/pandas/core/indexes/base.py", line 5876, in _get_indexer_strict
    self._raise_if_missing(keyarr, indexer, axis_name)
  File "/home/room/miniconda3/envs/pytorch1_11_cpu/lib/python3.10/site-packages/pandas/core/indexes/base.py", line 5938, in _raise_if_missing
    raise KeyError(f"{not_found} not in index")
KeyError: '[191, 311] not in index'
2023-07-27 08:46:18.698 Uncaught app exception
Traceback (most recent call last):
  File "/home/room/miniconda3/envs/pytorch1_11_cpu/lib/python3.10/site-packages/streamlit/runtime/scriptrunner/script_runner.py", line 565, in _run_script
    exec(code, module.__dict__)
  File "/home/room/streamlit/denoise/denoise.py", line 387, in <module>
    run()
  File "/home/room/streamlit/denoise/denoise.py", line 326, in run
    peak_analysis_args = peak_analysis_module(demo_spec)
  File "/home/room/streamlit/denoise/denoise.py", line 272, in peak_analysis_module
    peak_x, peak_y, peaks, fit_results, start_points, end_points = find_and_fit_peaks(spec_df, height_threshold, edge_threshold, peak_width, peak_distance)
  File "/home/room/streamlit/denoise/denoise.py", line 75, in find_and_fit_peaks
    peak_x = spec_df['wavenumber'][peaks]
  File "/home/room/miniconda3/envs/pytorch1_11_cpu/lib/python3.10/site-packages/pandas/core/series.py", line 1033, in __getitem__
    return self._get_with(key)
  File "/home/room/miniconda3/envs/pytorch1_11_cpu/lib/python3.10/site-packages/pandas/core/series.py", line 1068, in _get_with
    return self.loc[key]
  File "/home/room/miniconda3/envs/pytorch1_11_cpu/lib/python3.10/site-packages/pandas/core/indexing.py", line 1103, in __getitem__
    return self._getitem_axis(maybe_callable, axis=axis)
  File "/home/room/miniconda3/envs/pytorch1_11_cpu/lib/python3.10/site-packages/pandas/core/indexing.py", line 1332, in _getitem_axis
    return self._getitem_iterable(key, axis=axis)
  File "/home/room/miniconda3/envs/pytorch1_11_cpu/lib/python3.10/site-packages/pandas/core/indexing.py", line 1272, in _getitem_iterable
    keyarr, indexer = self._get_listlike_indexer(key, axis)
  File "/home/room/miniconda3/envs/pytorch1_11_cpu/lib/python3.10/site-packages/pandas/core/indexing.py", line 1462, in _get_listlike_indexer
    keyarr, indexer = ax._get_indexer_strict(key, axis_name)
  File "/home/room/miniconda3/envs/pytorch1_11_cpu/lib/python3.10/site-packages/pandas/core/indexes/base.py", line 5876, in _get_indexer_strict
    self._raise_if_missing(keyarr, indexer, axis_name)
  File "/home/room/miniconda3/envs/pytorch1_11_cpu/lib/python3.10/site-packages/pandas/core/indexes/base.py", line 5938, in _raise_if_missing
    raise KeyError(f"{not_found} not in index")
KeyError: '[311] not in index'
2023-07-27 08:46:24.644 Uncaught app exception
Traceback (most recent call last):
  File "/home/room/miniconda3/envs/pytorch1_11_cpu/lib/python3.10/site-packages/streamlit/runtime/scriptrunner/script_runner.py", line 565, in _run_script
    exec(code, module.__dict__)
  File "/home/room/streamlit/denoise/denoise.py", line 387, in <module>
    run()
  File "/home/room/streamlit/denoise/denoise.py", line 326, in run
    peak_analysis_args = peak_analysis_module(demo_spec)
  File "/home/room/streamlit/denoise/denoise.py", line 272, in peak_analysis_module
    peak_x, peak_y, peaks, fit_results, start_points, end_points = find_and_fit_peaks(spec_df, height_threshold, edge_threshold, peak_width, peak_distance)
  File "/home/room/streamlit/denoise/denoise.py", line 75, in find_and_fit_peaks
    peak_x = spec_df['wavenumber'][peaks]
  File "/home/room/miniconda3/envs/pytorch1_11_cpu/lib/python3.10/site-packages/pandas/core/series.py", line 1033, in __getitem__
    return self._get_with(key)
  File "/home/room/miniconda3/envs/pytorch1_11_cpu/lib/python3.10/site-packages/pandas/core/series.py", line 1068, in _get_with
    return self.loc[key]
  File "/home/room/miniconda3/envs/pytorch1_11_cpu/lib/python3.10/site-packages/pandas/core/indexing.py", line 1103, in __getitem__
    return self._getitem_axis(maybe_callable, axis=axis)
  File "/home/room/miniconda3/envs/pytorch1_11_cpu/lib/python3.10/site-packages/pandas/core/indexing.py", line 1332, in _getitem_axis
    return self._getitem_iterable(key, axis=axis)
  File "/home/room/miniconda3/envs/pytorch1_11_cpu/lib/python3.10/site-packages/pandas/core/indexing.py", line 1272, in _getitem_iterable
    keyarr, indexer = self._get_listlike_indexer(key, axis)
  File "/home/room/miniconda3/envs/pytorch1_11_cpu/lib/python3.10/site-packages/pandas/core/indexing.py", line 1462, in _get_listlike_indexer
    keyarr, indexer = ax._get_indexer_strict(key, axis_name)
  File "/home/room/miniconda3/envs/pytorch1_11_cpu/lib/python3.10/site-packages/pandas/core/indexes/base.py", line 5876, in _get_indexer_strict
    self._raise_if_missing(keyarr, indexer, axis_name)
  File "/home/room/miniconda3/envs/pytorch1_11_cpu/lib/python3.10/site-packages/pandas/core/indexes/base.py", line 5938, in _raise_if_missing
    raise KeyError(f"{not_found} not in index")
KeyError: '[191, 311] not in index'
2023-07-27 08:46:26.301 Uncaught app exception
Traceback (most recent call last):
  File "/home/room/miniconda3/envs/pytorch1_11_cpu/lib/python3.10/site-packages/streamlit/runtime/scriptrunner/script_runner.py", line 565, in _run_script
    exec(code, module.__dict__)
  File "/home/room/streamlit/denoise/denoise.py", line 387, in <module>
    run()
  File "/home/room/streamlit/denoise/denoise.py", line 326, in run
    peak_analysis_args = peak_analysis_module(demo_spec)
  File "/home/room/streamlit/denoise/denoise.py", line 272, in peak_analysis_module
    peak_x, peak_y, peaks, fit_results, start_points, end_points = find_and_fit_peaks(spec_df, height_threshold, edge_threshold, peak_width, peak_distance)
  File "/home/room/streamlit/denoise/denoise.py", line 75, in find_and_fit_peaks
    peak_x = spec_df['wavenumber'][peaks]
  File "/home/room/miniconda3/envs/pytorch1_11_cpu/lib/python3.10/site-packages/pandas/core/series.py", line 1033, in __getitem__
    return self._get_with(key)
  File "/home/room/miniconda3/envs/pytorch1_11_cpu/lib/python3.10/site-packages/pandas/core/series.py", line 1068, in _get_with
    return self.loc[key]
  File "/home/room/miniconda3/envs/pytorch1_11_cpu/lib/python3.10/site-packages/pandas/core/indexing.py", line 1103, in __getitem__
    return self._getitem_axis(maybe_callable, axis=axis)
  File "/home/room/miniconda3/envs/pytorch1_11_cpu/lib/python3.10/site-packages/pandas/core/indexing.py", line 1332, in _getitem_axis
    return self._getitem_iterable(key, axis=axis)
  File "/home/room/miniconda3/envs/pytorch1_11_cpu/lib/python3.10/site-packages/pandas/core/indexing.py", line 1272, in _getitem_iterable
    keyarr, indexer = self._get_listlike_indexer(key, axis)
  File "/home/room/miniconda3/envs/pytorch1_11_cpu/lib/python3.10/site-packages/pandas/core/indexing.py", line 1462, in _get_listlike_indexer
    keyarr, indexer = ax._get_indexer_strict(key, axis_name)
  File "/home/room/miniconda3/envs/pytorch1_11_cpu/lib/python3.10/site-packages/pandas/core/indexes/base.py", line 5876, in _get_indexer_strict
    self._raise_if_missing(keyarr, indexer, axis_name)
  File "/home/room/miniconda3/envs/pytorch1_11_cpu/lib/python3.10/site-packages/pandas/core/indexes/base.py", line 5938, in _raise_if_missing
    raise KeyError(f"{not_found} not in index")
KeyError: '[191, 311] not in index'
2023-07-27 08:55:16.913 Uncaught app exception
Traceback (most recent call last):
  File "/home/room/miniconda3/envs/pytorch1_11_cpu/lib/python3.10/site-packages/streamlit/runtime/scriptrunner/script_runner.py", line 565, in _run_script
    exec(code, module.__dict__)
  File "/home/room/streamlit/denoise/denoise.py", line 387, in <module>
    run()
  File "/home/room/streamlit/denoise/denoise.py", line 312, in run
    raw_specs, filenames = upload_module(upload_file, save_path=save_path)
  File "/home/room/streamlit/denoise/denoise.py", line 140, in upload_module
    spec = load_data(file, save_path)
  File "/home/room/streamlit/denoise/denoise.py", line 61, in load_data
    spec.columns = ['wavenumber', 'raw_intensity']
  File "/home/room/miniconda3/envs/pytorch1_11_cpu/lib/python3.10/site-packages/pandas/core/generic.py", line 6002, in __setattr__
    return object.__setattr__(self, name, value)
  File "pandas/_libs/properties.pyx", line 69, in pandas._libs.properties.AxisProperty.__set__
  File "/home/room/miniconda3/envs/pytorch1_11_cpu/lib/python3.10/site-packages/pandas/core/generic.py", line 730, in _set_axis
    self._mgr.set_axis(axis, labels)
  File "/home/room/miniconda3/envs/pytorch1_11_cpu/lib/python3.10/site-packages/pandas/core/internals/managers.py", line 225, in set_axis
    self._validate_set_axis(axis, new_labels)
  File "/home/room/miniconda3/envs/pytorch1_11_cpu/lib/python3.10/site-packages/pandas/core/internals/base.py", line 70, in _validate_set_axis
    raise ValueError(
ValueError: Length mismatch: Expected axis has 3 elements, new values have 2 elements
2023-07-27 09:00:50.525 Uncaught app exception
Traceback (most recent call last):
  File "/home/room/miniconda3/envs/pytorch1_11_cpu/lib/python3.10/site-packages/streamlit/runtime/scriptrunner/script_runner.py", line 565, in _run_script
    exec(code, module.__dict__)
  File "/home/room/streamlit/denoise/denoise.py", line 387, in <module>
    run()
  File "/home/room/streamlit/denoise/denoise.py", line 326, in run
    peak_analysis_args = peak_analysis_module(demo_spec)
  File "/home/room/streamlit/denoise/denoise.py", line 272, in peak_analysis_module
    peak_x, peak_y, peaks, fit_results, start_points, end_points = find_and_fit_peaks(spec_df, height_threshold, edge_threshold, peak_width, peak_distance)
  File "/home/room/streamlit/denoise/denoise.py", line 75, in find_and_fit_peaks
    peak_x = spec_df['wavenumber'][peaks]
  File "/home/room/miniconda3/envs/pytorch1_11_cpu/lib/python3.10/site-packages/pandas/core/series.py", line 1033, in __getitem__
    return self._get_with(key)
  File "/home/room/miniconda3/envs/pytorch1_11_cpu/lib/python3.10/site-packages/pandas/core/series.py", line 1068, in _get_with
    return self.loc[key]
  File "/home/room/miniconda3/envs/pytorch1_11_cpu/lib/python3.10/site-packages/pandas/core/indexing.py", line 1103, in __getitem__
    return self._getitem_axis(maybe_callable, axis=axis)
  File "/home/room/miniconda3/envs/pytorch1_11_cpu/lib/python3.10/site-packages/pandas/core/indexing.py", line 1332, in _getitem_axis
    return self._getitem_iterable(key, axis=axis)
  File "/home/room/miniconda3/envs/pytorch1_11_cpu/lib/python3.10/site-packages/pandas/core/indexing.py", line 1272, in _getitem_iterable
    keyarr, indexer = self._get_listlike_indexer(key, axis)
  File "/home/room/miniconda3/envs/pytorch1_11_cpu/lib/python3.10/site-packages/pandas/core/indexing.py", line 1462, in _get_listlike_indexer
    keyarr, indexer = ax._get_indexer_strict(key, axis_name)
  File "/home/room/miniconda3/envs/pytorch1_11_cpu/lib/python3.10/site-packages/pandas/core/indexes/base.py", line 5876, in _get_indexer_strict
    self._raise_if_missing(keyarr, indexer, axis_name)
  File "/home/room/miniconda3/envs/pytorch1_11_cpu/lib/python3.10/site-packages/pandas/core/indexes/base.py", line 5938, in _raise_if_missing
    raise KeyError(f"{not_found} not in index")
KeyError: '[100] not in index'
2023-07-27 09:00:55.197 Uncaught app exception
Traceback (most recent call last):
  File "/home/room/miniconda3/envs/pytorch1_11_cpu/lib/python3.10/site-packages/streamlit/runtime/scriptrunner/script_runner.py", line 565, in _run_script
    exec(code, module.__dict__)
  File "/home/room/streamlit/denoise/denoise.py", line 387, in <module>
    run()
  File "/home/room/streamlit/denoise/denoise.py", line 326, in run
    peak_analysis_args = peak_analysis_module(demo_spec)
  File "/home/room/streamlit/denoise/denoise.py", line 272, in peak_analysis_module
    peak_x, peak_y, peaks, fit_results, start_points, end_points = find_and_fit_peaks(spec_df, height_threshold, edge_threshold, peak_width, peak_distance)
  File "/home/room/streamlit/denoise/denoise.py", line 75, in find_and_fit_peaks
    peak_x = spec_df['wavenumber'][peaks]
  File "/home/room/miniconda3/envs/pytorch1_11_cpu/lib/python3.10/site-packages/pandas/core/series.py", line 1033, in __getitem__
    return self._get_with(key)
  File "/home/room/miniconda3/envs/pytorch1_11_cpu/lib/python3.10/site-packages/pandas/core/series.py", line 1068, in _get_with
    return self.loc[key]
  File "/home/room/miniconda3/envs/pytorch1_11_cpu/lib/python3.10/site-packages/pandas/core/indexing.py", line 1103, in __getitem__
    return self._getitem_axis(maybe_callable, axis=axis)
  File "/home/room/miniconda3/envs/pytorch1_11_cpu/lib/python3.10/site-packages/pandas/core/indexing.py", line 1332, in _getitem_axis
    return self._getitem_iterable(key, axis=axis)
  File "/home/room/miniconda3/envs/pytorch1_11_cpu/lib/python3.10/site-packages/pandas/core/indexing.py", line 1272, in _getitem_iterable
    keyarr, indexer = self._get_listlike_indexer(key, axis)
  File "/home/room/miniconda3/envs/pytorch1_11_cpu/lib/python3.10/site-packages/pandas/core/indexing.py", line 1462, in _get_listlike_indexer
    keyarr, indexer = ax._get_indexer_strict(key, axis_name)
  File "/home/room/miniconda3/envs/pytorch1_11_cpu/lib/python3.10/site-packages/pandas/core/indexes/base.py", line 5876, in _get_indexer_strict
    self._raise_if_missing(keyarr, indexer, axis_name)
  File "/home/room/miniconda3/envs/pytorch1_11_cpu/lib/python3.10/site-packages/pandas/core/indexes/base.py", line 5938, in _raise_if_missing
    raise KeyError(f"{not_found} not in index")
KeyError: '[100] not in index'
2023-07-27 09:01:08.369 Uncaught app exception
Traceback (most recent call last):
  File "/home/room/miniconda3/envs/pytorch1_11_cpu/lib/python3.10/site-packages/streamlit/runtime/scriptrunner/script_runner.py", line 565, in _run_script
    exec(code, module.__dict__)
  File "/home/room/streamlit/denoise/denoise.py", line 387, in <module>
    run()
  File "/home/room/streamlit/denoise/denoise.py", line 326, in run
    peak_analysis_args = peak_analysis_module(demo_spec)
  File "/home/room/streamlit/denoise/denoise.py", line 272, in peak_analysis_module
    peak_x, peak_y, peaks, fit_results, start_points, end_points = find_and_fit_peaks(spec_df, height_threshold, edge_threshold, peak_width, peak_distance)
  File "/home/room/streamlit/denoise/denoise.py", line 75, in find_and_fit_peaks
    peak_x = spec_df['wavenumber'][peaks]
  File "/home/room/miniconda3/envs/pytorch1_11_cpu/lib/python3.10/site-packages/pandas/core/series.py", line 1033, in __getitem__
    return self._get_with(key)
  File "/home/room/miniconda3/envs/pytorch1_11_cpu/lib/python3.10/site-packages/pandas/core/series.py", line 1068, in _get_with
    return self.loc[key]
  File "/home/room/miniconda3/envs/pytorch1_11_cpu/lib/python3.10/site-packages/pandas/core/indexing.py", line 1103, in __getitem__
    return self._getitem_axis(maybe_callable, axis=axis)
  File "/home/room/miniconda3/envs/pytorch1_11_cpu/lib/python3.10/site-packages/pandas/core/indexing.py", line 1332, in _getitem_axis
    return self._getitem_iterable(key, axis=axis)
  File "/home/room/miniconda3/envs/pytorch1_11_cpu/lib/python3.10/site-packages/pandas/core/indexing.py", line 1272, in _getitem_iterable
    keyarr, indexer = self._get_listlike_indexer(key, axis)
  File "/home/room/miniconda3/envs/pytorch1_11_cpu/lib/python3.10/site-packages/pandas/core/indexing.py", line 1462, in _get_listlike_indexer
    keyarr, indexer = ax._get_indexer_strict(key, axis_name)
  File "/home/room/miniconda3/envs/pytorch1_11_cpu/lib/python3.10/site-packages/pandas/core/indexes/base.py", line 5876, in _get_indexer_strict
    self._raise_if_missing(keyarr, indexer, axis_name)
  File "/home/room/miniconda3/envs/pytorch1_11_cpu/lib/python3.10/site-packages/pandas/core/indexes/base.py", line 5938, in _raise_if_missing
    raise KeyError(f"{not_found} not in index")
KeyError: '[100] not in index'
2023-07-27 09:01:10.535 Uncaught app exception
Traceback (most recent call last):
  File "/home/room/miniconda3/envs/pytorch1_11_cpu/lib/python3.10/site-packages/streamlit/runtime/scriptrunner/script_runner.py", line 565, in _run_script
    exec(code, module.__dict__)
  File "/home/room/streamlit/denoise/denoise.py", line 387, in <module>
    run()
  File "/home/room/streamlit/denoise/denoise.py", line 326, in run
    peak_analysis_args = peak_analysis_module(demo_spec)
  File "/home/room/streamlit/denoise/denoise.py", line 272, in peak_analysis_module
    peak_x, peak_y, peaks, fit_results, start_points, end_points = find_and_fit_peaks(spec_df, height_threshold, edge_threshold, peak_width, peak_distance)
  File "/home/room/streamlit/denoise/denoise.py", line 75, in find_and_fit_peaks
    peak_x = spec_df['wavenumber'][peaks]
  File "/home/room/miniconda3/envs/pytorch1_11_cpu/lib/python3.10/site-packages/pandas/core/series.py", line 1033, in __getitem__
    return self._get_with(key)
  File "/home/room/miniconda3/envs/pytorch1_11_cpu/lib/python3.10/site-packages/pandas/core/series.py", line 1068, in _get_with
    return self.loc[key]
  File "/home/room/miniconda3/envs/pytorch1_11_cpu/lib/python3.10/site-packages/pandas/core/indexing.py", line 1103, in __getitem__
    return self._getitem_axis(maybe_callable, axis=axis)
  File "/home/room/miniconda3/envs/pytorch1_11_cpu/lib/python3.10/site-packages/pandas/core/indexing.py", line 1332, in _getitem_axis
    return self._getitem_iterable(key, axis=axis)
  File "/home/room/miniconda3/envs/pytorch1_11_cpu/lib/python3.10/site-packages/pandas/core/indexing.py", line 1272, in _getitem_iterable
    keyarr, indexer = self._get_listlike_indexer(key, axis)
  File "/home/room/miniconda3/envs/pytorch1_11_cpu/lib/python3.10/site-packages/pandas/core/indexing.py", line 1462, in _get_listlike_indexer
    keyarr, indexer = ax._get_indexer_strict(key, axis_name)
  File "/home/room/miniconda3/envs/pytorch1_11_cpu/lib/python3.10/site-packages/pandas/core/indexes/base.py", line 5876, in _get_indexer_strict
    self._raise_if_missing(keyarr, indexer, axis_name)
  File "/home/room/miniconda3/envs/pytorch1_11_cpu/lib/python3.10/site-packages/pandas/core/indexes/base.py", line 5938, in _raise_if_missing
    raise KeyError(f"{not_found} not in index")
KeyError: '[100] not in index'
2023-07-27 09:05:39.066 Uncaught app exception
Traceback (most recent call last):
  File "/home/room/miniconda3/envs/pytorch1_11_cpu/lib/python3.10/site-packages/streamlit/runtime/scriptrunner/script_runner.py", line 565, in _run_script
    exec(code, module.__dict__)
  File "/home/room/streamlit/denoise/denoise.py", line 387, in <module>
    run()
  File "/home/room/streamlit/denoise/denoise.py", line 326, in run
    peak_analysis_args = peak_analysis_module(demo_spec)
  File "/home/room/streamlit/denoise/denoise.py", line 272, in peak_analysis_module
    peak_x, peak_y, peaks, fit_results, start_points, end_points = find_and_fit_peaks(spec_df, height_threshold, edge_threshold, peak_width, peak_distance)
  File "/home/room/streamlit/denoise/denoise.py", line 75, in find_and_fit_peaks
    peak_x = spec_df['wavenumber'][peaks]
  File "/home/room/miniconda3/envs/pytorch1_11_cpu/lib/python3.10/site-packages/pandas/core/series.py", line 1033, in __getitem__
    return self._get_with(key)
  File "/home/room/miniconda3/envs/pytorch1_11_cpu/lib/python3.10/site-packages/pandas/core/series.py", line 1068, in _get_with
    return self.loc[key]
  File "/home/room/miniconda3/envs/pytorch1_11_cpu/lib/python3.10/site-packages/pandas/core/indexing.py", line 1103, in __getitem__
    return self._getitem_axis(maybe_callable, axis=axis)
  File "/home/room/miniconda3/envs/pytorch1_11_cpu/lib/python3.10/site-packages/pandas/core/indexing.py", line 1332, in _getitem_axis
    return self._getitem_iterable(key, axis=axis)
  File "/home/room/miniconda3/envs/pytorch1_11_cpu/lib/python3.10/site-packages/pandas/core/indexing.py", line 1272, in _getitem_iterable
    keyarr, indexer = self._get_listlike_indexer(key, axis)
  File "/home/room/miniconda3/envs/pytorch1_11_cpu/lib/python3.10/site-packages/pandas/core/indexing.py", line 1462, in _get_listlike_indexer
    keyarr, indexer = ax._get_indexer_strict(key, axis_name)
  File "/home/room/miniconda3/envs/pytorch1_11_cpu/lib/python3.10/site-packages/pandas/core/indexes/base.py", line 5876, in _get_indexer_strict
    self._raise_if_missing(keyarr, indexer, axis_name)
  File "/home/room/miniconda3/envs/pytorch1_11_cpu/lib/python3.10/site-packages/pandas/core/indexes/base.py", line 5935, in _raise_if_missing
    raise KeyError(f"None of [{key}] are in the [{axis_name}]")
KeyError: "None of [Index([211], dtype='int64')] are in the [index]"
2023-07-27 09:06:03.978 Uncaught app exception
Traceback (most recent call last):
  File "/home/room/miniconda3/envs/pytorch1_11_cpu/lib/python3.10/site-packages/streamlit/runtime/scriptrunner/script_runner.py", line 565, in _run_script
    exec(code, module.__dict__)
  File "/home/room/streamlit/denoise/denoise.py", line 387, in <module>
    run()
  File "/home/room/streamlit/denoise/denoise.py", line 326, in run
    peak_analysis_args = peak_analysis_module(demo_spec)
  File "/home/room/streamlit/denoise/denoise.py", line 272, in peak_analysis_module
    peak_x, peak_y, peaks, fit_results, start_points, end_points = find_and_fit_peaks(spec_df, height_threshold, edge_threshold, peak_width, peak_distance)
  File "/home/room/streamlit/denoise/denoise.py", line 75, in find_and_fit_peaks
    peak_x = spec_df['wavenumber'][peaks]
  File "/home/room/miniconda3/envs/pytorch1_11_cpu/lib/python3.10/site-packages/pandas/core/series.py", line 1033, in __getitem__
    return self._get_with(key)
  File "/home/room/miniconda3/envs/pytorch1_11_cpu/lib/python3.10/site-packages/pandas/core/series.py", line 1068, in _get_with
    return self.loc[key]
  File "/home/room/miniconda3/envs/pytorch1_11_cpu/lib/python3.10/site-packages/pandas/core/indexing.py", line 1103, in __getitem__
    return self._getitem_axis(maybe_callable, axis=axis)
  File "/home/room/miniconda3/envs/pytorch1_11_cpu/lib/python3.10/site-packages/pandas/core/indexing.py", line 1332, in _getitem_axis
    return self._getitem_iterable(key, axis=axis)
  File "/home/room/miniconda3/envs/pytorch1_11_cpu/lib/python3.10/site-packages/pandas/core/indexing.py", line 1272, in _getitem_iterable
    keyarr, indexer = self._get_listlike_indexer(key, axis)
  File "/home/room/miniconda3/envs/pytorch1_11_cpu/lib/python3.10/site-packages/pandas/core/indexing.py", line 1462, in _get_listlike_indexer
    keyarr, indexer = ax._get_indexer_strict(key, axis_name)
  File "/home/room/miniconda3/envs/pytorch1_11_cpu/lib/python3.10/site-packages/pandas/core/indexes/base.py", line 5876, in _get_indexer_strict
    self._raise_if_missing(keyarr, indexer, axis_name)
  File "/home/room/miniconda3/envs/pytorch1_11_cpu/lib/python3.10/site-packages/pandas/core/indexes/base.py", line 5938, in _raise_if_missing
    raise KeyError(f"{not_found} not in index")
KeyError: '[100] not in index'
2023-07-27 09:06:12.189 Uncaught app exception
Traceback (most recent call last):
  File "/home/room/miniconda3/envs/pytorch1_11_cpu/lib/python3.10/site-packages/streamlit/runtime/scriptrunner/script_runner.py", line 565, in _run_script
    exec(code, module.__dict__)
  File "/home/room/streamlit/denoise/denoise.py", line 387, in <module>
    run()
  File "/home/room/streamlit/denoise/denoise.py", line 326, in run
    peak_analysis_args = peak_analysis_module(demo_spec)
  File "/home/room/streamlit/denoise/denoise.py", line 272, in peak_analysis_module
    peak_x, peak_y, peaks, fit_results, start_points, end_points = find_and_fit_peaks(spec_df, height_threshold, edge_threshold, peak_width, peak_distance)
  File "/home/room/streamlit/denoise/denoise.py", line 75, in find_and_fit_peaks
    peak_x = spec_df['wavenumber'][peaks]
  File "/home/room/miniconda3/envs/pytorch1_11_cpu/lib/python3.10/site-packages/pandas/core/series.py", line 1033, in __getitem__
    return self._get_with(key)
  File "/home/room/miniconda3/envs/pytorch1_11_cpu/lib/python3.10/site-packages/pandas/core/series.py", line 1068, in _get_with
    return self.loc[key]
  File "/home/room/miniconda3/envs/pytorch1_11_cpu/lib/python3.10/site-packages/pandas/core/indexing.py", line 1103, in __getitem__
    return self._getitem_axis(maybe_callable, axis=axis)
  File "/home/room/miniconda3/envs/pytorch1_11_cpu/lib/python3.10/site-packages/pandas/core/indexing.py", line 1332, in _getitem_axis
    return self._getitem_iterable(key, axis=axis)
  File "/home/room/miniconda3/envs/pytorch1_11_cpu/lib/python3.10/site-packages/pandas/core/indexing.py", line 1272, in _getitem_iterable
    keyarr, indexer = self._get_listlike_indexer(key, axis)
  File "/home/room/miniconda3/envs/pytorch1_11_cpu/lib/python3.10/site-packages/pandas/core/indexing.py", line 1462, in _get_listlike_indexer
    keyarr, indexer = ax._get_indexer_strict(key, axis_name)
  File "/home/room/miniconda3/envs/pytorch1_11_cpu/lib/python3.10/site-packages/pandas/core/indexes/base.py", line 5876, in _get_indexer_strict
    self._raise_if_missing(keyarr, indexer, axis_name)
  File "/home/room/miniconda3/envs/pytorch1_11_cpu/lib/python3.10/site-packages/pandas/core/indexes/base.py", line 5938, in _raise_if_missing
    raise KeyError(f"{not_found} not in index")
KeyError: '[100] not in index'
2023-07-27 09:08:37.985 Uncaught app exception
Traceback (most recent call last):
  File "/home/room/miniconda3/envs/pytorch1_11_cpu/lib/python3.10/site-packages/streamlit/runtime/scriptrunner/script_runner.py", line 565, in _run_script
    exec(code, module.__dict__)
  File "/home/room/streamlit/denoise/denoise.py", line 387, in <module>
    run()
  File "/home/room/streamlit/denoise/denoise.py", line 326, in run
    peak_analysis_args = peak_analysis_module(demo_spec)
  File "/home/room/streamlit/denoise/denoise.py", line 272, in peak_analysis_module
    peak_x, peak_y, peaks, fit_results, start_points, end_points = find_and_fit_peaks(spec_df, height_threshold, edge_threshold, peak_width, peak_distance)
  File "/home/room/streamlit/denoise/denoise.py", line 75, in find_and_fit_peaks
    peak_x = spec_df['wavenumber'][peaks]
  File "/home/room/miniconda3/envs/pytorch1_11_cpu/lib/python3.10/site-packages/pandas/core/series.py", line 1033, in __getitem__
    return self._get_with(key)
  File "/home/room/miniconda3/envs/pytorch1_11_cpu/lib/python3.10/site-packages/pandas/core/series.py", line 1068, in _get_with
    return self.loc[key]
  File "/home/room/miniconda3/envs/pytorch1_11_cpu/lib/python3.10/site-packages/pandas/core/indexing.py", line 1103, in __getitem__
    return self._getitem_axis(maybe_callable, axis=axis)
  File "/home/room/miniconda3/envs/pytorch1_11_cpu/lib/python3.10/site-packages/pandas/core/indexing.py", line 1332, in _getitem_axis
    return self._getitem_iterable(key, axis=axis)
  File "/home/room/miniconda3/envs/pytorch1_11_cpu/lib/python3.10/site-packages/pandas/core/indexing.py", line 1272, in _getitem_iterable
    keyarr, indexer = self._get_listlike_indexer(key, axis)
  File "/home/room/miniconda3/envs/pytorch1_11_cpu/lib/python3.10/site-packages/pandas/core/indexing.py", line 1462, in _get_listlike_indexer
    keyarr, indexer = ax._get_indexer_strict(key, axis_name)
  File "/home/room/miniconda3/envs/pytorch1_11_cpu/lib/python3.10/site-packages/pandas/core/indexes/base.py", line 5876, in _get_indexer_strict
    self._raise_if_missing(keyarr, indexer, axis_name)
  File "/home/room/miniconda3/envs/pytorch1_11_cpu/lib/python3.10/site-packages/pandas/core/indexes/base.py", line 5938, in _raise_if_missing
    raise KeyError(f"{not_found} not in index")
KeyError: '[100] not in index'
2023-07-27 09:08:39.643 Uncaught app exception
Traceback (most recent call last):
  File "/home/room/miniconda3/envs/pytorch1_11_cpu/lib/python3.10/site-packages/streamlit/runtime/scriptrunner/script_runner.py", line 565, in _run_script
    exec(code, module.__dict__)
  File "/home/room/streamlit/denoise/denoise.py", line 387, in <module>
    run()
  File "/home/room/streamlit/denoise/denoise.py", line 326, in run
    peak_analysis_args = peak_analysis_module(demo_spec)
  File "/home/room/streamlit/denoise/denoise.py", line 272, in peak_analysis_module
    peak_x, peak_y, peaks, fit_results, start_points, end_points = find_and_fit_peaks(spec_df, height_threshold, edge_threshold, peak_width, peak_distance)
  File "/home/room/streamlit/denoise/denoise.py", line 75, in find_and_fit_peaks
    peak_x = spec_df['wavenumber'][peaks]
  File "/home/room/miniconda3/envs/pytorch1_11_cpu/lib/python3.10/site-packages/pandas/core/series.py", line 1033, in __getitem__
    return self._get_with(key)
  File "/home/room/miniconda3/envs/pytorch1_11_cpu/lib/python3.10/site-packages/pandas/core/series.py", line 1068, in _get_with
    return self.loc[key]
  File "/home/room/miniconda3/envs/pytorch1_11_cpu/lib/python3.10/site-packages/pandas/core/indexing.py", line 1103, in __getitem__
    return self._getitem_axis(maybe_callable, axis=axis)
  File "/home/room/miniconda3/envs/pytorch1_11_cpu/lib/python3.10/site-packages/pandas/core/indexing.py", line 1332, in _getitem_axis
    return self._getitem_iterable(key, axis=axis)
  File "/home/room/miniconda3/envs/pytorch1_11_cpu/lib/python3.10/site-packages/pandas/core/indexing.py", line 1272, in _getitem_iterable
    keyarr, indexer = self._get_listlike_indexer(key, axis)
  File "/home/room/miniconda3/envs/pytorch1_11_cpu/lib/python3.10/site-packages/pandas/core/indexing.py", line 1462, in _get_listlike_indexer
    keyarr, indexer = ax._get_indexer_strict(key, axis_name)
  File "/home/room/miniconda3/envs/pytorch1_11_cpu/lib/python3.10/site-packages/pandas/core/indexes/base.py", line 5876, in _get_indexer_strict
    self._raise_if_missing(keyarr, indexer, axis_name)
  File "/home/room/miniconda3/envs/pytorch1_11_cpu/lib/python3.10/site-packages/pandas/core/indexes/base.py", line 5938, in _raise_if_missing
    raise KeyError(f"{not_found} not in index")
KeyError: '[100] not in index'
2023-07-27 09:08:54.257 Uncaught app exception
Traceback (most recent call last):
  File "/home/room/miniconda3/envs/pytorch1_11_cpu/lib/python3.10/site-packages/streamlit/runtime/scriptrunner/script_runner.py", line 565, in _run_script
    exec(code, module.__dict__)
  File "/home/room/streamlit/denoise/denoise.py", line 387, in <module>
    run()
  File "/home/room/streamlit/denoise/denoise.py", line 326, in run
    peak_analysis_args = peak_analysis_module(demo_spec)
  File "/home/room/streamlit/denoise/denoise.py", line 272, in peak_analysis_module
    peak_x, peak_y, peaks, fit_results, start_points, end_points = find_and_fit_peaks(spec_df, height_threshold, edge_threshold, peak_width, peak_distance)
  File "/home/room/streamlit/denoise/denoise.py", line 75, in find_and_fit_peaks
    peak_x = spec_df['wavenumber'][peaks]
  File "/home/room/miniconda3/envs/pytorch1_11_cpu/lib/python3.10/site-packages/pandas/core/series.py", line 1033, in __getitem__
    return self._get_with(key)
  File "/home/room/miniconda3/envs/pytorch1_11_cpu/lib/python3.10/site-packages/pandas/core/series.py", line 1068, in _get_with
    return self.loc[key]
  File "/home/room/miniconda3/envs/pytorch1_11_cpu/lib/python3.10/site-packages/pandas/core/indexing.py", line 1103, in __getitem__
    return self._getitem_axis(maybe_callable, axis=axis)
  File "/home/room/miniconda3/envs/pytorch1_11_cpu/lib/python3.10/site-packages/pandas/core/indexing.py", line 1332, in _getitem_axis
    return self._getitem_iterable(key, axis=axis)
  File "/home/room/miniconda3/envs/pytorch1_11_cpu/lib/python3.10/site-packages/pandas/core/indexing.py", line 1272, in _getitem_iterable
    keyarr, indexer = self._get_listlike_indexer(key, axis)
  File "/home/room/miniconda3/envs/pytorch1_11_cpu/lib/python3.10/site-packages/pandas/core/indexing.py", line 1462, in _get_listlike_indexer
    keyarr, indexer = ax._get_indexer_strict(key, axis_name)
  File "/home/room/miniconda3/envs/pytorch1_11_cpu/lib/python3.10/site-packages/pandas/core/indexes/base.py", line 5876, in _get_indexer_strict
    self._raise_if_missing(keyarr, indexer, axis_name)
  File "/home/room/miniconda3/envs/pytorch1_11_cpu/lib/python3.10/site-packages/pandas/core/indexes/base.py", line 5938, in _raise_if_missing
    raise KeyError(f"{not_found} not in index")
KeyError: '[100] not in index'
2023-07-27 09:46:38.451 Uncaught app exception
Traceback (most recent call last):
  File "/home/room/miniconda3/envs/pytorch1_11_cpu/lib/python3.10/site-packages/streamlit/runtime/scriptrunner/script_runner.py", line 565, in _run_script
    exec(code, module.__dict__)
  File "/home/room/streamlit/denoise/denoise.py", line 387, in <module>
    run()
  File "/home/room/streamlit/denoise/denoise.py", line 326, in run
    peak_analysis_args = peak_analysis_module(demo_spec)
  File "/home/room/streamlit/denoise/denoise.py", line 272, in peak_analysis_module
    peak_x, peak_y, peaks, fit_results, start_points, end_points = find_and_fit_peaks(spec_df, height_threshold, edge_threshold, peak_width, peak_distance)
  File "/home/room/streamlit/denoise/denoise.py", line 75, in find_and_fit_peaks
    peak_x = spec_df['wavenumber'][peaks]
  File "/home/room/miniconda3/envs/pytorch1_11_cpu/lib/python3.10/site-packages/pandas/core/series.py", line 1033, in __getitem__
    return self._get_with(key)
  File "/home/room/miniconda3/envs/pytorch1_11_cpu/lib/python3.10/site-packages/pandas/core/series.py", line 1068, in _get_with
    return self.loc[key]
  File "/home/room/miniconda3/envs/pytorch1_11_cpu/lib/python3.10/site-packages/pandas/core/indexing.py", line 1103, in __getitem__
    return self._getitem_axis(maybe_callable, axis=axis)
  File "/home/room/miniconda3/envs/pytorch1_11_cpu/lib/python3.10/site-packages/pandas/core/indexing.py", line 1332, in _getitem_axis
    return self._getitem_iterable(key, axis=axis)
  File "/home/room/miniconda3/envs/pytorch1_11_cpu/lib/python3.10/site-packages/pandas/core/indexing.py", line 1272, in _getitem_iterable
    keyarr, indexer = self._get_listlike_indexer(key, axis)
  File "/home/room/miniconda3/envs/pytorch1_11_cpu/lib/python3.10/site-packages/pandas/core/indexing.py", line 1462, in _get_listlike_indexer
    keyarr, indexer = ax._get_indexer_strict(key, axis_name)
  File "/home/room/miniconda3/envs/pytorch1_11_cpu/lib/python3.10/site-packages/pandas/core/indexes/base.py", line 5876, in _get_indexer_strict
    self._raise_if_missing(keyarr, indexer, axis_name)
  File "/home/room/miniconda3/envs/pytorch1_11_cpu/lib/python3.10/site-packages/pandas/core/indexes/base.py", line 5935, in _raise_if_missing
    raise KeyError(f"None of [{key}] are in the [{axis_name}]")
KeyError: "None of [Index([36, 203], dtype='int64')] are in the [index]"
2023-07-27 09:46:47.943 Uncaught app exception
Traceback (most recent call last):
  File "/home/room/miniconda3/envs/pytorch1_11_cpu/lib/python3.10/site-packages/streamlit/runtime/scriptrunner/script_runner.py", line 565, in _run_script
    exec(code, module.__dict__)
  File "/home/room/streamlit/denoise/denoise.py", line 387, in <module>
    run()
  File "/home/room/streamlit/denoise/denoise.py", line 326, in run
    peak_analysis_args = peak_analysis_module(demo_spec)
  File "/home/room/streamlit/denoise/denoise.py", line 272, in peak_analysis_module
    peak_x, peak_y, peaks, fit_results, start_points, end_points = find_and_fit_peaks(spec_df, height_threshold, edge_threshold, peak_width, peak_distance)
  File "/home/room/streamlit/denoise/denoise.py", line 75, in find_and_fit_peaks
    peak_x = spec_df['wavenumber'][peaks]
  File "/home/room/miniconda3/envs/pytorch1_11_cpu/lib/python3.10/site-packages/pandas/core/series.py", line 1033, in __getitem__
    return self._get_with(key)
  File "/home/room/miniconda3/envs/pytorch1_11_cpu/lib/python3.10/site-packages/pandas/core/series.py", line 1068, in _get_with
    return self.loc[key]
  File "/home/room/miniconda3/envs/pytorch1_11_cpu/lib/python3.10/site-packages/pandas/core/indexing.py", line 1103, in __getitem__
    return self._getitem_axis(maybe_callable, axis=axis)
  File "/home/room/miniconda3/envs/pytorch1_11_cpu/lib/python3.10/site-packages/pandas/core/indexing.py", line 1332, in _getitem_axis
    return self._getitem_iterable(key, axis=axis)
  File "/home/room/miniconda3/envs/pytorch1_11_cpu/lib/python3.10/site-packages/pandas/core/indexing.py", line 1272, in _getitem_iterable
    keyarr, indexer = self._get_listlike_indexer(key, axis)
  File "/home/room/miniconda3/envs/pytorch1_11_cpu/lib/python3.10/site-packages/pandas/core/indexing.py", line 1462, in _get_listlike_indexer
    keyarr, indexer = ax._get_indexer_strict(key, axis_name)
  File "/home/room/miniconda3/envs/pytorch1_11_cpu/lib/python3.10/site-packages/pandas/core/indexes/base.py", line 5876, in _get_indexer_strict
    self._raise_if_missing(keyarr, indexer, axis_name)
  File "/home/room/miniconda3/envs/pytorch1_11_cpu/lib/python3.10/site-packages/pandas/core/indexes/base.py", line 5935, in _raise_if_missing
    raise KeyError(f"None of [{key}] are in the [{axis_name}]")
KeyError: "None of [Index([36, 203], dtype='int64')] are in the [index]"
WARING max iteration reached!
WARING max iteration reached!
WARING max iteration reached!
WARING max iteration reached!
WARING max iteration reached!
WARING max iteration reached!
WARING max iteration reached!
WARING max iteration reached!
WARING max iteration reached!
WARING max iteration reached!
WARING max iteration reached!
WARING max iteration reached!
WARING max iteration reached!
WARING max iteration reached!
WARING max iteration reached!
WARING max iteration reached!
WARING max iteration reached!
WARING max iteration reached!
WARING max iteration reached!
WARING max iteration reached!
WARING max iteration reached!
WARING max iteration reached!
WARING max iteration reached!
WARING max iteration reached!
WARING max iteration reached!
WARING max iteration reached!
WARING max iteration reached!
WARING max iteration reached!
WARING max iteration reached!
WARING max iteration reached!
WARING max iteration reached!
WARING max iteration reached!
WARING max iteration reached!
WARING max iteration reached!
WARING max iteration reached!
WARING max iteration reached!
WARING max iteration reached!
WARING max iteration reached!
WARING max iteration reached!
WARING max iteration reached!
WARING max iteration reached!
WARING max iteration reached!
WARING max iteration reached!
WARING max iteration reached!
WARING max iteration reached!
  Stopping...
Usage: streamlit [OPTIONS] COMMAND [ARGS]...
Try 'streamlit --help' for help.

Error: No such command 't'.

  You can now view your Streamlit app in your browser.

  Local URL: http://localhost:8501
  Network URL: http://10.26.50.228:8501


  You can now view your Streamlit app in your browser.

  Network URL: http://10.26.50.228:8501
  External URL: http://117.28.251.137:8501

No artists with labels found to put in legend.  Note that artists whose label start with an underscore are ignored when legend() is called with no argument.
2023-08-02 15:34:20.527 Uncaught app exception
Traceback (most recent call last):
  File "/home/room/miniconda3/envs/pytorch1_11_cpu/lib/python3.10/site-packages/streamlit/runtime/scriptrunner/script_runner.py", line 552, in _run_script
    exec(code, module.__dict__)
  File "/home/room/streamlit/denoise/denoise.py", line 391, in <module>
    run()
  File "/home/room/streamlit/denoise/denoise.py", line 316, in run
    raw_specs, filenames = upload_module(upload_file, save_path=save_path)
  File "/home/room/streamlit/denoise/denoise.py", line 143, in upload_module
    spec = load_data(file, save_path)
  File "/home/room/streamlit/denoise/denoise.py", line 64, in load_data
    spec.columns = ['wavenumber', 'raw_intensity']
  File "/home/room/miniconda3/envs/pytorch1_11_cpu/lib/python3.10/site-packages/pandas/core/generic.py", line 6002, in __setattr__
    return object.__setattr__(self, name, value)
  File "pandas/_libs/properties.pyx", line 69, in pandas._libs.properties.AxisProperty.__set__
  File "/home/room/miniconda3/envs/pytorch1_11_cpu/lib/python3.10/site-packages/pandas/core/generic.py", line 730, in _set_axis
    self._mgr.set_axis(axis, labels)
  File "/home/room/miniconda3/envs/pytorch1_11_cpu/lib/python3.10/site-packages/pandas/core/internals/managers.py", line 225, in set_axis
    self._validate_set_axis(axis, new_labels)
  File "/home/room/miniconda3/envs/pytorch1_11_cpu/lib/python3.10/site-packages/pandas/core/internals/base.py", line 70, in _validate_set_axis
    raise ValueError(
ValueError: Length mismatch: Expected axis has 10 elements, new values have 2 elements
2023-08-02 16:13:14.714 Uncaught app exception
Traceback (most recent call last):
  File "/home/room/miniconda3/envs/pytorch1_11_cpu/lib/python3.10/site-packages/streamlit/runtime/scriptrunner/script_runner.py", line 552, in _run_script
    exec(code, module.__dict__)
  File "/home/room/streamlit/denoise/denoise.py", line 391, in <module>
    run()
  File "/home/room/streamlit/denoise/denoise.py", line 316, in run
    raw_specs, filenames = upload_module(upload_file, save_path=save_path)
  File "/home/room/streamlit/denoise/denoise.py", line 143, in upload_module
    spec = load_data(file, save_path)
  File "/home/room/streamlit/denoise/denoise.py", line 64, in load_data
    spec.columns = ['wavenumber', 'raw_intensity']
  File "/home/room/miniconda3/envs/pytorch1_11_cpu/lib/python3.10/site-packages/pandas/core/generic.py", line 6002, in __setattr__
    return object.__setattr__(self, name, value)
  File "pandas/_libs/properties.pyx", line 69, in pandas._libs.properties.AxisProperty.__set__
  File "/home/room/miniconda3/envs/pytorch1_11_cpu/lib/python3.10/site-packages/pandas/core/generic.py", line 730, in _set_axis
    self._mgr.set_axis(axis, labels)
  File "/home/room/miniconda3/envs/pytorch1_11_cpu/lib/python3.10/site-packages/pandas/core/internals/managers.py", line 225, in set_axis
    self._validate_set_axis(axis, new_labels)
  File "/home/room/miniconda3/envs/pytorch1_11_cpu/lib/python3.10/site-packages/pandas/core/internals/base.py", line 70, in _validate_set_axis
    raise ValueError(
ValueError: Length mismatch: Expected axis has 123 elements, new values have 2 elements
No artists with labels found to put in legend.  Note that artists whose label start with an underscore are ignored when legend() is called with no argument.
2023-08-02 22:41:04.294 Uncaught app exception
Traceback (most recent call last):
  File "/home/room/miniconda3/envs/pytorch1_11_cpu/lib/python3.10/site-packages/streamlit/runtime/scriptrunner/script_runner.py", line 552, in _run_script
    exec(code, module.__dict__)
  File "/home/room/streamlit/denoise/denoise.py", line 391, in <module>
    run()
  File "/home/room/streamlit/denoise/denoise.py", line 330, in run
    peak_analysis_args = peak_analysis_module(demo_spec)
  File "/home/room/streamlit/denoise/denoise.py", line 275, in peak_analysis_module
    peak_x, peak_y, peaks, fit_results, start_points, end_points = find_and_fit_peaks(spec_df, height_threshold, edge_threshold, peak_width, peak_distance)
  File "/home/room/streamlit/denoise/denoise.py", line 121, in find_and_fit_peaks
    popt, _ = curve_fit(gaussian, x_peak, y_peak, p0=initial_guess)
  File "/home/room/miniconda3/envs/pytorch1_11_cpu/lib/python3.10/site-packages/scipy/optimize/_minpack_py.py", line 864, in curve_fit
    raise RuntimeError("Optimal parameters not found: " + errmsg)
RuntimeError: Optimal parameters not found: Number of calls to function has reached maxfev = 800.
2023-08-02 22:41:04.841 Uncaught app exception
Traceback (most recent call last):
  File "/home/room/miniconda3/envs/pytorch1_11_cpu/lib/python3.10/site-packages/streamlit/runtime/scriptrunner/script_runner.py", line 552, in _run_script
    exec(code, module.__dict__)
  File "/home/room/streamlit/denoise/denoise.py", line 391, in <module>
    run()
  File "/home/room/streamlit/denoise/denoise.py", line 330, in run
    peak_analysis_args = peak_analysis_module(demo_spec)
  File "/home/room/streamlit/denoise/denoise.py", line 275, in peak_analysis_module
    peak_x, peak_y, peaks, fit_results, start_points, end_points = find_and_fit_peaks(spec_df, height_threshold, edge_threshold, peak_width, peak_distance)
  File "/home/room/streamlit/denoise/denoise.py", line 121, in find_and_fit_peaks
    popt, _ = curve_fit(gaussian, x_peak, y_peak, p0=initial_guess)
  File "/home/room/miniconda3/envs/pytorch1_11_cpu/lib/python3.10/site-packages/scipy/optimize/_minpack_py.py", line 864, in curve_fit
    raise RuntimeError("Optimal parameters not found: " + errmsg)
RuntimeError: Optimal parameters not found: Number of calls to function has reached maxfev = 800.
2023-08-02 22:51:15.527 Session with id c112b37a-25db-4a43-b3c1-677acf3840b0 is already connected! Connecting to a new session.
2023-08-03 02:14:35.456 Session with id 7e77690c-83c8-419a-910f-67b855e25089 is already connected! Connecting to a new session.
2023-08-03 02:23:47.718 Uncaught app exception
Traceback (most recent call last):
  File "/home/room/miniconda3/envs/pytorch1_11_cpu/lib/python3.10/site-packages/streamlit/runtime/scriptrunner/script_runner.py", line 552, in _run_script
    exec(code, module.__dict__)
  File "/home/room/streamlit/denoise/denoise.py", line 391, in <module>
    run()
  File "/home/room/streamlit/denoise/denoise.py", line 330, in run
    peak_analysis_args = peak_analysis_module(demo_spec)
  File "/home/room/streamlit/denoise/denoise.py", line 275, in peak_analysis_module
    peak_x, peak_y, peaks, fit_results, start_points, end_points = find_and_fit_peaks(spec_df, height_threshold, edge_threshold, peak_width, peak_distance)
  File "/home/room/streamlit/denoise/denoise.py", line 121, in find_and_fit_peaks
    popt, _ = curve_fit(gaussian, x_peak, y_peak, p0=initial_guess)
  File "/home/room/miniconda3/envs/pytorch1_11_cpu/lib/python3.10/site-packages/scipy/optimize/_minpack_py.py", line 857, in curve_fit
    raise TypeError(f"The number of func parameters={n} must not"
TypeError: The number of func parameters=3 must not exceed the number of data points=2
2023-08-03 02:25:07.989 Uncaught app exception
Traceback (most recent call last):
  File "/home/room/miniconda3/envs/pytorch1_11_cpu/lib/python3.10/site-packages/streamlit/runtime/scriptrunner/script_runner.py", line 552, in _run_script
    exec(code, module.__dict__)
  File "/home/room/streamlit/denoise/denoise.py", line 391, in <module>
    run()
  File "/home/room/streamlit/denoise/denoise.py", line 316, in run
    raw_specs, filenames = upload_module(upload_file, save_path=save_path)
  File "/home/room/streamlit/denoise/denoise.py", line 143, in upload_module
    spec = load_data(file, save_path)
  File "/home/room/streamlit/denoise/denoise.py", line 64, in load_data
    spec.columns = ['wavenumber', 'raw_intensity']
  File "/home/room/miniconda3/envs/pytorch1_11_cpu/lib/python3.10/site-packages/pandas/core/generic.py", line 6002, in __setattr__
    return object.__setattr__(self, name, value)
  File "pandas/_libs/properties.pyx", line 69, in pandas._libs.properties.AxisProperty.__set__
  File "/home/room/miniconda3/envs/pytorch1_11_cpu/lib/python3.10/site-packages/pandas/core/generic.py", line 730, in _set_axis
    self._mgr.set_axis(axis, labels)
  File "/home/room/miniconda3/envs/pytorch1_11_cpu/lib/python3.10/site-packages/pandas/core/internals/managers.py", line 225, in set_axis
    self._validate_set_axis(axis, new_labels)
  File "/home/room/miniconda3/envs/pytorch1_11_cpu/lib/python3.10/site-packages/pandas/core/internals/base.py", line 70, in _validate_set_axis
    raise ValueError(
ValueError: Length mismatch: Expected axis has 22 elements, new values have 2 elements
2023-08-03 02:28:18.542 Uncaught app exception
Traceback (most recent call last):
  File "/home/room/miniconda3/envs/pytorch1_11_cpu/lib/python3.10/site-packages/streamlit/runtime/scriptrunner/script_runner.py", line 552, in _run_script
    exec(code, module.__dict__)
  File "/home/room/streamlit/denoise/denoise.py", line 391, in <module>
    run()
  File "/home/room/streamlit/denoise/denoise.py", line 316, in run
    raw_specs, filenames = upload_module(upload_file, save_path=save_path)
  File "/home/room/streamlit/denoise/denoise.py", line 143, in upload_module
    spec = load_data(file, save_path)
  File "/home/room/streamlit/denoise/denoise.py", line 64, in load_data
    spec.columns = ['wavenumber', 'raw_intensity']
  File "/home/room/miniconda3/envs/pytorch1_11_cpu/lib/python3.10/site-packages/pandas/core/generic.py", line 6002, in __setattr__
    return object.__setattr__(self, name, value)
  File "pandas/_libs/properties.pyx", line 69, in pandas._libs.properties.AxisProperty.__set__
  File "/home/room/miniconda3/envs/pytorch1_11_cpu/lib/python3.10/site-packages/pandas/core/generic.py", line 730, in _set_axis
    self._mgr.set_axis(axis, labels)
  File "/home/room/miniconda3/envs/pytorch1_11_cpu/lib/python3.10/site-packages/pandas/core/internals/managers.py", line 225, in set_axis
    self._validate_set_axis(axis, new_labels)
  File "/home/room/miniconda3/envs/pytorch1_11_cpu/lib/python3.10/site-packages/pandas/core/internals/base.py", line 70, in _validate_set_axis
    raise ValueError(
ValueError: Length mismatch: Expected axis has 20 elements, new values have 2 elements
No artists with labels found to put in legend.  Note that artists whose label start with an underscore are ignored when legend() is called with no argument.
No artists with labels found to put in legend.  Note that artists whose label start with an underscore are ignored when legend() is called with no argument.
2023-08-12 15:36:59.944 Uncaught app exception
Traceback (most recent call last):
  File "/home/room/miniconda3/envs/pytorch1_11_cpu/lib/python3.10/site-packages/streamlit/runtime/scriptrunner/script_runner.py", line 552, in _run_script
    exec(code, module.__dict__)
  File "/home/room/streamlit/denoise/denoise.py", line 391, in <module>
    run()
  File "/home/room/streamlit/denoise/denoise.py", line 330, in run
    peak_analysis_args = peak_analysis_module(demo_spec)
  File "/home/room/streamlit/denoise/denoise.py", line 275, in peak_analysis_module
    peak_x, peak_y, peaks, fit_results, start_points, end_points = find_and_fit_peaks(spec_df, height_threshold, edge_threshold, peak_width, peak_distance)
  File "/home/room/streamlit/denoise/denoise.py", line 118, in find_and_fit_peaks
    initial_guess = [y_peak.max(), x_peak[np.argmax(y_peak)], 1.0]
  File "/home/room/miniconda3/envs/pytorch1_11_cpu/lib/python3.10/site-packages/numpy/core/_methods.py", line 41, in _amax
    return umr_maximum(a, axis, None, out, keepdims, initial, where)
ValueError: zero-size array to reduction operation maximum which has no identity
2023-08-12 15:37:10.575 Uncaught app exception
Traceback (most recent call last):
  File "/home/room/miniconda3/envs/pytorch1_11_cpu/lib/python3.10/site-packages/streamlit/runtime/scriptrunner/script_runner.py", line 552, in _run_script
    exec(code, module.__dict__)
  File "/home/room/streamlit/denoise/denoise.py", line 391, in <module>
    run()
  File "/home/room/streamlit/denoise/denoise.py", line 330, in run
    peak_analysis_args = peak_analysis_module(demo_spec)
  File "/home/room/streamlit/denoise/denoise.py", line 275, in peak_analysis_module
    peak_x, peak_y, peaks, fit_results, start_points, end_points = find_and_fit_peaks(spec_df, height_threshold, edge_threshold, peak_width, peak_distance)
  File "/home/room/streamlit/denoise/denoise.py", line 118, in find_and_fit_peaks
    initial_guess = [y_peak.max(), x_peak[np.argmax(y_peak)], 1.0]
  File "/home/room/miniconda3/envs/pytorch1_11_cpu/lib/python3.10/site-packages/numpy/core/_methods.py", line 41, in _amax
    return umr_maximum(a, axis, None, out, keepdims, initial, where)
ValueError: zero-size array to reduction operation maximum which has no identity
2023-08-12 15:38:37.557 Uncaught app exception
Traceback (most recent call last):
  File "/home/room/miniconda3/envs/pytorch1_11_cpu/lib/python3.10/site-packages/streamlit/runtime/scriptrunner/script_runner.py", line 552, in _run_script
    exec(code, module.__dict__)
  File "/home/room/streamlit/denoise/denoise.py", line 391, in <module>
    run()
  File "/home/room/streamlit/denoise/denoise.py", line 330, in run
    peak_analysis_args = peak_analysis_module(demo_spec)
  File "/home/room/streamlit/denoise/denoise.py", line 275, in peak_analysis_module
    peak_x, peak_y, peaks, fit_results, start_points, end_points = find_and_fit_peaks(spec_df, height_threshold, edge_threshold, peak_width, peak_distance)
  File "/home/room/streamlit/denoise/denoise.py", line 118, in find_and_fit_peaks
    initial_guess = [y_peak.max(), x_peak[np.argmax(y_peak)], 1.0]
  File "/home/room/miniconda3/envs/pytorch1_11_cpu/lib/python3.10/site-packages/numpy/core/_methods.py", line 41, in _amax
    return umr_maximum(a, axis, None, out, keepdims, initial, where)
ValueError: zero-size array to reduction operation maximum which has no identity
2023-08-12 15:38:39.707 Uncaught app exception
Traceback (most recent call last):
  File "/home/room/miniconda3/envs/pytorch1_11_cpu/lib/python3.10/site-packages/streamlit/runtime/scriptrunner/script_runner.py", line 552, in _run_script
    exec(code, module.__dict__)
  File "/home/room/streamlit/denoise/denoise.py", line 391, in <module>
    run()
  File "/home/room/streamlit/denoise/denoise.py", line 330, in run
    peak_analysis_args = peak_analysis_module(demo_spec)
  File "/home/room/streamlit/denoise/denoise.py", line 275, in peak_analysis_module
    peak_x, peak_y, peaks, fit_results, start_points, end_points = find_and_fit_peaks(spec_df, height_threshold, edge_threshold, peak_width, peak_distance)
  File "/home/room/streamlit/denoise/denoise.py", line 118, in find_and_fit_peaks
    initial_guess = [y_peak.max(), x_peak[np.argmax(y_peak)], 1.0]
  File "/home/room/miniconda3/envs/pytorch1_11_cpu/lib/python3.10/site-packages/numpy/core/_methods.py", line 41, in _amax
    return umr_maximum(a, axis, None, out, keepdims, initial, where)
ValueError: zero-size array to reduction operation maximum which has no identity
2023-08-12 15:38:58.060 Uncaught app exception
Traceback (most recent call last):
  File "/home/room/miniconda3/envs/pytorch1_11_cpu/lib/python3.10/site-packages/streamlit/runtime/scriptrunner/script_runner.py", line 552, in _run_script
    exec(code, module.__dict__)
  File "/home/room/streamlit/denoise/denoise.py", line 391, in <module>
    run()
  File "/home/room/streamlit/denoise/denoise.py", line 330, in run
    peak_analysis_args = peak_analysis_module(demo_spec)
  File "/home/room/streamlit/denoise/denoise.py", line 275, in peak_analysis_module
    peak_x, peak_y, peaks, fit_results, start_points, end_points = find_and_fit_peaks(spec_df, height_threshold, edge_threshold, peak_width, peak_distance)
  File "/home/room/streamlit/denoise/denoise.py", line 118, in find_and_fit_peaks
    initial_guess = [y_peak.max(), x_peak[np.argmax(y_peak)], 1.0]
  File "/home/room/miniconda3/envs/pytorch1_11_cpu/lib/python3.10/site-packages/numpy/core/_methods.py", line 41, in _amax
    return umr_maximum(a, axis, None, out, keepdims, initial, where)
ValueError: zero-size array to reduction operation maximum which has no identity
No artists with labels found to put in legend.  Note that artists whose label start with an underscore are ignored when legend() is called with no argument.
2023-08-14 09:31:59.848 Uncaught app exception
Traceback (most recent call last):
  File "/home/room/miniconda3/envs/pytorch1_11_cpu/lib/python3.10/site-packages/streamlit/runtime/scriptrunner/script_runner.py", line 552, in _run_script
    exec(code, module.__dict__)
  File "/home/room/streamlit/denoise/denoise.py", line 391, in <module>
    run()
  File "/home/room/streamlit/denoise/denoise.py", line 343, in run
    tmp_df = find_and_fit_peaks(res, *peak_analysis_args[1:], verbose=False)
  File "/home/room/streamlit/denoise/denoise.py", line 121, in find_and_fit_peaks
    popt, _ = curve_fit(gaussian, x_peak, y_peak, p0=initial_guess)
  File "/home/room/miniconda3/envs/pytorch1_11_cpu/lib/python3.10/site-packages/scipy/optimize/_minpack_py.py", line 864, in curve_fit
    raise RuntimeError("Optimal parameters not found: " + errmsg)
RuntimeError: Optimal parameters not found: Number of calls to function has reached maxfev = 800.
2023-08-14 09:32:44.063 Uncaught app exception
Traceback (most recent call last):
  File "/home/room/miniconda3/envs/pytorch1_11_cpu/lib/python3.10/site-packages/streamlit/runtime/scriptrunner/script_runner.py", line 552, in _run_script
    exec(code, module.__dict__)
  File "/home/room/streamlit/denoise/denoise.py", line 391, in <module>
    run()
  File "/home/room/streamlit/denoise/denoise.py", line 330, in run
    peak_analysis_args = peak_analysis_module(demo_spec)
  File "/home/room/streamlit/denoise/denoise.py", line 275, in peak_analysis_module
    peak_x, peak_y, peaks, fit_results, start_points, end_points = find_and_fit_peaks(spec_df, height_threshold, edge_threshold, peak_width, peak_distance)
  File "/home/room/streamlit/denoise/denoise.py", line 121, in find_and_fit_peaks
    popt, _ = curve_fit(gaussian, x_peak, y_peak, p0=initial_guess)
  File "/home/room/miniconda3/envs/pytorch1_11_cpu/lib/python3.10/site-packages/scipy/optimize/_minpack_py.py", line 857, in curve_fit
    raise TypeError(f"The number of func parameters={n} must not"
TypeError: The number of func parameters=3 must not exceed the number of data points=2
2023-08-14 11:07:33.302 Uncaught app exception
Traceback (most recent call last):
  File "/home/room/miniconda3/envs/pytorch1_11_cpu/lib/python3.10/site-packages/streamlit/runtime/scriptrunner/script_runner.py", line 552, in _run_script
    exec(code, module.__dict__)
  File "/home/room/streamlit/denoise/denoise.py", line 394, in <module>
    run()
  File "/home/room/streamlit/denoise/denoise.py", line 330, in run
    option = st.selectbox(
  File "/home/room/miniconda3/envs/pytorch1_11_cpu/lib/python3.10/site-packages/streamlit/runtime/metrics_util.py", line 356, in wrapped_func
    result = non_optional_func(*args, **kwargs)
  File "/home/room/miniconda3/envs/pytorch1_11_cpu/lib/python3.10/site-packages/streamlit/elements/selectbox.py", line 171, in selectbox
    return self._selectbox(
  File "/home/room/miniconda3/envs/pytorch1_11_cpu/lib/python3.10/site-packages/streamlit/elements/selectbox.py", line 233, in _selectbox
    widget_state = register_widget(
  File "/home/room/miniconda3/envs/pytorch1_11_cpu/lib/python3.10/site-packages/streamlit/runtime/state/widgets.py", line 164, in register_widget
    return register_widget_from_metadata(metadata, ctx, widget_func_name, element_type)
  File "/home/room/miniconda3/envs/pytorch1_11_cpu/lib/python3.10/site-packages/streamlit/runtime/state/widgets.py", line 209, in register_widget_from_metadata
    raise DuplicateWidgetID(
streamlit.errors.DuplicateWidgetID: There are multiple identical `st.selectbox` widgets with the
same generated key.

When a widget is created, it's assigned an internal key based on
its structure. Multiple widgets with an identical structure will
result in the same internal key, which causes this error.

To fix this error, please pass a unique `key` argument to
`st.selectbox`.
2023-08-14 11:17:46.016 Uncaught app exception
Traceback (most recent call last):
  File "/home/room/miniconda3/envs/pytorch1_11_cpu/lib/python3.10/site-packages/streamlit/runtime/scriptrunner/script_runner.py", line 552, in _run_script
    exec(code, module.__dict__)
  File "/home/room/streamlit/denoise/denoise.py", line 401, in <module>
    run()
  File "/home/room/streamlit/denoise/denoise.py", line 335, in run
    demo_spec, cut_args = cut_module(demo_spec)
  File "/home/room/streamlit/denoise/denoise.py", line 158, in cut_module
    values = st.slider('Select the range of wavenumber', min_value=MIN, max_value=MAX, value=(float(MIN), float(MAX)))
  File "/home/room/miniconda3/envs/pytorch1_11_cpu/lib/python3.10/site-packages/streamlit/runtime/metrics_util.py", line 356, in wrapped_func
    result = non_optional_func(*args, **kwargs)
  File "/home/room/miniconda3/envs/pytorch1_11_cpu/lib/python3.10/site-packages/streamlit/elements/slider.py", line 338, in slider
    return self._slider(
  File "/home/room/miniconda3/envs/pytorch1_11_cpu/lib/python3.10/site-packages/streamlit/elements/slider.py", line 626, in _slider
    widget_state = register_widget(
  File "/home/room/miniconda3/envs/pytorch1_11_cpu/lib/python3.10/site-packages/streamlit/runtime/state/widgets.py", line 164, in register_widget
    return register_widget_from_metadata(metadata, ctx, widget_func_name, element_type)
  File "/home/room/miniconda3/envs/pytorch1_11_cpu/lib/python3.10/site-packages/streamlit/runtime/state/widgets.py", line 209, in register_widget_from_metadata
    raise DuplicateWidgetID(
streamlit.errors.DuplicateWidgetID: There are multiple identical `st.slider` widgets with the
same generated key.

When a widget is created, it's assigned an internal key based on
its structure. Multiple widgets with an identical structure will
result in the same internal key, which causes this error.

To fix this error, please pass a unique `key` argument to
`st.slider`.
2023-08-14 11:28:38.923 Uncaught app exception
Traceback (most recent call last):
  File "/home/room/miniconda3/envs/pytorch1_11_cpu/lib/python3.10/site-packages/streamlit/runtime/scriptrunner/script_runner.py", line 552, in _run_script
    exec(code, module.__dict__)
  File "/home/room/streamlit/denoise/denoise.py", line 402, in <module>
    run()
  File "/home/room/streamlit/denoise/denoise.py", line 338, in run
    st.altair_chart(c, use_container_width=True)
  File "/home/room/miniconda3/envs/pytorch1_11_cpu/lib/python3.10/site-packages/streamlit/runtime/metrics_util.py", line 356, in wrapped_func
    result = non_optional_func(*args, **kwargs)
  File "/home/room/miniconda3/envs/pytorch1_11_cpu/lib/python3.10/site-packages/streamlit/elements/dataframe_selector.py", line 541, in altair_chart
    return self.dg._arrow_altair_chart(altair_chart, use_container_width, theme)
  File "/home/room/miniconda3/envs/pytorch1_11_cpu/lib/python3.10/site-packages/streamlit/runtime/metrics_util.py", line 356, in wrapped_func
    result = non_optional_func(*args, **kwargs)
  File "/home/room/miniconda3/envs/pytorch1_11_cpu/lib/python3.10/site-packages/streamlit/elements/arrow_altair.py", line 330, in _arrow_altair_chart
    marshall(
  File "/home/room/miniconda3/envs/pytorch1_11_cpu/lib/python3.10/site-packages/streamlit/elements/arrow_altair.py", line 610, in marshall
    chart_dict = altair_chart.to_dict()
  File "/home/room/miniconda3/envs/pytorch1_11_cpu/lib/python3.10/site-packages/altair/vegalite/v4/api.py", line 384, in to_dict
    dct = super(TopLevelMixin, copy).to_dict(*args, **kwargs)
  File "/home/room/miniconda3/envs/pytorch1_11_cpu/lib/python3.10/site-packages/altair/utils/schemapi.py", line 346, in to_dict
    result = _todict(
  File "/home/room/miniconda3/envs/pytorch1_11_cpu/lib/python3.10/site-packages/altair/utils/schemapi.py", line 80, in _todict
    return {
  File "/home/room/miniconda3/envs/pytorch1_11_cpu/lib/python3.10/site-packages/altair/utils/schemapi.py", line 81, in <dictcomp>
    k: _todict(v, validate, context)
  File "/home/room/miniconda3/envs/pytorch1_11_cpu/lib/python3.10/site-packages/altair/utils/schemapi.py", line 76, in _todict
    return obj.to_dict(validate=validate, context=context)
  File "/home/room/miniconda3/envs/pytorch1_11_cpu/lib/python3.10/site-packages/altair/vegalite/v4/api.py", line 2020, in to_dict
    return super().to_dict(*args, **kwargs)
  File "/home/room/miniconda3/envs/pytorch1_11_cpu/lib/python3.10/site-packages/altair/vegalite/v4/api.py", line 384, in to_dict
    dct = super(TopLevelMixin, copy).to_dict(*args, **kwargs)
  File "/home/room/miniconda3/envs/pytorch1_11_cpu/lib/python3.10/site-packages/altair/utils/schemapi.py", line 346, in to_dict
    result = _todict(
  File "/home/room/miniconda3/envs/pytorch1_11_cpu/lib/python3.10/site-packages/altair/utils/schemapi.py", line 80, in _todict
    return {
  File "/home/room/miniconda3/envs/pytorch1_11_cpu/lib/python3.10/site-packages/altair/utils/schemapi.py", line 81, in <dictcomp>
    k: _todict(v, validate, context)
  File "/home/room/miniconda3/envs/pytorch1_11_cpu/lib/python3.10/site-packages/altair/utils/schemapi.py", line 76, in _todict
    return obj.to_dict(validate=validate, context=context)
  File "/home/room/miniconda3/envs/pytorch1_11_cpu/lib/python3.10/site-packages/altair/utils/schemapi.py", line 346, in to_dict
    result = _todict(
  File "/home/room/miniconda3/envs/pytorch1_11_cpu/lib/python3.10/site-packages/altair/utils/schemapi.py", line 80, in _todict
    return {
  File "/home/room/miniconda3/envs/pytorch1_11_cpu/lib/python3.10/site-packages/altair/utils/schemapi.py", line 81, in <dictcomp>
    k: _todict(v, validate, context)
  File "/home/room/miniconda3/envs/pytorch1_11_cpu/lib/python3.10/site-packages/altair/utils/schemapi.py", line 76, in _todict
    return obj.to_dict(validate=validate, context=context)
  File "/home/room/miniconda3/envs/pytorch1_11_cpu/lib/python3.10/site-packages/altair/vegalite/v4/schema/channels.py", line 40, in to_dict
    raise ValueError("{} encoding field is specified without a type; "
ValueError: layer encoding field is specified without a type; the type cannot be inferred because it does not match any column in the data.
2023-08-14 11:32:37.662 Uncaught app exception
Traceback (most recent call last):
  File "/home/room/miniconda3/envs/pytorch1_11_cpu/lib/python3.10/site-packages/streamlit/runtime/scriptrunner/script_runner.py", line 552, in _run_script
    exec(code, module.__dict__)
  File "/home/room/streamlit/denoise/denoise.py", line 407, in <module>
    run()
  File "/home/room/streamlit/denoise/denoise.py", line 343, in run
    st.altair_chart(c, use_container_width=True)
  File "/home/room/miniconda3/envs/pytorch1_11_cpu/lib/python3.10/site-packages/streamlit/runtime/metrics_util.py", line 356, in wrapped_func
    result = non_optional_func(*args, **kwargs)
  File "/home/room/miniconda3/envs/pytorch1_11_cpu/lib/python3.10/site-packages/streamlit/elements/dataframe_selector.py", line 541, in altair_chart
    return self.dg._arrow_altair_chart(altair_chart, use_container_width, theme)
  File "/home/room/miniconda3/envs/pytorch1_11_cpu/lib/python3.10/site-packages/streamlit/runtime/metrics_util.py", line 356, in wrapped_func
    result = non_optional_func(*args, **kwargs)
  File "/home/room/miniconda3/envs/pytorch1_11_cpu/lib/python3.10/site-packages/streamlit/elements/arrow_altair.py", line 330, in _arrow_altair_chart
    marshall(
  File "/home/room/miniconda3/envs/pytorch1_11_cpu/lib/python3.10/site-packages/streamlit/elements/arrow_altair.py", line 610, in marshall
    chart_dict = altair_chart.to_dict()
  File "/home/room/miniconda3/envs/pytorch1_11_cpu/lib/python3.10/site-packages/altair/vegalite/v4/api.py", line 2020, in to_dict
    return super().to_dict(*args, **kwargs)
  File "/home/room/miniconda3/envs/pytorch1_11_cpu/lib/python3.10/site-packages/altair/vegalite/v4/api.py", line 393, in to_dict
    dct = super(TopLevelMixin, copy).to_dict(*args, **kwargs)
  File "/home/room/miniconda3/envs/pytorch1_11_cpu/lib/python3.10/site-packages/altair/utils/schemapi.py", line 346, in to_dict
    result = _todict(
  File "/home/room/miniconda3/envs/pytorch1_11_cpu/lib/python3.10/site-packages/altair/utils/schemapi.py", line 80, in _todict
    return {
  File "/home/room/miniconda3/envs/pytorch1_11_cpu/lib/python3.10/site-packages/altair/utils/schemapi.py", line 81, in <dictcomp>
    k: _todict(v, validate, context)
  File "/home/room/miniconda3/envs/pytorch1_11_cpu/lib/python3.10/site-packages/altair/utils/schemapi.py", line 76, in _todict
    return obj.to_dict(validate=validate, context=context)
  File "/home/room/miniconda3/envs/pytorch1_11_cpu/lib/python3.10/site-packages/altair/utils/schemapi.py", line 360, in to_dict
    raise SchemaValidationError(self, err)
altair.utils.schemapi.SchemaValidationError: Invalid specification

        altair.vegalite.v4.schema.core.FacetedEncoding->y, validating 'anyOf'

        [{'field': 'raw_intensity', 'type': 'quantitative'}, {'field': 'processed', 'type': 'quantitative'}] is not valid under any of the given schemas
        
2023-08-14 11:38:16.082 Uncaught app exception
Traceback (most recent call last):
  File "/home/room/miniconda3/envs/pytorch1_11_cpu/lib/python3.10/site-packages/streamlit/runtime/scriptrunner/script_runner.py", line 552, in _run_script
    exec(code, module.__dict__)
  File "/home/room/streamlit/denoise/denoise.py", line 405, in <module>
    run()
  File "/home/room/streamlit/denoise/denoise.py", line 341, in run
    st.altair_chart(c, use_container_width=True)
  File "/home/room/miniconda3/envs/pytorch1_11_cpu/lib/python3.10/site-packages/streamlit/runtime/metrics_util.py", line 356, in wrapped_func
    result = non_optional_func(*args, **kwargs)
  File "/home/room/miniconda3/envs/pytorch1_11_cpu/lib/python3.10/site-packages/streamlit/elements/dataframe_selector.py", line 541, in altair_chart
    return self.dg._arrow_altair_chart(altair_chart, use_container_width, theme)
  File "/home/room/miniconda3/envs/pytorch1_11_cpu/lib/python3.10/site-packages/streamlit/runtime/metrics_util.py", line 356, in wrapped_func
    result = non_optional_func(*args, **kwargs)
  File "/home/room/miniconda3/envs/pytorch1_11_cpu/lib/python3.10/site-packages/streamlit/elements/arrow_altair.py", line 330, in _arrow_altair_chart
    marshall(
  File "/home/room/miniconda3/envs/pytorch1_11_cpu/lib/python3.10/site-packages/streamlit/elements/arrow_altair.py", line 610, in marshall
    chart_dict = altair_chart.to_dict()
  File "/home/room/miniconda3/envs/pytorch1_11_cpu/lib/python3.10/site-packages/altair/vegalite/v4/api.py", line 384, in to_dict
    dct = super(TopLevelMixin, copy).to_dict(*args, **kwargs)
  File "/home/room/miniconda3/envs/pytorch1_11_cpu/lib/python3.10/site-packages/altair/utils/schemapi.py", line 346, in to_dict
    result = _todict(
  File "/home/room/miniconda3/envs/pytorch1_11_cpu/lib/python3.10/site-packages/altair/utils/schemapi.py", line 80, in _todict
    return {
  File "/home/room/miniconda3/envs/pytorch1_11_cpu/lib/python3.10/site-packages/altair/utils/schemapi.py", line 81, in <dictcomp>
    k: _todict(v, validate, context)
  File "/home/room/miniconda3/envs/pytorch1_11_cpu/lib/python3.10/site-packages/altair/utils/schemapi.py", line 76, in _todict
    return obj.to_dict(validate=validate, context=context)
  File "/home/room/miniconda3/envs/pytorch1_11_cpu/lib/python3.10/site-packages/altair/vegalite/v4/api.py", line 2020, in to_dict
    return super().to_dict(*args, **kwargs)
  File "/home/room/miniconda3/envs/pytorch1_11_cpu/lib/python3.10/site-packages/altair/vegalite/v4/api.py", line 384, in to_dict
    dct = super(TopLevelMixin, copy).to_dict(*args, **kwargs)
  File "/home/room/miniconda3/envs/pytorch1_11_cpu/lib/python3.10/site-packages/altair/utils/schemapi.py", line 346, in to_dict
    result = _todict(
  File "/home/room/miniconda3/envs/pytorch1_11_cpu/lib/python3.10/site-packages/altair/utils/schemapi.py", line 80, in _todict
    return {
  File "/home/room/miniconda3/envs/pytorch1_11_cpu/lib/python3.10/site-packages/altair/utils/schemapi.py", line 81, in <dictcomp>
    k: _todict(v, validate, context)
  File "/home/room/miniconda3/envs/pytorch1_11_cpu/lib/python3.10/site-packages/altair/utils/schemapi.py", line 76, in _todict
    return obj.to_dict(validate=validate, context=context)
  File "/home/room/miniconda3/envs/pytorch1_11_cpu/lib/python3.10/site-packages/altair/utils/schemapi.py", line 346, in to_dict
    result = _todict(
  File "/home/room/miniconda3/envs/pytorch1_11_cpu/lib/python3.10/site-packages/altair/utils/schemapi.py", line 80, in _todict
    return {
  File "/home/room/miniconda3/envs/pytorch1_11_cpu/lib/python3.10/site-packages/altair/utils/schemapi.py", line 81, in <dictcomp>
    k: _todict(v, validate, context)
  File "/home/room/miniconda3/envs/pytorch1_11_cpu/lib/python3.10/site-packages/altair/utils/schemapi.py", line 76, in _todict
    return obj.to_dict(validate=validate, context=context)
  File "/home/room/miniconda3/envs/pytorch1_11_cpu/lib/python3.10/site-packages/altair/vegalite/v4/schema/channels.py", line 40, in to_dict
    raise ValueError("{} encoding field is specified without a type; "
ValueError: layer encoding field is specified without a type; the type cannot be inferred because it does not match any column in the data.
2023-08-14 11:38:16.723 Uncaught app exception
Traceback (most recent call last):
  File "/home/room/miniconda3/envs/pytorch1_11_cpu/lib/python3.10/site-packages/streamlit/runtime/scriptrunner/script_runner.py", line 552, in _run_script
    exec(code, module.__dict__)
  File "/home/room/streamlit/denoise/denoise.py", line 405, in <module>
    run()
  File "/home/room/streamlit/denoise/denoise.py", line 341, in run
    st.altair_chart(c, use_container_width=True)
  File "/home/room/miniconda3/envs/pytorch1_11_cpu/lib/python3.10/site-packages/streamlit/runtime/metrics_util.py", line 356, in wrapped_func
    result = non_optional_func(*args, **kwargs)
  File "/home/room/miniconda3/envs/pytorch1_11_cpu/lib/python3.10/site-packages/streamlit/elements/dataframe_selector.py", line 541, in altair_chart
    return self.dg._arrow_altair_chart(altair_chart, use_container_width, theme)
  File "/home/room/miniconda3/envs/pytorch1_11_cpu/lib/python3.10/site-packages/streamlit/runtime/metrics_util.py", line 356, in wrapped_func
    result = non_optional_func(*args, **kwargs)
  File "/home/room/miniconda3/envs/pytorch1_11_cpu/lib/python3.10/site-packages/streamlit/elements/arrow_altair.py", line 330, in _arrow_altair_chart
    marshall(
  File "/home/room/miniconda3/envs/pytorch1_11_cpu/lib/python3.10/site-packages/streamlit/elements/arrow_altair.py", line 610, in marshall
    chart_dict = altair_chart.to_dict()
  File "/home/room/miniconda3/envs/pytorch1_11_cpu/lib/python3.10/site-packages/altair/vegalite/v4/api.py", line 384, in to_dict
    dct = super(TopLevelMixin, copy).to_dict(*args, **kwargs)
  File "/home/room/miniconda3/envs/pytorch1_11_cpu/lib/python3.10/site-packages/altair/utils/schemapi.py", line 346, in to_dict
    result = _todict(
  File "/home/room/miniconda3/envs/pytorch1_11_cpu/lib/python3.10/site-packages/altair/utils/schemapi.py", line 80, in _todict
    return {
  File "/home/room/miniconda3/envs/pytorch1_11_cpu/lib/python3.10/site-packages/altair/utils/schemapi.py", line 81, in <dictcomp>
    k: _todict(v, validate, context)
  File "/home/room/miniconda3/envs/pytorch1_11_cpu/lib/python3.10/site-packages/altair/utils/schemapi.py", line 76, in _todict
    return obj.to_dict(validate=validate, context=context)
  File "/home/room/miniconda3/envs/pytorch1_11_cpu/lib/python3.10/site-packages/altair/vegalite/v4/api.py", line 2020, in to_dict
    return super().to_dict(*args, **kwargs)
  File "/home/room/miniconda3/envs/pytorch1_11_cpu/lib/python3.10/site-packages/altair/vegalite/v4/api.py", line 384, in to_dict
    dct = super(TopLevelMixin, copy).to_dict(*args, **kwargs)
  File "/home/room/miniconda3/envs/pytorch1_11_cpu/lib/python3.10/site-packages/altair/utils/schemapi.py", line 346, in to_dict
    result = _todict(
  File "/home/room/miniconda3/envs/pytorch1_11_cpu/lib/python3.10/site-packages/altair/utils/schemapi.py", line 80, in _todict
    return {
  File "/home/room/miniconda3/envs/pytorch1_11_cpu/lib/python3.10/site-packages/altair/utils/schemapi.py", line 81, in <dictcomp>
    k: _todict(v, validate, context)
  File "/home/room/miniconda3/envs/pytorch1_11_cpu/lib/python3.10/site-packages/altair/utils/schemapi.py", line 76, in _todict
    return obj.to_dict(validate=validate, context=context)
  File "/home/room/miniconda3/envs/pytorch1_11_cpu/lib/python3.10/site-packages/altair/utils/schemapi.py", line 346, in to_dict
    result = _todict(
  File "/home/room/miniconda3/envs/pytorch1_11_cpu/lib/python3.10/site-packages/altair/utils/schemapi.py", line 80, in _todict
    return {
  File "/home/room/miniconda3/envs/pytorch1_11_cpu/lib/python3.10/site-packages/altair/utils/schemapi.py", line 81, in <dictcomp>
    k: _todict(v, validate, context)
  File "/home/room/miniconda3/envs/pytorch1_11_cpu/lib/python3.10/site-packages/altair/utils/schemapi.py", line 76, in _todict
    return obj.to_dict(validate=validate, context=context)
  File "/home/room/miniconda3/envs/pytorch1_11_cpu/lib/python3.10/site-packages/altair/vegalite/v4/schema/channels.py", line 40, in to_dict
    raise ValueError("{} encoding field is specified without a type; "
ValueError: layer encoding field is specified without a type; the type cannot be inferred because it does not match any column in the data.
2023-08-14 11:38:19.632 Uncaught app exception
Traceback (most recent call last):
  File "/home/room/miniconda3/envs/pytorch1_11_cpu/lib/python3.10/site-packages/streamlit/runtime/scriptrunner/script_runner.py", line 552, in _run_script
    exec(code, module.__dict__)
  File "/home/room/streamlit/denoise/denoise.py", line 405, in <module>
    run()
  File "/home/room/streamlit/denoise/denoise.py", line 341, in run
    st.altair_chart(c, use_container_width=True)
  File "/home/room/miniconda3/envs/pytorch1_11_cpu/lib/python3.10/site-packages/streamlit/runtime/metrics_util.py", line 356, in wrapped_func
    result = non_optional_func(*args, **kwargs)
  File "/home/room/miniconda3/envs/pytorch1_11_cpu/lib/python3.10/site-packages/streamlit/elements/dataframe_selector.py", line 541, in altair_chart
    return self.dg._arrow_altair_chart(altair_chart, use_container_width, theme)
  File "/home/room/miniconda3/envs/pytorch1_11_cpu/lib/python3.10/site-packages/streamlit/runtime/metrics_util.py", line 356, in wrapped_func
    result = non_optional_func(*args, **kwargs)
  File "/home/room/miniconda3/envs/pytorch1_11_cpu/lib/python3.10/site-packages/streamlit/elements/arrow_altair.py", line 330, in _arrow_altair_chart
    marshall(
  File "/home/room/miniconda3/envs/pytorch1_11_cpu/lib/python3.10/site-packages/streamlit/elements/arrow_altair.py", line 610, in marshall
    chart_dict = altair_chart.to_dict()
  File "/home/room/miniconda3/envs/pytorch1_11_cpu/lib/python3.10/site-packages/altair/vegalite/v4/api.py", line 384, in to_dict
    dct = super(TopLevelMixin, copy).to_dict(*args, **kwargs)
  File "/home/room/miniconda3/envs/pytorch1_11_cpu/lib/python3.10/site-packages/altair/utils/schemapi.py", line 346, in to_dict
    result = _todict(
  File "/home/room/miniconda3/envs/pytorch1_11_cpu/lib/python3.10/site-packages/altair/utils/schemapi.py", line 80, in _todict
    return {
  File "/home/room/miniconda3/envs/pytorch1_11_cpu/lib/python3.10/site-packages/altair/utils/schemapi.py", line 81, in <dictcomp>
    k: _todict(v, validate, context)
  File "/home/room/miniconda3/envs/pytorch1_11_cpu/lib/python3.10/site-packages/altair/utils/schemapi.py", line 76, in _todict
    return obj.to_dict(validate=validate, context=context)
  File "/home/room/miniconda3/envs/pytorch1_11_cpu/lib/python3.10/site-packages/altair/vegalite/v4/api.py", line 2020, in to_dict
    return super().to_dict(*args, **kwargs)
  File "/home/room/miniconda3/envs/pytorch1_11_cpu/lib/python3.10/site-packages/altair/vegalite/v4/api.py", line 384, in to_dict
    dct = super(TopLevelMixin, copy).to_dict(*args, **kwargs)
  File "/home/room/miniconda3/envs/pytorch1_11_cpu/lib/python3.10/site-packages/altair/utils/schemapi.py", line 346, in to_dict
    result = _todict(
  File "/home/room/miniconda3/envs/pytorch1_11_cpu/lib/python3.10/site-packages/altair/utils/schemapi.py", line 80, in _todict
    return {
  File "/home/room/miniconda3/envs/pytorch1_11_cpu/lib/python3.10/site-packages/altair/utils/schemapi.py", line 81, in <dictcomp>
    k: _todict(v, validate, context)
  File "/home/room/miniconda3/envs/pytorch1_11_cpu/lib/python3.10/site-packages/altair/utils/schemapi.py", line 76, in _todict
    return obj.to_dict(validate=validate, context=context)
  File "/home/room/miniconda3/envs/pytorch1_11_cpu/lib/python3.10/site-packages/altair/utils/schemapi.py", line 346, in to_dict
    result = _todict(
  File "/home/room/miniconda3/envs/pytorch1_11_cpu/lib/python3.10/site-packages/altair/utils/schemapi.py", line 80, in _todict
    return {
  File "/home/room/miniconda3/envs/pytorch1_11_cpu/lib/python3.10/site-packages/altair/utils/schemapi.py", line 81, in <dictcomp>
    k: _todict(v, validate, context)
  File "/home/room/miniconda3/envs/pytorch1_11_cpu/lib/python3.10/site-packages/altair/utils/schemapi.py", line 76, in _todict
    return obj.to_dict(validate=validate, context=context)
  File "/home/room/miniconda3/envs/pytorch1_11_cpu/lib/python3.10/site-packages/altair/vegalite/v4/schema/channels.py", line 40, in to_dict
    raise ValueError("{} encoding field is specified without a type; "
ValueError: layer encoding field is specified without a type; the type cannot be inferred because it does not match any column in the data.
2023-08-14 11:38:21.651 Uncaught app exception
Traceback (most recent call last):
  File "/home/room/miniconda3/envs/pytorch1_11_cpu/lib/python3.10/site-packages/streamlit/runtime/scriptrunner/script_runner.py", line 552, in _run_script
    exec(code, module.__dict__)
  File "/home/room/streamlit/denoise/denoise.py", line 405, in <module>
    run()
  File "/home/room/streamlit/denoise/denoise.py", line 341, in run
    st.altair_chart(c, use_container_width=True)
  File "/home/room/miniconda3/envs/pytorch1_11_cpu/lib/python3.10/site-packages/streamlit/runtime/metrics_util.py", line 356, in wrapped_func
    result = non_optional_func(*args, **kwargs)
  File "/home/room/miniconda3/envs/pytorch1_11_cpu/lib/python3.10/site-packages/streamlit/elements/dataframe_selector.py", line 541, in altair_chart
    return self.dg._arrow_altair_chart(altair_chart, use_container_width, theme)
  File "/home/room/miniconda3/envs/pytorch1_11_cpu/lib/python3.10/site-packages/streamlit/runtime/metrics_util.py", line 356, in wrapped_func
    result = non_optional_func(*args, **kwargs)
  File "/home/room/miniconda3/envs/pytorch1_11_cpu/lib/python3.10/site-packages/streamlit/elements/arrow_altair.py", line 330, in _arrow_altair_chart
    marshall(
  File "/home/room/miniconda3/envs/pytorch1_11_cpu/lib/python3.10/site-packages/streamlit/elements/arrow_altair.py", line 610, in marshall
    chart_dict = altair_chart.to_dict()
  File "/home/room/miniconda3/envs/pytorch1_11_cpu/lib/python3.10/site-packages/altair/vegalite/v4/api.py", line 384, in to_dict
    dct = super(TopLevelMixin, copy).to_dict(*args, **kwargs)
  File "/home/room/miniconda3/envs/pytorch1_11_cpu/lib/python3.10/site-packages/altair/utils/schemapi.py", line 346, in to_dict
    result = _todict(
  File "/home/room/miniconda3/envs/pytorch1_11_cpu/lib/python3.10/site-packages/altair/utils/schemapi.py", line 80, in _todict
    return {
  File "/home/room/miniconda3/envs/pytorch1_11_cpu/lib/python3.10/site-packages/altair/utils/schemapi.py", line 81, in <dictcomp>
    k: _todict(v, validate, context)
  File "/home/room/miniconda3/envs/pytorch1_11_cpu/lib/python3.10/site-packages/altair/utils/schemapi.py", line 76, in _todict
    return obj.to_dict(validate=validate, context=context)
  File "/home/room/miniconda3/envs/pytorch1_11_cpu/lib/python3.10/site-packages/altair/vegalite/v4/api.py", line 2020, in to_dict
    return super().to_dict(*args, **kwargs)
  File "/home/room/miniconda3/envs/pytorch1_11_cpu/lib/python3.10/site-packages/altair/vegalite/v4/api.py", line 384, in to_dict
    dct = super(TopLevelMixin, copy).to_dict(*args, **kwargs)
  File "/home/room/miniconda3/envs/pytorch1_11_cpu/lib/python3.10/site-packages/altair/utils/schemapi.py", line 346, in to_dict
    result = _todict(
  File "/home/room/miniconda3/envs/pytorch1_11_cpu/lib/python3.10/site-packages/altair/utils/schemapi.py", line 80, in _todict
    return {
  File "/home/room/miniconda3/envs/pytorch1_11_cpu/lib/python3.10/site-packages/altair/utils/schemapi.py", line 81, in <dictcomp>
    k: _todict(v, validate, context)
  File "/home/room/miniconda3/envs/pytorch1_11_cpu/lib/python3.10/site-packages/altair/utils/schemapi.py", line 76, in _todict
    return obj.to_dict(validate=validate, context=context)
  File "/home/room/miniconda3/envs/pytorch1_11_cpu/lib/python3.10/site-packages/altair/utils/schemapi.py", line 346, in to_dict
    result = _todict(
  File "/home/room/miniconda3/envs/pytorch1_11_cpu/lib/python3.10/site-packages/altair/utils/schemapi.py", line 80, in _todict
    return {
  File "/home/room/miniconda3/envs/pytorch1_11_cpu/lib/python3.10/site-packages/altair/utils/schemapi.py", line 81, in <dictcomp>
    k: _todict(v, validate, context)
  File "/home/room/miniconda3/envs/pytorch1_11_cpu/lib/python3.10/site-packages/altair/utils/schemapi.py", line 76, in _todict
    return obj.to_dict(validate=validate, context=context)
  File "/home/room/miniconda3/envs/pytorch1_11_cpu/lib/python3.10/site-packages/altair/vegalite/v4/schema/channels.py", line 40, in to_dict
    raise ValueError("{} encoding field is specified without a type; "
ValueError: layer encoding field is specified without a type; the type cannot be inferred because it does not match any column in the data.
2023-08-14 11:38:23.765 Uncaught app exception
Traceback (most recent call last):
  File "/home/room/miniconda3/envs/pytorch1_11_cpu/lib/python3.10/site-packages/streamlit/runtime/scriptrunner/script_runner.py", line 552, in _run_script
    exec(code, module.__dict__)
  File "/home/room/streamlit/denoise/denoise.py", line 405, in <module>
    run()
  File "/home/room/streamlit/denoise/denoise.py", line 341, in run
    st.altair_chart(c, use_container_width=True)
  File "/home/room/miniconda3/envs/pytorch1_11_cpu/lib/python3.10/site-packages/streamlit/runtime/metrics_util.py", line 356, in wrapped_func
    result = non_optional_func(*args, **kwargs)
  File "/home/room/miniconda3/envs/pytorch1_11_cpu/lib/python3.10/site-packages/streamlit/elements/dataframe_selector.py", line 541, in altair_chart
    return self.dg._arrow_altair_chart(altair_chart, use_container_width, theme)
  File "/home/room/miniconda3/envs/pytorch1_11_cpu/lib/python3.10/site-packages/streamlit/runtime/metrics_util.py", line 356, in wrapped_func
    result = non_optional_func(*args, **kwargs)
  File "/home/room/miniconda3/envs/pytorch1_11_cpu/lib/python3.10/site-packages/streamlit/elements/arrow_altair.py", line 330, in _arrow_altair_chart
    marshall(
  File "/home/room/miniconda3/envs/pytorch1_11_cpu/lib/python3.10/site-packages/streamlit/elements/arrow_altair.py", line 610, in marshall
    chart_dict = altair_chart.to_dict()
  File "/home/room/miniconda3/envs/pytorch1_11_cpu/lib/python3.10/site-packages/altair/vegalite/v4/api.py", line 384, in to_dict
    dct = super(TopLevelMixin, copy).to_dict(*args, **kwargs)
  File "/home/room/miniconda3/envs/pytorch1_11_cpu/lib/python3.10/site-packages/altair/utils/schemapi.py", line 346, in to_dict
    result = _todict(
  File "/home/room/miniconda3/envs/pytorch1_11_cpu/lib/python3.10/site-packages/altair/utils/schemapi.py", line 80, in _todict
    return {
  File "/home/room/miniconda3/envs/pytorch1_11_cpu/lib/python3.10/site-packages/altair/utils/schemapi.py", line 81, in <dictcomp>
    k: _todict(v, validate, context)
  File "/home/room/miniconda3/envs/pytorch1_11_cpu/lib/python3.10/site-packages/altair/utils/schemapi.py", line 76, in _todict
    return obj.to_dict(validate=validate, context=context)
  File "/home/room/miniconda3/envs/pytorch1_11_cpu/lib/python3.10/site-packages/altair/vegalite/v4/api.py", line 2020, in to_dict
    return super().to_dict(*args, **kwargs)
  File "/home/room/miniconda3/envs/pytorch1_11_cpu/lib/python3.10/site-packages/altair/vegalite/v4/api.py", line 384, in to_dict
    dct = super(TopLevelMixin, copy).to_dict(*args, **kwargs)
  File "/home/room/miniconda3/envs/pytorch1_11_cpu/lib/python3.10/site-packages/altair/utils/schemapi.py", line 346, in to_dict
    result = _todict(
  File "/home/room/miniconda3/envs/pytorch1_11_cpu/lib/python3.10/site-packages/altair/utils/schemapi.py", line 80, in _todict
    return {
  File "/home/room/miniconda3/envs/pytorch1_11_cpu/lib/python3.10/site-packages/altair/utils/schemapi.py", line 81, in <dictcomp>
    k: _todict(v, validate, context)
  File "/home/room/miniconda3/envs/pytorch1_11_cpu/lib/python3.10/site-packages/altair/utils/schemapi.py", line 76, in _todict
    return obj.to_dict(validate=validate, context=context)
  File "/home/room/miniconda3/envs/pytorch1_11_cpu/lib/python3.10/site-packages/altair/utils/schemapi.py", line 346, in to_dict
    result = _todict(
  File "/home/room/miniconda3/envs/pytorch1_11_cpu/lib/python3.10/site-packages/altair/utils/schemapi.py", line 80, in _todict
    return {
  File "/home/room/miniconda3/envs/pytorch1_11_cpu/lib/python3.10/site-packages/altair/utils/schemapi.py", line 81, in <dictcomp>
    k: _todict(v, validate, context)
  File "/home/room/miniconda3/envs/pytorch1_11_cpu/lib/python3.10/site-packages/altair/utils/schemapi.py", line 76, in _todict
    return obj.to_dict(validate=validate, context=context)
  File "/home/room/miniconda3/envs/pytorch1_11_cpu/lib/python3.10/site-packages/altair/vegalite/v4/schema/channels.py", line 40, in to_dict
    raise ValueError("{} encoding field is specified without a type; "
ValueError: layer encoding field is specified without a type; the type cannot be inferred because it does not match any column in the data.
2023-08-14 11:39:56.629 Uncaught app exception
Traceback (most recent call last):
  File "/home/room/miniconda3/envs/pytorch1_11_cpu/lib/python3.10/site-packages/streamlit/runtime/scriptrunner/script_runner.py", line 552, in _run_script
    exec(code, module.__dict__)
  File "/home/room/streamlit/denoise/denoise.py", line 405, in <module>
    run()
  File "/home/room/streamlit/denoise/denoise.py", line 341, in run
    st.altair_chart(c, use_container_width=True)
  File "/home/room/miniconda3/envs/pytorch1_11_cpu/lib/python3.10/site-packages/streamlit/runtime/metrics_util.py", line 356, in wrapped_func
    result = non_optional_func(*args, **kwargs)
  File "/home/room/miniconda3/envs/pytorch1_11_cpu/lib/python3.10/site-packages/streamlit/elements/dataframe_selector.py", line 541, in altair_chart
    return self.dg._arrow_altair_chart(altair_chart, use_container_width, theme)
  File "/home/room/miniconda3/envs/pytorch1_11_cpu/lib/python3.10/site-packages/streamlit/runtime/metrics_util.py", line 356, in wrapped_func
    result = non_optional_func(*args, **kwargs)
  File "/home/room/miniconda3/envs/pytorch1_11_cpu/lib/python3.10/site-packages/streamlit/elements/arrow_altair.py", line 330, in _arrow_altair_chart
    marshall(
  File "/home/room/miniconda3/envs/pytorch1_11_cpu/lib/python3.10/site-packages/streamlit/elements/arrow_altair.py", line 610, in marshall
    chart_dict = altair_chart.to_dict()
  File "/home/room/miniconda3/envs/pytorch1_11_cpu/lib/python3.10/site-packages/altair/vegalite/v4/api.py", line 384, in to_dict
    dct = super(TopLevelMixin, copy).to_dict(*args, **kwargs)
  File "/home/room/miniconda3/envs/pytorch1_11_cpu/lib/python3.10/site-packages/altair/utils/schemapi.py", line 346, in to_dict
    result = _todict(
  File "/home/room/miniconda3/envs/pytorch1_11_cpu/lib/python3.10/site-packages/altair/utils/schemapi.py", line 80, in _todict
    return {
  File "/home/room/miniconda3/envs/pytorch1_11_cpu/lib/python3.10/site-packages/altair/utils/schemapi.py", line 81, in <dictcomp>
    k: _todict(v, validate, context)
  File "/home/room/miniconda3/envs/pytorch1_11_cpu/lib/python3.10/site-packages/altair/utils/schemapi.py", line 76, in _todict
    return obj.to_dict(validate=validate, context=context)
  File "/home/room/miniconda3/envs/pytorch1_11_cpu/lib/python3.10/site-packages/altair/vegalite/v4/api.py", line 2020, in to_dict
    return super().to_dict(*args, **kwargs)
  File "/home/room/miniconda3/envs/pytorch1_11_cpu/lib/python3.10/site-packages/altair/vegalite/v4/api.py", line 384, in to_dict
    dct = super(TopLevelMixin, copy).to_dict(*args, **kwargs)
  File "/home/room/miniconda3/envs/pytorch1_11_cpu/lib/python3.10/site-packages/altair/utils/schemapi.py", line 346, in to_dict
    result = _todict(
  File "/home/room/miniconda3/envs/pytorch1_11_cpu/lib/python3.10/site-packages/altair/utils/schemapi.py", line 80, in _todict
    return {
  File "/home/room/miniconda3/envs/pytorch1_11_cpu/lib/python3.10/site-packages/altair/utils/schemapi.py", line 81, in <dictcomp>
    k: _todict(v, validate, context)
  File "/home/room/miniconda3/envs/pytorch1_11_cpu/lib/python3.10/site-packages/altair/utils/schemapi.py", line 76, in _todict
    return obj.to_dict(validate=validate, context=context)
  File "/home/room/miniconda3/envs/pytorch1_11_cpu/lib/python3.10/site-packages/altair/utils/schemapi.py", line 346, in to_dict
    result = _todict(
  File "/home/room/miniconda3/envs/pytorch1_11_cpu/lib/python3.10/site-packages/altair/utils/schemapi.py", line 80, in _todict
    return {
  File "/home/room/miniconda3/envs/pytorch1_11_cpu/lib/python3.10/site-packages/altair/utils/schemapi.py", line 81, in <dictcomp>
    k: _todict(v, validate, context)
  File "/home/room/miniconda3/envs/pytorch1_11_cpu/lib/python3.10/site-packages/altair/utils/schemapi.py", line 76, in _todict
    return obj.to_dict(validate=validate, context=context)
  File "/home/room/miniconda3/envs/pytorch1_11_cpu/lib/python3.10/site-packages/altair/vegalite/v4/schema/channels.py", line 40, in to_dict
    raise ValueError("{} encoding field is specified without a type; "
ValueError: layer encoding field is specified without a type; the type cannot be inferred because it does not match any column in the data.
2023-08-14 11:40:16.951 Uncaught app exception
Traceback (most recent call last):
  File "/home/room/miniconda3/envs/pytorch1_11_cpu/lib/python3.10/site-packages/streamlit/runtime/scriptrunner/script_runner.py", line 552, in _run_script
    exec(code, module.__dict__)
  File "/home/room/streamlit/denoise/denoise.py", line 410, in <module>
    run()
  File "/home/room/streamlit/denoise/denoise.py", line 346, in run
    st.altair_chart(c, use_container_width=True)
  File "/home/room/miniconda3/envs/pytorch1_11_cpu/lib/python3.10/site-packages/streamlit/runtime/metrics_util.py", line 356, in wrapped_func
    result = non_optional_func(*args, **kwargs)
  File "/home/room/miniconda3/envs/pytorch1_11_cpu/lib/python3.10/site-packages/streamlit/elements/dataframe_selector.py", line 541, in altair_chart
    return self.dg._arrow_altair_chart(altair_chart, use_container_width, theme)
  File "/home/room/miniconda3/envs/pytorch1_11_cpu/lib/python3.10/site-packages/streamlit/runtime/metrics_util.py", line 356, in wrapped_func
    result = non_optional_func(*args, **kwargs)
  File "/home/room/miniconda3/envs/pytorch1_11_cpu/lib/python3.10/site-packages/streamlit/elements/arrow_altair.py", line 330, in _arrow_altair_chart
    marshall(
  File "/home/room/miniconda3/envs/pytorch1_11_cpu/lib/python3.10/site-packages/streamlit/elements/arrow_altair.py", line 610, in marshall
    chart_dict = altair_chart.to_dict()
  File "/home/room/miniconda3/envs/pytorch1_11_cpu/lib/python3.10/site-packages/altair/vegalite/v4/api.py", line 384, in to_dict
    dct = super(TopLevelMixin, copy).to_dict(*args, **kwargs)
  File "/home/room/miniconda3/envs/pytorch1_11_cpu/lib/python3.10/site-packages/altair/utils/schemapi.py", line 346, in to_dict
    result = _todict(
  File "/home/room/miniconda3/envs/pytorch1_11_cpu/lib/python3.10/site-packages/altair/utils/schemapi.py", line 80, in _todict
    return {
  File "/home/room/miniconda3/envs/pytorch1_11_cpu/lib/python3.10/site-packages/altair/utils/schemapi.py", line 81, in <dictcomp>
    k: _todict(v, validate, context)
  File "/home/room/miniconda3/envs/pytorch1_11_cpu/lib/python3.10/site-packages/altair/utils/schemapi.py", line 76, in _todict
    return obj.to_dict(validate=validate, context=context)
  File "/home/room/miniconda3/envs/pytorch1_11_cpu/lib/python3.10/site-packages/altair/vegalite/v4/api.py", line 2020, in to_dict
    return super().to_dict(*args, **kwargs)
  File "/home/room/miniconda3/envs/pytorch1_11_cpu/lib/python3.10/site-packages/altair/vegalite/v4/api.py", line 384, in to_dict
    dct = super(TopLevelMixin, copy).to_dict(*args, **kwargs)
  File "/home/room/miniconda3/envs/pytorch1_11_cpu/lib/python3.10/site-packages/altair/utils/schemapi.py", line 346, in to_dict
    result = _todict(
  File "/home/room/miniconda3/envs/pytorch1_11_cpu/lib/python3.10/site-packages/altair/utils/schemapi.py", line 80, in _todict
    return {
  File "/home/room/miniconda3/envs/pytorch1_11_cpu/lib/python3.10/site-packages/altair/utils/schemapi.py", line 81, in <dictcomp>
    k: _todict(v, validate, context)
  File "/home/room/miniconda3/envs/pytorch1_11_cpu/lib/python3.10/site-packages/altair/utils/schemapi.py", line 76, in _todict
    return obj.to_dict(validate=validate, context=context)
  File "/home/room/miniconda3/envs/pytorch1_11_cpu/lib/python3.10/site-packages/altair/utils/schemapi.py", line 346, in to_dict
    result = _todict(
  File "/home/room/miniconda3/envs/pytorch1_11_cpu/lib/python3.10/site-packages/altair/utils/schemapi.py", line 80, in _todict
    return {
  File "/home/room/miniconda3/envs/pytorch1_11_cpu/lib/python3.10/site-packages/altair/utils/schemapi.py", line 81, in <dictcomp>
    k: _todict(v, validate, context)
  File "/home/room/miniconda3/envs/pytorch1_11_cpu/lib/python3.10/site-packages/altair/utils/schemapi.py", line 76, in _todict
    return obj.to_dict(validate=validate, context=context)
  File "/home/room/miniconda3/envs/pytorch1_11_cpu/lib/python3.10/site-packages/altair/vegalite/v4/schema/channels.py", line 40, in to_dict
    raise ValueError("{} encoding field is specified without a type; "
ValueError: layer encoding field is specified without a type; the type cannot be inferred because it does not match any column in the data.
2023-08-14 11:40:42.359 Uncaught app exception
Traceback (most recent call last):
  File "/home/room/miniconda3/envs/pytorch1_11_cpu/lib/python3.10/site-packages/streamlit/runtime/scriptrunner/script_runner.py", line 552, in _run_script
    exec(code, module.__dict__)
  File "/home/room/streamlit/denoise/denoise.py", line 410, in <module>
    run()
  File "/home/room/streamlit/denoise/denoise.py", line 346, in run
    st.altair_chart(c, use_container_width=True)
  File "/home/room/miniconda3/envs/pytorch1_11_cpu/lib/python3.10/site-packages/streamlit/runtime/metrics_util.py", line 356, in wrapped_func
    result = non_optional_func(*args, **kwargs)
  File "/home/room/miniconda3/envs/pytorch1_11_cpu/lib/python3.10/site-packages/streamlit/elements/dataframe_selector.py", line 541, in altair_chart
    return self.dg._arrow_altair_chart(altair_chart, use_container_width, theme)
  File "/home/room/miniconda3/envs/pytorch1_11_cpu/lib/python3.10/site-packages/streamlit/runtime/metrics_util.py", line 356, in wrapped_func
    result = non_optional_func(*args, **kwargs)
  File "/home/room/miniconda3/envs/pytorch1_11_cpu/lib/python3.10/site-packages/streamlit/elements/arrow_altair.py", line 330, in _arrow_altair_chart
    marshall(
  File "/home/room/miniconda3/envs/pytorch1_11_cpu/lib/python3.10/site-packages/streamlit/elements/arrow_altair.py", line 610, in marshall
    chart_dict = altair_chart.to_dict()
  File "/home/room/miniconda3/envs/pytorch1_11_cpu/lib/python3.10/site-packages/altair/vegalite/v4/api.py", line 384, in to_dict
    dct = super(TopLevelMixin, copy).to_dict(*args, **kwargs)
  File "/home/room/miniconda3/envs/pytorch1_11_cpu/lib/python3.10/site-packages/altair/utils/schemapi.py", line 346, in to_dict
    result = _todict(
  File "/home/room/miniconda3/envs/pytorch1_11_cpu/lib/python3.10/site-packages/altair/utils/schemapi.py", line 80, in _todict
    return {
  File "/home/room/miniconda3/envs/pytorch1_11_cpu/lib/python3.10/site-packages/altair/utils/schemapi.py", line 81, in <dictcomp>
    k: _todict(v, validate, context)
  File "/home/room/miniconda3/envs/pytorch1_11_cpu/lib/python3.10/site-packages/altair/utils/schemapi.py", line 76, in _todict
    return obj.to_dict(validate=validate, context=context)
  File "/home/room/miniconda3/envs/pytorch1_11_cpu/lib/python3.10/site-packages/altair/vegalite/v4/api.py", line 2020, in to_dict
    return super().to_dict(*args, **kwargs)
  File "/home/room/miniconda3/envs/pytorch1_11_cpu/lib/python3.10/site-packages/altair/vegalite/v4/api.py", line 384, in to_dict
    dct = super(TopLevelMixin, copy).to_dict(*args, **kwargs)
  File "/home/room/miniconda3/envs/pytorch1_11_cpu/lib/python3.10/site-packages/altair/utils/schemapi.py", line 346, in to_dict
    result = _todict(
  File "/home/room/miniconda3/envs/pytorch1_11_cpu/lib/python3.10/site-packages/altair/utils/schemapi.py", line 80, in _todict
    return {
  File "/home/room/miniconda3/envs/pytorch1_11_cpu/lib/python3.10/site-packages/altair/utils/schemapi.py", line 81, in <dictcomp>
    k: _todict(v, validate, context)
  File "/home/room/miniconda3/envs/pytorch1_11_cpu/lib/python3.10/site-packages/altair/utils/schemapi.py", line 76, in _todict
    return obj.to_dict(validate=validate, context=context)
  File "/home/room/miniconda3/envs/pytorch1_11_cpu/lib/python3.10/site-packages/altair/utils/schemapi.py", line 346, in to_dict
    result = _todict(
  File "/home/room/miniconda3/envs/pytorch1_11_cpu/lib/python3.10/site-packages/altair/utils/schemapi.py", line 80, in _todict
    return {
  File "/home/room/miniconda3/envs/pytorch1_11_cpu/lib/python3.10/site-packages/altair/utils/schemapi.py", line 81, in <dictcomp>
    k: _todict(v, validate, context)
  File "/home/room/miniconda3/envs/pytorch1_11_cpu/lib/python3.10/site-packages/altair/utils/schemapi.py", line 76, in _todict
    return obj.to_dict(validate=validate, context=context)
  File "/home/room/miniconda3/envs/pytorch1_11_cpu/lib/python3.10/site-packages/altair/vegalite/v4/schema/channels.py", line 40, in to_dict
    raise ValueError("{} encoding field is specified without a type; "
ValueError: layer encoding field is specified without a type; the type cannot be inferred because it does not match any column in the data.
2023-08-14 11:41:17.897 Uncaught app exception
Traceback (most recent call last):
  File "/home/room/miniconda3/envs/pytorch1_11_cpu/lib/python3.10/site-packages/streamlit/runtime/scriptrunner/script_runner.py", line 552, in _run_script
    exec(code, module.__dict__)
  File "/home/room/streamlit/denoise/denoise.py", line 410, in <module>
    run()
  File "/home/room/streamlit/denoise/denoise.py", line 346, in run
    st.altair_chart(c, use_container_width=True)
  File "/home/room/miniconda3/envs/pytorch1_11_cpu/lib/python3.10/site-packages/streamlit/runtime/metrics_util.py", line 356, in wrapped_func
    result = non_optional_func(*args, **kwargs)
  File "/home/room/miniconda3/envs/pytorch1_11_cpu/lib/python3.10/site-packages/streamlit/elements/dataframe_selector.py", line 541, in altair_chart
    return self.dg._arrow_altair_chart(altair_chart, use_container_width, theme)
  File "/home/room/miniconda3/envs/pytorch1_11_cpu/lib/python3.10/site-packages/streamlit/runtime/metrics_util.py", line 356, in wrapped_func
    result = non_optional_func(*args, **kwargs)
  File "/home/room/miniconda3/envs/pytorch1_11_cpu/lib/python3.10/site-packages/streamlit/elements/arrow_altair.py", line 330, in _arrow_altair_chart
    marshall(
  File "/home/room/miniconda3/envs/pytorch1_11_cpu/lib/python3.10/site-packages/streamlit/elements/arrow_altair.py", line 610, in marshall
    chart_dict = altair_chart.to_dict()
  File "/home/room/miniconda3/envs/pytorch1_11_cpu/lib/python3.10/site-packages/altair/vegalite/v4/api.py", line 393, in to_dict
    dct = super(TopLevelMixin, copy).to_dict(*args, **kwargs)
  File "/home/room/miniconda3/envs/pytorch1_11_cpu/lib/python3.10/site-packages/altair/utils/schemapi.py", line 346, in to_dict
    result = _todict(
  File "/home/room/miniconda3/envs/pytorch1_11_cpu/lib/python3.10/site-packages/altair/utils/schemapi.py", line 80, in _todict
    return {
  File "/home/room/miniconda3/envs/pytorch1_11_cpu/lib/python3.10/site-packages/altair/utils/schemapi.py", line 81, in <dictcomp>
    k: _todict(v, validate, context)
  File "/home/room/miniconda3/envs/pytorch1_11_cpu/lib/python3.10/site-packages/altair/utils/schemapi.py", line 76, in _todict
    return obj.to_dict(validate=validate, context=context)
  File "/home/room/miniconda3/envs/pytorch1_11_cpu/lib/python3.10/site-packages/altair/vegalite/v4/api.py", line 2020, in to_dict
    return super().to_dict(*args, **kwargs)
  File "/home/room/miniconda3/envs/pytorch1_11_cpu/lib/python3.10/site-packages/altair/vegalite/v4/api.py", line 393, in to_dict
    dct = super(TopLevelMixin, copy).to_dict(*args, **kwargs)
  File "/home/room/miniconda3/envs/pytorch1_11_cpu/lib/python3.10/site-packages/altair/utils/schemapi.py", line 346, in to_dict
    result = _todict(
  File "/home/room/miniconda3/envs/pytorch1_11_cpu/lib/python3.10/site-packages/altair/utils/schemapi.py", line 80, in _todict
    return {
  File "/home/room/miniconda3/envs/pytorch1_11_cpu/lib/python3.10/site-packages/altair/utils/schemapi.py", line 81, in <dictcomp>
    k: _todict(v, validate, context)
  File "/home/room/miniconda3/envs/pytorch1_11_cpu/lib/python3.10/site-packages/altair/utils/schemapi.py", line 76, in _todict
    return obj.to_dict(validate=validate, context=context)
  File "/home/room/miniconda3/envs/pytorch1_11_cpu/lib/python3.10/site-packages/altair/utils/schemapi.py", line 346, in to_dict
    result = _todict(
  File "/home/room/miniconda3/envs/pytorch1_11_cpu/lib/python3.10/site-packages/altair/utils/schemapi.py", line 80, in _todict
    return {
  File "/home/room/miniconda3/envs/pytorch1_11_cpu/lib/python3.10/site-packages/altair/utils/schemapi.py", line 81, in <dictcomp>
    k: _todict(v, validate, context)
  File "/home/room/miniconda3/envs/pytorch1_11_cpu/lib/python3.10/site-packages/altair/utils/schemapi.py", line 76, in _todict
    return obj.to_dict(validate=validate, context=context)
  File "/home/room/miniconda3/envs/pytorch1_11_cpu/lib/python3.10/site-packages/altair/vegalite/v4/schema/channels.py", line 57, in to_dict
    return super(FieldChannelMixin, self).to_dict(
  File "/home/room/miniconda3/envs/pytorch1_11_cpu/lib/python3.10/site-packages/altair/utils/schemapi.py", line 360, in to_dict
    raise SchemaValidationError(self, err)
altair.utils.schemapi.SchemaValidationError: Invalid specification

        altair.vegalite.v4.schema.channels.Color, validating 'additionalProperties'

        Additional properties are not allowed ('processed', 'raw_intensity' were unexpected)
        
2023-08-14 11:41:56.775 Uncaught app exception
Traceback (most recent call last):
  File "/home/room/miniconda3/envs/pytorch1_11_cpu/lib/python3.10/site-packages/streamlit/runtime/scriptrunner/script_runner.py", line 552, in _run_script
    exec(code, module.__dict__)
  File "/home/room/streamlit/denoise/denoise.py", line 408, in <module>
    run()
  File "/home/room/streamlit/denoise/denoise.py", line 344, in run
    st.altair_chart(c, use_container_width=True)
  File "/home/room/miniconda3/envs/pytorch1_11_cpu/lib/python3.10/site-packages/streamlit/runtime/metrics_util.py", line 356, in wrapped_func
    result = non_optional_func(*args, **kwargs)
  File "/home/room/miniconda3/envs/pytorch1_11_cpu/lib/python3.10/site-packages/streamlit/elements/dataframe_selector.py", line 541, in altair_chart
    return self.dg._arrow_altair_chart(altair_chart, use_container_width, theme)
  File "/home/room/miniconda3/envs/pytorch1_11_cpu/lib/python3.10/site-packages/streamlit/runtime/metrics_util.py", line 356, in wrapped_func
    result = non_optional_func(*args, **kwargs)
  File "/home/room/miniconda3/envs/pytorch1_11_cpu/lib/python3.10/site-packages/streamlit/elements/arrow_altair.py", line 330, in _arrow_altair_chart
    marshall(
  File "/home/room/miniconda3/envs/pytorch1_11_cpu/lib/python3.10/site-packages/streamlit/elements/arrow_altair.py", line 610, in marshall
    chart_dict = altair_chart.to_dict()
  File "/home/room/miniconda3/envs/pytorch1_11_cpu/lib/python3.10/site-packages/altair/vegalite/v4/api.py", line 393, in to_dict
    dct = super(TopLevelMixin, copy).to_dict(*args, **kwargs)
  File "/home/room/miniconda3/envs/pytorch1_11_cpu/lib/python3.10/site-packages/altair/utils/schemapi.py", line 346, in to_dict
    result = _todict(
  File "/home/room/miniconda3/envs/pytorch1_11_cpu/lib/python3.10/site-packages/altair/utils/schemapi.py", line 80, in _todict
    return {
  File "/home/room/miniconda3/envs/pytorch1_11_cpu/lib/python3.10/site-packages/altair/utils/schemapi.py", line 81, in <dictcomp>
    k: _todict(v, validate, context)
  File "/home/room/miniconda3/envs/pytorch1_11_cpu/lib/python3.10/site-packages/altair/utils/schemapi.py", line 76, in _todict
    return obj.to_dict(validate=validate, context=context)
  File "/home/room/miniconda3/envs/pytorch1_11_cpu/lib/python3.10/site-packages/altair/vegalite/v4/api.py", line 2020, in to_dict
    return super().to_dict(*args, **kwargs)
  File "/home/room/miniconda3/envs/pytorch1_11_cpu/lib/python3.10/site-packages/altair/vegalite/v4/api.py", line 393, in to_dict
    dct = super(TopLevelMixin, copy).to_dict(*args, **kwargs)
  File "/home/room/miniconda3/envs/pytorch1_11_cpu/lib/python3.10/site-packages/altair/utils/schemapi.py", line 346, in to_dict
    result = _todict(
  File "/home/room/miniconda3/envs/pytorch1_11_cpu/lib/python3.10/site-packages/altair/utils/schemapi.py", line 80, in _todict
    return {
  File "/home/room/miniconda3/envs/pytorch1_11_cpu/lib/python3.10/site-packages/altair/utils/schemapi.py", line 81, in <dictcomp>
    k: _todict(v, validate, context)
  File "/home/room/miniconda3/envs/pytorch1_11_cpu/lib/python3.10/site-packages/altair/utils/schemapi.py", line 76, in _todict
    return obj.to_dict(validate=validate, context=context)
  File "/home/room/miniconda3/envs/pytorch1_11_cpu/lib/python3.10/site-packages/altair/utils/schemapi.py", line 346, in to_dict
    result = _todict(
  File "/home/room/miniconda3/envs/pytorch1_11_cpu/lib/python3.10/site-packages/altair/utils/schemapi.py", line 80, in _todict
    return {
  File "/home/room/miniconda3/envs/pytorch1_11_cpu/lib/python3.10/site-packages/altair/utils/schemapi.py", line 81, in <dictcomp>
    k: _todict(v, validate, context)
  File "/home/room/miniconda3/envs/pytorch1_11_cpu/lib/python3.10/site-packages/altair/utils/schemapi.py", line 76, in _todict
    return obj.to_dict(validate=validate, context=context)
  File "/home/room/miniconda3/envs/pytorch1_11_cpu/lib/python3.10/site-packages/altair/vegalite/v4/schema/channels.py", line 57, in to_dict
    return super(FieldChannelMixin, self).to_dict(
  File "/home/room/miniconda3/envs/pytorch1_11_cpu/lib/python3.10/site-packages/altair/utils/schemapi.py", line 360, in to_dict
    raise SchemaValidationError(self, err)
altair.utils.schemapi.SchemaValidationError: Invalid specification

        altair.vegalite.v4.schema.channels.Color, validating 'additionalProperties'

        Additional properties are not allowed ('processed', 'raw_intensity' were unexpected)
        
2023-08-14 11:43:50.788 Uncaught app exception
Traceback (most recent call last):
  File "/home/room/miniconda3/envs/pytorch1_11_cpu/lib/python3.10/site-packages/streamlit/runtime/scriptrunner/script_runner.py", line 552, in _run_script
    exec(code, module.__dict__)
  File "/home/room/streamlit/denoise/denoise.py", line 411, in <module>
    run()
  File "/home/room/streamlit/denoise/denoise.py", line 338, in run
    color=alt.datum.layer.scale(
  File "/home/room/miniconda3/envs/pytorch1_11_cpu/lib/python3.10/site-packages/altair/utils/schemapi.py", line 278, in __getattr__
    return _getattr(attr)
AttributeError: 'GetAttrExpression' object has no attribute 'scale'
2023-08-14 11:44:48.418 Uncaught app exception
Traceback (most recent call last):
  File "/home/room/miniconda3/envs/pytorch1_11_cpu/lib/python3.10/site-packages/streamlit/runtime/scriptrunner/script_runner.py", line 552, in _run_script
    exec(code, module.__dict__)
  File "/home/room/streamlit/denoise/denoise.py", line 411, in <module>
    run()
  File "/home/room/streamlit/denoise/denoise.py", line 347, in run
    st.altair_chart(c, use_container_width=True)
  File "/home/room/miniconda3/envs/pytorch1_11_cpu/lib/python3.10/site-packages/streamlit/runtime/metrics_util.py", line 356, in wrapped_func
    result = non_optional_func(*args, **kwargs)
  File "/home/room/miniconda3/envs/pytorch1_11_cpu/lib/python3.10/site-packages/streamlit/elements/dataframe_selector.py", line 541, in altair_chart
    return self.dg._arrow_altair_chart(altair_chart, use_container_width, theme)
  File "/home/room/miniconda3/envs/pytorch1_11_cpu/lib/python3.10/site-packages/streamlit/runtime/metrics_util.py", line 356, in wrapped_func
    result = non_optional_func(*args, **kwargs)
  File "/home/room/miniconda3/envs/pytorch1_11_cpu/lib/python3.10/site-packages/streamlit/elements/arrow_altair.py", line 330, in _arrow_altair_chart
    marshall(
  File "/home/room/miniconda3/envs/pytorch1_11_cpu/lib/python3.10/site-packages/streamlit/elements/arrow_altair.py", line 610, in marshall
    chart_dict = altair_chart.to_dict()
  File "/home/room/miniconda3/envs/pytorch1_11_cpu/lib/python3.10/site-packages/altair/vegalite/v4/api.py", line 393, in to_dict
    dct = super(TopLevelMixin, copy).to_dict(*args, **kwargs)
  File "/home/room/miniconda3/envs/pytorch1_11_cpu/lib/python3.10/site-packages/altair/utils/schemapi.py", line 346, in to_dict
    result = _todict(
  File "/home/room/miniconda3/envs/pytorch1_11_cpu/lib/python3.10/site-packages/altair/utils/schemapi.py", line 80, in _todict
    return {
  File "/home/room/miniconda3/envs/pytorch1_11_cpu/lib/python3.10/site-packages/altair/utils/schemapi.py", line 81, in <dictcomp>
    k: _todict(v, validate, context)
  File "/home/room/miniconda3/envs/pytorch1_11_cpu/lib/python3.10/site-packages/altair/utils/schemapi.py", line 76, in _todict
    return obj.to_dict(validate=validate, context=context)
  File "/home/room/miniconda3/envs/pytorch1_11_cpu/lib/python3.10/site-packages/altair/vegalite/v4/api.py", line 2020, in to_dict
    return super().to_dict(*args, **kwargs)
  File "/home/room/miniconda3/envs/pytorch1_11_cpu/lib/python3.10/site-packages/altair/vegalite/v4/api.py", line 393, in to_dict
    dct = super(TopLevelMixin, copy).to_dict(*args, **kwargs)
  File "/home/room/miniconda3/envs/pytorch1_11_cpu/lib/python3.10/site-packages/altair/utils/schemapi.py", line 346, in to_dict
    result = _todict(
  File "/home/room/miniconda3/envs/pytorch1_11_cpu/lib/python3.10/site-packages/altair/utils/schemapi.py", line 80, in _todict
    return {
  File "/home/room/miniconda3/envs/pytorch1_11_cpu/lib/python3.10/site-packages/altair/utils/schemapi.py", line 81, in <dictcomp>
    k: _todict(v, validate, context)
  File "/home/room/miniconda3/envs/pytorch1_11_cpu/lib/python3.10/site-packages/altair/utils/schemapi.py", line 76, in _todict
    return obj.to_dict(validate=validate, context=context)
  File "/home/room/miniconda3/envs/pytorch1_11_cpu/lib/python3.10/site-packages/altair/utils/schemapi.py", line 346, in to_dict
    result = _todict(
  File "/home/room/miniconda3/envs/pytorch1_11_cpu/lib/python3.10/site-packages/altair/utils/schemapi.py", line 80, in _todict
    return {
  File "/home/room/miniconda3/envs/pytorch1_11_cpu/lib/python3.10/site-packages/altair/utils/schemapi.py", line 81, in <dictcomp>
    k: _todict(v, validate, context)
  File "/home/room/miniconda3/envs/pytorch1_11_cpu/lib/python3.10/site-packages/altair/utils/schemapi.py", line 76, in _todict
    return obj.to_dict(validate=validate, context=context)
  File "/home/room/miniconda3/envs/pytorch1_11_cpu/lib/python3.10/site-packages/altair/vegalite/v4/schema/channels.py", line 57, in to_dict
    return super(FieldChannelMixin, self).to_dict(
  File "/home/room/miniconda3/envs/pytorch1_11_cpu/lib/python3.10/site-packages/altair/utils/schemapi.py", line 360, in to_dict
    raise SchemaValidationError(self, err)
altair.utils.schemapi.SchemaValidationError: Invalid specification

        altair.vegalite.v4.schema.channels.Color, validating 'additionalProperties'

        Additional properties are not allowed ('datum' was unexpected)
        
2023-08-14 11:46:06.159 Uncaught app exception
Traceback (most recent call last):
  File "/home/room/miniconda3/envs/pytorch1_11_cpu/lib/python3.10/site-packages/streamlit/runtime/scriptrunner/script_runner.py", line 552, in _run_script
    exec(code, module.__dict__)
  File "/home/room/streamlit/denoise/denoise.py", line 409, in <module>
    run()
  File "/home/room/streamlit/denoise/denoise.py", line 338, in run
    color=alt.datum(alt.repeat('layer')).map(color_dict)
AttributeError: 'dict' object has no attribute 'map'
2023-08-14 11:46:21.249 Uncaught app exception
Traceback (most recent call last):
  File "/home/room/miniconda3/envs/pytorch1_11_cpu/lib/python3.10/site-packages/streamlit/runtime/scriptrunner/script_runner.py", line 552, in _run_script
    exec(code, module.__dict__)
  File "/home/room/streamlit/denoise/denoise.py", line 406, in <module>
    run()
  File "/home/room/streamlit/denoise/denoise.py", line 337, in run
    color=alt.datum(alt.repeat('layer')).map(color_dict),
AttributeError: 'dict' object has no attribute 'map'
2023-08-14 19:21:31.709 Uncaught app exception
Traceback (most recent call last):
  File "/home/room/miniconda3/envs/pytorch1_11_cpu/lib/python3.10/site-packages/streamlit/runtime/scriptrunner/script_runner.py", line 552, in _run_script
    exec(code, module.__dict__)
  File "/home/room/streamlit/denoise/denoise.py", line 407, in <module>
    run()
  File "/home/room/streamlit/denoise/denoise.py", line 328, in run
    st.line_chart(demo_spec, x='wavenumber', y=['raw_intensity', 'processed'], color=['#00f900', '#ff0000'])
  File "/home/room/miniconda3/envs/pytorch1_11_cpu/lib/python3.10/site-packages/streamlit/runtime/metrics_util.py", line 356, in wrapped_func
    result = non_optional_func(*args, **kwargs)
TypeError: DataFrameSelectorMixin.line_chart() got an unexpected keyword argument 'color'
2023-08-14 19:24:54.574 Uncaught app exception
Traceback (most recent call last):
  File "/home/room/miniconda3/envs/pytorch1_11_cpu/lib/python3.10/site-packages/pandas/core/indexes/base.py", line 3652, in get_loc
    return self._engine.get_loc(casted_key)
  File "pandas/_libs/index.pyx", line 147, in pandas._libs.index.IndexEngine.get_loc
  File "pandas/_libs/index.pyx", line 155, in pandas._libs.index.IndexEngine.get_loc
  File "pandas/_libs/index_class_helper.pxi", line 70, in pandas._libs.index.Int64Engine._check_type
KeyError: 'raw_intensity'

The above exception was the direct cause of the following exception:

Traceback (most recent call last):
  File "/home/room/miniconda3/envs/pytorch1_11_cpu/lib/python3.10/site-packages/streamlit/runtime/scriptrunner/script_runner.py", line 552, in _run_script
    exec(code, module.__dict__)
  File "/home/room/streamlit/denoise/denoise.py", line 409, in <module>
    run()
  File "/home/room/streamlit/denoise/denoise.py", line 348, in run
    peak_analysis_args = peak_analysis_module(demo_spec)
  File "/home/room/streamlit/denoise/denoise.py", line 236, in peak_analysis_module
    spec_df['processed'] = spec_df['raw_intensity'].copy()
  File "/home/room/miniconda3/envs/pytorch1_11_cpu/lib/python3.10/site-packages/pandas/core/frame.py", line 3761, in __getitem__
    indexer = self.columns.get_loc(key)
  File "/home/room/miniconda3/envs/pytorch1_11_cpu/lib/python3.10/site-packages/pandas/core/indexes/base.py", line 3654, in get_loc
    raise KeyError(key) from err
KeyError: 'raw_intensity'
2023-08-14 19:26:09.723 Uncaught app exception
Traceback (most recent call last):
  File "/home/room/miniconda3/envs/pytorch1_11_cpu/lib/python3.10/site-packages/pandas/core/indexes/base.py", line 3652, in get_loc
    return self._engine.get_loc(casted_key)
  File "pandas/_libs/index.pyx", line 147, in pandas._libs.index.IndexEngine.get_loc
  File "pandas/_libs/index.pyx", line 155, in pandas._libs.index.IndexEngine.get_loc
  File "pandas/_libs/index_class_helper.pxi", line 70, in pandas._libs.index.Int64Engine._check_type
KeyError: 'raw_intensity'

The above exception was the direct cause of the following exception:

Traceback (most recent call last):
  File "/home/room/miniconda3/envs/pytorch1_11_cpu/lib/python3.10/site-packages/streamlit/runtime/scriptrunner/script_runner.py", line 552, in _run_script
    exec(code, module.__dict__)
  File "/home/room/streamlit/denoise/denoise.py", line 401, in <module>
    run()
  File "/home/room/streamlit/denoise/denoise.py", line 340, in run
    peak_analysis_args = peak_analysis_module(demo_spec)
  File "/home/room/streamlit/denoise/denoise.py", line 236, in peak_analysis_module
    spec_df['processed'] = spec_df['raw_intensity'].copy()
  File "/home/room/miniconda3/envs/pytorch1_11_cpu/lib/python3.10/site-packages/pandas/core/frame.py", line 3761, in __getitem__
    indexer = self.columns.get_loc(key)
  File "/home/room/miniconda3/envs/pytorch1_11_cpu/lib/python3.10/site-packages/pandas/core/indexes/base.py", line 3654, in get_loc
    raise KeyError(key) from err
KeyError: 'raw_intensity'
2023-08-14 19:26:20.244 Uncaught app exception
Traceback (most recent call last):
  File "/home/room/miniconda3/envs/pytorch1_11_cpu/lib/python3.10/site-packages/streamlit/runtime/scriptrunner/script_runner.py", line 552, in _run_script
    exec(code, module.__dict__)
  File "/home/room/streamlit/denoise/denoise.py", line 401, in <module>
    run()
  File "/home/room/streamlit/denoise/denoise.py", line 337, in run
    st.altair_chart(c, use_container_width=True)
  File "/home/room/miniconda3/envs/pytorch1_11_cpu/lib/python3.10/site-packages/streamlit/runtime/metrics_util.py", line 356, in wrapped_func
    result = non_optional_func(*args, **kwargs)
  File "/home/room/miniconda3/envs/pytorch1_11_cpu/lib/python3.10/site-packages/streamlit/elements/dataframe_selector.py", line 541, in altair_chart
    return self.dg._arrow_altair_chart(altair_chart, use_container_width, theme)
  File "/home/room/miniconda3/envs/pytorch1_11_cpu/lib/python3.10/site-packages/streamlit/runtime/metrics_util.py", line 356, in wrapped_func
    result = non_optional_func(*args, **kwargs)
  File "/home/room/miniconda3/envs/pytorch1_11_cpu/lib/python3.10/site-packages/streamlit/elements/arrow_altair.py", line 330, in _arrow_altair_chart
    marshall(
  File "/home/room/miniconda3/envs/pytorch1_11_cpu/lib/python3.10/site-packages/streamlit/elements/arrow_altair.py", line 610, in marshall
    chart_dict = altair_chart.to_dict()
  File "/home/room/miniconda3/envs/pytorch1_11_cpu/lib/python3.10/site-packages/altair/vegalite/v4/api.py", line 2020, in to_dict
    return super().to_dict(*args, **kwargs)
  File "/home/room/miniconda3/envs/pytorch1_11_cpu/lib/python3.10/site-packages/altair/vegalite/v4/api.py", line 384, in to_dict
    dct = super(TopLevelMixin, copy).to_dict(*args, **kwargs)
  File "/home/room/miniconda3/envs/pytorch1_11_cpu/lib/python3.10/site-packages/altair/utils/schemapi.py", line 346, in to_dict
    result = _todict(
  File "/home/room/miniconda3/envs/pytorch1_11_cpu/lib/python3.10/site-packages/altair/utils/schemapi.py", line 80, in _todict
    return {
  File "/home/room/miniconda3/envs/pytorch1_11_cpu/lib/python3.10/site-packages/altair/utils/schemapi.py", line 81, in <dictcomp>
    k: _todict(v, validate, context)
  File "/home/room/miniconda3/envs/pytorch1_11_cpu/lib/python3.10/site-packages/altair/utils/schemapi.py", line 76, in _todict
    return obj.to_dict(validate=validate, context=context)
  File "/home/room/miniconda3/envs/pytorch1_11_cpu/lib/python3.10/site-packages/altair/utils/schemapi.py", line 346, in to_dict
    result = _todict(
  File "/home/room/miniconda3/envs/pytorch1_11_cpu/lib/python3.10/site-packages/altair/utils/schemapi.py", line 80, in _todict
    return {
  File "/home/room/miniconda3/envs/pytorch1_11_cpu/lib/python3.10/site-packages/altair/utils/schemapi.py", line 81, in <dictcomp>
    k: _todict(v, validate, context)
  File "/home/room/miniconda3/envs/pytorch1_11_cpu/lib/python3.10/site-packages/altair/utils/schemapi.py", line 76, in _todict
    return obj.to_dict(validate=validate, context=context)
  File "/home/room/miniconda3/envs/pytorch1_11_cpu/lib/python3.10/site-packages/altair/vegalite/v4/schema/channels.py", line 40, in to_dict
    raise ValueError("{} encoding field is specified without a type; "
ValueError: index encoding field is specified without a type; the type cannot be inferred because it does not match any column in the data.
2023-08-14 19:27:17.404 Uncaught app exception
Traceback (most recent call last):
  File "/home/room/miniconda3/envs/pytorch1_11_cpu/lib/python3.10/site-packages/streamlit/runtime/scriptrunner/script_runner.py", line 552, in _run_script
    exec(code, module.__dict__)
  File "/home/room/streamlit/denoise/denoise.py", line 402, in <module>
    run()
  File "/home/room/streamlit/denoise/denoise.py", line 335, in run
    source = data.movies()
NameError: name 'data' is not defined
2023-08-14 19:27:48.234 Uncaught app exception
Traceback (most recent call last):
  File "/home/room/miniconda3/envs/pytorch1_11_cpu/lib/python3.10/urllib/request.py", line 1348, in do_open
    h.request(req.get_method(), req.selector, req.data, headers,
  File "/home/room/miniconda3/envs/pytorch1_11_cpu/lib/python3.10/http/client.py", line 1282, in request
    self._send_request(method, url, body, headers, encode_chunked)
  File "/home/room/miniconda3/envs/pytorch1_11_cpu/lib/python3.10/http/client.py", line 1328, in _send_request
    self.endheaders(body, encode_chunked=encode_chunked)
  File "/home/room/miniconda3/envs/pytorch1_11_cpu/lib/python3.10/http/client.py", line 1277, in endheaders
    self._send_output(message_body, encode_chunked=encode_chunked)
  File "/home/room/miniconda3/envs/pytorch1_11_cpu/lib/python3.10/http/client.py", line 1037, in _send_output
    self.send(msg)
  File "/home/room/miniconda3/envs/pytorch1_11_cpu/lib/python3.10/http/client.py", line 975, in send
    self.connect()
  File "/home/room/miniconda3/envs/pytorch1_11_cpu/lib/python3.10/http/client.py", line 1447, in connect
    super().connect()
  File "/home/room/miniconda3/envs/pytorch1_11_cpu/lib/python3.10/http/client.py", line 941, in connect
    self.sock = self._create_connection(
  File "/home/room/miniconda3/envs/pytorch1_11_cpu/lib/python3.10/socket.py", line 824, in create_connection
    for res in getaddrinfo(host, port, 0, SOCK_STREAM):
  File "/home/room/miniconda3/envs/pytorch1_11_cpu/lib/python3.10/socket.py", line 955, in getaddrinfo
    for res in _socket.getaddrinfo(host, port, family, type, proto, flags):
socket.gaierror: [Errno -3] Temporary failure in name resolution

During handling of the above exception, another exception occurred:

Traceback (most recent call last):
  File "/home/room/miniconda3/envs/pytorch1_11_cpu/lib/python3.10/site-packages/streamlit/runtime/scriptrunner/script_runner.py", line 552, in _run_script
    exec(code, module.__dict__)
  File "/home/room/streamlit/denoise/denoise.py", line 403, in <module>
    run()
  File "/home/room/streamlit/denoise/denoise.py", line 336, in run
    source = data.movies()
  File "/home/room/miniconda3/envs/pytorch1_11_cpu/lib/python3.10/site-packages/vega_datasets/core.py", line 233, in __call__
    datasource = BytesIO(self.raw(use_local=use_local))
  File "/home/room/miniconda3/envs/pytorch1_11_cpu/lib/python3.10/site-packages/vega_datasets/core.py", line 212, in raw
    return urlopen(self.url).read()
  File "/home/room/miniconda3/envs/pytorch1_11_cpu/lib/python3.10/urllib/request.py", line 216, in urlopen
    return opener.open(url, data, timeout)
  File "/home/room/miniconda3/envs/pytorch1_11_cpu/lib/python3.10/urllib/request.py", line 519, in open
    response = self._open(req, data)
  File "/home/room/miniconda3/envs/pytorch1_11_cpu/lib/python3.10/urllib/request.py", line 536, in _open
    result = self._call_chain(self.handle_open, protocol, protocol +
  File "/home/room/miniconda3/envs/pytorch1_11_cpu/lib/python3.10/urllib/request.py", line 496, in _call_chain
    result = func(*args)
  File "/home/room/miniconda3/envs/pytorch1_11_cpu/lib/python3.10/urllib/request.py", line 1391, in https_open
    return self.do_open(http.client.HTTPSConnection, req,
  File "/home/room/miniconda3/envs/pytorch1_11_cpu/lib/python3.10/urllib/request.py", line 1351, in do_open
    raise URLError(err)
urllib.error.URLError: <urlopen error [Errno -3] Temporary failure in name resolution>
2023-08-14 19:28:14.117 Uncaught app exception
Traceback (most recent call last):
  File "/home/room/miniconda3/envs/pytorch1_11_cpu/lib/python3.10/urllib/request.py", line 1348, in do_open
    h.request(req.get_method(), req.selector, req.data, headers,
  File "/home/room/miniconda3/envs/pytorch1_11_cpu/lib/python3.10/http/client.py", line 1282, in request
    self._send_request(method, url, body, headers, encode_chunked)
  File "/home/room/miniconda3/envs/pytorch1_11_cpu/lib/python3.10/http/client.py", line 1328, in _send_request
    self.endheaders(body, encode_chunked=encode_chunked)
  File "/home/room/miniconda3/envs/pytorch1_11_cpu/lib/python3.10/http/client.py", line 1277, in endheaders
    self._send_output(message_body, encode_chunked=encode_chunked)
  File "/home/room/miniconda3/envs/pytorch1_11_cpu/lib/python3.10/http/client.py", line 1037, in _send_output
    self.send(msg)
  File "/home/room/miniconda3/envs/pytorch1_11_cpu/lib/python3.10/http/client.py", line 975, in send
    self.connect()
  File "/home/room/miniconda3/envs/pytorch1_11_cpu/lib/python3.10/http/client.py", line 1447, in connect
    super().connect()
  File "/home/room/miniconda3/envs/pytorch1_11_cpu/lib/python3.10/http/client.py", line 941, in connect
    self.sock = self._create_connection(
  File "/home/room/miniconda3/envs/pytorch1_11_cpu/lib/python3.10/socket.py", line 824, in create_connection
    for res in getaddrinfo(host, port, 0, SOCK_STREAM):
  File "/home/room/miniconda3/envs/pytorch1_11_cpu/lib/python3.10/socket.py", line 955, in getaddrinfo
    for res in _socket.getaddrinfo(host, port, family, type, proto, flags):
socket.gaierror: [Errno -3] Temporary failure in name resolution

During handling of the above exception, another exception occurred:

Traceback (most recent call last):
  File "/home/room/miniconda3/envs/pytorch1_11_cpu/lib/python3.10/site-packages/streamlit/runtime/scriptrunner/script_runner.py", line 552, in _run_script
    exec(code, module.__dict__)
  File "/home/room/streamlit/denoise/denoise.py", line 403, in <module>
    run()
  File "/home/room/streamlit/denoise/denoise.py", line 336, in run
    source = data.movies()
  File "/home/room/miniconda3/envs/pytorch1_11_cpu/lib/python3.10/site-packages/vega_datasets/core.py", line 233, in __call__
    datasource = BytesIO(self.raw(use_local=use_local))
  File "/home/room/miniconda3/envs/pytorch1_11_cpu/lib/python3.10/site-packages/vega_datasets/core.py", line 212, in raw
    return urlopen(self.url).read()
  File "/home/room/miniconda3/envs/pytorch1_11_cpu/lib/python3.10/urllib/request.py", line 216, in urlopen
    return opener.open(url, data, timeout)
  File "/home/room/miniconda3/envs/pytorch1_11_cpu/lib/python3.10/urllib/request.py", line 519, in open
    response = self._open(req, data)
  File "/home/room/miniconda3/envs/pytorch1_11_cpu/lib/python3.10/urllib/request.py", line 536, in _open
    result = self._call_chain(self.handle_open, protocol, protocol +
  File "/home/room/miniconda3/envs/pytorch1_11_cpu/lib/python3.10/urllib/request.py", line 496, in _call_chain
    result = func(*args)
  File "/home/room/miniconda3/envs/pytorch1_11_cpu/lib/python3.10/urllib/request.py", line 1391, in https_open
    return self.do_open(http.client.HTTPSConnection, req,
  File "/home/room/miniconda3/envs/pytorch1_11_cpu/lib/python3.10/urllib/request.py", line 1351, in do_open
    raise URLError(err)
urllib.error.URLError: <urlopen error [Errno -3] Temporary failure in name resolution>
2023-08-14 19:28:31.008 Uncaught app exception
Traceback (most recent call last):
  File "/home/room/miniconda3/envs/pytorch1_11_cpu/lib/python3.10/urllib/request.py", line 1348, in do_open
    h.request(req.get_method(), req.selector, req.data, headers,
  File "/home/room/miniconda3/envs/pytorch1_11_cpu/lib/python3.10/http/client.py", line 1282, in request
    self._send_request(method, url, body, headers, encode_chunked)
  File "/home/room/miniconda3/envs/pytorch1_11_cpu/lib/python3.10/http/client.py", line 1328, in _send_request
    self.endheaders(body, encode_chunked=encode_chunked)
  File "/home/room/miniconda3/envs/pytorch1_11_cpu/lib/python3.10/http/client.py", line 1277, in endheaders
    self._send_output(message_body, encode_chunked=encode_chunked)
  File "/home/room/miniconda3/envs/pytorch1_11_cpu/lib/python3.10/http/client.py", line 1037, in _send_output
    self.send(msg)
  File "/home/room/miniconda3/envs/pytorch1_11_cpu/lib/python3.10/http/client.py", line 975, in send
    self.connect()
  File "/home/room/miniconda3/envs/pytorch1_11_cpu/lib/python3.10/http/client.py", line 1447, in connect
    super().connect()
  File "/home/room/miniconda3/envs/pytorch1_11_cpu/lib/python3.10/http/client.py", line 941, in connect
    self.sock = self._create_connection(
  File "/home/room/miniconda3/envs/pytorch1_11_cpu/lib/python3.10/socket.py", line 824, in create_connection
    for res in getaddrinfo(host, port, 0, SOCK_STREAM):
  File "/home/room/miniconda3/envs/pytorch1_11_cpu/lib/python3.10/socket.py", line 955, in getaddrinfo
    for res in _socket.getaddrinfo(host, port, family, type, proto, flags):
socket.gaierror: [Errno -3] Temporary failure in name resolution

During handling of the above exception, another exception occurred:

Traceback (most recent call last):
  File "/home/room/miniconda3/envs/pytorch1_11_cpu/lib/python3.10/site-packages/streamlit/runtime/scriptrunner/script_runner.py", line 552, in _run_script
    exec(code, module.__dict__)
  File "/home/room/streamlit/denoise/denoise.py", line 403, in <module>
    run()
  File "/home/room/streamlit/denoise/denoise.py", line 336, in run
    source = data.movies()
  File "/home/room/miniconda3/envs/pytorch1_11_cpu/lib/python3.10/site-packages/vega_datasets/core.py", line 233, in __call__
    datasource = BytesIO(self.raw(use_local=use_local))
  File "/home/room/miniconda3/envs/pytorch1_11_cpu/lib/python3.10/site-packages/vega_datasets/core.py", line 212, in raw
    return urlopen(self.url).read()
  File "/home/room/miniconda3/envs/pytorch1_11_cpu/lib/python3.10/urllib/request.py", line 216, in urlopen
    return opener.open(url, data, timeout)
  File "/home/room/miniconda3/envs/pytorch1_11_cpu/lib/python3.10/urllib/request.py", line 519, in open
    response = self._open(req, data)
  File "/home/room/miniconda3/envs/pytorch1_11_cpu/lib/python3.10/urllib/request.py", line 536, in _open
    result = self._call_chain(self.handle_open, protocol, protocol +
  File "/home/room/miniconda3/envs/pytorch1_11_cpu/lib/python3.10/urllib/request.py", line 496, in _call_chain
    result = func(*args)
  File "/home/room/miniconda3/envs/pytorch1_11_cpu/lib/python3.10/urllib/request.py", line 1391, in https_open
    return self.do_open(http.client.HTTPSConnection, req,
  File "/home/room/miniconda3/envs/pytorch1_11_cpu/lib/python3.10/urllib/request.py", line 1351, in do_open
    raise URLError(err)
urllib.error.URLError: <urlopen error [Errno -3] Temporary failure in name resolution>
2023-08-14 19:36:11.128 Uncaught app exception
Traceback (most recent call last):
  File "/home/room/miniconda3/envs/pytorch1_11_cpu/lib/python3.10/site-packages/pandas/core/indexes/base.py", line 3652, in get_loc
    return self._engine.get_loc(casted_key)
  File "pandas/_libs/index.pyx", line 147, in pandas._libs.index.IndexEngine.get_loc
  File "pandas/_libs/index.pyx", line 176, in pandas._libs.index.IndexEngine.get_loc
  File "pandas/_libs/hashtable_class_helper.pxi", line 7080, in pandas._libs.hashtable.PyObjectHashTable.get_item
  File "pandas/_libs/hashtable_class_helper.pxi", line 7088, in pandas._libs.hashtable.PyObjectHashTable.get_item
KeyError: 'raw_intensity'

The above exception was the direct cause of the following exception:

Traceback (most recent call last):
  File "/home/room/miniconda3/envs/pytorch1_11_cpu/lib/python3.10/site-packages/streamlit/runtime/scriptrunner/script_runner.py", line 552, in _run_script
    exec(code, module.__dict__)
  File "/home/room/streamlit/denoise/denoise.py", line 401, in <module>
    run()
  File "/home/room/streamlit/denoise/denoise.py", line 340, in run
    peak_analysis_args = peak_analysis_module(demo_spec)
  File "/home/room/streamlit/denoise/denoise.py", line 236, in peak_analysis_module
    spec_df['processed'] = spec_df['raw_intensity'].copy()
  File "/home/room/miniconda3/envs/pytorch1_11_cpu/lib/python3.10/site-packages/pandas/core/frame.py", line 3761, in __getitem__
    indexer = self.columns.get_loc(key)
  File "/home/room/miniconda3/envs/pytorch1_11_cpu/lib/python3.10/site-packages/pandas/core/indexes/base.py", line 3654, in get_loc
    raise KeyError(key) from err
KeyError: 'raw_intensity'
2023-08-14 19:36:25.803 Uncaught app exception
Traceback (most recent call last):
  File "/home/room/miniconda3/envs/pytorch1_11_cpu/lib/python3.10/site-packages/pandas/core/indexes/base.py", line 3652, in get_loc
    return self._engine.get_loc(casted_key)
  File "pandas/_libs/index.pyx", line 147, in pandas._libs.index.IndexEngine.get_loc
  File "pandas/_libs/index.pyx", line 176, in pandas._libs.index.IndexEngine.get_loc
  File "pandas/_libs/hashtable_class_helper.pxi", line 7080, in pandas._libs.hashtable.PyObjectHashTable.get_item
  File "pandas/_libs/hashtable_class_helper.pxi", line 7088, in pandas._libs.hashtable.PyObjectHashTable.get_item
KeyError: 'raw_intensity'

The above exception was the direct cause of the following exception:

Traceback (most recent call last):
  File "/home/room/miniconda3/envs/pytorch1_11_cpu/lib/python3.10/site-packages/streamlit/runtime/scriptrunner/script_runner.py", line 552, in _run_script
    exec(code, module.__dict__)
  File "/home/room/streamlit/denoise/denoise.py", line 401, in <module>
    run()
  File "/home/room/streamlit/denoise/denoise.py", line 340, in run
    peak_analysis_args = peak_analysis_module(demo_spec)
  File "/home/room/streamlit/denoise/denoise.py", line 236, in peak_analysis_module
    spec_df['processed'] = spec_df['raw_intensity'].copy()
  File "/home/room/miniconda3/envs/pytorch1_11_cpu/lib/python3.10/site-packages/pandas/core/frame.py", line 3761, in __getitem__
    indexer = self.columns.get_loc(key)
  File "/home/room/miniconda3/envs/pytorch1_11_cpu/lib/python3.10/site-packages/pandas/core/indexes/base.py", line 3654, in get_loc
    raise KeyError(key) from err
KeyError: 'raw_intensity'
2023-08-14 19:36:51.903 Uncaught app exception
Traceback (most recent call last):
  File "/home/room/miniconda3/envs/pytorch1_11_cpu/lib/python3.10/site-packages/pandas/core/indexes/base.py", line 3652, in get_loc
    return self._engine.get_loc(casted_key)
  File "pandas/_libs/index.pyx", line 147, in pandas._libs.index.IndexEngine.get_loc
  File "pandas/_libs/index.pyx", line 176, in pandas._libs.index.IndexEngine.get_loc
  File "pandas/_libs/hashtable_class_helper.pxi", line 7080, in pandas._libs.hashtable.PyObjectHashTable.get_item
  File "pandas/_libs/hashtable_class_helper.pxi", line 7088, in pandas._libs.hashtable.PyObjectHashTable.get_item
KeyError: 'raw_intensity'

The above exception was the direct cause of the following exception:

Traceback (most recent call last):
  File "/home/room/miniconda3/envs/pytorch1_11_cpu/lib/python3.10/site-packages/streamlit/runtime/scriptrunner/script_runner.py", line 552, in _run_script
    exec(code, module.__dict__)
  File "/home/room/streamlit/denoise/denoise.py", line 402, in <module>
    run()
  File "/home/room/streamlit/denoise/denoise.py", line 341, in run
    peak_analysis_args = peak_analysis_module(demo_spec)
  File "/home/room/streamlit/denoise/denoise.py", line 236, in peak_analysis_module
    spec_df['processed'] = spec_df['raw_intensity'].copy()
  File "/home/room/miniconda3/envs/pytorch1_11_cpu/lib/python3.10/site-packages/pandas/core/frame.py", line 3761, in __getitem__
    indexer = self.columns.get_loc(key)
  File "/home/room/miniconda3/envs/pytorch1_11_cpu/lib/python3.10/site-packages/pandas/core/indexes/base.py", line 3654, in get_loc
    raise KeyError(key) from err
KeyError: 'raw_intensity'
2023-08-14 19:37:02.068 Uncaught app exception
Traceback (most recent call last):
  File "/home/room/miniconda3/envs/pytorch1_11_cpu/lib/python3.10/site-packages/pandas/core/indexes/base.py", line 3652, in get_loc
    return self._engine.get_loc(casted_key)
  File "pandas/_libs/index.pyx", line 147, in pandas._libs.index.IndexEngine.get_loc
  File "pandas/_libs/index.pyx", line 176, in pandas._libs.index.IndexEngine.get_loc
  File "pandas/_libs/hashtable_class_helper.pxi", line 7080, in pandas._libs.hashtable.PyObjectHashTable.get_item
  File "pandas/_libs/hashtable_class_helper.pxi", line 7088, in pandas._libs.hashtable.PyObjectHashTable.get_item
KeyError: 'raw_intensity'

The above exception was the direct cause of the following exception:

Traceback (most recent call last):
  File "/home/room/miniconda3/envs/pytorch1_11_cpu/lib/python3.10/site-packages/streamlit/runtime/scriptrunner/script_runner.py", line 552, in _run_script
    exec(code, module.__dict__)
  File "/home/room/streamlit/denoise/denoise.py", line 402, in <module>
    run()
  File "/home/room/streamlit/denoise/denoise.py", line 341, in run
    peak_analysis_args = peak_analysis_module(demo_spec)
  File "/home/room/streamlit/denoise/denoise.py", line 236, in peak_analysis_module
    spec_df['processed'] = spec_df['raw_intensity'].copy()
  File "/home/room/miniconda3/envs/pytorch1_11_cpu/lib/python3.10/site-packages/pandas/core/frame.py", line 3761, in __getitem__
    indexer = self.columns.get_loc(key)
  File "/home/room/miniconda3/envs/pytorch1_11_cpu/lib/python3.10/site-packages/pandas/core/indexes/base.py", line 3654, in get_loc
    raise KeyError(key) from err
KeyError: 'raw_intensity'
2023-08-14 19:37:30.553 Uncaught app exception
Traceback (most recent call last):
  File "/home/room/miniconda3/envs/pytorch1_11_cpu/lib/python3.10/site-packages/pandas/core/indexes/base.py", line 3652, in get_loc
    return self._engine.get_loc(casted_key)
  File "pandas/_libs/index.pyx", line 147, in pandas._libs.index.IndexEngine.get_loc
  File "pandas/_libs/index.pyx", line 176, in pandas._libs.index.IndexEngine.get_loc
  File "pandas/_libs/hashtable_class_helper.pxi", line 7080, in pandas._libs.hashtable.PyObjectHashTable.get_item
  File "pandas/_libs/hashtable_class_helper.pxi", line 7088, in pandas._libs.hashtable.PyObjectHashTable.get_item
KeyError: 'raw_intensity'

The above exception was the direct cause of the following exception:

Traceback (most recent call last):
  File "/home/room/miniconda3/envs/pytorch1_11_cpu/lib/python3.10/site-packages/streamlit/runtime/scriptrunner/script_runner.py", line 552, in _run_script
    exec(code, module.__dict__)
  File "/home/room/streamlit/denoise/denoise.py", line 402, in <module>
    run()
  File "/home/room/streamlit/denoise/denoise.py", line 341, in run
    peak_analysis_args = peak_analysis_module(demo_spec)
  File "/home/room/streamlit/denoise/denoise.py", line 236, in peak_analysis_module
    spec_df['processed'] = spec_df['raw_intensity'].copy()
  File "/home/room/miniconda3/envs/pytorch1_11_cpu/lib/python3.10/site-packages/pandas/core/frame.py", line 3761, in __getitem__
    indexer = self.columns.get_loc(key)
  File "/home/room/miniconda3/envs/pytorch1_11_cpu/lib/python3.10/site-packages/pandas/core/indexes/base.py", line 3654, in get_loc
    raise KeyError(key) from err
KeyError: 'raw_intensity'
2023-08-14 19:37:43.623 Uncaught app exception
Traceback (most recent call last):
  File "/home/room/miniconda3/envs/pytorch1_11_cpu/lib/python3.10/site-packages/pandas/core/indexes/base.py", line 3652, in get_loc
    return self._engine.get_loc(casted_key)
  File "pandas/_libs/index.pyx", line 147, in pandas._libs.index.IndexEngine.get_loc
  File "pandas/_libs/index.pyx", line 176, in pandas._libs.index.IndexEngine.get_loc
  File "pandas/_libs/hashtable_class_helper.pxi", line 7080, in pandas._libs.hashtable.PyObjectHashTable.get_item
  File "pandas/_libs/hashtable_class_helper.pxi", line 7088, in pandas._libs.hashtable.PyObjectHashTable.get_item
KeyError: 'raw_intensity'

The above exception was the direct cause of the following exception:

Traceback (most recent call last):
  File "/home/room/miniconda3/envs/pytorch1_11_cpu/lib/python3.10/site-packages/streamlit/runtime/scriptrunner/script_runner.py", line 552, in _run_script
    exec(code, module.__dict__)
  File "/home/room/streamlit/denoise/denoise.py", line 402, in <module>
    run()
  File "/home/room/streamlit/denoise/denoise.py", line 341, in run
    peak_analysis_args = peak_analysis_module(demo_spec)
  File "/home/room/streamlit/denoise/denoise.py", line 236, in peak_analysis_module
    spec_df['processed'] = spec_df['raw_intensity'].copy()
  File "/home/room/miniconda3/envs/pytorch1_11_cpu/lib/python3.10/site-packages/pandas/core/frame.py", line 3761, in __getitem__
    indexer = self.columns.get_loc(key)
  File "/home/room/miniconda3/envs/pytorch1_11_cpu/lib/python3.10/site-packages/pandas/core/indexes/base.py", line 3654, in get_loc
    raise KeyError(key) from err
KeyError: 'raw_intensity'
2023-08-14 19:39:41.226 Uncaught app exception
Traceback (most recent call last):
  File "/home/room/miniconda3/envs/pytorch1_11_cpu/lib/python3.10/site-packages/pandas/core/indexes/base.py", line 3652, in get_loc
    return self._engine.get_loc(casted_key)
  File "pandas/_libs/index.pyx", line 147, in pandas._libs.index.IndexEngine.get_loc
  File "pandas/_libs/index.pyx", line 176, in pandas._libs.index.IndexEngine.get_loc
  File "pandas/_libs/hashtable_class_helper.pxi", line 7080, in pandas._libs.hashtable.PyObjectHashTable.get_item
  File "pandas/_libs/hashtable_class_helper.pxi", line 7088, in pandas._libs.hashtable.PyObjectHashTable.get_item
KeyError: 'raw_intensity'

The above exception was the direct cause of the following exception:

Traceback (most recent call last):
  File "/home/room/miniconda3/envs/pytorch1_11_cpu/lib/python3.10/site-packages/streamlit/runtime/scriptrunner/script_runner.py", line 552, in _run_script
    exec(code, module.__dict__)
  File "/home/room/streamlit/denoise/denoise.py", line 400, in <module>
    run()
  File "/home/room/streamlit/denoise/denoise.py", line 339, in run
    peak_analysis_args = peak_analysis_module(demo_spec)
  File "/home/room/streamlit/denoise/denoise.py", line 236, in peak_analysis_module
    spec_df['processed'] = spec_df['raw_intensity'].copy()
  File "/home/room/miniconda3/envs/pytorch1_11_cpu/lib/python3.10/site-packages/pandas/core/frame.py", line 3761, in __getitem__
    indexer = self.columns.get_loc(key)
  File "/home/room/miniconda3/envs/pytorch1_11_cpu/lib/python3.10/site-packages/pandas/core/indexes/base.py", line 3654, in get_loc
    raise KeyError(key) from err
KeyError: 'raw_intensity'
2023-08-14 19:39:47.637 Uncaught app exception
Traceback (most recent call last):
  File "/home/room/miniconda3/envs/pytorch1_11_cpu/lib/python3.10/site-packages/pandas/core/indexes/base.py", line 3652, in get_loc
    return self._engine.get_loc(casted_key)
  File "pandas/_libs/index.pyx", line 147, in pandas._libs.index.IndexEngine.get_loc
  File "pandas/_libs/index.pyx", line 176, in pandas._libs.index.IndexEngine.get_loc
  File "pandas/_libs/hashtable_class_helper.pxi", line 7080, in pandas._libs.hashtable.PyObjectHashTable.get_item
  File "pandas/_libs/hashtable_class_helper.pxi", line 7088, in pandas._libs.hashtable.PyObjectHashTable.get_item
KeyError: 'raw_intensity'

The above exception was the direct cause of the following exception:

Traceback (most recent call last):
  File "/home/room/miniconda3/envs/pytorch1_11_cpu/lib/python3.10/site-packages/streamlit/runtime/scriptrunner/script_runner.py", line 552, in _run_script
    exec(code, module.__dict__)
  File "/home/room/streamlit/denoise/denoise.py", line 400, in <module>
    run()
  File "/home/room/streamlit/denoise/denoise.py", line 339, in run
    peak_analysis_args = peak_analysis_module(demo_spec)
  File "/home/room/streamlit/denoise/denoise.py", line 236, in peak_analysis_module
    spec_df['processed'] = spec_df['raw_intensity'].copy()
  File "/home/room/miniconda3/envs/pytorch1_11_cpu/lib/python3.10/site-packages/pandas/core/frame.py", line 3761, in __getitem__
    indexer = self.columns.get_loc(key)
  File "/home/room/miniconda3/envs/pytorch1_11_cpu/lib/python3.10/site-packages/pandas/core/indexes/base.py", line 3654, in get_loc
    raise KeyError(key) from err
KeyError: 'raw_intensity'
2023-08-14 19:40:39.023 Uncaught app exception
Traceback (most recent call last):
  File "/home/room/miniconda3/envs/pytorch1_11_cpu/lib/python3.10/site-packages/streamlit/runtime/scriptrunner/script_runner.py", line 552, in _run_script
    exec(code, module.__dict__)
  File "/home/room/streamlit/denoise/denoise.py", line 398, in <module>
    run()
  File "/home/room/streamlit/denoise/denoise.py", line 334, in run
    st.altair_chart(c, use_container_width=True)
  File "/home/room/miniconda3/envs/pytorch1_11_cpu/lib/python3.10/site-packages/streamlit/runtime/metrics_util.py", line 356, in wrapped_func
    result = non_optional_func(*args, **kwargs)
  File "/home/room/miniconda3/envs/pytorch1_11_cpu/lib/python3.10/site-packages/streamlit/elements/dataframe_selector.py", line 541, in altair_chart
    return self.dg._arrow_altair_chart(altair_chart, use_container_width, theme)
  File "/home/room/miniconda3/envs/pytorch1_11_cpu/lib/python3.10/site-packages/streamlit/runtime/metrics_util.py", line 356, in wrapped_func
    result = non_optional_func(*args, **kwargs)
  File "/home/room/miniconda3/envs/pytorch1_11_cpu/lib/python3.10/site-packages/streamlit/elements/arrow_altair.py", line 330, in _arrow_altair_chart
    marshall(
  File "/home/room/miniconda3/envs/pytorch1_11_cpu/lib/python3.10/site-packages/streamlit/elements/arrow_altair.py", line 610, in marshall
    chart_dict = altair_chart.to_dict()
  File "/home/room/miniconda3/envs/pytorch1_11_cpu/lib/python3.10/site-packages/altair/vegalite/v4/api.py", line 2020, in to_dict
    return super().to_dict(*args, **kwargs)
  File "/home/room/miniconda3/envs/pytorch1_11_cpu/lib/python3.10/site-packages/altair/vegalite/v4/api.py", line 384, in to_dict
    dct = super(TopLevelMixin, copy).to_dict(*args, **kwargs)
  File "/home/room/miniconda3/envs/pytorch1_11_cpu/lib/python3.10/site-packages/altair/utils/schemapi.py", line 346, in to_dict
    result = _todict(
  File "/home/room/miniconda3/envs/pytorch1_11_cpu/lib/python3.10/site-packages/altair/utils/schemapi.py", line 80, in _todict
    return {
  File "/home/room/miniconda3/envs/pytorch1_11_cpu/lib/python3.10/site-packages/altair/utils/schemapi.py", line 81, in <dictcomp>
    k: _todict(v, validate, context)
  File "/home/room/miniconda3/envs/pytorch1_11_cpu/lib/python3.10/site-packages/altair/utils/schemapi.py", line 76, in _todict
    return obj.to_dict(validate=validate, context=context)
  File "/home/room/miniconda3/envs/pytorch1_11_cpu/lib/python3.10/site-packages/altair/utils/schemapi.py", line 346, in to_dict
    result = _todict(
  File "/home/room/miniconda3/envs/pytorch1_11_cpu/lib/python3.10/site-packages/altair/utils/schemapi.py", line 80, in _todict
    return {
  File "/home/room/miniconda3/envs/pytorch1_11_cpu/lib/python3.10/site-packages/altair/utils/schemapi.py", line 81, in <dictcomp>
    k: _todict(v, validate, context)
  File "/home/room/miniconda3/envs/pytorch1_11_cpu/lib/python3.10/site-packages/altair/utils/schemapi.py", line 78, in _todict
    return [_todict(v, validate, context) for v in obj]
  File "/home/room/miniconda3/envs/pytorch1_11_cpu/lib/python3.10/site-packages/altair/utils/schemapi.py", line 78, in <listcomp>
    return [_todict(v, validate, context) for v in obj]
  File "/home/room/miniconda3/envs/pytorch1_11_cpu/lib/python3.10/site-packages/altair/utils/schemapi.py", line 76, in _todict
    return obj.to_dict(validate=validate, context=context)
  File "/home/room/miniconda3/envs/pytorch1_11_cpu/lib/python3.10/site-packages/altair/vegalite/v4/schema/channels.py", line 40, in to_dict
    raise ValueError("{} encoding field is specified without a type; "
ValueError: red encoding field is specified without a type; the type cannot be inferred because it does not match any column in the data.
2023-08-14 19:51:51.648 Uncaught app exception
Traceback (most recent call last):
  File "/home/room/miniconda3/envs/pytorch1_11_cpu/lib/python3.10/site-packages/streamlit/runtime/scriptrunner/script_runner.py", line 552, in _run_script
    exec(code, module.__dict__)
  File "/home/room/streamlit/denoise/denoise.py", line 425, in <module>
    run()
  File "/home/room/streamlit/denoise/denoise.py", line 333, in run
    pre_color = st.color_picker('Pick A Color for processed spectrum', '#00f900', label='collapsed')
  File "/home/room/miniconda3/envs/pytorch1_11_cpu/lib/python3.10/site-packages/streamlit/runtime/metrics_util.py", line 356, in wrapped_func
    result = non_optional_func(*args, **kwargs)
TypeError: ColorPickerMixin.color_picker() got multiple values for argument 'label'
2023-08-14 19:55:55.533 Uncaught app exception
Traceback (most recent call last):
  File "/home/room/miniconda3/envs/pytorch1_11_cpu/lib/python3.10/site-packages/streamlit/runtime/scriptrunner/script_runner.py", line 552, in _run_script
    exec(code, module.__dict__)
  File "/home/room/streamlit/denoise/denoise.py", line 427, in <module>
    run()
  File "/home/room/streamlit/denoise/denoise.py", line 334, in run
    pre_color = st.color_picker('Pick A Color for processed spectrum', 'red')
  File "/home/room/miniconda3/envs/pytorch1_11_cpu/lib/python3.10/site-packages/streamlit/runtime/metrics_util.py", line 356, in wrapped_func
    result = non_optional_func(*args, **kwargs)
  File "/home/room/miniconda3/envs/pytorch1_11_cpu/lib/python3.10/site-packages/streamlit/elements/color_picker.py", line 141, in color_picker
    return self._color_picker(
  File "/home/room/miniconda3/envs/pytorch1_11_cpu/lib/python3.10/site-packages/streamlit/elements/color_picker.py", line 191, in _color_picker
    raise StreamlitAPIException(
streamlit.errors.StreamlitAPIException: 
                'red' is not a valid hex code for colors. Valid ones are like
                '#00FFAA' or '#000'.
                
2023-08-14 19:59:51.703 Uncaught app exception
Traceback (most recent call last):
  File "/home/room/miniconda3/envs/pytorch1_11_cpu/lib/python3.10/site-packages/streamlit/runtime/scriptrunner/script_runner.py", line 552, in _run_script
    exec(code, module.__dict__)
  File "/home/room/streamlit/denoise/denoise.py", line 427, in <module>
    run()
  File "/home/room/streamlit/denoise/denoise.py", line 363, in run
    st.altair_chart(c, use_container_width=True)
  File "/home/room/miniconda3/envs/pytorch1_11_cpu/lib/python3.10/site-packages/streamlit/runtime/metrics_util.py", line 356, in wrapped_func
    result = non_optional_func(*args, **kwargs)
  File "/home/room/miniconda3/envs/pytorch1_11_cpu/lib/python3.10/site-packages/streamlit/elements/dataframe_selector.py", line 541, in altair_chart
    return self.dg._arrow_altair_chart(altair_chart, use_container_width, theme)
  File "/home/room/miniconda3/envs/pytorch1_11_cpu/lib/python3.10/site-packages/streamlit/runtime/metrics_util.py", line 356, in wrapped_func
    result = non_optional_func(*args, **kwargs)
  File "/home/room/miniconda3/envs/pytorch1_11_cpu/lib/python3.10/site-packages/streamlit/elements/arrow_altair.py", line 330, in _arrow_altair_chart
    marshall(
  File "/home/room/miniconda3/envs/pytorch1_11_cpu/lib/python3.10/site-packages/streamlit/elements/arrow_altair.py", line 610, in marshall
    chart_dict = altair_chart.to_dict()
  File "/home/room/miniconda3/envs/pytorch1_11_cpu/lib/python3.10/site-packages/altair/vegalite/v4/api.py", line 393, in to_dict
    dct = super(TopLevelMixin, copy).to_dict(*args, **kwargs)
  File "/home/room/miniconda3/envs/pytorch1_11_cpu/lib/python3.10/site-packages/altair/utils/schemapi.py", line 346, in to_dict
    result = _todict(
  File "/home/room/miniconda3/envs/pytorch1_11_cpu/lib/python3.10/site-packages/altair/utils/schemapi.py", line 80, in _todict
    return {
  File "/home/room/miniconda3/envs/pytorch1_11_cpu/lib/python3.10/site-packages/altair/utils/schemapi.py", line 81, in <dictcomp>
    k: _todict(v, validate, context)
  File "/home/room/miniconda3/envs/pytorch1_11_cpu/lib/python3.10/site-packages/altair/utils/schemapi.py", line 78, in _todict
    return [_todict(v, validate, context) for v in obj]
  File "/home/room/miniconda3/envs/pytorch1_11_cpu/lib/python3.10/site-packages/altair/utils/schemapi.py", line 78, in <listcomp>
    return [_todict(v, validate, context) for v in obj]
  File "/home/room/miniconda3/envs/pytorch1_11_cpu/lib/python3.10/site-packages/altair/utils/schemapi.py", line 76, in _todict
    return obj.to_dict(validate=validate, context=context)
  File "/home/room/miniconda3/envs/pytorch1_11_cpu/lib/python3.10/site-packages/altair/vegalite/v4/api.py", line 2020, in to_dict
    return super().to_dict(*args, **kwargs)
  File "/home/room/miniconda3/envs/pytorch1_11_cpu/lib/python3.10/site-packages/altair/vegalite/v4/api.py", line 393, in to_dict
    dct = super(TopLevelMixin, copy).to_dict(*args, **kwargs)
  File "/home/room/miniconda3/envs/pytorch1_11_cpu/lib/python3.10/site-packages/altair/utils/schemapi.py", line 346, in to_dict
    result = _todict(
  File "/home/room/miniconda3/envs/pytorch1_11_cpu/lib/python3.10/site-packages/altair/utils/schemapi.py", line 80, in _todict
    return {
  File "/home/room/miniconda3/envs/pytorch1_11_cpu/lib/python3.10/site-packages/altair/utils/schemapi.py", line 81, in <dictcomp>
    k: _todict(v, validate, context)
  File "/home/room/miniconda3/envs/pytorch1_11_cpu/lib/python3.10/site-packages/altair/utils/schemapi.py", line 76, in _todict
    return obj.to_dict(validate=validate, context=context)
  File "/home/room/miniconda3/envs/pytorch1_11_cpu/lib/python3.10/site-packages/altair/utils/schemapi.py", line 346, in to_dict
    result = _todict(
  File "/home/room/miniconda3/envs/pytorch1_11_cpu/lib/python3.10/site-packages/altair/utils/schemapi.py", line 80, in _todict
    return {
  File "/home/room/miniconda3/envs/pytorch1_11_cpu/lib/python3.10/site-packages/altair/utils/schemapi.py", line 81, in <dictcomp>
    k: _todict(v, validate, context)
  File "/home/room/miniconda3/envs/pytorch1_11_cpu/lib/python3.10/site-packages/altair/utils/schemapi.py", line 76, in _todict
    return obj.to_dict(validate=validate, context=context)
  File "/home/room/miniconda3/envs/pytorch1_11_cpu/lib/python3.10/site-packages/altair/vegalite/v4/schema/channels.py", line 57, in to_dict
    return super(FieldChannelMixin, self).to_dict(
  File "/home/room/miniconda3/envs/pytorch1_11_cpu/lib/python3.10/site-packages/altair/utils/schemapi.py", line 360, in to_dict
    raise SchemaValidationError(self, err)
altair.utils.schemapi.SchemaValidationError: Invalid specification

        altair.vegalite.v4.schema.channels.Opacity->field, validating 'anyOf'

        1 is not valid under any of the given schemas
        
2023-08-14 20:08:42.281 Uncaught app exception
Traceback (most recent call last):
  File "/home/room/miniconda3/envs/pytorch1_11_cpu/lib/python3.10/site-packages/streamlit/runtime/scriptrunner/script_runner.py", line 552, in _run_script
    exec(code, module.__dict__)
  File "/home/room/streamlit/denoise/denoise.py", line 435, in <module>
    run()
  File "/home/room/streamlit/denoise/denoise.py", line 318, in run
    raw_specs, filenames = upload_module(upload_file, save_path=save_path)
  File "/home/room/streamlit/denoise/denoise.py", line 144, in upload_module
    spec = load_data(file, save_path)
  File "/home/room/streamlit/denoise/denoise.py", line 65, in load_data
    spec.columns = ['wavenumber', 'raw']
  File "/home/room/miniconda3/envs/pytorch1_11_cpu/lib/python3.10/site-packages/pandas/core/generic.py", line 6002, in __setattr__
    return object.__setattr__(self, name, value)
  File "pandas/_libs/properties.pyx", line 69, in pandas._libs.properties.AxisProperty.__set__
  File "/home/room/miniconda3/envs/pytorch1_11_cpu/lib/python3.10/site-packages/pandas/core/generic.py", line 730, in _set_axis
    self._mgr.set_axis(axis, labels)
  File "/home/room/miniconda3/envs/pytorch1_11_cpu/lib/python3.10/site-packages/pandas/core/internals/managers.py", line 225, in set_axis
    self._validate_set_axis(axis, new_labels)
  File "/home/room/miniconda3/envs/pytorch1_11_cpu/lib/python3.10/site-packages/pandas/core/internals/base.py", line 70, in _validate_set_axis
    raise ValueError(
ValueError: Length mismatch: Expected axis has 4 elements, new values have 2 elements
2023-08-14 20:08:47.549 Uncaught app exception
Traceback (most recent call last):
  File "/home/room/miniconda3/envs/pytorch1_11_cpu/lib/python3.10/site-packages/streamlit/runtime/scriptrunner/script_runner.py", line 552, in _run_script
    exec(code, module.__dict__)
  File "/home/room/streamlit/denoise/denoise.py", line 435, in <module>
    run()
  File "/home/room/streamlit/denoise/denoise.py", line 318, in run
    raw_specs, filenames = upload_module(upload_file, save_path=save_path)
  File "/home/room/streamlit/denoise/denoise.py", line 144, in upload_module
    spec = load_data(file, save_path)
  File "/home/room/streamlit/denoise/denoise.py", line 65, in load_data
    spec.columns = ['wavenumber', 'raw']
  File "/home/room/miniconda3/envs/pytorch1_11_cpu/lib/python3.10/site-packages/pandas/core/generic.py", line 6002, in __setattr__
    return object.__setattr__(self, name, value)
  File "pandas/_libs/properties.pyx", line 69, in pandas._libs.properties.AxisProperty.__set__
  File "/home/room/miniconda3/envs/pytorch1_11_cpu/lib/python3.10/site-packages/pandas/core/generic.py", line 730, in _set_axis
    self._mgr.set_axis(axis, labels)
  File "/home/room/miniconda3/envs/pytorch1_11_cpu/lib/python3.10/site-packages/pandas/core/internals/managers.py", line 225, in set_axis
    self._validate_set_axis(axis, new_labels)
  File "/home/room/miniconda3/envs/pytorch1_11_cpu/lib/python3.10/site-packages/pandas/core/internals/base.py", line 70, in _validate_set_axis
    raise ValueError(
ValueError: Length mismatch: Expected axis has 4 elements, new values have 2 elements
2023-08-14 20:08:49.402 Uncaught app exception
Traceback (most recent call last):
  File "/home/room/miniconda3/envs/pytorch1_11_cpu/lib/python3.10/site-packages/streamlit/runtime/scriptrunner/script_runner.py", line 552, in _run_script
    exec(code, module.__dict__)
  File "/home/room/streamlit/denoise/denoise.py", line 435, in <module>
    run()
  File "/home/room/streamlit/denoise/denoise.py", line 318, in run
    raw_specs, filenames = upload_module(upload_file, save_path=save_path)
  File "/home/room/streamlit/denoise/denoise.py", line 144, in upload_module
    spec = load_data(file, save_path)
  File "/home/room/streamlit/denoise/denoise.py", line 65, in load_data
    spec.columns = ['wavenumber', 'raw']
  File "/home/room/miniconda3/envs/pytorch1_11_cpu/lib/python3.10/site-packages/pandas/core/generic.py", line 6002, in __setattr__
    return object.__setattr__(self, name, value)
  File "pandas/_libs/properties.pyx", line 69, in pandas._libs.properties.AxisProperty.__set__
  File "/home/room/miniconda3/envs/pytorch1_11_cpu/lib/python3.10/site-packages/pandas/core/generic.py", line 730, in _set_axis
    self._mgr.set_axis(axis, labels)
  File "/home/room/miniconda3/envs/pytorch1_11_cpu/lib/python3.10/site-packages/pandas/core/internals/managers.py", line 225, in set_axis
    self._validate_set_axis(axis, new_labels)
  File "/home/room/miniconda3/envs/pytorch1_11_cpu/lib/python3.10/site-packages/pandas/core/internals/base.py", line 70, in _validate_set_axis
    raise ValueError(
ValueError: Length mismatch: Expected axis has 4 elements, new values have 2 elements
2023-08-14 20:08:59.780 Uncaught app exception
Traceback (most recent call last):
  File "/home/room/miniconda3/envs/pytorch1_11_cpu/lib/python3.10/site-packages/streamlit/runtime/scriptrunner/script_runner.py", line 552, in _run_script
    exec(code, module.__dict__)
  File "/home/room/streamlit/denoise/denoise.py", line 432, in <module>
    run()
  File "/home/room/streamlit/denoise/denoise.py", line 362, in run
    line, baseline
UnboundLocalError: local variable 'baseline' referenced before assignment
2023-08-14 20:11:04.627 Uncaught app exception
Traceback (most recent call last):
  File "/home/room/miniconda3/envs/pytorch1_11_cpu/lib/python3.10/site-packages/streamlit/runtime/scriptrunner/script_runner.py", line 552, in _run_script
    exec(code, module.__dict__)
  File "/home/room/streamlit/denoise/denoise.py", line 428, in <module>
    run()
  File "/home/room/streamlit/denoise/denoise.py", line 364, in run
    st.altair_chart(c, use_container_width=True)
  File "/home/room/miniconda3/envs/pytorch1_11_cpu/lib/python3.10/site-packages/streamlit/runtime/metrics_util.py", line 356, in wrapped_func
    result = non_optional_func(*args, **kwargs)
  File "/home/room/miniconda3/envs/pytorch1_11_cpu/lib/python3.10/site-packages/streamlit/elements/dataframe_selector.py", line 541, in altair_chart
    return self.dg._arrow_altair_chart(altair_chart, use_container_width, theme)
  File "/home/room/miniconda3/envs/pytorch1_11_cpu/lib/python3.10/site-packages/streamlit/runtime/metrics_util.py", line 356, in wrapped_func
    result = non_optional_func(*args, **kwargs)
  File "/home/room/miniconda3/envs/pytorch1_11_cpu/lib/python3.10/site-packages/streamlit/elements/arrow_altair.py", line 330, in _arrow_altair_chart
    marshall(
  File "/home/room/miniconda3/envs/pytorch1_11_cpu/lib/python3.10/site-packages/streamlit/elements/arrow_altair.py", line 610, in marshall
    chart_dict = altair_chart.to_dict()
  File "/home/room/miniconda3/envs/pytorch1_11_cpu/lib/python3.10/site-packages/altair/vegalite/v4/api.py", line 393, in to_dict
    dct = super(TopLevelMixin, copy).to_dict(*args, **kwargs)
  File "/home/room/miniconda3/envs/pytorch1_11_cpu/lib/python3.10/site-packages/altair/utils/schemapi.py", line 346, in to_dict
    result = _todict(
  File "/home/room/miniconda3/envs/pytorch1_11_cpu/lib/python3.10/site-packages/altair/utils/schemapi.py", line 80, in _todict
    return {
  File "/home/room/miniconda3/envs/pytorch1_11_cpu/lib/python3.10/site-packages/altair/utils/schemapi.py", line 81, in <dictcomp>
    k: _todict(v, validate, context)
  File "/home/room/miniconda3/envs/pytorch1_11_cpu/lib/python3.10/site-packages/altair/utils/schemapi.py", line 78, in _todict
    return [_todict(v, validate, context) for v in obj]
  File "/home/room/miniconda3/envs/pytorch1_11_cpu/lib/python3.10/site-packages/altair/utils/schemapi.py", line 78, in <listcomp>
    return [_todict(v, validate, context) for v in obj]
  File "/home/room/miniconda3/envs/pytorch1_11_cpu/lib/python3.10/site-packages/altair/utils/schemapi.py", line 76, in _todict
    return obj.to_dict(validate=validate, context=context)
  File "/home/room/miniconda3/envs/pytorch1_11_cpu/lib/python3.10/site-packages/altair/vegalite/v4/api.py", line 2020, in to_dict
    return super().to_dict(*args, **kwargs)
  File "/home/room/miniconda3/envs/pytorch1_11_cpu/lib/python3.10/site-packages/altair/vegalite/v4/api.py", line 393, in to_dict
    dct = super(TopLevelMixin, copy).to_dict(*args, **kwargs)
  File "/home/room/miniconda3/envs/pytorch1_11_cpu/lib/python3.10/site-packages/altair/utils/schemapi.py", line 346, in to_dict
    result = _todict(
  File "/home/room/miniconda3/envs/pytorch1_11_cpu/lib/python3.10/site-packages/altair/utils/schemapi.py", line 80, in _todict
    return {
  File "/home/room/miniconda3/envs/pytorch1_11_cpu/lib/python3.10/site-packages/altair/utils/schemapi.py", line 81, in <dictcomp>
    k: _todict(v, validate, context)
  File "/home/room/miniconda3/envs/pytorch1_11_cpu/lib/python3.10/site-packages/altair/utils/schemapi.py", line 76, in _todict
    return obj.to_dict(validate=validate, context=context)
  File "/home/room/miniconda3/envs/pytorch1_11_cpu/lib/python3.10/site-packages/altair/utils/schemapi.py", line 346, in to_dict
    result = _todict(
  File "/home/room/miniconda3/envs/pytorch1_11_cpu/lib/python3.10/site-packages/altair/utils/schemapi.py", line 80, in _todict
    return {
  File "/home/room/miniconda3/envs/pytorch1_11_cpu/lib/python3.10/site-packages/altair/utils/schemapi.py", line 81, in <dictcomp>
    k: _todict(v, validate, context)
  File "/home/room/miniconda3/envs/pytorch1_11_cpu/lib/python3.10/site-packages/altair/utils/schemapi.py", line 76, in _todict
    return obj.to_dict(validate=validate, context=context)
  File "/home/room/miniconda3/envs/pytorch1_11_cpu/lib/python3.10/site-packages/altair/vegalite/v4/schema/channels.py", line 76, in to_dict
    return super(ValueChannelMixin, copy).to_dict(validate=validate,
  File "/home/room/miniconda3/envs/pytorch1_11_cpu/lib/python3.10/site-packages/altair/utils/schemapi.py", line 360, in to_dict
    raise SchemaValidationError(self, err)
altair.utils.schemapi.SchemaValidationError: Invalid specification

        altair.vegalite.v4.schema.channels.ColorValue, validating 'additionalProperties'

        Additional properties are not allowed ('legend' was unexpected)
        
2023-08-14 20:12:20.890 Uncaught app exception
Traceback (most recent call last):
  File "/home/room/miniconda3/envs/pytorch1_11_cpu/lib/python3.10/site-packages/streamlit/runtime/scriptrunner/script_runner.py", line 552, in _run_script
    exec(code, module.__dict__)
  File "/home/room/streamlit/denoise/denoise.py", line 428, in <module>
    run()
  File "/home/room/streamlit/denoise/denoise.py", line 364, in run
    st.altair_chart(c, use_container_width=True)
  File "/home/room/miniconda3/envs/pytorch1_11_cpu/lib/python3.10/site-packages/streamlit/runtime/metrics_util.py", line 356, in wrapped_func
    result = non_optional_func(*args, **kwargs)
  File "/home/room/miniconda3/envs/pytorch1_11_cpu/lib/python3.10/site-packages/streamlit/elements/dataframe_selector.py", line 541, in altair_chart
    return self.dg._arrow_altair_chart(altair_chart, use_container_width, theme)
  File "/home/room/miniconda3/envs/pytorch1_11_cpu/lib/python3.10/site-packages/streamlit/runtime/metrics_util.py", line 356, in wrapped_func
    result = non_optional_func(*args, **kwargs)
  File "/home/room/miniconda3/envs/pytorch1_11_cpu/lib/python3.10/site-packages/streamlit/elements/arrow_altair.py", line 330, in _arrow_altair_chart
    marshall(
  File "/home/room/miniconda3/envs/pytorch1_11_cpu/lib/python3.10/site-packages/streamlit/elements/arrow_altair.py", line 610, in marshall
    chart_dict = altair_chart.to_dict()
  File "/home/room/miniconda3/envs/pytorch1_11_cpu/lib/python3.10/site-packages/altair/vegalite/v4/api.py", line 393, in to_dict
    dct = super(TopLevelMixin, copy).to_dict(*args, **kwargs)
  File "/home/room/miniconda3/envs/pytorch1_11_cpu/lib/python3.10/site-packages/altair/utils/schemapi.py", line 346, in to_dict
    result = _todict(
  File "/home/room/miniconda3/envs/pytorch1_11_cpu/lib/python3.10/site-packages/altair/utils/schemapi.py", line 80, in _todict
    return {
  File "/home/room/miniconda3/envs/pytorch1_11_cpu/lib/python3.10/site-packages/altair/utils/schemapi.py", line 81, in <dictcomp>
    k: _todict(v, validate, context)
  File "/home/room/miniconda3/envs/pytorch1_11_cpu/lib/python3.10/site-packages/altair/utils/schemapi.py", line 78, in _todict
    return [_todict(v, validate, context) for v in obj]
  File "/home/room/miniconda3/envs/pytorch1_11_cpu/lib/python3.10/site-packages/altair/utils/schemapi.py", line 78, in <listcomp>
    return [_todict(v, validate, context) for v in obj]
  File "/home/room/miniconda3/envs/pytorch1_11_cpu/lib/python3.10/site-packages/altair/utils/schemapi.py", line 76, in _todict
    return obj.to_dict(validate=validate, context=context)
  File "/home/room/miniconda3/envs/pytorch1_11_cpu/lib/python3.10/site-packages/altair/vegalite/v4/api.py", line 2020, in to_dict
    return super().to_dict(*args, **kwargs)
  File "/home/room/miniconda3/envs/pytorch1_11_cpu/lib/python3.10/site-packages/altair/vegalite/v4/api.py", line 393, in to_dict
    dct = super(TopLevelMixin, copy).to_dict(*args, **kwargs)
  File "/home/room/miniconda3/envs/pytorch1_11_cpu/lib/python3.10/site-packages/altair/utils/schemapi.py", line 346, in to_dict
    result = _todict(
  File "/home/room/miniconda3/envs/pytorch1_11_cpu/lib/python3.10/site-packages/altair/utils/schemapi.py", line 80, in _todict
    return {
  File "/home/room/miniconda3/envs/pytorch1_11_cpu/lib/python3.10/site-packages/altair/utils/schemapi.py", line 81, in <dictcomp>
    k: _todict(v, validate, context)
  File "/home/room/miniconda3/envs/pytorch1_11_cpu/lib/python3.10/site-packages/altair/utils/schemapi.py", line 76, in _todict
    return obj.to_dict(validate=validate, context=context)
  File "/home/room/miniconda3/envs/pytorch1_11_cpu/lib/python3.10/site-packages/altair/utils/schemapi.py", line 346, in to_dict
    result = _todict(
  File "/home/room/miniconda3/envs/pytorch1_11_cpu/lib/python3.10/site-packages/altair/utils/schemapi.py", line 80, in _todict
    return {
  File "/home/room/miniconda3/envs/pytorch1_11_cpu/lib/python3.10/site-packages/altair/utils/schemapi.py", line 81, in <dictcomp>
    k: _todict(v, validate, context)
  File "/home/room/miniconda3/envs/pytorch1_11_cpu/lib/python3.10/site-packages/altair/utils/schemapi.py", line 76, in _todict
    return obj.to_dict(validate=validate, context=context)
  File "/home/room/miniconda3/envs/pytorch1_11_cpu/lib/python3.10/site-packages/altair/vegalite/v4/schema/channels.py", line 76, in to_dict
    return super(ValueChannelMixin, copy).to_dict(validate=validate,
  File "/home/room/miniconda3/envs/pytorch1_11_cpu/lib/python3.10/site-packages/altair/utils/schemapi.py", line 360, in to_dict
    raise SchemaValidationError(self, err)
altair.utils.schemapi.SchemaValidationError: Invalid specification

        altair.vegalite.v4.schema.channels.ColorValue, validating 'additionalProperties'

        Additional properties are not allowed ('legend' was unexpected)
        
2023-08-14 20:12:27.136 Uncaught app exception
Traceback (most recent call last):
  File "/home/room/miniconda3/envs/pytorch1_11_cpu/lib/python3.10/site-packages/streamlit/runtime/scriptrunner/script_runner.py", line 552, in _run_script
    exec(code, module.__dict__)
  File "/home/room/streamlit/denoise/denoise.py", line 428, in <module>
    run()
  File "/home/room/streamlit/denoise/denoise.py", line 364, in run
    st.altair_chart(c, use_container_width=True)
  File "/home/room/miniconda3/envs/pytorch1_11_cpu/lib/python3.10/site-packages/streamlit/runtime/metrics_util.py", line 356, in wrapped_func
    result = non_optional_func(*args, **kwargs)
  File "/home/room/miniconda3/envs/pytorch1_11_cpu/lib/python3.10/site-packages/streamlit/elements/dataframe_selector.py", line 541, in altair_chart
    return self.dg._arrow_altair_chart(altair_chart, use_container_width, theme)
  File "/home/room/miniconda3/envs/pytorch1_11_cpu/lib/python3.10/site-packages/streamlit/runtime/metrics_util.py", line 356, in wrapped_func
    result = non_optional_func(*args, **kwargs)
  File "/home/room/miniconda3/envs/pytorch1_11_cpu/lib/python3.10/site-packages/streamlit/elements/arrow_altair.py", line 330, in _arrow_altair_chart
    marshall(
  File "/home/room/miniconda3/envs/pytorch1_11_cpu/lib/python3.10/site-packages/streamlit/elements/arrow_altair.py", line 610, in marshall
    chart_dict = altair_chart.to_dict()
  File "/home/room/miniconda3/envs/pytorch1_11_cpu/lib/python3.10/site-packages/altair/vegalite/v4/api.py", line 393, in to_dict
    dct = super(TopLevelMixin, copy).to_dict(*args, **kwargs)
  File "/home/room/miniconda3/envs/pytorch1_11_cpu/lib/python3.10/site-packages/altair/utils/schemapi.py", line 346, in to_dict
    result = _todict(
  File "/home/room/miniconda3/envs/pytorch1_11_cpu/lib/python3.10/site-packages/altair/utils/schemapi.py", line 80, in _todict
    return {
  File "/home/room/miniconda3/envs/pytorch1_11_cpu/lib/python3.10/site-packages/altair/utils/schemapi.py", line 81, in <dictcomp>
    k: _todict(v, validate, context)
  File "/home/room/miniconda3/envs/pytorch1_11_cpu/lib/python3.10/site-packages/altair/utils/schemapi.py", line 78, in _todict
    return [_todict(v, validate, context) for v in obj]
  File "/home/room/miniconda3/envs/pytorch1_11_cpu/lib/python3.10/site-packages/altair/utils/schemapi.py", line 78, in <listcomp>
    return [_todict(v, validate, context) for v in obj]
  File "/home/room/miniconda3/envs/pytorch1_11_cpu/lib/python3.10/site-packages/altair/utils/schemapi.py", line 76, in _todict
    return obj.to_dict(validate=validate, context=context)
  File "/home/room/miniconda3/envs/pytorch1_11_cpu/lib/python3.10/site-packages/altair/vegalite/v4/api.py", line 2020, in to_dict
    return super().to_dict(*args, **kwargs)
  File "/home/room/miniconda3/envs/pytorch1_11_cpu/lib/python3.10/site-packages/altair/vegalite/v4/api.py", line 393, in to_dict
    dct = super(TopLevelMixin, copy).to_dict(*args, **kwargs)
  File "/home/room/miniconda3/envs/pytorch1_11_cpu/lib/python3.10/site-packages/altair/utils/schemapi.py", line 346, in to_dict
    result = _todict(
  File "/home/room/miniconda3/envs/pytorch1_11_cpu/lib/python3.10/site-packages/altair/utils/schemapi.py", line 80, in _todict
    return {
  File "/home/room/miniconda3/envs/pytorch1_11_cpu/lib/python3.10/site-packages/altair/utils/schemapi.py", line 81, in <dictcomp>
    k: _todict(v, validate, context)
  File "/home/room/miniconda3/envs/pytorch1_11_cpu/lib/python3.10/site-packages/altair/utils/schemapi.py", line 76, in _todict
    return obj.to_dict(validate=validate, context=context)
  File "/home/room/miniconda3/envs/pytorch1_11_cpu/lib/python3.10/site-packages/altair/utils/schemapi.py", line 346, in to_dict
    result = _todict(
  File "/home/room/miniconda3/envs/pytorch1_11_cpu/lib/python3.10/site-packages/altair/utils/schemapi.py", line 80, in _todict
    return {
  File "/home/room/miniconda3/envs/pytorch1_11_cpu/lib/python3.10/site-packages/altair/utils/schemapi.py", line 81, in <dictcomp>
    k: _todict(v, validate, context)
  File "/home/room/miniconda3/envs/pytorch1_11_cpu/lib/python3.10/site-packages/altair/utils/schemapi.py", line 76, in _todict
    return obj.to_dict(validate=validate, context=context)
  File "/home/room/miniconda3/envs/pytorch1_11_cpu/lib/python3.10/site-packages/altair/vegalite/v4/schema/channels.py", line 76, in to_dict
    return super(ValueChannelMixin, copy).to_dict(validate=validate,
  File "/home/room/miniconda3/envs/pytorch1_11_cpu/lib/python3.10/site-packages/altair/utils/schemapi.py", line 360, in to_dict
    raise SchemaValidationError(self, err)
altair.utils.schemapi.SchemaValidationError: Invalid specification

        altair.vegalite.v4.schema.channels.ColorValue, validating 'additionalProperties'

        Additional properties are not allowed ('legend' was unexpected)
        
2023-08-14 20:12:34.034 Uncaught app exception
Traceback (most recent call last):
  File "/home/room/miniconda3/envs/pytorch1_11_cpu/lib/python3.10/site-packages/streamlit/runtime/scriptrunner/script_runner.py", line 552, in _run_script
    exec(code, module.__dict__)
  File "/home/room/streamlit/denoise/denoise.py", line 428, in <module>
    run()
  File "/home/room/streamlit/denoise/denoise.py", line 364, in run
    st.altair_chart(c, use_container_width=True)
  File "/home/room/miniconda3/envs/pytorch1_11_cpu/lib/python3.10/site-packages/streamlit/runtime/metrics_util.py", line 356, in wrapped_func
    result = non_optional_func(*args, **kwargs)
  File "/home/room/miniconda3/envs/pytorch1_11_cpu/lib/python3.10/site-packages/streamlit/elements/dataframe_selector.py", line 541, in altair_chart
    return self.dg._arrow_altair_chart(altair_chart, use_container_width, theme)
  File "/home/room/miniconda3/envs/pytorch1_11_cpu/lib/python3.10/site-packages/streamlit/runtime/metrics_util.py", line 356, in wrapped_func
    result = non_optional_func(*args, **kwargs)
  File "/home/room/miniconda3/envs/pytorch1_11_cpu/lib/python3.10/site-packages/streamlit/elements/arrow_altair.py", line 330, in _arrow_altair_chart
    marshall(
  File "/home/room/miniconda3/envs/pytorch1_11_cpu/lib/python3.10/site-packages/streamlit/elements/arrow_altair.py", line 610, in marshall
    chart_dict = altair_chart.to_dict()
  File "/home/room/miniconda3/envs/pytorch1_11_cpu/lib/python3.10/site-packages/altair/vegalite/v4/api.py", line 393, in to_dict
    dct = super(TopLevelMixin, copy).to_dict(*args, **kwargs)
  File "/home/room/miniconda3/envs/pytorch1_11_cpu/lib/python3.10/site-packages/altair/utils/schemapi.py", line 346, in to_dict
    result = _todict(
  File "/home/room/miniconda3/envs/pytorch1_11_cpu/lib/python3.10/site-packages/altair/utils/schemapi.py", line 80, in _todict
    return {
  File "/home/room/miniconda3/envs/pytorch1_11_cpu/lib/python3.10/site-packages/altair/utils/schemapi.py", line 81, in <dictcomp>
    k: _todict(v, validate, context)
  File "/home/room/miniconda3/envs/pytorch1_11_cpu/lib/python3.10/site-packages/altair/utils/schemapi.py", line 78, in _todict
    return [_todict(v, validate, context) for v in obj]
  File "/home/room/miniconda3/envs/pytorch1_11_cpu/lib/python3.10/site-packages/altair/utils/schemapi.py", line 78, in <listcomp>
    return [_todict(v, validate, context) for v in obj]
  File "/home/room/miniconda3/envs/pytorch1_11_cpu/lib/python3.10/site-packages/altair/utils/schemapi.py", line 76, in _todict
    return obj.to_dict(validate=validate, context=context)
  File "/home/room/miniconda3/envs/pytorch1_11_cpu/lib/python3.10/site-packages/altair/vegalite/v4/api.py", line 2020, in to_dict
    return super().to_dict(*args, **kwargs)
  File "/home/room/miniconda3/envs/pytorch1_11_cpu/lib/python3.10/site-packages/altair/vegalite/v4/api.py", line 393, in to_dict
    dct = super(TopLevelMixin, copy).to_dict(*args, **kwargs)
  File "/home/room/miniconda3/envs/pytorch1_11_cpu/lib/python3.10/site-packages/altair/utils/schemapi.py", line 346, in to_dict
    result = _todict(
  File "/home/room/miniconda3/envs/pytorch1_11_cpu/lib/python3.10/site-packages/altair/utils/schemapi.py", line 80, in _todict
    return {
  File "/home/room/miniconda3/envs/pytorch1_11_cpu/lib/python3.10/site-packages/altair/utils/schemapi.py", line 81, in <dictcomp>
    k: _todict(v, validate, context)
  File "/home/room/miniconda3/envs/pytorch1_11_cpu/lib/python3.10/site-packages/altair/utils/schemapi.py", line 76, in _todict
    return obj.to_dict(validate=validate, context=context)
  File "/home/room/miniconda3/envs/pytorch1_11_cpu/lib/python3.10/site-packages/altair/utils/schemapi.py", line 346, in to_dict
    result = _todict(
  File "/home/room/miniconda3/envs/pytorch1_11_cpu/lib/python3.10/site-packages/altair/utils/schemapi.py", line 80, in _todict
    return {
  File "/home/room/miniconda3/envs/pytorch1_11_cpu/lib/python3.10/site-packages/altair/utils/schemapi.py", line 81, in <dictcomp>
    k: _todict(v, validate, context)
  File "/home/room/miniconda3/envs/pytorch1_11_cpu/lib/python3.10/site-packages/altair/utils/schemapi.py", line 76, in _todict
    return obj.to_dict(validate=validate, context=context)
  File "/home/room/miniconda3/envs/pytorch1_11_cpu/lib/python3.10/site-packages/altair/vegalite/v4/schema/channels.py", line 76, in to_dict
    return super(ValueChannelMixin, copy).to_dict(validate=validate,
  File "/home/room/miniconda3/envs/pytorch1_11_cpu/lib/python3.10/site-packages/altair/utils/schemapi.py", line 360, in to_dict
    raise SchemaValidationError(self, err)
altair.utils.schemapi.SchemaValidationError: Invalid specification

        altair.vegalite.v4.schema.channels.ColorValue, validating 'additionalProperties'

        Additional properties are not allowed ('legend' was unexpected)
        
2023-08-14 20:12:48.808 Uncaught app exception
Traceback (most recent call last):
  File "/home/room/miniconda3/envs/pytorch1_11_cpu/lib/python3.10/site-packages/streamlit/runtime/scriptrunner/script_runner.py", line 552, in _run_script
    exec(code, module.__dict__)
  File "/home/room/streamlit/denoise/denoise.py", line 428, in <module>
    run()
  File "/home/room/streamlit/denoise/denoise.py", line 364, in run
    st.altair_chart(c, use_container_width=True)
  File "/home/room/miniconda3/envs/pytorch1_11_cpu/lib/python3.10/site-packages/streamlit/runtime/metrics_util.py", line 356, in wrapped_func
    result = non_optional_func(*args, **kwargs)
  File "/home/room/miniconda3/envs/pytorch1_11_cpu/lib/python3.10/site-packages/streamlit/elements/dataframe_selector.py", line 541, in altair_chart
    return self.dg._arrow_altair_chart(altair_chart, use_container_width, theme)
  File "/home/room/miniconda3/envs/pytorch1_11_cpu/lib/python3.10/site-packages/streamlit/runtime/metrics_util.py", line 356, in wrapped_func
    result = non_optional_func(*args, **kwargs)
  File "/home/room/miniconda3/envs/pytorch1_11_cpu/lib/python3.10/site-packages/streamlit/elements/arrow_altair.py", line 330, in _arrow_altair_chart
    marshall(
  File "/home/room/miniconda3/envs/pytorch1_11_cpu/lib/python3.10/site-packages/streamlit/elements/arrow_altair.py", line 610, in marshall
    chart_dict = altair_chart.to_dict()
  File "/home/room/miniconda3/envs/pytorch1_11_cpu/lib/python3.10/site-packages/altair/vegalite/v4/api.py", line 393, in to_dict
    dct = super(TopLevelMixin, copy).to_dict(*args, **kwargs)
  File "/home/room/miniconda3/envs/pytorch1_11_cpu/lib/python3.10/site-packages/altair/utils/schemapi.py", line 346, in to_dict
    result = _todict(
  File "/home/room/miniconda3/envs/pytorch1_11_cpu/lib/python3.10/site-packages/altair/utils/schemapi.py", line 80, in _todict
    return {
  File "/home/room/miniconda3/envs/pytorch1_11_cpu/lib/python3.10/site-packages/altair/utils/schemapi.py", line 81, in <dictcomp>
    k: _todict(v, validate, context)
  File "/home/room/miniconda3/envs/pytorch1_11_cpu/lib/python3.10/site-packages/altair/utils/schemapi.py", line 78, in _todict
    return [_todict(v, validate, context) for v in obj]
  File "/home/room/miniconda3/envs/pytorch1_11_cpu/lib/python3.10/site-packages/altair/utils/schemapi.py", line 78, in <listcomp>
    return [_todict(v, validate, context) for v in obj]
  File "/home/room/miniconda3/envs/pytorch1_11_cpu/lib/python3.10/site-packages/altair/utils/schemapi.py", line 76, in _todict
    return obj.to_dict(validate=validate, context=context)
  File "/home/room/miniconda3/envs/pytorch1_11_cpu/lib/python3.10/site-packages/altair/vegalite/v4/api.py", line 2020, in to_dict
    return super().to_dict(*args, **kwargs)
  File "/home/room/miniconda3/envs/pytorch1_11_cpu/lib/python3.10/site-packages/altair/vegalite/v4/api.py", line 393, in to_dict
    dct = super(TopLevelMixin, copy).to_dict(*args, **kwargs)
  File "/home/room/miniconda3/envs/pytorch1_11_cpu/lib/python3.10/site-packages/altair/utils/schemapi.py", line 346, in to_dict
    result = _todict(
  File "/home/room/miniconda3/envs/pytorch1_11_cpu/lib/python3.10/site-packages/altair/utils/schemapi.py", line 80, in _todict
    return {
  File "/home/room/miniconda3/envs/pytorch1_11_cpu/lib/python3.10/site-packages/altair/utils/schemapi.py", line 81, in <dictcomp>
    k: _todict(v, validate, context)
  File "/home/room/miniconda3/envs/pytorch1_11_cpu/lib/python3.10/site-packages/altair/utils/schemapi.py", line 76, in _todict
    return obj.to_dict(validate=validate, context=context)
  File "/home/room/miniconda3/envs/pytorch1_11_cpu/lib/python3.10/site-packages/altair/utils/schemapi.py", line 346, in to_dict
    result = _todict(
  File "/home/room/miniconda3/envs/pytorch1_11_cpu/lib/python3.10/site-packages/altair/utils/schemapi.py", line 80, in _todict
    return {
  File "/home/room/miniconda3/envs/pytorch1_11_cpu/lib/python3.10/site-packages/altair/utils/schemapi.py", line 81, in <dictcomp>
    k: _todict(v, validate, context)
  File "/home/room/miniconda3/envs/pytorch1_11_cpu/lib/python3.10/site-packages/altair/utils/schemapi.py", line 76, in _todict
    return obj.to_dict(validate=validate, context=context)
  File "/home/room/miniconda3/envs/pytorch1_11_cpu/lib/python3.10/site-packages/altair/vegalite/v4/schema/channels.py", line 76, in to_dict
    return super(ValueChannelMixin, copy).to_dict(validate=validate,
  File "/home/room/miniconda3/envs/pytorch1_11_cpu/lib/python3.10/site-packages/altair/utils/schemapi.py", line 360, in to_dict
    raise SchemaValidationError(self, err)
altair.utils.schemapi.SchemaValidationError: Invalid specification

        altair.vegalite.v4.schema.channels.ColorValue, validating 'additionalProperties'

        Additional properties are not allowed ('legend' was unexpected)
        
2023-08-14 20:13:09.148 Uncaught app exception
Traceback (most recent call last):
  File "/home/room/miniconda3/envs/pytorch1_11_cpu/lib/python3.10/site-packages/streamlit/runtime/scriptrunner/script_runner.py", line 552, in _run_script
    exec(code, module.__dict__)
  File "/home/room/streamlit/denoise/denoise.py", line 428, in <module>
    run()
  File "/home/room/streamlit/denoise/denoise.py", line 364, in run
    st.altair_chart(c, use_container_width=True)
  File "/home/room/miniconda3/envs/pytorch1_11_cpu/lib/python3.10/site-packages/streamlit/runtime/metrics_util.py", line 356, in wrapped_func
    result = non_optional_func(*args, **kwargs)
  File "/home/room/miniconda3/envs/pytorch1_11_cpu/lib/python3.10/site-packages/streamlit/elements/dataframe_selector.py", line 541, in altair_chart
    return self.dg._arrow_altair_chart(altair_chart, use_container_width, theme)
  File "/home/room/miniconda3/envs/pytorch1_11_cpu/lib/python3.10/site-packages/streamlit/runtime/metrics_util.py", line 356, in wrapped_func
    result = non_optional_func(*args, **kwargs)
  File "/home/room/miniconda3/envs/pytorch1_11_cpu/lib/python3.10/site-packages/streamlit/elements/arrow_altair.py", line 330, in _arrow_altair_chart
    marshall(
  File "/home/room/miniconda3/envs/pytorch1_11_cpu/lib/python3.10/site-packages/streamlit/elements/arrow_altair.py", line 610, in marshall
    chart_dict = altair_chart.to_dict()
  File "/home/room/miniconda3/envs/pytorch1_11_cpu/lib/python3.10/site-packages/altair/vegalite/v4/api.py", line 393, in to_dict
    dct = super(TopLevelMixin, copy).to_dict(*args, **kwargs)
  File "/home/room/miniconda3/envs/pytorch1_11_cpu/lib/python3.10/site-packages/altair/utils/schemapi.py", line 346, in to_dict
    result = _todict(
  File "/home/room/miniconda3/envs/pytorch1_11_cpu/lib/python3.10/site-packages/altair/utils/schemapi.py", line 80, in _todict
    return {
  File "/home/room/miniconda3/envs/pytorch1_11_cpu/lib/python3.10/site-packages/altair/utils/schemapi.py", line 81, in <dictcomp>
    k: _todict(v, validate, context)
  File "/home/room/miniconda3/envs/pytorch1_11_cpu/lib/python3.10/site-packages/altair/utils/schemapi.py", line 78, in _todict
    return [_todict(v, validate, context) for v in obj]
  File "/home/room/miniconda3/envs/pytorch1_11_cpu/lib/python3.10/site-packages/altair/utils/schemapi.py", line 78, in <listcomp>
    return [_todict(v, validate, context) for v in obj]
  File "/home/room/miniconda3/envs/pytorch1_11_cpu/lib/python3.10/site-packages/altair/utils/schemapi.py", line 76, in _todict
    return obj.to_dict(validate=validate, context=context)
  File "/home/room/miniconda3/envs/pytorch1_11_cpu/lib/python3.10/site-packages/altair/vegalite/v4/api.py", line 2020, in to_dict
    return super().to_dict(*args, **kwargs)
  File "/home/room/miniconda3/envs/pytorch1_11_cpu/lib/python3.10/site-packages/altair/vegalite/v4/api.py", line 393, in to_dict
    dct = super(TopLevelMixin, copy).to_dict(*args, **kwargs)
  File "/home/room/miniconda3/envs/pytorch1_11_cpu/lib/python3.10/site-packages/altair/utils/schemapi.py", line 360, in to_dict
    raise SchemaValidationError(self, err)
altair.utils.schemapi.SchemaValidationError: Invalid specification

        altair.vegalite.v4.api.Chart, validating 'additionalProperties'

        Additional properties are not allowed ('color', 'opacity' were unexpected)
        
2023-08-14 20:13:14.447 Uncaught app exception
Traceback (most recent call last):
  File "/home/room/miniconda3/envs/pytorch1_11_cpu/lib/python3.10/site-packages/streamlit/runtime/scriptrunner/script_runner.py", line 552, in _run_script
    exec(code, module.__dict__)
  File "/home/room/streamlit/denoise/denoise.py", line 428, in <module>
    run()
  File "/home/room/streamlit/denoise/denoise.py", line 364, in run
    st.altair_chart(c, use_container_width=True)
  File "/home/room/miniconda3/envs/pytorch1_11_cpu/lib/python3.10/site-packages/streamlit/runtime/metrics_util.py", line 356, in wrapped_func
    result = non_optional_func(*args, **kwargs)
  File "/home/room/miniconda3/envs/pytorch1_11_cpu/lib/python3.10/site-packages/streamlit/elements/dataframe_selector.py", line 541, in altair_chart
    return self.dg._arrow_altair_chart(altair_chart, use_container_width, theme)
  File "/home/room/miniconda3/envs/pytorch1_11_cpu/lib/python3.10/site-packages/streamlit/runtime/metrics_util.py", line 356, in wrapped_func
    result = non_optional_func(*args, **kwargs)
  File "/home/room/miniconda3/envs/pytorch1_11_cpu/lib/python3.10/site-packages/streamlit/elements/arrow_altair.py", line 330, in _arrow_altair_chart
    marshall(
  File "/home/room/miniconda3/envs/pytorch1_11_cpu/lib/python3.10/site-packages/streamlit/elements/arrow_altair.py", line 610, in marshall
    chart_dict = altair_chart.to_dict()
  File "/home/room/miniconda3/envs/pytorch1_11_cpu/lib/python3.10/site-packages/altair/vegalite/v4/api.py", line 393, in to_dict
    dct = super(TopLevelMixin, copy).to_dict(*args, **kwargs)
  File "/home/room/miniconda3/envs/pytorch1_11_cpu/lib/python3.10/site-packages/altair/utils/schemapi.py", line 346, in to_dict
    result = _todict(
  File "/home/room/miniconda3/envs/pytorch1_11_cpu/lib/python3.10/site-packages/altair/utils/schemapi.py", line 80, in _todict
    return {
  File "/home/room/miniconda3/envs/pytorch1_11_cpu/lib/python3.10/site-packages/altair/utils/schemapi.py", line 81, in <dictcomp>
    k: _todict(v, validate, context)
  File "/home/room/miniconda3/envs/pytorch1_11_cpu/lib/python3.10/site-packages/altair/utils/schemapi.py", line 78, in _todict
    return [_todict(v, validate, context) for v in obj]
  File "/home/room/miniconda3/envs/pytorch1_11_cpu/lib/python3.10/site-packages/altair/utils/schemapi.py", line 78, in <listcomp>
    return [_todict(v, validate, context) for v in obj]
  File "/home/room/miniconda3/envs/pytorch1_11_cpu/lib/python3.10/site-packages/altair/utils/schemapi.py", line 76, in _todict
    return obj.to_dict(validate=validate, context=context)
  File "/home/room/miniconda3/envs/pytorch1_11_cpu/lib/python3.10/site-packages/altair/vegalite/v4/api.py", line 2020, in to_dict
    return super().to_dict(*args, **kwargs)
  File "/home/room/miniconda3/envs/pytorch1_11_cpu/lib/python3.10/site-packages/altair/vegalite/v4/api.py", line 393, in to_dict
    dct = super(TopLevelMixin, copy).to_dict(*args, **kwargs)
  File "/home/room/miniconda3/envs/pytorch1_11_cpu/lib/python3.10/site-packages/altair/utils/schemapi.py", line 360, in to_dict
    raise SchemaValidationError(self, err)
altair.utils.schemapi.SchemaValidationError: Invalid specification

        altair.vegalite.v4.api.Chart, validating 'additionalProperties'

        Additional properties are not allowed ('color', 'opacity' were unexpected)
        
2023-08-14 20:13:31.565 Uncaught app exception
Traceback (most recent call last):
  File "/home/room/miniconda3/envs/pytorch1_11_cpu/lib/python3.10/site-packages/streamlit/runtime/scriptrunner/script_runner.py", line 552, in _run_script
    exec(code, module.__dict__)
  File "/home/room/streamlit/denoise/denoise.py", line 428, in <module>
    run()
  File "/home/room/streamlit/denoise/denoise.py", line 364, in run
    st.altair_chart(c, use_container_width=True)
  File "/home/room/miniconda3/envs/pytorch1_11_cpu/lib/python3.10/site-packages/streamlit/runtime/metrics_util.py", line 356, in wrapped_func
    result = non_optional_func(*args, **kwargs)
  File "/home/room/miniconda3/envs/pytorch1_11_cpu/lib/python3.10/site-packages/streamlit/elements/dataframe_selector.py", line 541, in altair_chart
    return self.dg._arrow_altair_chart(altair_chart, use_container_width, theme)
  File "/home/room/miniconda3/envs/pytorch1_11_cpu/lib/python3.10/site-packages/streamlit/runtime/metrics_util.py", line 356, in wrapped_func
    result = non_optional_func(*args, **kwargs)
  File "/home/room/miniconda3/envs/pytorch1_11_cpu/lib/python3.10/site-packages/streamlit/elements/arrow_altair.py", line 330, in _arrow_altair_chart
    marshall(
  File "/home/room/miniconda3/envs/pytorch1_11_cpu/lib/python3.10/site-packages/streamlit/elements/arrow_altair.py", line 610, in marshall
    chart_dict = altair_chart.to_dict()
  File "/home/room/miniconda3/envs/pytorch1_11_cpu/lib/python3.10/site-packages/altair/vegalite/v4/api.py", line 393, in to_dict
    dct = super(TopLevelMixin, copy).to_dict(*args, **kwargs)
  File "/home/room/miniconda3/envs/pytorch1_11_cpu/lib/python3.10/site-packages/altair/utils/schemapi.py", line 346, in to_dict
    result = _todict(
  File "/home/room/miniconda3/envs/pytorch1_11_cpu/lib/python3.10/site-packages/altair/utils/schemapi.py", line 80, in _todict
    return {
  File "/home/room/miniconda3/envs/pytorch1_11_cpu/lib/python3.10/site-packages/altair/utils/schemapi.py", line 81, in <dictcomp>
    k: _todict(v, validate, context)
  File "/home/room/miniconda3/envs/pytorch1_11_cpu/lib/python3.10/site-packages/altair/utils/schemapi.py", line 78, in _todict
    return [_todict(v, validate, context) for v in obj]
  File "/home/room/miniconda3/envs/pytorch1_11_cpu/lib/python3.10/site-packages/altair/utils/schemapi.py", line 78, in <listcomp>
    return [_todict(v, validate, context) for v in obj]
  File "/home/room/miniconda3/envs/pytorch1_11_cpu/lib/python3.10/site-packages/altair/utils/schemapi.py", line 76, in _todict
    return obj.to_dict(validate=validate, context=context)
  File "/home/room/miniconda3/envs/pytorch1_11_cpu/lib/python3.10/site-packages/altair/vegalite/v4/api.py", line 2020, in to_dict
    return super().to_dict(*args, **kwargs)
  File "/home/room/miniconda3/envs/pytorch1_11_cpu/lib/python3.10/site-packages/altair/vegalite/v4/api.py", line 393, in to_dict
    dct = super(TopLevelMixin, copy).to_dict(*args, **kwargs)
  File "/home/room/miniconda3/envs/pytorch1_11_cpu/lib/python3.10/site-packages/altair/utils/schemapi.py", line 360, in to_dict
    raise SchemaValidationError(self, err)
altair.utils.schemapi.SchemaValidationError: Invalid specification

        altair.vegalite.v4.api.Chart, validating 'additionalProperties'

        Additional properties are not allowed ('color', 'opacity' were unexpected)
        
2023-08-14 20:13:43.593 Uncaught app exception
Traceback (most recent call last):
  File "/home/room/miniconda3/envs/pytorch1_11_cpu/lib/python3.10/site-packages/streamlit/runtime/scriptrunner/script_runner.py", line 552, in _run_script
    exec(code, module.__dict__)
  File "/home/room/streamlit/denoise/denoise.py", line 428, in <module>
    run()
  File "/home/room/streamlit/denoise/denoise.py", line 367, in run
    peak_analysis_args = peak_analysis_module(demo_spec)
  File "/home/room/streamlit/denoise/denoise.py", line 277, in peak_analysis_module
    peak_x, peak_y, peaks, fit_results, start_points, end_points = find_and_fit_peaks(spec_df, height_threshold, edge_threshold, peak_width, peak_distance)
  File "/home/room/streamlit/denoise/denoise.py", line 122, in find_and_fit_peaks
    popt, _ = curve_fit(gaussian, x_peak, y_peak, p0=initial_guess)
  File "/home/room/miniconda3/envs/pytorch1_11_cpu/lib/python3.10/site-packages/scipy/optimize/_minpack_py.py", line 864, in curve_fit
    raise RuntimeError("Optimal parameters not found: " + errmsg)
RuntimeError: Optimal parameters not found: Number of calls to function has reached maxfev = 800.
2023-08-14 20:16:57.787 Uncaught app exception
Traceback (most recent call last):
  File "/home/room/miniconda3/envs/pytorch1_11_cpu/lib/python3.10/site-packages/streamlit/runtime/scriptrunner/script_runner.py", line 552, in _run_script
    exec(code, module.__dict__)
  File "/home/room/streamlit/denoise/denoise.py", line 430, in <module>
    run()
  File "/home/room/streamlit/denoise/denoise.py", line 357, in run
    color=alt.Color('category:N', scale=alt.Scale(domain=list(custom_colors.keys()), range=alt.ColorValue(baseline_color))),
  File "/home/room/miniconda3/envs/pytorch1_11_cpu/lib/python3.10/site-packages/altair/vegalite/v4/schema/core.py", line 13244, in __init__
    super(Scale, self).__init__(align=align, base=base, bins=bins, clamp=clamp, constant=constant,
  File "/home/room/miniconda3/envs/pytorch1_11_cpu/lib/python3.10/site-packages/altair/utils/schemapi.py", line 197, in __init__
    self.to_dict(validate=True)
  File "/home/room/miniconda3/envs/pytorch1_11_cpu/lib/python3.10/site-packages/altair/utils/schemapi.py", line 360, in to_dict
    raise SchemaValidationError(self, err)
altair.utils.schemapi.SchemaValidationError: Invalid specification

        altair.vegalite.v4.schema.core.Scale->range, validating 'anyOf'

        {'value': '#22CE12'} is not valid under any of the given schemas
        
2023-08-14 20:17:06.692 Uncaught app exception
Traceback (most recent call last):
  File "/home/room/miniconda3/envs/pytorch1_11_cpu/lib/python3.10/site-packages/streamlit/runtime/scriptrunner/script_runner.py", line 552, in _run_script
    exec(code, module.__dict__)
  File "/home/room/streamlit/denoise/denoise.py", line 430, in <module>
    run()
  File "/home/room/streamlit/denoise/denoise.py", line 357, in run
    color=alt.Color('category:N', scale=alt.Scale(range=alt.ColorValue(baseline_color))),
  File "/home/room/miniconda3/envs/pytorch1_11_cpu/lib/python3.10/site-packages/altair/vegalite/v4/schema/core.py", line 13244, in __init__
    super(Scale, self).__init__(align=align, base=base, bins=bins, clamp=clamp, constant=constant,
  File "/home/room/miniconda3/envs/pytorch1_11_cpu/lib/python3.10/site-packages/altair/utils/schemapi.py", line 197, in __init__
    self.to_dict(validate=True)
  File "/home/room/miniconda3/envs/pytorch1_11_cpu/lib/python3.10/site-packages/altair/utils/schemapi.py", line 360, in to_dict
    raise SchemaValidationError(self, err)
altair.utils.schemapi.SchemaValidationError: Invalid specification

        altair.vegalite.v4.schema.core.Scale->range, validating 'anyOf'

        {'value': '#22CE12'} is not valid under any of the given schemas
        
2023-08-14 20:17:24.602 Uncaught app exception
Traceback (most recent call last):
  File "/home/room/miniconda3/envs/pytorch1_11_cpu/lib/python3.10/site-packages/streamlit/runtime/scriptrunner/script_runner.py", line 552, in _run_script
    exec(code, module.__dict__)
  File "/home/room/streamlit/denoise/denoise.py", line 430, in <module>
    run()
  File "/home/room/streamlit/denoise/denoise.py", line 357, in run
    color=alt.Color('category:N', scale=alt.Scale(range=alt.ColorValue(baseline_color))),
  File "/home/room/miniconda3/envs/pytorch1_11_cpu/lib/python3.10/site-packages/altair/vegalite/v4/schema/core.py", line 13244, in __init__
    super(Scale, self).__init__(align=align, base=base, bins=bins, clamp=clamp, constant=constant,
  File "/home/room/miniconda3/envs/pytorch1_11_cpu/lib/python3.10/site-packages/altair/utils/schemapi.py", line 197, in __init__
    self.to_dict(validate=True)
  File "/home/room/miniconda3/envs/pytorch1_11_cpu/lib/python3.10/site-packages/altair/utils/schemapi.py", line 360, in to_dict
    raise SchemaValidationError(self, err)
altair.utils.schemapi.SchemaValidationError: Invalid specification

        altair.vegalite.v4.schema.core.Scale->range, validating 'anyOf'

        {'value': '#22CE12'} is not valid under any of the given schemas
        
2023-08-14 20:17:28.062 Uncaught app exception
Traceback (most recent call last):
  File "/home/room/miniconda3/envs/pytorch1_11_cpu/lib/python3.10/site-packages/streamlit/runtime/scriptrunner/script_runner.py", line 552, in _run_script
    exec(code, module.__dict__)
  File "/home/room/streamlit/denoise/denoise.py", line 430, in <module>
    run()
  File "/home/room/streamlit/denoise/denoise.py", line 357, in run
    color=alt.Color('category:N', scale=alt.Scale(range=alt.ColorValue(baseline_color))),
  File "/home/room/miniconda3/envs/pytorch1_11_cpu/lib/python3.10/site-packages/altair/vegalite/v4/schema/core.py", line 13244, in __init__
    super(Scale, self).__init__(align=align, base=base, bins=bins, clamp=clamp, constant=constant,
  File "/home/room/miniconda3/envs/pytorch1_11_cpu/lib/python3.10/site-packages/altair/utils/schemapi.py", line 197, in __init__
    self.to_dict(validate=True)
  File "/home/room/miniconda3/envs/pytorch1_11_cpu/lib/python3.10/site-packages/altair/utils/schemapi.py", line 360, in to_dict
    raise SchemaValidationError(self, err)
altair.utils.schemapi.SchemaValidationError: Invalid specification

        altair.vegalite.v4.schema.core.Scale->range, validating 'anyOf'

        {'value': '#22CE12'} is not valid under any of the given schemas
        
2023-08-14 20:17:30.840 Uncaught app exception
Traceback (most recent call last):
  File "/home/room/miniconda3/envs/pytorch1_11_cpu/lib/python3.10/site-packages/streamlit/runtime/scriptrunner/script_runner.py", line 552, in _run_script
    exec(code, module.__dict__)
  File "/home/room/streamlit/denoise/denoise.py", line 430, in <module>
    run()
  File "/home/room/streamlit/denoise/denoise.py", line 357, in run
    color=alt.Color('category:N', scale=alt.Scale(domain=['baseline'], range=alt.ColorValue(baseline_color))),
  File "/home/room/miniconda3/envs/pytorch1_11_cpu/lib/python3.10/site-packages/altair/vegalite/v4/schema/core.py", line 13244, in __init__
    super(Scale, self).__init__(align=align, base=base, bins=bins, clamp=clamp, constant=constant,
  File "/home/room/miniconda3/envs/pytorch1_11_cpu/lib/python3.10/site-packages/altair/utils/schemapi.py", line 197, in __init__
    self.to_dict(validate=True)
  File "/home/room/miniconda3/envs/pytorch1_11_cpu/lib/python3.10/site-packages/altair/utils/schemapi.py", line 360, in to_dict
    raise SchemaValidationError(self, err)
altair.utils.schemapi.SchemaValidationError: Invalid specification

        altair.vegalite.v4.schema.core.Scale->range, validating 'anyOf'

        {'value': '#22CE12'} is not valid under any of the given schemas
        
2023-08-14 20:17:32.790 Uncaught app exception
Traceback (most recent call last):
  File "/home/room/miniconda3/envs/pytorch1_11_cpu/lib/python3.10/site-packages/streamlit/runtime/scriptrunner/script_runner.py", line 552, in _run_script
    exec(code, module.__dict__)
  File "/home/room/streamlit/denoise/denoise.py", line 430, in <module>
    run()
  File "/home/room/streamlit/denoise/denoise.py", line 357, in run
    color=alt.Color('category:N', scale=alt.Scale(domain=['baseline'], range=alt.ColorValue(baseline_color))),
  File "/home/room/miniconda3/envs/pytorch1_11_cpu/lib/python3.10/site-packages/altair/vegalite/v4/schema/core.py", line 13244, in __init__
    super(Scale, self).__init__(align=align, base=base, bins=bins, clamp=clamp, constant=constant,
  File "/home/room/miniconda3/envs/pytorch1_11_cpu/lib/python3.10/site-packages/altair/utils/schemapi.py", line 197, in __init__
    self.to_dict(validate=True)
  File "/home/room/miniconda3/envs/pytorch1_11_cpu/lib/python3.10/site-packages/altair/utils/schemapi.py", line 360, in to_dict
    raise SchemaValidationError(self, err)
altair.utils.schemapi.SchemaValidationError: Invalid specification

        altair.vegalite.v4.schema.core.Scale->range, validating 'anyOf'

        {'value': '#22CE12'} is not valid under any of the given schemas
        
2023-08-14 20:17:41.675 Uncaught app exception
Traceback (most recent call last):
  File "/home/room/miniconda3/envs/pytorch1_11_cpu/lib/python3.10/site-packages/streamlit/runtime/scriptrunner/script_runner.py", line 552, in _run_script
    exec(code, module.__dict__)
  File "/home/room/streamlit/denoise/denoise.py", line 430, in <module>
    run()
  File "/home/room/streamlit/denoise/denoise.py", line 369, in run
    peak_analysis_args = peak_analysis_module(demo_spec)
  File "/home/room/streamlit/denoise/denoise.py", line 277, in peak_analysis_module
    peak_x, peak_y, peaks, fit_results, start_points, end_points = find_and_fit_peaks(spec_df, height_threshold, edge_threshold, peak_width, peak_distance)
  File "/home/room/streamlit/denoise/denoise.py", line 122, in find_and_fit_peaks
    popt, _ = curve_fit(gaussian, x_peak, y_peak, p0=initial_guess)
  File "/home/room/miniconda3/envs/pytorch1_11_cpu/lib/python3.10/site-packages/scipy/optimize/_minpack_py.py", line 864, in curve_fit
    raise RuntimeError("Optimal parameters not found: " + errmsg)
RuntimeError: Optimal parameters not found: Number of calls to function has reached maxfev = 800.
2023-08-14 20:17:49.993 Uncaught app exception
Traceback (most recent call last):
  File "/home/room/miniconda3/envs/pytorch1_11_cpu/lib/python3.10/site-packages/streamlit/runtime/scriptrunner/script_runner.py", line 552, in _run_script
    exec(code, module.__dict__)
  File "/home/room/streamlit/denoise/denoise.py", line 430, in <module>
    run()
  File "/home/room/streamlit/denoise/denoise.py", line 369, in run
    peak_analysis_args = peak_analysis_module(demo_spec)
  File "/home/room/streamlit/denoise/denoise.py", line 277, in peak_analysis_module
    peak_x, peak_y, peaks, fit_results, start_points, end_points = find_and_fit_peaks(spec_df, height_threshold, edge_threshold, peak_width, peak_distance)
  File "/home/room/streamlit/denoise/denoise.py", line 122, in find_and_fit_peaks
    popt, _ = curve_fit(gaussian, x_peak, y_peak, p0=initial_guess)
  File "/home/room/miniconda3/envs/pytorch1_11_cpu/lib/python3.10/site-packages/scipy/optimize/_minpack_py.py", line 864, in curve_fit
    raise RuntimeError("Optimal parameters not found: " + errmsg)
RuntimeError: Optimal parameters not found: Number of calls to function has reached maxfev = 800.
2023-08-14 20:17:51.100 Uncaught app exception
Traceback (most recent call last):
  File "/home/room/miniconda3/envs/pytorch1_11_cpu/lib/python3.10/site-packages/streamlit/runtime/scriptrunner/script_runner.py", line 552, in _run_script
    exec(code, module.__dict__)
  File "/home/room/streamlit/denoise/denoise.py", line 430, in <module>
    run()
  File "/home/room/streamlit/denoise/denoise.py", line 369, in run
    peak_analysis_args = peak_analysis_module(demo_spec)
  File "/home/room/streamlit/denoise/denoise.py", line 277, in peak_analysis_module
    peak_x, peak_y, peaks, fit_results, start_points, end_points = find_and_fit_peaks(spec_df, height_threshold, edge_threshold, peak_width, peak_distance)
  File "/home/room/streamlit/denoise/denoise.py", line 122, in find_and_fit_peaks
    popt, _ = curve_fit(gaussian, x_peak, y_peak, p0=initial_guess)
  File "/home/room/miniconda3/envs/pytorch1_11_cpu/lib/python3.10/site-packages/scipy/optimize/_minpack_py.py", line 864, in curve_fit
    raise RuntimeError("Optimal parameters not found: " + errmsg)
RuntimeError: Optimal parameters not found: Number of calls to function has reached maxfev = 800.
2023-08-14 20:17:55.889 Uncaught app exception
Traceback (most recent call last):
  File "/home/room/miniconda3/envs/pytorch1_11_cpu/lib/python3.10/site-packages/streamlit/runtime/scriptrunner/script_runner.py", line 552, in _run_script
    exec(code, module.__dict__)
  File "/home/room/streamlit/denoise/denoise.py", line 430, in <module>
    run()
  File "/home/room/streamlit/denoise/denoise.py", line 369, in run
    peak_analysis_args = peak_analysis_module(demo_spec)
  File "/home/room/streamlit/denoise/denoise.py", line 277, in peak_analysis_module
    peak_x, peak_y, peaks, fit_results, start_points, end_points = find_and_fit_peaks(spec_df, height_threshold, edge_threshold, peak_width, peak_distance)
  File "/home/room/streamlit/denoise/denoise.py", line 122, in find_and_fit_peaks
    popt, _ = curve_fit(gaussian, x_peak, y_peak, p0=initial_guess)
  File "/home/room/miniconda3/envs/pytorch1_11_cpu/lib/python3.10/site-packages/scipy/optimize/_minpack_py.py", line 864, in curve_fit
    raise RuntimeError("Optimal parameters not found: " + errmsg)
RuntimeError: Optimal parameters not found: Number of calls to function has reached maxfev = 800.
2023-08-14 20:17:57.398 Uncaught app exception
Traceback (most recent call last):
  File "/home/room/miniconda3/envs/pytorch1_11_cpu/lib/python3.10/site-packages/streamlit/runtime/scriptrunner/script_runner.py", line 552, in _run_script
    exec(code, module.__dict__)
  File "/home/room/streamlit/denoise/denoise.py", line 430, in <module>
    run()
  File "/home/room/streamlit/denoise/denoise.py", line 369, in run
    peak_analysis_args = peak_analysis_module(demo_spec)
  File "/home/room/streamlit/denoise/denoise.py", line 277, in peak_analysis_module
    peak_x, peak_y, peaks, fit_results, start_points, end_points = find_and_fit_peaks(spec_df, height_threshold, edge_threshold, peak_width, peak_distance)
  File "/home/room/streamlit/denoise/denoise.py", line 122, in find_and_fit_peaks
    popt, _ = curve_fit(gaussian, x_peak, y_peak, p0=initial_guess)
  File "/home/room/miniconda3/envs/pytorch1_11_cpu/lib/python3.10/site-packages/scipy/optimize/_minpack_py.py", line 864, in curve_fit
    raise RuntimeError("Optimal parameters not found: " + errmsg)
RuntimeError: Optimal parameters not found: Number of calls to function has reached maxfev = 800.
2023-08-14 20:17:58.049 Uncaught app exception
Traceback (most recent call last):
  File "/home/room/miniconda3/envs/pytorch1_11_cpu/lib/python3.10/site-packages/streamlit/runtime/scriptrunner/script_runner.py", line 552, in _run_script
    exec(code, module.__dict__)
  File "/home/room/streamlit/denoise/denoise.py", line 430, in <module>
    run()
  File "/home/room/streamlit/denoise/denoise.py", line 369, in run
    peak_analysis_args = peak_analysis_module(demo_spec)
  File "/home/room/streamlit/denoise/denoise.py", line 277, in peak_analysis_module
    peak_x, peak_y, peaks, fit_results, start_points, end_points = find_and_fit_peaks(spec_df, height_threshold, edge_threshold, peak_width, peak_distance)
  File "/home/room/streamlit/denoise/denoise.py", line 122, in find_and_fit_peaks
    popt, _ = curve_fit(gaussian, x_peak, y_peak, p0=initial_guess)
  File "/home/room/miniconda3/envs/pytorch1_11_cpu/lib/python3.10/site-packages/scipy/optimize/_minpack_py.py", line 864, in curve_fit
    raise RuntimeError("Optimal parameters not found: " + errmsg)
RuntimeError: Optimal parameters not found: Number of calls to function has reached maxfev = 800.
2023-08-14 20:17:59.092 Uncaught app exception
Traceback (most recent call last):
  File "/home/room/miniconda3/envs/pytorch1_11_cpu/lib/python3.10/site-packages/streamlit/runtime/scriptrunner/script_runner.py", line 552, in _run_script
    exec(code, module.__dict__)
  File "/home/room/streamlit/denoise/denoise.py", line 430, in <module>
    run()
  File "/home/room/streamlit/denoise/denoise.py", line 369, in run
    peak_analysis_args = peak_analysis_module(demo_spec)
  File "/home/room/streamlit/denoise/denoise.py", line 277, in peak_analysis_module
    peak_x, peak_y, peaks, fit_results, start_points, end_points = find_and_fit_peaks(spec_df, height_threshold, edge_threshold, peak_width, peak_distance)
  File "/home/room/streamlit/denoise/denoise.py", line 122, in find_and_fit_peaks
    popt, _ = curve_fit(gaussian, x_peak, y_peak, p0=initial_guess)
  File "/home/room/miniconda3/envs/pytorch1_11_cpu/lib/python3.10/site-packages/scipy/optimize/_minpack_py.py", line 864, in curve_fit
    raise RuntimeError("Optimal parameters not found: " + errmsg)
RuntimeError: Optimal parameters not found: Number of calls to function has reached maxfev = 800.
2023-08-14 20:17:59.688 Uncaught app exception
Traceback (most recent call last):
  File "/home/room/miniconda3/envs/pytorch1_11_cpu/lib/python3.10/site-packages/streamlit/runtime/scriptrunner/script_runner.py", line 552, in _run_script
    exec(code, module.__dict__)
  File "/home/room/streamlit/denoise/denoise.py", line 430, in <module>
    run()
  File "/home/room/streamlit/denoise/denoise.py", line 369, in run
    peak_analysis_args = peak_analysis_module(demo_spec)
  File "/home/room/streamlit/denoise/denoise.py", line 277, in peak_analysis_module
    peak_x, peak_y, peaks, fit_results, start_points, end_points = find_and_fit_peaks(spec_df, height_threshold, edge_threshold, peak_width, peak_distance)
  File "/home/room/streamlit/denoise/denoise.py", line 122, in find_and_fit_peaks
    popt, _ = curve_fit(gaussian, x_peak, y_peak, p0=initial_guess)
  File "/home/room/miniconda3/envs/pytorch1_11_cpu/lib/python3.10/site-packages/scipy/optimize/_minpack_py.py", line 864, in curve_fit
    raise RuntimeError("Optimal parameters not found: " + errmsg)
RuntimeError: Optimal parameters not found: Number of calls to function has reached maxfev = 800.
2023-08-14 20:18:24.159 Uncaught app exception
Traceback (most recent call last):
  File "/home/room/miniconda3/envs/pytorch1_11_cpu/lib/python3.10/site-packages/streamlit/runtime/scriptrunner/script_runner.py", line 552, in _run_script
    exec(code, module.__dict__)
  File "/home/room/streamlit/denoise/denoise.py", line 430, in <module>
    run()
  File "/home/room/streamlit/denoise/denoise.py", line 357, in run
    color=alt.Color('category:N', scale=alt.Scale(domain=['baseline'], range=alt.ColorValue(1))),
  File "/home/room/miniconda3/envs/pytorch1_11_cpu/lib/python3.10/site-packages/altair/vegalite/v4/schema/core.py", line 13244, in __init__
    super(Scale, self).__init__(align=align, base=base, bins=bins, clamp=clamp, constant=constant,
  File "/home/room/miniconda3/envs/pytorch1_11_cpu/lib/python3.10/site-packages/altair/utils/schemapi.py", line 197, in __init__
    self.to_dict(validate=True)
  File "/home/room/miniconda3/envs/pytorch1_11_cpu/lib/python3.10/site-packages/altair/utils/schemapi.py", line 360, in to_dict
    raise SchemaValidationError(self, err)
altair.utils.schemapi.SchemaValidationError: Invalid specification

        altair.vegalite.v4.schema.core.Scale->range, validating 'anyOf'

        {'value': 1} is not valid under any of the given schemas
        
2023-08-14 20:18:34.922 Uncaught app exception
Traceback (most recent call last):
  File "/home/room/miniconda3/envs/pytorch1_11_cpu/lib/python3.10/site-packages/streamlit/runtime/scriptrunner/script_runner.py", line 552, in _run_script
    exec(code, module.__dict__)
  File "/home/room/streamlit/denoise/denoise.py", line 430, in <module>
    run()
  File "/home/room/streamlit/denoise/denoise.py", line 357, in run
    color=alt.Color('category:N', scale=alt.Scale(domain=['baseline'], range=[alt.ColorValue(baseline_color)])),
  File "/home/room/miniconda3/envs/pytorch1_11_cpu/lib/python3.10/site-packages/altair/vegalite/v4/schema/core.py", line 13244, in __init__
    super(Scale, self).__init__(align=align, base=base, bins=bins, clamp=clamp, constant=constant,
  File "/home/room/miniconda3/envs/pytorch1_11_cpu/lib/python3.10/site-packages/altair/utils/schemapi.py", line 197, in __init__
    self.to_dict(validate=True)
  File "/home/room/miniconda3/envs/pytorch1_11_cpu/lib/python3.10/site-packages/altair/utils/schemapi.py", line 360, in to_dict
    raise SchemaValidationError(self, err)
altair.utils.schemapi.SchemaValidationError: Invalid specification

        altair.vegalite.v4.schema.core.Scale->1->items, validating 'anyOf'

        {'value': '#22CE12'} is not valid under any of the given schemas
        
2023-08-14 20:18:44.367 Uncaught app exception
Traceback (most recent call last):
  File "/home/room/miniconda3/envs/pytorch1_11_cpu/lib/python3.10/site-packages/streamlit/runtime/scriptrunner/script_runner.py", line 552, in _run_script
    exec(code, module.__dict__)
  File "/home/room/streamlit/denoise/denoise.py", line 430, in <module>
    run()
  File "/home/room/streamlit/denoise/denoise.py", line 357, in run
    color=alt.Color('category:N', scale=alt.Scale(domain=['baseline'], range=[alt.ColorValue(0.25)])),
  File "/home/room/miniconda3/envs/pytorch1_11_cpu/lib/python3.10/site-packages/altair/vegalite/v4/schema/core.py", line 13244, in __init__
    super(Scale, self).__init__(align=align, base=base, bins=bins, clamp=clamp, constant=constant,
  File "/home/room/miniconda3/envs/pytorch1_11_cpu/lib/python3.10/site-packages/altair/utils/schemapi.py", line 197, in __init__
    self.to_dict(validate=True)
  File "/home/room/miniconda3/envs/pytorch1_11_cpu/lib/python3.10/site-packages/altair/utils/schemapi.py", line 360, in to_dict
    raise SchemaValidationError(self, err)
altair.utils.schemapi.SchemaValidationError: Invalid specification

        altair.vegalite.v4.schema.core.Scale->1->items, validating 'anyOf'

        {'value': 0.25} is not valid under any of the given schemas
        
2023-08-14 20:19:28.774 Uncaught app exception
Traceback (most recent call last):
  File "/home/room/miniconda3/envs/pytorch1_11_cpu/lib/python3.10/site-packages/streamlit/runtime/scriptrunner/script_runner.py", line 552, in _run_script
    exec(code, module.__dict__)
  File "/home/room/streamlit/denoise/denoise.py", line 430, in <module>
    run()
  File "/home/room/streamlit/denoise/denoise.py", line 357, in run
    color=alt.Color('category:N', scale=alt.Scale(domain=['baseline'], range=[alt.ColorValue(baseline_color)])),
  File "/home/room/miniconda3/envs/pytorch1_11_cpu/lib/python3.10/site-packages/altair/vegalite/v4/schema/core.py", line 13244, in __init__
    super(Scale, self).__init__(align=align, base=base, bins=bins, clamp=clamp, constant=constant,
  File "/home/room/miniconda3/envs/pytorch1_11_cpu/lib/python3.10/site-packages/altair/utils/schemapi.py", line 197, in __init__
    self.to_dict(validate=True)
  File "/home/room/miniconda3/envs/pytorch1_11_cpu/lib/python3.10/site-packages/altair/utils/schemapi.py", line 360, in to_dict
    raise SchemaValidationError(self, err)
altair.utils.schemapi.SchemaValidationError: Invalid specification

        altair.vegalite.v4.schema.core.Scale->1->items, validating 'anyOf'

        {'value': '#22CE12'} is not valid under any of the given schemas
        
2023-08-14 20:20:54.468 Uncaught app exception
Traceback (most recent call last):
  File "/home/room/miniconda3/envs/pytorch1_11_cpu/lib/python3.10/site-packages/streamlit/runtime/scriptrunner/script_runner.py", line 552, in _run_script
    exec(code, module.__dict__)
  File "/home/room/streamlit/denoise/denoise.py", line 417, in <module>
    run()
  File "/home/room/streamlit/denoise/denoise.py", line 353, in run
    st.altair_chart(c, use_container_width=True)
NameError: name 'c' is not defined
2023-08-14 20:24:21.659 Uncaught app exception
Traceback (most recent call last):
  File "/home/room/miniconda3/envs/pytorch1_11_cpu/lib/python3.10/site-packages/streamlit/runtime/scriptrunner/script_runner.py", line 552, in _run_script
    exec(code, module.__dict__)
  File "/home/room/streamlit/denoise/denoise.py", line 431, in <module>
    run()
  File "/home/room/streamlit/denoise/denoise.py", line 370, in run
    peak_analysis_args = peak_analysis_module(demo_spec)
  File "/home/room/streamlit/denoise/denoise.py", line 277, in peak_analysis_module
    peak_x, peak_y, peaks, fit_results, start_points, end_points = find_and_fit_peaks(spec_df, height_threshold, edge_threshold, peak_width, peak_distance)
  File "/home/room/streamlit/denoise/denoise.py", line 122, in find_and_fit_peaks
    popt, _ = curve_fit(gaussian, x_peak, y_peak, p0=initial_guess)
  File "/home/room/miniconda3/envs/pytorch1_11_cpu/lib/python3.10/site-packages/scipy/optimize/_minpack_py.py", line 864, in curve_fit
    raise RuntimeError("Optimal parameters not found: " + errmsg)
RuntimeError: Optimal parameters not found: Number of calls to function has reached maxfev = 800.
2023-08-14 20:24:36.456 Uncaught app exception
Traceback (most recent call last):
  File "/home/room/miniconda3/envs/pytorch1_11_cpu/lib/python3.10/site-packages/streamlit/runtime/scriptrunner/script_runner.py", line 552, in _run_script
    exec(code, module.__dict__)
  File "/home/room/streamlit/denoise/denoise.py", line 431, in <module>
    run()
  File "/home/room/streamlit/denoise/denoise.py", line 370, in run
    peak_analysis_args = peak_analysis_module(demo_spec)
  File "/home/room/streamlit/denoise/denoise.py", line 277, in peak_analysis_module
    peak_x, peak_y, peaks, fit_results, start_points, end_points = find_and_fit_peaks(spec_df, height_threshold, edge_threshold, peak_width, peak_distance)
  File "/home/room/streamlit/denoise/denoise.py", line 122, in find_and_fit_peaks
    popt, _ = curve_fit(gaussian, x_peak, y_peak, p0=initial_guess)
  File "/home/room/miniconda3/envs/pytorch1_11_cpu/lib/python3.10/site-packages/scipy/optimize/_minpack_py.py", line 864, in curve_fit
    raise RuntimeError("Optimal parameters not found: " + errmsg)
RuntimeError: Optimal parameters not found: Number of calls to function has reached maxfev = 800.
2023-08-14 20:24:37.572 Uncaught app exception
Traceback (most recent call last):
  File "/home/room/miniconda3/envs/pytorch1_11_cpu/lib/python3.10/site-packages/streamlit/runtime/scriptrunner/script_runner.py", line 552, in _run_script
    exec(code, module.__dict__)
  File "/home/room/streamlit/denoise/denoise.py", line 431, in <module>
    run()
  File "/home/room/streamlit/denoise/denoise.py", line 370, in run
    peak_analysis_args = peak_analysis_module(demo_spec)
  File "/home/room/streamlit/denoise/denoise.py", line 277, in peak_analysis_module
    peak_x, peak_y, peaks, fit_results, start_points, end_points = find_and_fit_peaks(spec_df, height_threshold, edge_threshold, peak_width, peak_distance)
  File "/home/room/streamlit/denoise/denoise.py", line 122, in find_and_fit_peaks
    popt, _ = curve_fit(gaussian, x_peak, y_peak, p0=initial_guess)
  File "/home/room/miniconda3/envs/pytorch1_11_cpu/lib/python3.10/site-packages/scipy/optimize/_minpack_py.py", line 864, in curve_fit
    raise RuntimeError("Optimal parameters not found: " + errmsg)
RuntimeError: Optimal parameters not found: Number of calls to function has reached maxfev = 800.
2023-08-14 20:24:38.573 Uncaught app exception
Traceback (most recent call last):
  File "/home/room/miniconda3/envs/pytorch1_11_cpu/lib/python3.10/site-packages/streamlit/runtime/scriptrunner/script_runner.py", line 552, in _run_script
    exec(code, module.__dict__)
  File "/home/room/streamlit/denoise/denoise.py", line 431, in <module>
    run()
  File "/home/room/streamlit/denoise/denoise.py", line 370, in run
    peak_analysis_args = peak_analysis_module(demo_spec)
  File "/home/room/streamlit/denoise/denoise.py", line 277, in peak_analysis_module
    peak_x, peak_y, peaks, fit_results, start_points, end_points = find_and_fit_peaks(spec_df, height_threshold, edge_threshold, peak_width, peak_distance)
  File "/home/room/streamlit/denoise/denoise.py", line 122, in find_and_fit_peaks
    popt, _ = curve_fit(gaussian, x_peak, y_peak, p0=initial_guess)
  File "/home/room/miniconda3/envs/pytorch1_11_cpu/lib/python3.10/site-packages/scipy/optimize/_minpack_py.py", line 864, in curve_fit
    raise RuntimeError("Optimal parameters not found: " + errmsg)
RuntimeError: Optimal parameters not found: Number of calls to function has reached maxfev = 800.
2023-08-14 20:24:39.520 Uncaught app exception
Traceback (most recent call last):
  File "/home/room/miniconda3/envs/pytorch1_11_cpu/lib/python3.10/site-packages/streamlit/runtime/scriptrunner/script_runner.py", line 552, in _run_script
    exec(code, module.__dict__)
  File "/home/room/streamlit/denoise/denoise.py", line 431, in <module>
    run()
  File "/home/room/streamlit/denoise/denoise.py", line 370, in run
    peak_analysis_args = peak_analysis_module(demo_spec)
  File "/home/room/streamlit/denoise/denoise.py", line 277, in peak_analysis_module
    peak_x, peak_y, peaks, fit_results, start_points, end_points = find_and_fit_peaks(spec_df, height_threshold, edge_threshold, peak_width, peak_distance)
  File "/home/room/streamlit/denoise/denoise.py", line 122, in find_and_fit_peaks
    popt, _ = curve_fit(gaussian, x_peak, y_peak, p0=initial_guess)
  File "/home/room/miniconda3/envs/pytorch1_11_cpu/lib/python3.10/site-packages/scipy/optimize/_minpack_py.py", line 864, in curve_fit
    raise RuntimeError("Optimal parameters not found: " + errmsg)
RuntimeError: Optimal parameters not found: Number of calls to function has reached maxfev = 800.
2023-08-14 20:24:40.914 Uncaught app exception
Traceback (most recent call last):
  File "/home/room/miniconda3/envs/pytorch1_11_cpu/lib/python3.10/site-packages/streamlit/runtime/scriptrunner/script_runner.py", line 552, in _run_script
    exec(code, module.__dict__)
  File "/home/room/streamlit/denoise/denoise.py", line 431, in <module>
    run()
  File "/home/room/streamlit/denoise/denoise.py", line 370, in run
    peak_analysis_args = peak_analysis_module(demo_spec)
  File "/home/room/streamlit/denoise/denoise.py", line 277, in peak_analysis_module
    peak_x, peak_y, peaks, fit_results, start_points, end_points = find_and_fit_peaks(spec_df, height_threshold, edge_threshold, peak_width, peak_distance)
  File "/home/room/streamlit/denoise/denoise.py", line 122, in find_and_fit_peaks
    popt, _ = curve_fit(gaussian, x_peak, y_peak, p0=initial_guess)
  File "/home/room/miniconda3/envs/pytorch1_11_cpu/lib/python3.10/site-packages/scipy/optimize/_minpack_py.py", line 864, in curve_fit
    raise RuntimeError("Optimal parameters not found: " + errmsg)
RuntimeError: Optimal parameters not found: Number of calls to function has reached maxfev = 800.
2023-08-14 20:24:41.362 Uncaught app exception
Traceback (most recent call last):
  File "/home/room/miniconda3/envs/pytorch1_11_cpu/lib/python3.10/site-packages/streamlit/runtime/scriptrunner/script_runner.py", line 552, in _run_script
    exec(code, module.__dict__)
  File "/home/room/streamlit/denoise/denoise.py", line 431, in <module>
    run()
  File "/home/room/streamlit/denoise/denoise.py", line 370, in run
    peak_analysis_args = peak_analysis_module(demo_spec)
  File "/home/room/streamlit/denoise/denoise.py", line 277, in peak_analysis_module
    peak_x, peak_y, peaks, fit_results, start_points, end_points = find_and_fit_peaks(spec_df, height_threshold, edge_threshold, peak_width, peak_distance)
  File "/home/room/streamlit/denoise/denoise.py", line 122, in find_and_fit_peaks
    popt, _ = curve_fit(gaussian, x_peak, y_peak, p0=initial_guess)
  File "/home/room/miniconda3/envs/pytorch1_11_cpu/lib/python3.10/site-packages/scipy/optimize/_minpack_py.py", line 864, in curve_fit
    raise RuntimeError("Optimal parameters not found: " + errmsg)
RuntimeError: Optimal parameters not found: Number of calls to function has reached maxfev = 800.
2023-08-14 20:27:29.324 Uncaught app exception
Traceback (most recent call last):
  File "/home/room/miniconda3/envs/pytorch1_11_cpu/lib/python3.10/site-packages/streamlit/runtime/scriptrunner/script_runner.py", line 552, in _run_script
    exec(code, module.__dict__)
  File "/home/room/streamlit/denoise/denoise.py", line 434, in <module>
    run()
  File "/home/room/streamlit/denoise/denoise.py", line 363, in run
    color=alt.ColorValue(baseline_color),
UnboundLocalError: local variable 'baseline_color' referenced before assignment
2023-08-14 20:27:48.564 Uncaught app exception
Traceback (most recent call last):
  File "/home/room/miniconda3/envs/pytorch1_11_cpu/lib/python3.10/site-packages/streamlit/runtime/scriptrunner/script_runner.py", line 552, in _run_script
    exec(code, module.__dict__)
  File "/home/room/streamlit/denoise/denoise.py", line 433, in <module>
    run()
  File "/home/room/streamlit/denoise/denoise.py", line 362, in run
    color=alt.ColorValue(baseline_color),
UnboundLocalError: local variable 'baseline_color' referenced before assignment
2023-08-14 20:28:21.253 Uncaught app exception
Traceback (most recent call last):
  File "/home/room/miniconda3/envs/pytorch1_11_cpu/lib/python3.10/site-packages/streamlit/runtime/scriptrunner/script_runner.py", line 552, in _run_script
    exec(code, module.__dict__)
  File "/home/room/streamlit/denoise/denoise.py", line 434, in <module>
    run()
  File "/home/room/streamlit/denoise/denoise.py", line 363, in run
    color=alt.ColorValue(baseline_color),
UnboundLocalError: local variable 'baseline_color' referenced before assignment
2023-08-14 20:28:45.133 Uncaught app exception
Traceback (most recent call last):
  File "/home/room/miniconda3/envs/pytorch1_11_cpu/lib/python3.10/site-packages/streamlit/runtime/scriptrunner/script_runner.py", line 552, in _run_script
    exec(code, module.__dict__)
  File "/home/room/streamlit/denoise/denoise.py", line 437, in <module>
    run()
  File "/home/room/streamlit/denoise/denoise.py", line 370, in run
    c = line + baseline
UnboundLocalError: local variable 'baseline' referenced before assignment
2023-08-14 20:29:32.165 Uncaught app exception
Traceback (most recent call last):
  File "/home/room/miniconda3/envs/pytorch1_11_cpu/lib/python3.10/site-packages/streamlit/runtime/scriptrunner/script_runner.py", line 552, in _run_script
    exec(code, module.__dict__)
  File "/home/room/streamlit/denoise/denoise.py", line 440, in <module>
    run()
  File "/home/room/streamlit/denoise/denoise.py", line 341, in run
    color=alt.Color('category:N', scale=alt.Scale(domain=list(custom_colors.keys()), range=list(custom_colors.values()))),
UnboundLocalError: local variable 'custom_colors' referenced before assignment
2023-08-15 13:42:19.246 Uncaught app exception
Traceback (most recent call last):
  File "/home/room/miniconda3/envs/pytorch1_11_cpu/lib/python3.10/site-packages/streamlit/runtime/scriptrunner/script_runner.py", line 552, in _run_script
    exec(code, module.__dict__)
  File "/home/room/streamlit/denoise/denoise.py", line 444, in <module>
    run()
  File "/home/room/streamlit/denoise/denoise.py", line 383, in run
    peak_analysis_args = peak_analysis_module(demo_spec)
  File "/home/room/streamlit/denoise/denoise.py", line 292, in peak_analysis_module
    res_df = pd.DataFrame({'Start':[spec_df.wavenumber[p] for p in start_points],
  File "/home/room/miniconda3/envs/pytorch1_11_cpu/lib/python3.10/site-packages/pandas/core/frame.py", line 709, in __init__
    mgr = dict_to_mgr(data, index, columns, dtype=dtype, copy=copy, typ=manager)
  File "/home/room/miniconda3/envs/pytorch1_11_cpu/lib/python3.10/site-packages/pandas/core/internals/construction.py", line 481, in dict_to_mgr
    return arrays_to_mgr(arrays, columns, index, dtype=dtype, typ=typ, consolidate=copy)
  File "/home/room/miniconda3/envs/pytorch1_11_cpu/lib/python3.10/site-packages/pandas/core/internals/construction.py", line 120, in arrays_to_mgr
    arrays, refs = _homogenize(arrays, index, dtype)
  File "/home/room/miniconda3/envs/pytorch1_11_cpu/lib/python3.10/site-packages/pandas/core/internals/construction.py", line 608, in _homogenize
    com.require_length_match(val, index)
  File "/home/room/miniconda3/envs/pytorch1_11_cpu/lib/python3.10/site-packages/pandas/core/common.py", line 576, in require_length_match
    raise ValueError(
ValueError: Length of values (2) does not match length of index (1)
2023-08-15 14:16:09.639 Uncaught app exception
Traceback (most recent call last):
  File "/home/room/miniconda3/envs/pytorch1_11_cpu/lib/python3.10/site-packages/streamlit/runtime/scriptrunner/script_runner.py", line 552, in _run_script
    exec(code, module.__dict__)
  File "/home/room/streamlit/denoise/denoise.py", line 446, in <module>
    run()
  File "/home/room/streamlit/denoise/denoise.py", line 385, in run
    peak_analysis_args = peak_analysis_module(demo_spec)
  File "/home/room/streamlit/denoise/denoise.py", line 277, in peak_analysis_module
    peak_x, peak_y, peaks, fit_results, start_points, end_points = find_and_fit_peaks(spec_df, height_threshold, edge_threshold, peak_width, peak_distance)
  File "/home/room/streamlit/denoise/denoise.py", line 79, in find_and_fit_peaks
    peak_x = spec_df['wavenumber'][peaks]
  File "/home/room/miniconda3/envs/pytorch1_11_cpu/lib/python3.10/site-packages/pandas/core/series.py", line 1033, in __getitem__
    return self._get_with(key)
  File "/home/room/miniconda3/envs/pytorch1_11_cpu/lib/python3.10/site-packages/pandas/core/series.py", line 1068, in _get_with
    return self.loc[key]
  File "/home/room/miniconda3/envs/pytorch1_11_cpu/lib/python3.10/site-packages/pandas/core/indexing.py", line 1103, in __getitem__
    return self._getitem_axis(maybe_callable, axis=axis)
  File "/home/room/miniconda3/envs/pytorch1_11_cpu/lib/python3.10/site-packages/pandas/core/indexing.py", line 1332, in _getitem_axis
    return self._getitem_iterable(key, axis=axis)
  File "/home/room/miniconda3/envs/pytorch1_11_cpu/lib/python3.10/site-packages/pandas/core/indexing.py", line 1272, in _getitem_iterable
    keyarr, indexer = self._get_listlike_indexer(key, axis)
  File "/home/room/miniconda3/envs/pytorch1_11_cpu/lib/python3.10/site-packages/pandas/core/indexing.py", line 1462, in _get_listlike_indexer
    keyarr, indexer = ax._get_indexer_strict(key, axis_name)
  File "/home/room/miniconda3/envs/pytorch1_11_cpu/lib/python3.10/site-packages/pandas/core/indexes/base.py", line 5876, in _get_indexer_strict
    self._raise_if_missing(keyarr, indexer, axis_name)
  File "/home/room/miniconda3/envs/pytorch1_11_cpu/lib/python3.10/site-packages/pandas/core/indexes/base.py", line 5938, in _raise_if_missing
    raise KeyError(f"{not_found} not in index")
KeyError: '[13] not in index'
2023-08-15 14:19:22.370 Uncaught app exception
Traceback (most recent call last):
  File "/home/room/miniconda3/envs/pytorch1_11_cpu/lib/python3.10/site-packages/streamlit/runtime/scriptrunner/script_runner.py", line 552, in _run_script
    exec(code, module.__dict__)
  File "/home/room/streamlit/denoise/denoise.py", line 457, in <module>
    run()
  File "/home/room/streamlit/denoise/denoise.py", line 396, in run
    peak_analysis_args = peak_analysis_module(demo_spec)
  File "/home/room/streamlit/denoise/denoise.py", line 289, in peak_analysis_module
    st.altair_chart(raw_spec, use_container_width=True)
  File "/home/room/miniconda3/envs/pytorch1_11_cpu/lib/python3.10/site-packages/streamlit/runtime/metrics_util.py", line 356, in wrapped_func
    result = non_optional_func(*args, **kwargs)
  File "/home/room/miniconda3/envs/pytorch1_11_cpu/lib/python3.10/site-packages/streamlit/elements/dataframe_selector.py", line 541, in altair_chart
    return self.dg._arrow_altair_chart(altair_chart, use_container_width, theme)
  File "/home/room/miniconda3/envs/pytorch1_11_cpu/lib/python3.10/site-packages/streamlit/runtime/metrics_util.py", line 356, in wrapped_func
    result = non_optional_func(*args, **kwargs)
  File "/home/room/miniconda3/envs/pytorch1_11_cpu/lib/python3.10/site-packages/streamlit/elements/arrow_altair.py", line 330, in _arrow_altair_chart
    marshall(
  File "/home/room/miniconda3/envs/pytorch1_11_cpu/lib/python3.10/site-packages/streamlit/elements/arrow_altair.py", line 610, in marshall
    chart_dict = altair_chart.to_dict()
  File "/home/room/miniconda3/envs/pytorch1_11_cpu/lib/python3.10/site-packages/altair/vegalite/v4/api.py", line 2020, in to_dict
    return super().to_dict(*args, **kwargs)
  File "/home/room/miniconda3/envs/pytorch1_11_cpu/lib/python3.10/site-packages/altair/vegalite/v4/api.py", line 393, in to_dict
    dct = super(TopLevelMixin, copy).to_dict(*args, **kwargs)
  File "/home/room/miniconda3/envs/pytorch1_11_cpu/lib/python3.10/site-packages/altair/utils/schemapi.py", line 346, in to_dict
    result = _todict(
  File "/home/room/miniconda3/envs/pytorch1_11_cpu/lib/python3.10/site-packages/altair/utils/schemapi.py", line 80, in _todict
    return {
  File "/home/room/miniconda3/envs/pytorch1_11_cpu/lib/python3.10/site-packages/altair/utils/schemapi.py", line 81, in <dictcomp>
    k: _todict(v, validate, context)
  File "/home/room/miniconda3/envs/pytorch1_11_cpu/lib/python3.10/site-packages/altair/utils/schemapi.py", line 76, in _todict
    return obj.to_dict(validate=validate, context=context)
  File "/home/room/miniconda3/envs/pytorch1_11_cpu/lib/python3.10/site-packages/altair/utils/schemapi.py", line 346, in to_dict
    result = _todict(
  File "/home/room/miniconda3/envs/pytorch1_11_cpu/lib/python3.10/site-packages/altair/utils/schemapi.py", line 80, in _todict
    return {
  File "/home/room/miniconda3/envs/pytorch1_11_cpu/lib/python3.10/site-packages/altair/utils/schemapi.py", line 81, in <dictcomp>
    k: _todict(v, validate, context)
  File "/home/room/miniconda3/envs/pytorch1_11_cpu/lib/python3.10/site-packages/altair/utils/schemapi.py", line 76, in _todict
    return obj.to_dict(validate=validate, context=context)
  File "/home/room/miniconda3/envs/pytorch1_11_cpu/lib/python3.10/site-packages/altair/vegalite/v4/schema/channels.py", line 57, in to_dict
    return super(FieldChannelMixin, self).to_dict(
  File "/home/room/miniconda3/envs/pytorch1_11_cpu/lib/python3.10/site-packages/altair/utils/schemapi.py", line 360, in to_dict
    raise SchemaValidationError(self, err)
altair.utils.schemapi.SchemaValidationError: Invalid specification

        altair.vegalite.v4.schema.channels.Y, validating 'additionalProperties'

        Additional properties are not allowed ('legend' was unexpected)
        
2023-08-15 14:20:18.937 Uncaught app exception
Traceback (most recent call last):
  File "/home/room/miniconda3/envs/pytorch1_11_cpu/lib/python3.10/site-packages/streamlit/runtime/scriptrunner/script_runner.py", line 552, in _run_script
    exec(code, module.__dict__)
  File "/home/room/streamlit/denoise/denoise.py", line 458, in <module>
    run()
  File "/home/room/streamlit/denoise/denoise.py", line 397, in run
    peak_analysis_args = peak_analysis_module(demo_spec)
  File "/home/room/streamlit/denoise/denoise.py", line 290, in peak_analysis_module
    st.altair_chart(raw_spec, use_container_width=True)
  File "/home/room/miniconda3/envs/pytorch1_11_cpu/lib/python3.10/site-packages/streamlit/runtime/metrics_util.py", line 356, in wrapped_func
    result = non_optional_func(*args, **kwargs)
  File "/home/room/miniconda3/envs/pytorch1_11_cpu/lib/python3.10/site-packages/streamlit/elements/dataframe_selector.py", line 541, in altair_chart
    return self.dg._arrow_altair_chart(altair_chart, use_container_width, theme)
  File "/home/room/miniconda3/envs/pytorch1_11_cpu/lib/python3.10/site-packages/streamlit/runtime/metrics_util.py", line 356, in wrapped_func
    result = non_optional_func(*args, **kwargs)
  File "/home/room/miniconda3/envs/pytorch1_11_cpu/lib/python3.10/site-packages/streamlit/elements/arrow_altair.py", line 330, in _arrow_altair_chart
    marshall(
  File "/home/room/miniconda3/envs/pytorch1_11_cpu/lib/python3.10/site-packages/streamlit/elements/arrow_altair.py", line 610, in marshall
    chart_dict = altair_chart.to_dict()
  File "/home/room/miniconda3/envs/pytorch1_11_cpu/lib/python3.10/site-packages/altair/vegalite/v4/api.py", line 2020, in to_dict
    return super().to_dict(*args, **kwargs)
  File "/home/room/miniconda3/envs/pytorch1_11_cpu/lib/python3.10/site-packages/altair/vegalite/v4/api.py", line 393, in to_dict
    dct = super(TopLevelMixin, copy).to_dict(*args, **kwargs)
  File "/home/room/miniconda3/envs/pytorch1_11_cpu/lib/python3.10/site-packages/altair/utils/schemapi.py", line 360, in to_dict
    raise SchemaValidationError(self, err)
altair.utils.schemapi.SchemaValidationError: Invalid specification

        altair.vegalite.v4.api.Chart, validating 'additionalProperties'

        Additional properties are not allowed ('ylabel' was unexpected)
        
2023-08-15 14:26:08.383 Uncaught app exception
Traceback (most recent call last):
  File "/home/room/miniconda3/envs/pytorch1_11_cpu/lib/python3.10/site-packages/streamlit/runtime/scriptrunner/script_runner.py", line 552, in _run_script
    exec(code, module.__dict__)
  File "/home/room/streamlit/denoise/denoise.py", line 472, in <module>
    run()
  File "/home/room/streamlit/denoise/denoise.py", line 411, in run
    peak_analysis_args = peak_analysis_module(demo_spec)
  File "/home/room/streamlit/denoise/denoise.py", line 277, in peak_analysis_module
    peak_x, peak_y, peaks, fit_results, start_points, end_points = find_and_fit_peaks(spec_df, height_threshold, edge_threshold, peak_width, peak_distance)
  File "/home/room/streamlit/denoise/denoise.py", line 119, in find_and_fit_peaks
    initial_guess = [y_peak.max(), x_peak[np.argmax(y_peak)], 1.0]
  File "/home/room/miniconda3/envs/pytorch1_11_cpu/lib/python3.10/site-packages/numpy/core/_methods.py", line 41, in _amax
    return umr_maximum(a, axis, None, out, keepdims, initial, where)
ValueError: zero-size array to reduction operation maximum which has no identity
2023-08-15 14:27:30.178 Uncaught app exception
Traceback (most recent call last):
  File "/home/room/miniconda3/envs/pytorch1_11_cpu/lib/python3.10/site-packages/streamlit/runtime/scriptrunner/script_runner.py", line 552, in _run_script
    exec(code, module.__dict__)
  File "/home/room/streamlit/denoise/denoise.py", line 472, in <module>
    run()
  File "/home/room/streamlit/denoise/denoise.py", line 411, in run
    peak_analysis_args = peak_analysis_module(demo_spec)
  File "/home/room/streamlit/denoise/denoise.py", line 277, in peak_analysis_module
    peak_x, peak_y, peaks, fit_results, start_points, end_points = find_and_fit_peaks(spec_df, height_threshold, edge_threshold, peak_width, peak_distance)
  File "/home/room/streamlit/denoise/denoise.py", line 119, in find_and_fit_peaks
    initial_guess = [y_peak.max(), x_peak[np.argmax(y_peak)], 1.0]
  File "/home/room/miniconda3/envs/pytorch1_11_cpu/lib/python3.10/site-packages/numpy/core/_methods.py", line 41, in _amax
    return umr_maximum(a, axis, None, out, keepdims, initial, where)
ValueError: zero-size array to reduction operation maximum which has no identity
2023-08-15 14:38:05.711 Uncaught app exception
Traceback (most recent call last):
  File "/home/room/miniconda3/envs/pytorch1_11_cpu/lib/python3.10/site-packages/streamlit/runtime/scriptrunner/script_runner.py", line 552, in _run_script
    exec(code, module.__dict__)
  File "/home/room/streamlit/denoise/denoise.py", line 463, in <module>
    run()
  File "/home/room/streamlit/denoise/denoise.py", line 402, in run
    peak_analysis_args = peak_analysis_module(demo_spec)
  File "/home/room/streamlit/denoise/denoise.py", line 294, in peak_analysis_module
    res_df = pd.DataFrame({'Start':[spec_df.wavenumber[p] for p in start_points],
  File "/home/room/miniconda3/envs/pytorch1_11_cpu/lib/python3.10/site-packages/pandas/core/frame.py", line 709, in __init__
    mgr = dict_to_mgr(data, index, columns, dtype=dtype, copy=copy, typ=manager)
  File "/home/room/miniconda3/envs/pytorch1_11_cpu/lib/python3.10/site-packages/pandas/core/internals/construction.py", line 481, in dict_to_mgr
    return arrays_to_mgr(arrays, columns, index, dtype=dtype, typ=typ, consolidate=copy)
  File "/home/room/miniconda3/envs/pytorch1_11_cpu/lib/python3.10/site-packages/pandas/core/internals/construction.py", line 115, in arrays_to_mgr
    index = _extract_index(arrays)
  File "/home/room/miniconda3/envs/pytorch1_11_cpu/lib/python3.10/site-packages/pandas/core/internals/construction.py", line 655, in _extract_index
    raise ValueError("All arrays must be of the same length")
ValueError: All arrays must be of the same length
2023-08-15 14:52:15.046 Uncaught app exception
Traceback (most recent call last):
  File "/home/room/miniconda3/envs/pytorch1_11_cpu/lib/python3.10/site-packages/streamlit/runtime/scriptrunner/script_runner.py", line 552, in _run_script
    exec(code, module.__dict__)
  File "/home/room/streamlit/denoise/denoise.py", line 478, in <module>
    run()
  File "/home/room/streamlit/denoise/denoise.py", line 417, in run
    peak_analysis_args = peak_analysis_module(demo_spec)
  File "/home/room/streamlit/denoise/denoise.py", line 321, in peak_analysis_module
    st.altair_chart(spec_line + peak_point, use_container_width=True)
  File "/home/room/miniconda3/envs/pytorch1_11_cpu/lib/python3.10/site-packages/streamlit/runtime/metrics_util.py", line 356, in wrapped_func
    result = non_optional_func(*args, **kwargs)
  File "/home/room/miniconda3/envs/pytorch1_11_cpu/lib/python3.10/site-packages/streamlit/elements/dataframe_selector.py", line 541, in altair_chart
    return self.dg._arrow_altair_chart(altair_chart, use_container_width, theme)
  File "/home/room/miniconda3/envs/pytorch1_11_cpu/lib/python3.10/site-packages/streamlit/runtime/metrics_util.py", line 356, in wrapped_func
    result = non_optional_func(*args, **kwargs)
  File "/home/room/miniconda3/envs/pytorch1_11_cpu/lib/python3.10/site-packages/streamlit/elements/arrow_altair.py", line 330, in _arrow_altair_chart
    marshall(
  File "/home/room/miniconda3/envs/pytorch1_11_cpu/lib/python3.10/site-packages/streamlit/elements/arrow_altair.py", line 610, in marshall
    chart_dict = altair_chart.to_dict()
  File "/home/room/miniconda3/envs/pytorch1_11_cpu/lib/python3.10/site-packages/altair/vegalite/v4/api.py", line 384, in to_dict
    dct = super(TopLevelMixin, copy).to_dict(*args, **kwargs)
  File "/home/room/miniconda3/envs/pytorch1_11_cpu/lib/python3.10/site-packages/altair/utils/schemapi.py", line 346, in to_dict
    result = _todict(
  File "/home/room/miniconda3/envs/pytorch1_11_cpu/lib/python3.10/site-packages/altair/utils/schemapi.py", line 80, in _todict
    return {
  File "/home/room/miniconda3/envs/pytorch1_11_cpu/lib/python3.10/site-packages/altair/utils/schemapi.py", line 81, in <dictcomp>
    k: _todict(v, validate, context)
  File "/home/room/miniconda3/envs/pytorch1_11_cpu/lib/python3.10/site-packages/altair/utils/schemapi.py", line 78, in _todict
    return [_todict(v, validate, context) for v in obj]
  File "/home/room/miniconda3/envs/pytorch1_11_cpu/lib/python3.10/site-packages/altair/utils/schemapi.py", line 78, in <listcomp>
    return [_todict(v, validate, context) for v in obj]
  File "/home/room/miniconda3/envs/pytorch1_11_cpu/lib/python3.10/site-packages/altair/utils/schemapi.py", line 76, in _todict
    return obj.to_dict(validate=validate, context=context)
  File "/home/room/miniconda3/envs/pytorch1_11_cpu/lib/python3.10/site-packages/altair/vegalite/v4/api.py", line 2020, in to_dict
    return super().to_dict(*args, **kwargs)
  File "/home/room/miniconda3/envs/pytorch1_11_cpu/lib/python3.10/site-packages/altair/vegalite/v4/api.py", line 384, in to_dict
    dct = super(TopLevelMixin, copy).to_dict(*args, **kwargs)
  File "/home/room/miniconda3/envs/pytorch1_11_cpu/lib/python3.10/site-packages/altair/utils/schemapi.py", line 346, in to_dict
    result = _todict(
  File "/home/room/miniconda3/envs/pytorch1_11_cpu/lib/python3.10/site-packages/altair/utils/schemapi.py", line 80, in _todict
    return {
  File "/home/room/miniconda3/envs/pytorch1_11_cpu/lib/python3.10/site-packages/altair/utils/schemapi.py", line 81, in <dictcomp>
    k: _todict(v, validate, context)
  File "/home/room/miniconda3/envs/pytorch1_11_cpu/lib/python3.10/site-packages/altair/utils/schemapi.py", line 76, in _todict
    return obj.to_dict(validate=validate, context=context)
  File "/home/room/miniconda3/envs/pytorch1_11_cpu/lib/python3.10/site-packages/altair/utils/schemapi.py", line 346, in to_dict
    result = _todict(
  File "/home/room/miniconda3/envs/pytorch1_11_cpu/lib/python3.10/site-packages/altair/utils/schemapi.py", line 80, in _todict
    return {
  File "/home/room/miniconda3/envs/pytorch1_11_cpu/lib/python3.10/site-packages/altair/utils/schemapi.py", line 81, in <dictcomp>
    k: _todict(v, validate, context)
  File "/home/room/miniconda3/envs/pytorch1_11_cpu/lib/python3.10/site-packages/altair/utils/schemapi.py", line 76, in _todict
    return obj.to_dict(validate=validate, context=context)
  File "/home/room/miniconda3/envs/pytorch1_11_cpu/lib/python3.10/site-packages/altair/vegalite/v4/schema/channels.py", line 40, in to_dict
    raise ValueError("{} encoding field is specified without a type; "
ValueError: wavenumber:.2Q encoding field is specified without a type; the type cannot be inferred because it does not match any column in the data.
2023-08-15 15:07:17.496 Uncaught app exception
Traceback (most recent call last):
  File "/home/room/miniconda3/envs/pytorch1_11_cpu/lib/python3.10/site-packages/streamlit/runtime/scriptrunner/script_runner.py", line 552, in _run_script
    exec(code, module.__dict__)
  File "/home/room/streamlit/denoise/denoise.py", line 462, in <module>
    run()
  File "/home/room/streamlit/denoise/denoise.py", line 401, in run
    peak_analysis_args = peak_analysis_module(demo_spec)
  File "/home/room/streamlit/denoise/denoise.py", line 257, in peak_analysis_module
    height_threshold_ratio = st.slider('Select the height threshold of peaks', min_value=0.01, max_value=1, value=0.3)
  File "/home/room/miniconda3/envs/pytorch1_11_cpu/lib/python3.10/site-packages/streamlit/runtime/metrics_util.py", line 356, in wrapped_func
    result = non_optional_func(*args, **kwargs)
  File "/home/room/miniconda3/envs/pytorch1_11_cpu/lib/python3.10/site-packages/streamlit/elements/slider.py", line 338, in slider
    return self._slider(
  File "/home/room/miniconda3/envs/pytorch1_11_cpu/lib/python3.10/site-packages/streamlit/elements/slider.py", line 514, in _slider
    raise StreamlitAPIException(
streamlit.errors.StreamlitAPIException: Slider value arguments must be of matching types.
`min_value` has float type.
`max_value` has int type.
`step` has float type.
2023-08-15 15:07:54.541 Uncaught app exception
Traceback (most recent call last):
  File "/home/room/miniconda3/envs/pytorch1_11_cpu/lib/python3.10/site-packages/streamlit/runtime/scriptrunner/script_runner.py", line 552, in _run_script
    exec(code, module.__dict__)
  File "/home/room/streamlit/denoise/denoise.py", line 462, in <module>
    run()
  File "/home/room/streamlit/denoise/denoise.py", line 401, in run
    peak_analysis_args = peak_analysis_module(demo_spec)
  File "/home/room/streamlit/denoise/denoise.py", line 257, in peak_analysis_module
    height_threshold_ratio = st.slider('Select the height threshold of peaks', min_value=0.1, max_value=1, value=0.3)
  File "/home/room/miniconda3/envs/pytorch1_11_cpu/lib/python3.10/site-packages/streamlit/runtime/metrics_util.py", line 356, in wrapped_func
    result = non_optional_func(*args, **kwargs)
  File "/home/room/miniconda3/envs/pytorch1_11_cpu/lib/python3.10/site-packages/streamlit/elements/slider.py", line 338, in slider
    return self._slider(
  File "/home/room/miniconda3/envs/pytorch1_11_cpu/lib/python3.10/site-packages/streamlit/elements/slider.py", line 514, in _slider
    raise StreamlitAPIException(
streamlit.errors.StreamlitAPIException: Slider value arguments must be of matching types.
`min_value` has float type.
`max_value` has int type.
`step` has float type.
2023-08-15 15:19:59.546 Uncaught app exception
Traceback (most recent call last):
  File "/home/room/miniconda3/envs/pytorch1_11_cpu/lib/python3.10/site-packages/streamlit/runtime/scriptrunner/script_runner.py", line 552, in _run_script
    exec(code, module.__dict__)
  File "/home/room/streamlit/denoise/denoise.py", line 470, in <module>
    run()
  File "/home/room/streamlit/denoise/denoise.py", line 409, in run
    peak_analysis_args = peak_analysis_module(demo_spec)
  File "/home/room/streamlit/denoise/denoise.py", line 300, in peak_analysis_module
    peak_x, peak_y, peaks, fit_results, start_points, end_points = find_and_fit_peaks(spec_df, height_threshold_ratio, edge_threshold,
  File "/home/room/streamlit/denoise/denoise.py", line 106, in find_and_fit_peaks
    raise ValueError('You must provide either both start and end points or neither.')
ValueError: You must provide either both start and end points or neither.
2023-08-15 15:20:08.499 Uncaught app exception
Traceback (most recent call last):
  File "/home/room/miniconda3/envs/pytorch1_11_cpu/lib/python3.10/site-packages/streamlit/runtime/scriptrunner/script_runner.py", line 552, in _run_script
    exec(code, module.__dict__)
  File "/home/room/streamlit/denoise/denoise.py", line 470, in <module>
    run()
  File "/home/room/streamlit/denoise/denoise.py", line 409, in run
    peak_analysis_args = peak_analysis_module(demo_spec)
  File "/home/room/streamlit/denoise/denoise.py", line 300, in peak_analysis_module
    peak_x, peak_y, peaks, fit_results, start_points, end_points = find_and_fit_peaks(spec_df, height_threshold_ratio, edge_threshold,
  File "/home/room/streamlit/denoise/denoise.py", line 106, in find_and_fit_peaks
    raise ValueError('You must provide either both start and end points or neither.')
ValueError: You must provide either both start and end points or neither.
2023-08-15 15:20:12.026 Uncaught app exception
Traceback (most recent call last):
  File "/home/room/miniconda3/envs/pytorch1_11_cpu/lib/python3.10/site-packages/streamlit/runtime/scriptrunner/script_runner.py", line 552, in _run_script
    exec(code, module.__dict__)
  File "/home/room/streamlit/denoise/denoise.py", line 470, in <module>
    run()
  File "/home/room/streamlit/denoise/denoise.py", line 409, in run
    peak_analysis_args = peak_analysis_module(demo_spec)
  File "/home/room/streamlit/denoise/denoise.py", line 300, in peak_analysis_module
    peak_x, peak_y, peaks, fit_results, start_points, end_points = find_and_fit_peaks(spec_df, height_threshold_ratio, edge_threshold,
  File "/home/room/streamlit/denoise/denoise.py", line 106, in find_and_fit_peaks
    raise ValueError('You must provide either both start and end points or neither.')
ValueError: You must provide either both start and end points or neither.
2023-08-15 15:20:13.035 Uncaught app exception
Traceback (most recent call last):
  File "/home/room/miniconda3/envs/pytorch1_11_cpu/lib/python3.10/site-packages/streamlit/runtime/scriptrunner/script_runner.py", line 552, in _run_script
    exec(code, module.__dict__)
  File "/home/room/streamlit/denoise/denoise.py", line 470, in <module>
    run()
  File "/home/room/streamlit/denoise/denoise.py", line 409, in run
    peak_analysis_args = peak_analysis_module(demo_spec)
  File "/home/room/streamlit/denoise/denoise.py", line 300, in peak_analysis_module
    peak_x, peak_y, peaks, fit_results, start_points, end_points = find_and_fit_peaks(spec_df, height_threshold_ratio, edge_threshold,
  File "/home/room/streamlit/denoise/denoise.py", line 106, in find_and_fit_peaks
    raise ValueError('You must provide either both start and end points or neither.')
ValueError: You must provide either both start and end points or neither.
2023-08-15 15:21:12.699 Uncaught app exception
Traceback (most recent call last):
  File "/home/room/miniconda3/envs/pytorch1_11_cpu/lib/python3.10/site-packages/streamlit/runtime/scriptrunner/script_runner.py", line 552, in _run_script
    exec(code, module.__dict__)
  File "/home/room/streamlit/denoise/denoise.py", line 471, in <module>
    run()
  File "/home/room/streamlit/denoise/denoise.py", line 410, in run
    peak_analysis_args = peak_analysis_module(demo_spec)
  File "/home/room/streamlit/denoise/denoise.py", line 301, in peak_analysis_module
    peak_x, peak_y, peaks, fit_results, start_points, end_points = find_and_fit_peaks(spec_df, height_threshold_ratio, edge_threshold,
  File "/home/room/streamlit/denoise/denoise.py", line 107, in find_and_fit_peaks
    raise ValueError('You must provide either both start and end points or neither.')
ValueError: You must provide either both start and end points or neither.
2023-08-15 15:21:34.337 Uncaught app exception
Traceback (most recent call last):
  File "/home/room/miniconda3/envs/pytorch1_11_cpu/lib/python3.10/site-packages/streamlit/runtime/scriptrunner/script_runner.py", line 552, in _run_script
    exec(code, module.__dict__)
  File "/home/room/streamlit/denoise/denoise.py", line 471, in <module>
    run()
  File "/home/room/streamlit/denoise/denoise.py", line 410, in run
    peak_analysis_args = peak_analysis_module(demo_spec)
  File "/home/room/streamlit/denoise/denoise.py", line 301, in peak_analysis_module
    peak_x, peak_y, peaks, fit_results, start_points, end_points = find_and_fit_peaks(spec_df, height_threshold_ratio, edge_threshold,
  File "/home/room/streamlit/denoise/denoise.py", line 107, in find_and_fit_peaks
    raise ValueError('You must provide either both start and end points or neither.')
ValueError: You must provide either both start and end points or neither.
2023-08-15 15:27:06.748 Uncaught app exception
Traceback (most recent call last):
  File "/home/room/miniconda3/envs/pytorch1_11_cpu/lib/python3.10/site-packages/streamlit/runtime/scriptrunner/script_runner.py", line 552, in _run_script
    exec(code, module.__dict__)
  File "/home/room/streamlit/denoise/denoise.py", line 471, in <module>
    run()
  File "/home/room/streamlit/denoise/denoise.py", line 423, in run
    tmp_df = find_and_fit_peaks(res, *peak_analysis_args[1:], verbose=False)
  File "/home/room/streamlit/denoise/denoise.py", line 119, in find_and_fit_peaks
    x_peak = spec_df['wavenumber'][start_points[i]:end_points[i]].to_numpy()
IndexError: list index out of range
2023-08-15 15:27:56.687 Uncaught app exception
Traceback (most recent call last):
  File "/home/room/miniconda3/envs/pytorch1_11_cpu/lib/python3.10/site-packages/streamlit/runtime/scriptrunner/script_runner.py", line 552, in _run_script
    exec(code, module.__dict__)
  File "/home/room/streamlit/denoise/denoise.py", line 471, in <module>
    run()
  File "/home/room/streamlit/denoise/denoise.py", line 423, in run
    tmp_df = find_and_fit_peaks(res, *peak_analysis_args[1:], verbose=False)
  File "/home/room/streamlit/denoise/denoise.py", line 128, in find_and_fit_peaks
    popt, _ = curve_fit(gaussian, x_peak, y_peak, p0=initial_guess)
  File "/home/room/miniconda3/envs/pytorch1_11_cpu/lib/python3.10/site-packages/scipy/optimize/_minpack_py.py", line 864, in curve_fit
    raise RuntimeError("Optimal parameters not found: " + errmsg)
RuntimeError: Optimal parameters not found: Number of calls to function has reached maxfev = 800.
2023-08-15 15:28:18.484 Uncaught app exception
Traceback (most recent call last):
  File "/home/room/miniconda3/envs/pytorch1_11_cpu/lib/python3.10/site-packages/streamlit/runtime/scriptrunner/script_runner.py", line 552, in _run_script
    exec(code, module.__dict__)
  File "/home/room/streamlit/denoise/denoise.py", line 471, in <module>
    run()
  File "/home/room/streamlit/denoise/denoise.py", line 423, in run
    tmp_df = find_and_fit_peaks(res, *peak_analysis_args[1:], verbose=False)
  File "/home/room/streamlit/denoise/denoise.py", line 128, in find_and_fit_peaks
    popt, _ = curve_fit(gaussian, x_peak, y_peak, p0=initial_guess)
  File "/home/room/miniconda3/envs/pytorch1_11_cpu/lib/python3.10/site-packages/scipy/optimize/_minpack_py.py", line 864, in curve_fit
    raise RuntimeError("Optimal parameters not found: " + errmsg)
RuntimeError: Optimal parameters not found: Number of calls to function has reached maxfev = 800.
2023-08-15 15:28:39.520 Uncaught app exception
Traceback (most recent call last):
  File "/home/room/miniconda3/envs/pytorch1_11_cpu/lib/python3.10/site-packages/streamlit/runtime/scriptrunner/script_runner.py", line 552, in _run_script
    exec(code, module.__dict__)
  File "/home/room/streamlit/denoise/denoise.py", line 471, in <module>
    run()
  File "/home/room/streamlit/denoise/denoise.py", line 423, in run
    tmp_df = find_and_fit_peaks(res, *peak_analysis_args[1:], verbose=False)
  File "/home/room/streamlit/denoise/denoise.py", line 128, in find_and_fit_peaks
    popt, _ = curve_fit(gaussian, x_peak, y_peak, p0=initial_guess)
  File "/home/room/miniconda3/envs/pytorch1_11_cpu/lib/python3.10/site-packages/scipy/optimize/_minpack_py.py", line 864, in curve_fit
    raise RuntimeError("Optimal parameters not found: " + errmsg)
RuntimeError: Optimal parameters not found: Number of calls to function has reached maxfev = 800.
2023-08-15 15:29:45.119 Uncaught app exception
Traceback (most recent call last):
  File "/home/room/miniconda3/envs/pytorch1_11_cpu/lib/python3.10/site-packages/streamlit/runtime/scriptrunner/script_runner.py", line 552, in _run_script
    exec(code, module.__dict__)
  File "/home/room/streamlit/denoise/denoise.py", line 472, in <module>
    run()
  File "/home/room/streamlit/denoise/denoise.py", line 424, in run
    tmp_df = find_and_fit_peaks(res, *peak_analysis_args[1:], verbose=False)
  File "/home/room/streamlit/denoise/denoise.py", line 129, in find_and_fit_peaks
    popt, _ = curve_fit(gaussian, x_peak, y_peak, p0=initial_guess)
  File "/home/room/miniconda3/envs/pytorch1_11_cpu/lib/python3.10/site-packages/scipy/optimize/_minpack_py.py", line 864, in curve_fit
    raise RuntimeError("Optimal parameters not found: " + errmsg)
RuntimeError: Optimal parameters not found: Number of calls to function has reached maxfev = 800.
2023-08-15 15:30:29.955 Uncaught app exception
Traceback (most recent call last):
  File "/home/room/miniconda3/envs/pytorch1_11_cpu/lib/python3.10/site-packages/streamlit/runtime/scriptrunner/script_runner.py", line 552, in _run_script
    exec(code, module.__dict__)
  File "/home/room/streamlit/denoise/denoise.py", line 472, in <module>
    run()
  File "/home/room/streamlit/denoise/denoise.py", line 424, in run
    tmp_df = find_and_fit_peaks(res, *peak_analysis_args[1:], verbose=False)
  File "/home/room/streamlit/denoise/denoise.py", line 129, in find_and_fit_peaks
    popt, _ = curve_fit(gaussian, x_peak, y_peak, p0=initial_guess)
  File "/home/room/miniconda3/envs/pytorch1_11_cpu/lib/python3.10/site-packages/scipy/optimize/_minpack_py.py", line 864, in curve_fit
    raise RuntimeError("Optimal parameters not found: " + errmsg)
RuntimeError: Optimal parameters not found: Number of calls to function has reached maxfev = 800.
2023-08-15 15:31:10.711 Uncaught app exception
Traceback (most recent call last):
  File "/home/room/miniconda3/envs/pytorch1_11_cpu/lib/python3.10/site-packages/streamlit/runtime/scriptrunner/script_runner.py", line 552, in _run_script
    exec(code, module.__dict__)
  File "/home/room/streamlit/denoise/denoise.py", line 472, in <module>
    run()
  File "/home/room/streamlit/denoise/denoise.py", line 424, in run
    tmp_df = find_and_fit_peaks(res, *peak_analysis_args[1:], verbose=False)
  File "/home/room/streamlit/denoise/denoise.py", line 129, in find_and_fit_peaks
    popt, _ = curve_fit(gaussian, x_peak, y_peak, p0=initial_guess)
  File "/home/room/miniconda3/envs/pytorch1_11_cpu/lib/python3.10/site-packages/scipy/optimize/_minpack_py.py", line 864, in curve_fit
    raise RuntimeError("Optimal parameters not found: " + errmsg)
RuntimeError: Optimal parameters not found: Number of calls to function has reached maxfev = 800.
2023-08-15 15:31:16.022 Uncaught app exception
Traceback (most recent call last):
  File "/home/room/miniconda3/envs/pytorch1_11_cpu/lib/python3.10/site-packages/streamlit/runtime/scriptrunner/script_runner.py", line 552, in _run_script
    exec(code, module.__dict__)
  File "/home/room/streamlit/denoise/denoise.py", line 472, in <module>
    run()
  File "/home/room/streamlit/denoise/denoise.py", line 424, in run
    tmp_df = find_and_fit_peaks(res, *peak_analysis_args[1:], verbose=False)
  File "/home/room/streamlit/denoise/denoise.py", line 129, in find_and_fit_peaks
    popt, _ = curve_fit(gaussian, x_peak, y_peak, p0=initial_guess)
  File "/home/room/miniconda3/envs/pytorch1_11_cpu/lib/python3.10/site-packages/scipy/optimize/_minpack_py.py", line 864, in curve_fit
    raise RuntimeError("Optimal parameters not found: " + errmsg)
RuntimeError: Optimal parameters not found: Number of calls to function has reached maxfev = 800.
2023-08-15 15:31:21.043 Uncaught app exception
Traceback (most recent call last):
  File "/home/room/miniconda3/envs/pytorch1_11_cpu/lib/python3.10/site-packages/streamlit/runtime/scriptrunner/script_runner.py", line 552, in _run_script
    exec(code, module.__dict__)
  File "/home/room/streamlit/denoise/denoise.py", line 472, in <module>
    run()
  File "/home/room/streamlit/denoise/denoise.py", line 424, in run
    tmp_df = find_and_fit_peaks(res, *peak_analysis_args[1:], verbose=False)
  File "/home/room/streamlit/denoise/denoise.py", line 129, in find_and_fit_peaks
    popt, _ = curve_fit(gaussian, x_peak, y_peak, p0=initial_guess)
  File "/home/room/miniconda3/envs/pytorch1_11_cpu/lib/python3.10/site-packages/scipy/optimize/_minpack_py.py", line 864, in curve_fit
    raise RuntimeError("Optimal parameters not found: " + errmsg)
RuntimeError: Optimal parameters not found: Number of calls to function has reached maxfev = 800.
2023-08-15 15:31:41.178 Uncaught app exception
Traceback (most recent call last):
  File "/home/room/miniconda3/envs/pytorch1_11_cpu/lib/python3.10/site-packages/streamlit/runtime/scriptrunner/script_runner.py", line 552, in _run_script
    exec(code, module.__dict__)
  File "/home/room/streamlit/denoise/denoise.py", line 472, in <module>
    run()
  File "/home/room/streamlit/denoise/denoise.py", line 411, in run
    peak_analysis_args = peak_analysis_module(demo_spec)
  File "/home/room/streamlit/denoise/denoise.py", line 268, in peak_analysis_module
    peak_x, peak_y, peaks, fit_results, start_points, end_points = find_and_fit_peaks(spec_df, height_threshold_ratio, edge_threshold, peak_width, peak_distance)
  File "/home/room/streamlit/denoise/denoise.py", line 129, in find_and_fit_peaks
    popt, _ = curve_fit(gaussian, x_peak, y_peak, p0=initial_guess)
  File "/home/room/miniconda3/envs/pytorch1_11_cpu/lib/python3.10/site-packages/scipy/optimize/_minpack_py.py", line 864, in curve_fit
    raise RuntimeError("Optimal parameters not found: " + errmsg)
RuntimeError: Optimal parameters not found: Number of calls to function has reached maxfev = 800.
2023-08-15 18:05:42.261 Uncaught app exception
Traceback (most recent call last):
  File "/home/room/miniconda3/envs/pytorch1_11_cpu/lib/python3.10/site-packages/streamlit/runtime/scriptrunner/script_runner.py", line 552, in _run_script
    exec(code, module.__dict__)
  File "/home/room/streamlit/denoise/denoise.py", line 472, in <module>
    run()
  File "/home/room/streamlit/denoise/denoise.py", line 411, in run
    peak_analysis_args = peak_analysis_module(demo_spec)
  File "/home/room/streamlit/denoise/denoise.py", line 302, in peak_analysis_module
    peak_x, peak_y, peaks, fit_results, start_points, end_points = find_and_fit_peaks(spec_df, height_threshold_ratio, edge_threshold,
  File "/home/room/streamlit/denoise/denoise.py", line 125, in find_and_fit_peaks
    initial_guess = [y_peak.max(), x_peak[np.argmax(y_peak)], 1.0]
  File "/home/room/miniconda3/envs/pytorch1_11_cpu/lib/python3.10/site-packages/numpy/core/_methods.py", line 41, in _amax
    return umr_maximum(a, axis, None, out, keepdims, initial, where)
ValueError: zero-size array to reduction operation maximum which has no identity

  You can now view your Streamlit app in your browser.

  Network URL: http://10.26.50.228:8501
  External URL: http://117.28.251.152:8501

2023-08-17 19:21:24.717 Uncaught app exception
Traceback (most recent call last):
  File "/home/room/miniconda3/envs/pytorch1_11_cpu/lib/python3.10/site-packages/streamlit/runtime/scriptrunner/script_runner.py", line 552, in _run_script
    exec(code, module.__dict__)
  File "/home/room/streamlit/denoise/app.py", line 511, in <module>
    run()
  File "/home/room/streamlit/denoise/app.py", line 450, in run
    peak_analysis_args = peak_analysis_module(demo_spec)
  File "/home/room/streamlit/denoise/app.py", line 331, in peak_analysis_module
    peak_x, peak_y, peaks, fit_results, start_points, end_points = find_and_fit_peaks(spec_df, height_threshold_ratio, edge_threshold,
  File "/home/room/streamlit/denoise/app.py", line 134, in find_and_fit_peaks
    initial_guess = [y_peak.max(), x_peak[np.argmax(y_peak)], 1.0]
  File "/home/room/miniconda3/envs/pytorch1_11_cpu/lib/python3.10/site-packages/numpy/core/_methods.py", line 40, in _amax
    return umr_maximum(a, axis, None, out, keepdims, initial, where)
ValueError: zero-size array to reduction operation maximum which has no identity
2023-08-17 19:21:31.665 Uncaught app exception
Traceback (most recent call last):
  File "/home/room/miniconda3/envs/pytorch1_11_cpu/lib/python3.10/site-packages/streamlit/runtime/scriptrunner/script_runner.py", line 552, in _run_script
    exec(code, module.__dict__)
  File "/home/room/streamlit/denoise/app.py", line 511, in <module>
    run()
  File "/home/room/streamlit/denoise/app.py", line 450, in run
    peak_analysis_args = peak_analysis_module(demo_spec)
  File "/home/room/streamlit/denoise/app.py", line 331, in peak_analysis_module
    peak_x, peak_y, peaks, fit_results, start_points, end_points = find_and_fit_peaks(spec_df, height_threshold_ratio, edge_threshold,
  File "/home/room/streamlit/denoise/app.py", line 134, in find_and_fit_peaks
    initial_guess = [y_peak.max(), x_peak[np.argmax(y_peak)], 1.0]
  File "/home/room/miniconda3/envs/pytorch1_11_cpu/lib/python3.10/site-packages/numpy/core/_methods.py", line 40, in _amax
    return umr_maximum(a, axis, None, out, keepdims, initial, where)
ValueError: zero-size array to reduction operation maximum which has no identity
2023-08-17 19:21:37.922 Uncaught app exception
Traceback (most recent call last):
  File "/home/room/miniconda3/envs/pytorch1_11_cpu/lib/python3.10/site-packages/streamlit/runtime/scriptrunner/script_runner.py", line 552, in _run_script
    exec(code, module.__dict__)
  File "/home/room/streamlit/denoise/app.py", line 511, in <module>
    run()
  File "/home/room/streamlit/denoise/app.py", line 450, in run
    peak_analysis_args = peak_analysis_module(demo_spec)
  File "/home/room/streamlit/denoise/app.py", line 331, in peak_analysis_module
    peak_x, peak_y, peaks, fit_results, start_points, end_points = find_and_fit_peaks(spec_df, height_threshold_ratio, edge_threshold,
  File "/home/room/streamlit/denoise/app.py", line 134, in find_and_fit_peaks
    initial_guess = [y_peak.max(), x_peak[np.argmax(y_peak)], 1.0]
  File "/home/room/miniconda3/envs/pytorch1_11_cpu/lib/python3.10/site-packages/numpy/core/_methods.py", line 40, in _amax
    return umr_maximum(a, axis, None, out, keepdims, initial, where)
ValueError: zero-size array to reduction operation maximum which has no identity
2023-08-17 19:21:41.422 Uncaught app exception
Traceback (most recent call last):
  File "/home/room/miniconda3/envs/pytorch1_11_cpu/lib/python3.10/site-packages/streamlit/runtime/scriptrunner/script_runner.py", line 552, in _run_script
    exec(code, module.__dict__)
  File "/home/room/streamlit/denoise/app.py", line 511, in <module>
    run()
  File "/home/room/streamlit/denoise/app.py", line 450, in run
    peak_analysis_args = peak_analysis_module(demo_spec)
  File "/home/room/streamlit/denoise/app.py", line 331, in peak_analysis_module
    peak_x, peak_y, peaks, fit_results, start_points, end_points = find_and_fit_peaks(spec_df, height_threshold_ratio, edge_threshold,
  File "/home/room/streamlit/denoise/app.py", line 138, in find_and_fit_peaks
    popt, _ = curve_fit(gaussian, x_peak, y_peak, p0=initial_guess)
  File "/home/room/miniconda3/envs/pytorch1_11_cpu/lib/python3.10/site-packages/scipy/optimize/_minpack_py.py", line 864, in curve_fit
    raise RuntimeError("Optimal parameters not found: " + errmsg)
RuntimeError: Optimal parameters not found: Number of calls to function has reached maxfev = 800.
2023-08-17 19:22:07.350 Uncaught app exception
Traceback (most recent call last):
  File "/home/room/miniconda3/envs/pytorch1_11_cpu/lib/python3.10/site-packages/streamlit/runtime/scriptrunner/script_runner.py", line 552, in _run_script
    exec(code, module.__dict__)
  File "/home/room/streamlit/denoise/app.py", line 511, in <module>
    run()
  File "/home/room/streamlit/denoise/app.py", line 450, in run
    peak_analysis_args = peak_analysis_module(demo_spec)
  File "/home/room/streamlit/denoise/app.py", line 331, in peak_analysis_module
    peak_x, peak_y, peaks, fit_results, start_points, end_points = find_and_fit_peaks(spec_df, height_threshold_ratio, edge_threshold,
  File "/home/room/streamlit/denoise/app.py", line 134, in find_and_fit_peaks
    initial_guess = [y_peak.max(), x_peak[np.argmax(y_peak)], 1.0]
  File "/home/room/miniconda3/envs/pytorch1_11_cpu/lib/python3.10/site-packages/numpy/core/_methods.py", line 40, in _amax
    return umr_maximum(a, axis, None, out, keepdims, initial, where)
ValueError: zero-size array to reduction operation maximum which has no identity
2023-08-22 18:10:08.192 Uncaught app exception
Traceback (most recent call last):
  File "/home/room/miniconda3/envs/pytorch1_11_cpu/lib/python3.10/site-packages/streamlit/runtime/scriptrunner/script_runner.py", line 552, in _run_script
    exec(code, module.__dict__)
  File "/home/room/streamlit/denoise/app.py", line 511, in <module>
    run()
  File "/home/room/streamlit/denoise/app.py", line 450, in run
    peak_analysis_args = peak_analysis_module(demo_spec)
  File "/home/room/streamlit/denoise/app.py", line 284, in peak_analysis_module
    peak_x, peak_y, peaks, fit_results, start_points, end_points = find_and_fit_peaks(spec_df, height_threshold_ratio, edge_threshold, peak_width, peak_distance)
  File "/home/room/streamlit/denoise/app.py", line 81, in find_and_fit_peaks
    peak_x = spec_df['wavenumber'][peaks]
  File "/home/room/miniconda3/envs/pytorch1_11_cpu/lib/python3.10/site-packages/pandas/core/series.py", line 1033, in __getitem__
    return self._get_with(key)
  File "/home/room/miniconda3/envs/pytorch1_11_cpu/lib/python3.10/site-packages/pandas/core/series.py", line 1068, in _get_with
    return self.loc[key]
  File "/home/room/miniconda3/envs/pytorch1_11_cpu/lib/python3.10/site-packages/pandas/core/indexing.py", line 1103, in __getitem__
    return self._getitem_axis(maybe_callable, axis=axis)
  File "/home/room/miniconda3/envs/pytorch1_11_cpu/lib/python3.10/site-packages/pandas/core/indexing.py", line 1332, in _getitem_axis
    return self._getitem_iterable(key, axis=axis)
  File "/home/room/miniconda3/envs/pytorch1_11_cpu/lib/python3.10/site-packages/pandas/core/indexing.py", line 1272, in _getitem_iterable
    keyarr, indexer = self._get_listlike_indexer(key, axis)
  File "/home/room/miniconda3/envs/pytorch1_11_cpu/lib/python3.10/site-packages/pandas/core/indexing.py", line 1462, in _get_listlike_indexer
    keyarr, indexer = ax._get_indexer_strict(key, axis_name)
  File "/home/room/miniconda3/envs/pytorch1_11_cpu/lib/python3.10/site-packages/pandas/core/indexes/base.py", line 5876, in _get_indexer_strict
    self._raise_if_missing(keyarr, indexer, axis_name)
  File "/home/room/miniconda3/envs/pytorch1_11_cpu/lib/python3.10/site-packages/pandas/core/indexes/base.py", line 5935, in _raise_if_missing
    raise KeyError(f"None of [{key}] are in the [{axis_name}]")
KeyError: "None of [Index([111], dtype='int64')] are in the [index]"
2023-08-22 18:10:09.795 Uncaught app exception
Traceback (most recent call last):
  File "/home/room/miniconda3/envs/pytorch1_11_cpu/lib/python3.10/site-packages/streamlit/runtime/scriptrunner/script_runner.py", line 552, in _run_script
    exec(code, module.__dict__)
  File "/home/room/streamlit/denoise/app.py", line 511, in <module>
    run()
  File "/home/room/streamlit/denoise/app.py", line 450, in run
    peak_analysis_args = peak_analysis_module(demo_spec)
  File "/home/room/streamlit/denoise/app.py", line 284, in peak_analysis_module
    peak_x, peak_y, peaks, fit_results, start_points, end_points = find_and_fit_peaks(spec_df, height_threshold_ratio, edge_threshold, peak_width, peak_distance)
  File "/home/room/streamlit/denoise/app.py", line 81, in find_and_fit_peaks
    peak_x = spec_df['wavenumber'][peaks]
  File "/home/room/miniconda3/envs/pytorch1_11_cpu/lib/python3.10/site-packages/pandas/core/series.py", line 1033, in __getitem__
    return self._get_with(key)
  File "/home/room/miniconda3/envs/pytorch1_11_cpu/lib/python3.10/site-packages/pandas/core/series.py", line 1068, in _get_with
    return self.loc[key]
  File "/home/room/miniconda3/envs/pytorch1_11_cpu/lib/python3.10/site-packages/pandas/core/indexing.py", line 1103, in __getitem__
    return self._getitem_axis(maybe_callable, axis=axis)
  File "/home/room/miniconda3/envs/pytorch1_11_cpu/lib/python3.10/site-packages/pandas/core/indexing.py", line 1332, in _getitem_axis
    return self._getitem_iterable(key, axis=axis)
  File "/home/room/miniconda3/envs/pytorch1_11_cpu/lib/python3.10/site-packages/pandas/core/indexing.py", line 1272, in _getitem_iterable
    keyarr, indexer = self._get_listlike_indexer(key, axis)
  File "/home/room/miniconda3/envs/pytorch1_11_cpu/lib/python3.10/site-packages/pandas/core/indexing.py", line 1462, in _get_listlike_indexer
    keyarr, indexer = ax._get_indexer_strict(key, axis_name)
  File "/home/room/miniconda3/envs/pytorch1_11_cpu/lib/python3.10/site-packages/pandas/core/indexes/base.py", line 5876, in _get_indexer_strict
    self._raise_if_missing(keyarr, indexer, axis_name)
  File "/home/room/miniconda3/envs/pytorch1_11_cpu/lib/python3.10/site-packages/pandas/core/indexes/base.py", line 5935, in _raise_if_missing
    raise KeyError(f"None of [{key}] are in the [{axis_name}]")
KeyError: "None of [Index([111], dtype='int64')] are in the [index]"
2023-08-22 18:10:27.974 Uncaught app exception
Traceback (most recent call last):
  File "/home/room/miniconda3/envs/pytorch1_11_cpu/lib/python3.10/site-packages/streamlit/runtime/scriptrunner/script_runner.py", line 552, in _run_script
    exec(code, module.__dict__)
  File "/home/room/streamlit/denoise/app.py", line 511, in <module>
    run()
  File "/home/room/streamlit/denoise/app.py", line 450, in run
    peak_analysis_args = peak_analysis_module(demo_spec)
  File "/home/room/streamlit/denoise/app.py", line 284, in peak_analysis_module
    peak_x, peak_y, peaks, fit_results, start_points, end_points = find_and_fit_peaks(spec_df, height_threshold_ratio, edge_threshold, peak_width, peak_distance)
  File "/home/room/streamlit/denoise/app.py", line 81, in find_and_fit_peaks
    peak_x = spec_df['wavenumber'][peaks]
  File "/home/room/miniconda3/envs/pytorch1_11_cpu/lib/python3.10/site-packages/pandas/core/series.py", line 1033, in __getitem__
    return self._get_with(key)
  File "/home/room/miniconda3/envs/pytorch1_11_cpu/lib/python3.10/site-packages/pandas/core/series.py", line 1068, in _get_with
    return self.loc[key]
  File "/home/room/miniconda3/envs/pytorch1_11_cpu/lib/python3.10/site-packages/pandas/core/indexing.py", line 1103, in __getitem__
    return self._getitem_axis(maybe_callable, axis=axis)
  File "/home/room/miniconda3/envs/pytorch1_11_cpu/lib/python3.10/site-packages/pandas/core/indexing.py", line 1332, in _getitem_axis
    return self._getitem_iterable(key, axis=axis)
  File "/home/room/miniconda3/envs/pytorch1_11_cpu/lib/python3.10/site-packages/pandas/core/indexing.py", line 1272, in _getitem_iterable
    keyarr, indexer = self._get_listlike_indexer(key, axis)
  File "/home/room/miniconda3/envs/pytorch1_11_cpu/lib/python3.10/site-packages/pandas/core/indexing.py", line 1462, in _get_listlike_indexer
    keyarr, indexer = ax._get_indexer_strict(key, axis_name)
  File "/home/room/miniconda3/envs/pytorch1_11_cpu/lib/python3.10/site-packages/pandas/core/indexes/base.py", line 5876, in _get_indexer_strict
    self._raise_if_missing(keyarr, indexer, axis_name)
  File "/home/room/miniconda3/envs/pytorch1_11_cpu/lib/python3.10/site-packages/pandas/core/indexes/base.py", line 5935, in _raise_if_missing
    raise KeyError(f"None of [{key}] are in the [{axis_name}]")
KeyError: "None of [Index([111], dtype='int64')] are in the [index]"
WARING max iteration reached!
WARING max iteration reached!
WARING max iteration reached!
WARING max iteration reached!
WARING max iteration reached!
WARING max iteration reached!
WARING max iteration reached!
WARING max iteration reached!
WARING max iteration reached!
WARING max iteration reached!
WARING max iteration reached!
WARING max iteration reached!
WARING max iteration reached!
WARING max iteration reached!
WARING max iteration reached!
WARING max iteration reached!
WARING max iteration reached!
WARING max iteration reached!
WARING max iteration reached!
WARING max iteration reached!
WARING max iteration reached!
WARING max iteration reached!
WARING max iteration reached!
WARING max iteration reached!
WARING max iteration reached!
WARING max iteration reached!
WARING max iteration reached!
WARING max iteration reached!
WARING max iteration reached!
WARING max iteration reached!
WARING max iteration reached!
WARING max iteration reached!
WARING max iteration reached!
WARING max iteration reached!
WARING max iteration reached!
WARING max iteration reached!
WARING max iteration reached!
WARING max iteration reached!
WARING max iteration reached!
WARING max iteration reached!
WARING max iteration reached!
WARING max iteration reached!
WARING max iteration reached!
WARING max iteration reached!
WARING max iteration reached!
WARING max iteration reached!
WARING max iteration reached!
WARING max iteration reached!
WARING max iteration reached!
WARING max iteration reached!
WARING max iteration reached!
WARING max iteration reached!
WARING max iteration reached!
WARING max iteration reached!
WARING max iteration reached!
WARING max iteration reached!
WARING max iteration reached!
WARING max iteration reached!
WARING max iteration reached!
WARING max iteration reached!
WARING max iteration reached!
WARING max iteration reached!
WARING max iteration reached!
WARING max iteration reached!
WARING max iteration reached!
WARING max iteration reached!
WARING max iteration reached!
WARING max iteration reached!
WARING max iteration reached!
WARING max iteration reached!
WARING max iteration reached!
WARING max iteration reached!
WARING max iteration reached!
WARING max iteration reached!
WARING max iteration reached!
WARING max iteration reached!
WARING max iteration reached!
WARING max iteration reached!
WARING max iteration reached!
WARING max iteration reached!
WARING max iteration reached!
WARING max iteration reached!
WARING max iteration reached!
WARING max iteration reached!
WARING max iteration reached!
WARING max iteration reached!
WARING max iteration reached!
WARING max iteration reached!
WARING max iteration reached!
WARING max iteration reached!
WARING max iteration reached!
WARING max iteration reached!
WARING max iteration reached!
WARING max iteration reached!
WARING max iteration reached!
WARING max iteration reached!
WARING max iteration reached!
WARING max iteration reached!
WARING max iteration reached!
WARING max iteration reached!
WARING max iteration reached!
WARING max iteration reached!
WARING max iteration reached!
WARING max iteration reached!
WARING max iteration reached!
WARING max iteration reached!
WARING max iteration reached!
WARING max iteration reached!
WARING max iteration reached!
WARING max iteration reached!
WARING max iteration reached!
WARING max iteration reached!
WARING max iteration reached!
WARING max iteration reached!
WARING max iteration reached!
WARING max iteration reached!
WARING max iteration reached!
WARING max iteration reached!
WARING max iteration reached!
WARING max iteration reached!
WARING max iteration reached!
WARING max iteration reached!
WARING max iteration reached!
WARING max iteration reached!
WARING max iteration reached!
WARING max iteration reached!
WARING max iteration reached!
WARING max iteration reached!
WARING max iteration reached!
WARING max iteration reached!
WARING max iteration reached!
WARING max iteration reached!
WARING max iteration reached!
WARING max iteration reached!
WARING max iteration reached!
WARING max iteration reached!
WARING max iteration reached!
WARING max iteration reached!
WARING max iteration reached!
WARING max iteration reached!
WARING max iteration reached!
WARING max iteration reached!
WARING max iteration reached!
WARING max iteration reached!
WARING max iteration reached!
WARING max iteration reached!
WARING max iteration reached!
WARING max iteration reached!
WARING max iteration reached!
WARING max iteration reached!
WARING max iteration reached!
WARING max iteration reached!
WARING max iteration reached!
WARING max iteration reached!
WARING max iteration reached!
WARING max iteration reached!
WARING max iteration reached!
WARING max iteration reached!
WARING max iteration reached!
WARING max iteration reached!
WARING max iteration reached!
WARING max iteration reached!
WARING max iteration reached!
WARING max iteration reached!
WARING max iteration reached!
WARING max iteration reached!
WARING max iteration reached!
WARING max iteration reached!
WARING max iteration reached!
WARING max iteration reached!
WARING max iteration reached!
WARING max iteration reached!
WARING max iteration reached!
WARING max iteration reached!
WARING max iteration reached!
WARING max iteration reached!
WARING max iteration reached!
WARING max iteration reached!
WARING max iteration reached!
WARING max iteration reached!
WARING max iteration reached!
WARING max iteration reached!
WARING max iteration reached!
WARING max iteration reached!
WARING max iteration reached!
WARING max iteration reached!
WARING max iteration reached!
WARING max iteration reached!
WARING max iteration reached!
WARING max iteration reached!
WARING max iteration reached!
WARING max iteration reached!
WARING max iteration reached!
WARING max iteration reached!
WARING max iteration reached!
WARING max iteration reached!
WARING max iteration reached!
WARING max iteration reached!
WARING max iteration reached!
WARING max iteration reached!
WARING max iteration reached!
WARING max iteration reached!
WARING max iteration reached!
WARING max iteration reached!
WARING max iteration reached!
WARING max iteration reached!
WARING max iteration reached!
WARING max iteration reached!
WARING max iteration reached!
WARING max iteration reached!
WARING max iteration reached!
WARING max iteration reached!
WARING max iteration reached!
WARING max iteration reached!
WARING max iteration reached!
WARING max iteration reached!
WARING max iteration reached!
WARING max iteration reached!
WARING max iteration reached!
WARING max iteration reached!
WARING max iteration reached!
WARING max iteration reached!
WARING max iteration reached!
WARING max iteration reached!
WARING max iteration reached!
WARING max iteration reached!
WARING max iteration reached!
WARING max iteration reached!
WARING max iteration reached!
WARING max iteration reached!
WARING max iteration reached!
WARING max iteration reached!
WARING max iteration reached!
WARING max iteration reached!
WARING max iteration reached!
WARING max iteration reached!
WARING max iteration reached!
WARING max iteration reached!
WARING max iteration reached!
WARING max iteration reached!
WARING max iteration reached!
WARING max iteration reached!
WARING max iteration reached!
WARING max iteration reached!
WARING max iteration reached!
WARING max iteration reached!
WARING max iteration reached!
WARING max iteration reached!
WARING max iteration reached!
WARING max iteration reached!
WARING max iteration reached!
WARING max iteration reached!
WARING max iteration reached!
WARING max iteration reached!
WARING max iteration reached!
WARING max iteration reached!
WARING max iteration reached!
WARING max iteration reached!
WARING max iteration reached!
WARING max iteration reached!
WARING max iteration reached!
WARING max iteration reached!
WARING max iteration reached!
WARING max iteration reached!
WARING max iteration reached!
WARING max iteration reached!
WARING max iteration reached!
WARING max iteration reached!
WARING max iteration reached!
WARING max iteration reached!
WARING max iteration reached!
WARING max iteration reached!
WARING max iteration reached!
2023-08-28 11:16:52.256 Uncaught app exception
Traceback (most recent call last):
  File "/home/room/miniconda3/envs/pytorch1_11_cpu/lib/python3.10/site-packages/streamlit/runtime/scriptrunner/script_runner.py", line 552, in _run_script
    exec(code, module.__dict__)
  File "/home/room/streamlit/denoise/app.py", line 523, in <module>
    run()
  File "/home/room/streamlit/denoise/app.py", line 516, in run
    href = f'<a href="data:application/zip;base64,{encoded_zip}" download="{quoted_filename}">Download ZIP File</a>'
UnboundLocalError: local variable 'encoded_zip' referenced before assignment
2023-08-28 11:20:04.359 Uncaught app exception
Traceback (most recent call last):
  File "/home/room/miniconda3/envs/pytorch1_11_cpu/lib/python3.10/site-packages/streamlit/runtime/scriptrunner/script_runner.py", line 552, in _run_script
    exec(code, module.__dict__)
  File "/home/room/streamlit/denoise/app.py", line 525, in <module>
    run()
  File "/home/room/streamlit/denoise/app.py", line 516, in run
    encoded_txt = base64.b64encode(open(os.path.join(pre_dir, file_name_list[0]), 'rb').read()).decode()
FileNotFoundError: [Errno 2] No such file or directory: '/home/room/flask/received/spectra/2023-08-28_11:20:04_54775ff0360742c78911b8993e560276/pre/pre_9--1_1v_01.txt'
2023-08-28 11:22:43.318 Uncaught app exception
Traceback (most recent call last):
  File "/home/room/miniconda3/envs/pytorch1_11_cpu/lib/python3.10/site-packages/streamlit/runtime/scriptrunner/script_runner.py", line 552, in _run_script
    exec(code, module.__dict__)
  File "/home/room/streamlit/denoise/app.py", line 529, in <module>
    run()
  File "/home/room/streamlit/denoise/app.py", line 518, in run
    with open(os.path.join(pre_dir, file_name_list[0]), 'rb') as file:
FileNotFoundError: [Errno 2] No such file or directory: '/home/room/flask/received/spectra/2023-08-28_11:22:43_a095bed800af4fdb92eaaaba48b27ede/pre/pre_9--1_1v_01.txt'
2023-08-28 11:22:56.479 Uncaught app exception
Traceback (most recent call last):
  File "/home/room/miniconda3/envs/pytorch1_11_cpu/lib/python3.10/site-packages/streamlit/runtime/scriptrunner/script_runner.py", line 552, in _run_script
    exec(code, module.__dict__)
  File "/home/room/streamlit/denoise/app.py", line 529, in <module>
    run()
  File "/home/room/streamlit/denoise/app.py", line 518, in run
    with open(os.path.join(pre_dir, file_name_list[0]), 'rb') as file:
FileNotFoundError: [Errno 2] No such file or directory: '/home/room/flask/received/spectra/2023-08-28_11:22:56_d20e1094c6ec473b83045fccddcd158b/pre/pre_9--1_1v_01.txt'
2023-08-28 11:23:21.922 Uncaught app exception
Traceback (most recent call last):
  File "/home/room/miniconda3/envs/pytorch1_11_cpu/lib/python3.10/site-packages/streamlit/runtime/scriptrunner/script_runner.py", line 552, in _run_script
    exec(code, module.__dict__)
  File "/home/room/streamlit/denoise/app.py", line 529, in <module>
    run()
  File "/home/room/streamlit/denoise/app.py", line 518, in run
    with open(os.path.join(pre_dir, file_name_list[0]), 'rb') as file:
FileNotFoundError: [Errno 2] No such file or directory: '/home/room/flask/received/spectra/2023-08-28_11:23:21_aa40220c2fbc4cf481024ec4d9fa6fcf/pre/pre_9--1_1v_01.txt'
2023-08-28 11:26:17.262 Uncaught app exception
Traceback (most recent call last):
  File "/home/room/miniconda3/envs/pytorch1_11_cpu/lib/python3.10/site-packages/streamlit/runtime/scriptrunner/script_runner.py", line 552, in _run_script
    exec(code, module.__dict__)
  File "/home/room/streamlit/denoise/app.py", line 532, in <module>
    run()
  File "/home/room/streamlit/denoise/app.py", line 520, in run
    st.write(pre_dir, file_name_list[0])
UnboundLocalError: local variable 'pre_dir' referenced before assignment
WARING max iteration reached!
WARING max iteration reached!
WARING max iteration reached!
WARING max iteration reached!
WARING max iteration reached!
   wavenumber       raw    baseline
0    -177.758 -3.889417  615.977084
1    -177.403 -1.655661  616.236375
2    -177.049 -0.814089  616.606232
3    -176.694 -0.444455  617.030407
4    -176.339  2.338916  617.484227
WARING max iteration reached!
WARING max iteration reached!
WARING max iteration reached!
WARING max iteration reached!
WARING max iteration reached!
WARING max iteration reached!
WARING max iteration reached!
WARING max iteration reached!
WARING max iteration reached!
WARING max iteration reached!
WARING max iteration reached!
WARING max iteration reached!
WARING max iteration reached!
WARING max iteration reached!
WARING max iteration reached!
WARING max iteration reached!
WARING max iteration reached!
WARING max iteration reached!
WARING max iteration reached!
WARING max iteration reached!
WARING max iteration reached!
WARING max iteration reached!
WARING max iteration reached!
WARING max iteration reached!
WARING max iteration reached!
WARING max iteration reached!
WARING max iteration reached!
WARING max iteration reached!
WARING max iteration reached!
WARING max iteration reached!
WARING max iteration reached!
WARING max iteration reached!
WARING max iteration reached!
WARING max iteration reached!
WARING max iteration reached!
WARING max iteration reached!
WARING max iteration reached!
WARING max iteration reached!
WARING max iteration reached!
WARING max iteration reached!
WARING max iteration reached!
WARING max iteration reached!
WARING max iteration reached!
WARING max iteration reached!
WARING max iteration reached!
WARING max iteration reached!
WARING max iteration reached!
WARING max iteration reached!
WARING max iteration reached!
WARING max iteration reached!
WARING max iteration reached!
WARING max iteration reached!
WARING max iteration reached!
WARING max iteration reached!
WARING max iteration reached!
WARING max iteration reached!
WARING max iteration reached!
WARING max iteration reached!
WARING max iteration reached!
WARING max iteration reached!
WARING max iteration reached!
WARING max iteration reached!
WARING max iteration reached!
WARING max iteration reached!
WARING max iteration reached!
WARING max iteration reached!
WARING max iteration reached!
WARING max iteration reached!
WARING max iteration reached!
WARING max iteration reached!
WARING max iteration reached!
WARING max iteration reached!
WARING max iteration reached!
WARING max iteration reached!
WARING max iteration reached!
WARING max iteration reached!
WARING max iteration reached!
WARING max iteration reached!
WARING max iteration reached!
WARING max iteration reached!
WARING max iteration reached!
WARING max iteration reached!
WARING max iteration reached!
WARING max iteration reached!
WARING max iteration reached!
WARING max iteration reached!
WARING max iteration reached!
WARING max iteration reached!
WARING max iteration reached!
WARING max iteration reached!
WARING max iteration reached!
WARING max iteration reached!
WARING max iteration reached!
WARING max iteration reached!
WARING max iteration reached!
WARING max iteration reached!
WARING max iteration reached!
WARING max iteration reached!
WARING max iteration reached!
WARING max iteration reached!
WARING max iteration reached!
WARING max iteration reached!
WARING max iteration reached!
WARING max iteration reached!
WARING max iteration reached!
WARING max iteration reached!
WARING max iteration reached!
WARING max iteration reached!
WARING max iteration reached!
WARING max iteration reached!
WARING max iteration reached!
WARING max iteration reached!
WARING max iteration reached!
WARING max iteration reached!
WARING max iteration reached!
WARING max iteration reached!
WARING max iteration reached!
WARING max iteration reached!
WARING max iteration reached!
WARING max iteration reached!
WARING max iteration reached!
WARING max iteration reached!
WARING max iteration reached!
WARING max iteration reached!
WARING max iteration reached!
WARING max iteration reached!
WARING max iteration reached!
WARING max iteration reached!
WARING max iteration reached!
WARING max iteration reached!
WARING max iteration reached!
WARING max iteration reached!
WARING max iteration reached!
WARING max iteration reached!
WARING max iteration reached!
WARING max iteration reached!
WARING max iteration reached!
WARING max iteration reached!
WARING max iteration reached!
WARING max iteration reached!
WARING max iteration reached!
WARING max iteration reached!
WARING max iteration reached!
WARING max iteration reached!
WARING max iteration reached!
WARING max iteration reached!
WARING max iteration reached!
WARING max iteration reached!
WARING max iteration reached!
WARING max iteration reached!
WARING max iteration reached!
WARING max iteration reached!
WARING max iteration reached!
WARING max iteration reached!
WARING max iteration reached!
WARING max iteration reached!
WARING max iteration reached!
WARING max iteration reached!
WARING max iteration reached!
WARING max iteration reached!
WARING max iteration reached!
WARING max iteration reached!
WARING max iteration reached!
WARING max iteration reached!
WARING max iteration reached!
WARING max iteration reached!
WARING max iteration reached!
WARING max iteration reached!
WARING max iteration reached!
WARING max iteration reached!
WARING max iteration reached!
WARING max iteration reached!
WARING max iteration reached!
WARING max iteration reached!
WARING max iteration reached!
WARING max iteration reached!
WARING max iteration reached!
WARING max iteration reached!
WARING max iteration reached!
WARING max iteration reached!
WARING max iteration reached!
WARING max iteration reached!
WARING max iteration reached!
WARING max iteration reached!
WARING max iteration reached!
WARING max iteration reached!
WARING max iteration reached!
WARING max iteration reached!
WARING max iteration reached!
WARING max iteration reached!
WARING max iteration reached!
WARING max iteration reached!
WARING max iteration reached!
WARING max iteration reached!
WARING max iteration reached!
WARING max iteration reached!
WARING max iteration reached!
WARING max iteration reached!
WARING max iteration reached!
WARING max iteration reached!
WARING max iteration reached!
WARING max iteration reached!
WARING max iteration reached!
WARING max iteration reached!
WARING max iteration reached!
WARING max iteration reached!
WARING max iteration reached!
WARING max iteration reached!
WARING max iteration reached!
WARING max iteration reached!
WARING max iteration reached!
WARING max iteration reached!
WARING max iteration reached!
WARING max iteration reached!
WARING max iteration reached!
WARING max iteration reached!
WARING max iteration reached!
WARING max iteration reached!
WARING max iteration reached!
WARING max iteration reached!
WARING max iteration reached!
WARING max iteration reached!
WARING max iteration reached!
WARING max iteration reached!
WARING max iteration reached!
WARING max iteration reached!
WARING max iteration reached!
WARING max iteration reached!
WARING max iteration reached!
WARING max iteration reached!
WARING max iteration reached!
WARING max iteration reached!
WARING max iteration reached!
WARING max iteration reached!
WARING max iteration reached!
WARING max iteration reached!
WARING max iteration reached!
WARING max iteration reached!
WARING max iteration reached!
WARING max iteration reached!
WARING max iteration reached!
WARING max iteration reached!
WARING max iteration reached!
WARING max iteration reached!
WARING max iteration reached!
WARING max iteration reached!
WARING max iteration reached!
WARING max iteration reached!
WARING max iteration reached!
WARING max iteration reached!
WARING max iteration reached!
WARING max iteration reached!
WARING max iteration reached!
WARING max iteration reached!
WARING max iteration reached!
WARING max iteration reached!
WARING max iteration reached!
WARING max iteration reached!
WARING max iteration reached!
WARING max iteration reached!
WARING max iteration reached!
WARING max iteration reached!
WARING max iteration reached!
WARING max iteration reached!
WARING max iteration reached!
WARING max iteration reached!
WARING max iteration reached!
WARING max iteration reached!
WARING max iteration reached!
WARING max iteration reached!
WARING max iteration reached!
WARING max iteration reached!
WARING max iteration reached!
WARING max iteration reached!
WARING max iteration reached!
WARING max iteration reached!
WARING max iteration reached!
WARING max iteration reached!
WARING max iteration reached!
WARING max iteration reached!
WARING max iteration reached!
WARING max iteration reached!
WARING max iteration reached!
WARING max iteration reached!
WARING max iteration reached!
WARING max iteration reached!
WARING max iteration reached!
WARING max iteration reached!
WARING max iteration reached!
WARING max iteration reached!
WARING max iteration reached!
WARING max iteration reached!
WARING max iteration reached!
WARING max iteration reached!
WARING max iteration reached!
WARING max iteration reached!
WARING max iteration reached!
WARING max iteration reached!
WARING max iteration reached!
WARING max iteration reached!
WARING max iteration reached!
WARING max iteration reached!
WARING max iteration reached!
WARING max iteration reached!
WARING max iteration reached!
WARING max iteration reached!
WARING max iteration reached!
WARING max iteration reached!
WARING max iteration reached!
WARING max iteration reached!
WARING max iteration reached!
WARING max iteration reached!
WARING max iteration reached!
WARING max iteration reached!
WARING max iteration reached!
WARING max iteration reached!
WARING max iteration reached!
WARING max iteration reached!
WARING max iteration reached!
WARING max iteration reached!
WARING max iteration reached!
WARING max iteration reached!
WARING max iteration reached!
WARING max iteration reached!
WARING max iteration reached!
WARING max iteration reached!
WARING max iteration reached!
WARING max iteration reached!
WARING max iteration reached!
WARING max iteration reached!
WARING max iteration reached!
WARING max iteration reached!
WARING max iteration reached!
WARING max iteration reached!
WARING max iteration reached!
WARING max iteration reached!
WARING max iteration reached!
WARING max iteration reached!
WARING max iteration reached!
WARING max iteration reached!
WARING max iteration reached!
WARING max iteration reached!
WARING max iteration reached!
WARING max iteration reached!
WARING max iteration reached!
WARING max iteration reached!
WARING max iteration reached!
WARING max iteration reached!
WARING max iteration reached!
WARING max iteration reached!
WARING max iteration reached!
WARING max iteration reached!
WARING max iteration reached!
WARING max iteration reached!
WARING max iteration reached!
WARING max iteration reached!
WARING max iteration reached!
WARING max iteration reached!
WARING max iteration reached!
WARING max iteration reached!
WARING max iteration reached!
WARING max iteration reached!
WARING max iteration reached!
WARING max iteration reached!
WARING max iteration reached!
WARING max iteration reached!
WARING max iteration reached!
WARING max iteration reached!
WARING max iteration reached!
WARING max iteration reached!
WARING max iteration reached!
WARING max iteration reached!
WARING max iteration reached!
WARING max iteration reached!
WARING max iteration reached!
WARING max iteration reached!
WARING max iteration reached!
WARING max iteration reached!
WARING max iteration reached!
WARING max iteration reached!
WARING max iteration reached!
WARING max iteration reached!
WARING max iteration reached!
WARING max iteration reached!
WARING max iteration reached!
WARING max iteration reached!
WARING max iteration reached!
WARING max iteration reached!
WARING max iteration reached!
WARING max iteration reached!
WARING max iteration reached!
WARING max iteration reached!
WARING max iteration reached!
WARING max iteration reached!
WARING max iteration reached!
WARING max iteration reached!
WARING max iteration reached!
WARING max iteration reached!
WARING max iteration reached!
WARING max iteration reached!
WARING max iteration reached!
WARING max iteration reached!
WARING max iteration reached!
WARING max iteration reached!
WARING max iteration reached!
WARING max iteration reached!
WARING max iteration reached!
WARING max iteration reached!
WARING max iteration reached!
WARING max iteration reached!
WARING max iteration reached!
WARING max iteration reached!
WARING max iteration reached!
WARING max iteration reached!
WARING max iteration reached!
WARING max iteration reached!
WARING max iteration reached!
WARING max iteration reached!
WARING max iteration reached!
WARING max iteration reached!
WARING max iteration reached!
WARING max iteration reached!
WARING max iteration reached!
WARING max iteration reached!
WARING max iteration reached!
WARING max iteration reached!
WARING max iteration reached!
WARING max iteration reached!
WARING max iteration reached!
WARING max iteration reached!
WARING max iteration reached!
WARING max iteration reached!
WARING max iteration reached!
WARING max iteration reached!
WARING max iteration reached!
WARING max iteration reached!
WARING max iteration reached!
WARING max iteration reached!
WARING max iteration reached!
WARING max iteration reached!
WARING max iteration reached!
WARING max iteration reached!
WARING max iteration reached!
WARING max iteration reached!
WARING max iteration reached!
WARING max iteration reached!
WARING max iteration reached!
WARING max iteration reached!
WARING max iteration reached!
WARING max iteration reached!
WARING max iteration reached!
WARING max iteration reached!
WARING max iteration reached!
WARING max iteration reached!
WARING max iteration reached!
WARING max iteration reached!
WARING max iteration reached!
WARING max iteration reached!
WARING max iteration reached!
WARING max iteration reached!
WARING max iteration reached!
WARING max iteration reached!
WARING max iteration reached!
WARING max iteration reached!
WARING max iteration reached!
WARING max iteration reached!
WARING max iteration reached!
WARING max iteration reached!
WARING max iteration reached!
WARING max iteration reached!
WARING max iteration reached!
WARING max iteration reached!
WARING max iteration reached!
WARING max iteration reached!
WARING max iteration reached!
WARING max iteration reached!
WARING max iteration reached!
WARING max iteration reached!
WARING max iteration reached!
WARING max iteration reached!
WARING max iteration reached!
WARING max iteration reached!
WARING max iteration reached!
WARING max iteration reached!
WARING max iteration reached!
WARING max iteration reached!
WARING max iteration reached!
WARING max iteration reached!
WARING max iteration reached!
WARING max iteration reached!
WARING max iteration reached!
WARING max iteration reached!
WARING max iteration reached!
WARING max iteration reached!
WARING max iteration reached!
WARING max iteration reached!
WARING max iteration reached!
WARING max iteration reached!
WARING max iteration reached!
WARING max iteration reached!
WARING max iteration reached!
WARING max iteration reached!
WARING max iteration reached!
WARING max iteration reached!
WARING max iteration reached!
WARING max iteration reached!
WARING max iteration reached!
WARING max iteration reached!
WARING max iteration reached!
WARING max iteration reached!
WARING max iteration reached!
WARING max iteration reached!
WARING max iteration reached!
WARING max iteration reached!
WARING max iteration reached!
WARING max iteration reached!
WARING max iteration reached!
WARING max iteration reached!
WARING max iteration reached!
WARING max iteration reached!
WARING max iteration reached!
WARING max iteration reached!
WARING max iteration reached!
WARING max iteration reached!
WARING max iteration reached!
WARING max iteration reached!
WARING max iteration reached!
WARING max iteration reached!
WARING max iteration reached!
WARING max iteration reached!
WARING max iteration reached!
WARING max iteration reached!
WARING max iteration reached!
2023-08-28 16:42:56.059 Uncaught app exception
Traceback (most recent call last):
  File "/home/room/miniconda3/envs/pytorch1_11_cpu/lib/python3.10/site-packages/streamlit/runtime/scriptrunner/script_runner.py", line 552, in _run_script
    exec(code, module.__dict__)
  File "/home/room/streamlit/denoise/app.py", line 528, in <module>
    run()
  File "/home/room/streamlit/denoise/app.py", line 474, in run
    np.savetxt(f'{received_dir}/{dir_name}/pre/pre_{filenames[file_count]}', res[['wavenumer', 'raw']], fmt='%.4f', delimiter='\t')
  File "/home/room/miniconda3/envs/pytorch1_11_cpu/lib/python3.10/site-packages/pandas/core/frame.py", line 3767, in __getitem__
    indexer = self.columns._get_indexer_strict(key, "columns")[1]
  File "/home/room/miniconda3/envs/pytorch1_11_cpu/lib/python3.10/site-packages/pandas/core/indexes/base.py", line 5876, in _get_indexer_strict
    self._raise_if_missing(keyarr, indexer, axis_name)
  File "/home/room/miniconda3/envs/pytorch1_11_cpu/lib/python3.10/site-packages/pandas/core/indexes/base.py", line 5938, in _raise_if_missing
    raise KeyError(f"{not_found} not in index")
KeyError: "['wavenumer'] not in index"
2023-08-28 16:46:14.234 Uncaught app exception
Traceback (most recent call last):
  File "/home/room/miniconda3/envs/pytorch1_11_cpu/lib/python3.10/site-packages/streamlit/runtime/scriptrunner/script_runner.py", line 552, in _run_script
    exec(code, module.__dict__)
  File "/home/room/streamlit/denoise/app.py", line 529, in <module>
    run()
  File "/home/room/streamlit/denoise/app.py", line 461, in run
    peak_analysis_args = peak_analysis_module(demo_spec)
  File "/home/room/streamlit/denoise/app.py", line 285, in peak_analysis_module
    peak_x, peak_y, peaks, fit_results, start_points, end_points = find_and_fit_peaks(spec_df, height_threshold_ratio, edge_threshold, peak_width, peak_distance)
  File "/home/room/streamlit/denoise/app.py", line 81, in find_and_fit_peaks
    peak_x = spec_df['wavenumber'][peaks]
  File "/home/room/miniconda3/envs/pytorch1_11_cpu/lib/python3.10/site-packages/pandas/core/series.py", line 1033, in __getitem__
    return self._get_with(key)
  File "/home/room/miniconda3/envs/pytorch1_11_cpu/lib/python3.10/site-packages/pandas/core/series.py", line 1068, in _get_with
    return self.loc[key]
  File "/home/room/miniconda3/envs/pytorch1_11_cpu/lib/python3.10/site-packages/pandas/core/indexing.py", line 1103, in __getitem__
    return self._getitem_axis(maybe_callable, axis=axis)
  File "/home/room/miniconda3/envs/pytorch1_11_cpu/lib/python3.10/site-packages/pandas/core/indexing.py", line 1332, in _getitem_axis
    return self._getitem_iterable(key, axis=axis)
  File "/home/room/miniconda3/envs/pytorch1_11_cpu/lib/python3.10/site-packages/pandas/core/indexing.py", line 1272, in _getitem_iterable
    keyarr, indexer = self._get_listlike_indexer(key, axis)
  File "/home/room/miniconda3/envs/pytorch1_11_cpu/lib/python3.10/site-packages/pandas/core/indexing.py", line 1462, in _get_listlike_indexer
    keyarr, indexer = ax._get_indexer_strict(key, axis_name)
  File "/home/room/miniconda3/envs/pytorch1_11_cpu/lib/python3.10/site-packages/pandas/core/indexes/base.py", line 5876, in _get_indexer_strict
    self._raise_if_missing(keyarr, indexer, axis_name)
  File "/home/room/miniconda3/envs/pytorch1_11_cpu/lib/python3.10/site-packages/pandas/core/indexes/base.py", line 5938, in _raise_if_missing
    raise KeyError(f"{not_found} not in index")
KeyError: '[81] not in index'
2023-08-28 16:46:18.056 Uncaught app exception
Traceback (most recent call last):
  File "/home/room/miniconda3/envs/pytorch1_11_cpu/lib/python3.10/site-packages/streamlit/runtime/scriptrunner/script_runner.py", line 552, in _run_script
    exec(code, module.__dict__)
  File "/home/room/streamlit/denoise/app.py", line 529, in <module>
    run()
  File "/home/room/streamlit/denoise/app.py", line 461, in run
    peak_analysis_args = peak_analysis_module(demo_spec)
  File "/home/room/streamlit/denoise/app.py", line 285, in peak_analysis_module
    peak_x, peak_y, peaks, fit_results, start_points, end_points = find_and_fit_peaks(spec_df, height_threshold_ratio, edge_threshold, peak_width, peak_distance)
  File "/home/room/streamlit/denoise/app.py", line 81, in find_and_fit_peaks
    peak_x = spec_df['wavenumber'][peaks]
  File "/home/room/miniconda3/envs/pytorch1_11_cpu/lib/python3.10/site-packages/pandas/core/series.py", line 1033, in __getitem__
    return self._get_with(key)
  File "/home/room/miniconda3/envs/pytorch1_11_cpu/lib/python3.10/site-packages/pandas/core/series.py", line 1068, in _get_with
    return self.loc[key]
  File "/home/room/miniconda3/envs/pytorch1_11_cpu/lib/python3.10/site-packages/pandas/core/indexing.py", line 1103, in __getitem__
    return self._getitem_axis(maybe_callable, axis=axis)
  File "/home/room/miniconda3/envs/pytorch1_11_cpu/lib/python3.10/site-packages/pandas/core/indexing.py", line 1332, in _getitem_axis
    return self._getitem_iterable(key, axis=axis)
  File "/home/room/miniconda3/envs/pytorch1_11_cpu/lib/python3.10/site-packages/pandas/core/indexing.py", line 1272, in _getitem_iterable
    keyarr, indexer = self._get_listlike_indexer(key, axis)
  File "/home/room/miniconda3/envs/pytorch1_11_cpu/lib/python3.10/site-packages/pandas/core/indexing.py", line 1462, in _get_listlike_indexer
    keyarr, indexer = ax._get_indexer_strict(key, axis_name)
  File "/home/room/miniconda3/envs/pytorch1_11_cpu/lib/python3.10/site-packages/pandas/core/indexes/base.py", line 5876, in _get_indexer_strict
    self._raise_if_missing(keyarr, indexer, axis_name)
  File "/home/room/miniconda3/envs/pytorch1_11_cpu/lib/python3.10/site-packages/pandas/core/indexes/base.py", line 5938, in _raise_if_missing
    raise KeyError(f"{not_found} not in index")
KeyError: '[20] not in index'
2023-08-28 16:46:19.839 Uncaught app exception
Traceback (most recent call last):
  File "/home/room/miniconda3/envs/pytorch1_11_cpu/lib/python3.10/site-packages/streamlit/runtime/scriptrunner/script_runner.py", line 552, in _run_script
    exec(code, module.__dict__)
  File "/home/room/streamlit/denoise/app.py", line 529, in <module>
    run()
  File "/home/room/streamlit/denoise/app.py", line 461, in run
    peak_analysis_args = peak_analysis_module(demo_spec)
  File "/home/room/streamlit/denoise/app.py", line 285, in peak_analysis_module
    peak_x, peak_y, peaks, fit_results, start_points, end_points = find_and_fit_peaks(spec_df, height_threshold_ratio, edge_threshold, peak_width, peak_distance)
  File "/home/room/streamlit/denoise/app.py", line 81, in find_and_fit_peaks
    peak_x = spec_df['wavenumber'][peaks]
  File "/home/room/miniconda3/envs/pytorch1_11_cpu/lib/python3.10/site-packages/pandas/core/series.py", line 1033, in __getitem__
    return self._get_with(key)
  File "/home/room/miniconda3/envs/pytorch1_11_cpu/lib/python3.10/site-packages/pandas/core/series.py", line 1068, in _get_with
    return self.loc[key]
  File "/home/room/miniconda3/envs/pytorch1_11_cpu/lib/python3.10/site-packages/pandas/core/indexing.py", line 1103, in __getitem__
    return self._getitem_axis(maybe_callable, axis=axis)
  File "/home/room/miniconda3/envs/pytorch1_11_cpu/lib/python3.10/site-packages/pandas/core/indexing.py", line 1332, in _getitem_axis
    return self._getitem_iterable(key, axis=axis)
  File "/home/room/miniconda3/envs/pytorch1_11_cpu/lib/python3.10/site-packages/pandas/core/indexing.py", line 1272, in _getitem_iterable
    keyarr, indexer = self._get_listlike_indexer(key, axis)
  File "/home/room/miniconda3/envs/pytorch1_11_cpu/lib/python3.10/site-packages/pandas/core/indexing.py", line 1462, in _get_listlike_indexer
    keyarr, indexer = ax._get_indexer_strict(key, axis_name)
  File "/home/room/miniconda3/envs/pytorch1_11_cpu/lib/python3.10/site-packages/pandas/core/indexes/base.py", line 5876, in _get_indexer_strict
    self._raise_if_missing(keyarr, indexer, axis_name)
  File "/home/room/miniconda3/envs/pytorch1_11_cpu/lib/python3.10/site-packages/pandas/core/indexes/base.py", line 5938, in _raise_if_missing
    raise KeyError(f"{not_found} not in index")
KeyError: '[20] not in index'
2023-08-28 16:46:24.722 Uncaught app exception
Traceback (most recent call last):
  File "/home/room/miniconda3/envs/pytorch1_11_cpu/lib/python3.10/site-packages/streamlit/runtime/scriptrunner/script_runner.py", line 552, in _run_script
    exec(code, module.__dict__)
  File "/home/room/streamlit/denoise/app.py", line 529, in <module>
    run()
  File "/home/room/streamlit/denoise/app.py", line 461, in run
    peak_analysis_args = peak_analysis_module(demo_spec)
  File "/home/room/streamlit/denoise/app.py", line 285, in peak_analysis_module
    peak_x, peak_y, peaks, fit_results, start_points, end_points = find_and_fit_peaks(spec_df, height_threshold_ratio, edge_threshold, peak_width, peak_distance)
  File "/home/room/streamlit/denoise/app.py", line 81, in find_and_fit_peaks
    peak_x = spec_df['wavenumber'][peaks]
  File "/home/room/miniconda3/envs/pytorch1_11_cpu/lib/python3.10/site-packages/pandas/core/series.py", line 1033, in __getitem__
    return self._get_with(key)
  File "/home/room/miniconda3/envs/pytorch1_11_cpu/lib/python3.10/site-packages/pandas/core/series.py", line 1068, in _get_with
    return self.loc[key]
  File "/home/room/miniconda3/envs/pytorch1_11_cpu/lib/python3.10/site-packages/pandas/core/indexing.py", line 1103, in __getitem__
    return self._getitem_axis(maybe_callable, axis=axis)
  File "/home/room/miniconda3/envs/pytorch1_11_cpu/lib/python3.10/site-packages/pandas/core/indexing.py", line 1332, in _getitem_axis
    return self._getitem_iterable(key, axis=axis)
  File "/home/room/miniconda3/envs/pytorch1_11_cpu/lib/python3.10/site-packages/pandas/core/indexing.py", line 1272, in _getitem_iterable
    keyarr, indexer = self._get_listlike_indexer(key, axis)
  File "/home/room/miniconda3/envs/pytorch1_11_cpu/lib/python3.10/site-packages/pandas/core/indexing.py", line 1462, in _get_listlike_indexer
    keyarr, indexer = ax._get_indexer_strict(key, axis_name)
  File "/home/room/miniconda3/envs/pytorch1_11_cpu/lib/python3.10/site-packages/pandas/core/indexes/base.py", line 5876, in _get_indexer_strict
    self._raise_if_missing(keyarr, indexer, axis_name)
  File "/home/room/miniconda3/envs/pytorch1_11_cpu/lib/python3.10/site-packages/pandas/core/indexes/base.py", line 5938, in _raise_if_missing
    raise KeyError(f"{not_found} not in index")
KeyError: '[20] not in index'
2023-08-28 16:46:30.939 Uncaught app exception
Traceback (most recent call last):
  File "/home/room/miniconda3/envs/pytorch1_11_cpu/lib/python3.10/site-packages/streamlit/runtime/scriptrunner/script_runner.py", line 552, in _run_script
    exec(code, module.__dict__)
  File "/home/room/streamlit/denoise/app.py", line 529, in <module>
    run()
  File "/home/room/streamlit/denoise/app.py", line 461, in run
    peak_analysis_args = peak_analysis_module(demo_spec)
  File "/home/room/streamlit/denoise/app.py", line 285, in peak_analysis_module
    peak_x, peak_y, peaks, fit_results, start_points, end_points = find_and_fit_peaks(spec_df, height_threshold_ratio, edge_threshold, peak_width, peak_distance)
  File "/home/room/streamlit/denoise/app.py", line 81, in find_and_fit_peaks
    peak_x = spec_df['wavenumber'][peaks]
  File "/home/room/miniconda3/envs/pytorch1_11_cpu/lib/python3.10/site-packages/pandas/core/series.py", line 1033, in __getitem__
    return self._get_with(key)
  File "/home/room/miniconda3/envs/pytorch1_11_cpu/lib/python3.10/site-packages/pandas/core/series.py", line 1068, in _get_with
    return self.loc[key]
  File "/home/room/miniconda3/envs/pytorch1_11_cpu/lib/python3.10/site-packages/pandas/core/indexing.py", line 1103, in __getitem__
    return self._getitem_axis(maybe_callable, axis=axis)
  File "/home/room/miniconda3/envs/pytorch1_11_cpu/lib/python3.10/site-packages/pandas/core/indexing.py", line 1332, in _getitem_axis
    return self._getitem_iterable(key, axis=axis)
  File "/home/room/miniconda3/envs/pytorch1_11_cpu/lib/python3.10/site-packages/pandas/core/indexing.py", line 1272, in _getitem_iterable
    keyarr, indexer = self._get_listlike_indexer(key, axis)
  File "/home/room/miniconda3/envs/pytorch1_11_cpu/lib/python3.10/site-packages/pandas/core/indexing.py", line 1462, in _get_listlike_indexer
    keyarr, indexer = ax._get_indexer_strict(key, axis_name)
  File "/home/room/miniconda3/envs/pytorch1_11_cpu/lib/python3.10/site-packages/pandas/core/indexes/base.py", line 5876, in _get_indexer_strict
    self._raise_if_missing(keyarr, indexer, axis_name)
  File "/home/room/miniconda3/envs/pytorch1_11_cpu/lib/python3.10/site-packages/pandas/core/indexes/base.py", line 5938, in _raise_if_missing
    raise KeyError(f"{not_found} not in index")
KeyError: '[20] not in index'
2023-08-28 16:46:31.958 Uncaught app exception
Traceback (most recent call last):
  File "/home/room/miniconda3/envs/pytorch1_11_cpu/lib/python3.10/site-packages/streamlit/runtime/scriptrunner/script_runner.py", line 552, in _run_script
    exec(code, module.__dict__)
  File "/home/room/streamlit/denoise/app.py", line 529, in <module>
    run()
  File "/home/room/streamlit/denoise/app.py", line 461, in run
    peak_analysis_args = peak_analysis_module(demo_spec)
  File "/home/room/streamlit/denoise/app.py", line 285, in peak_analysis_module
    peak_x, peak_y, peaks, fit_results, start_points, end_points = find_and_fit_peaks(spec_df, height_threshold_ratio, edge_threshold, peak_width, peak_distance)
  File "/home/room/streamlit/denoise/app.py", line 81, in find_and_fit_peaks
    peak_x = spec_df['wavenumber'][peaks]
  File "/home/room/miniconda3/envs/pytorch1_11_cpu/lib/python3.10/site-packages/pandas/core/series.py", line 1033, in __getitem__
    return self._get_with(key)
  File "/home/room/miniconda3/envs/pytorch1_11_cpu/lib/python3.10/site-packages/pandas/core/series.py", line 1068, in _get_with
    return self.loc[key]
  File "/home/room/miniconda3/envs/pytorch1_11_cpu/lib/python3.10/site-packages/pandas/core/indexing.py", line 1103, in __getitem__
    return self._getitem_axis(maybe_callable, axis=axis)
  File "/home/room/miniconda3/envs/pytorch1_11_cpu/lib/python3.10/site-packages/pandas/core/indexing.py", line 1332, in _getitem_axis
    return self._getitem_iterable(key, axis=axis)
  File "/home/room/miniconda3/envs/pytorch1_11_cpu/lib/python3.10/site-packages/pandas/core/indexing.py", line 1272, in _getitem_iterable
    keyarr, indexer = self._get_listlike_indexer(key, axis)
  File "/home/room/miniconda3/envs/pytorch1_11_cpu/lib/python3.10/site-packages/pandas/core/indexing.py", line 1462, in _get_listlike_indexer
    keyarr, indexer = ax._get_indexer_strict(key, axis_name)
  File "/home/room/miniconda3/envs/pytorch1_11_cpu/lib/python3.10/site-packages/pandas/core/indexes/base.py", line 5876, in _get_indexer_strict
    self._raise_if_missing(keyarr, indexer, axis_name)
  File "/home/room/miniconda3/envs/pytorch1_11_cpu/lib/python3.10/site-packages/pandas/core/indexes/base.py", line 5938, in _raise_if_missing
    raise KeyError(f"{not_found} not in index")
KeyError: '[20] not in index'
2023-08-28 16:46:35.529 Uncaught app exception
Traceback (most recent call last):
  File "/home/room/miniconda3/envs/pytorch1_11_cpu/lib/python3.10/site-packages/streamlit/runtime/scriptrunner/script_runner.py", line 552, in _run_script
    exec(code, module.__dict__)
  File "/home/room/streamlit/denoise/app.py", line 529, in <module>
    run()
  File "/home/room/streamlit/denoise/app.py", line 461, in run
    peak_analysis_args = peak_analysis_module(demo_spec)
  File "/home/room/streamlit/denoise/app.py", line 285, in peak_analysis_module
    peak_x, peak_y, peaks, fit_results, start_points, end_points = find_and_fit_peaks(spec_df, height_threshold_ratio, edge_threshold, peak_width, peak_distance)
  File "/home/room/streamlit/denoise/app.py", line 81, in find_and_fit_peaks
    peak_x = spec_df['wavenumber'][peaks]
  File "/home/room/miniconda3/envs/pytorch1_11_cpu/lib/python3.10/site-packages/pandas/core/series.py", line 1033, in __getitem__
    return self._get_with(key)
  File "/home/room/miniconda3/envs/pytorch1_11_cpu/lib/python3.10/site-packages/pandas/core/series.py", line 1068, in _get_with
    return self.loc[key]
  File "/home/room/miniconda3/envs/pytorch1_11_cpu/lib/python3.10/site-packages/pandas/core/indexing.py", line 1103, in __getitem__
    return self._getitem_axis(maybe_callable, axis=axis)
  File "/home/room/miniconda3/envs/pytorch1_11_cpu/lib/python3.10/site-packages/pandas/core/indexing.py", line 1332, in _getitem_axis
    return self._getitem_iterable(key, axis=axis)
  File "/home/room/miniconda3/envs/pytorch1_11_cpu/lib/python3.10/site-packages/pandas/core/indexing.py", line 1272, in _getitem_iterable
    keyarr, indexer = self._get_listlike_indexer(key, axis)
  File "/home/room/miniconda3/envs/pytorch1_11_cpu/lib/python3.10/site-packages/pandas/core/indexing.py", line 1462, in _get_listlike_indexer
    keyarr, indexer = ax._get_indexer_strict(key, axis_name)
  File "/home/room/miniconda3/envs/pytorch1_11_cpu/lib/python3.10/site-packages/pandas/core/indexes/base.py", line 5876, in _get_indexer_strict
    self._raise_if_missing(keyarr, indexer, axis_name)
  File "/home/room/miniconda3/envs/pytorch1_11_cpu/lib/python3.10/site-packages/pandas/core/indexes/base.py", line 5938, in _raise_if_missing
    raise KeyError(f"{not_found} not in index")
KeyError: '[81] not in index'
2023-08-28 16:46:36.691 Uncaught app exception
Traceback (most recent call last):
  File "/home/room/miniconda3/envs/pytorch1_11_cpu/lib/python3.10/site-packages/streamlit/runtime/scriptrunner/script_runner.py", line 552, in _run_script
    exec(code, module.__dict__)
  File "/home/room/streamlit/denoise/app.py", line 529, in <module>
    run()
  File "/home/room/streamlit/denoise/app.py", line 461, in run
    peak_analysis_args = peak_analysis_module(demo_spec)
  File "/home/room/streamlit/denoise/app.py", line 285, in peak_analysis_module
    peak_x, peak_y, peaks, fit_results, start_points, end_points = find_and_fit_peaks(spec_df, height_threshold_ratio, edge_threshold, peak_width, peak_distance)
  File "/home/room/streamlit/denoise/app.py", line 81, in find_and_fit_peaks
    peak_x = spec_df['wavenumber'][peaks]
  File "/home/room/miniconda3/envs/pytorch1_11_cpu/lib/python3.10/site-packages/pandas/core/series.py", line 1033, in __getitem__
    return self._get_with(key)
  File "/home/room/miniconda3/envs/pytorch1_11_cpu/lib/python3.10/site-packages/pandas/core/series.py", line 1068, in _get_with
    return self.loc[key]
  File "/home/room/miniconda3/envs/pytorch1_11_cpu/lib/python3.10/site-packages/pandas/core/indexing.py", line 1103, in __getitem__
    return self._getitem_axis(maybe_callable, axis=axis)
  File "/home/room/miniconda3/envs/pytorch1_11_cpu/lib/python3.10/site-packages/pandas/core/indexing.py", line 1332, in _getitem_axis
    return self._getitem_iterable(key, axis=axis)
  File "/home/room/miniconda3/envs/pytorch1_11_cpu/lib/python3.10/site-packages/pandas/core/indexing.py", line 1272, in _getitem_iterable
    keyarr, indexer = self._get_listlike_indexer(key, axis)
  File "/home/room/miniconda3/envs/pytorch1_11_cpu/lib/python3.10/site-packages/pandas/core/indexing.py", line 1462, in _get_listlike_indexer
    keyarr, indexer = ax._get_indexer_strict(key, axis_name)
  File "/home/room/miniconda3/envs/pytorch1_11_cpu/lib/python3.10/site-packages/pandas/core/indexes/base.py", line 5876, in _get_indexer_strict
    self._raise_if_missing(keyarr, indexer, axis_name)
  File "/home/room/miniconda3/envs/pytorch1_11_cpu/lib/python3.10/site-packages/pandas/core/indexes/base.py", line 5938, in _raise_if_missing
    raise KeyError(f"{not_found} not in index")
KeyError: '[81] not in index'
2023-08-28 16:46:38.135 Uncaught app exception
Traceback (most recent call last):
  File "/home/room/miniconda3/envs/pytorch1_11_cpu/lib/python3.10/site-packages/streamlit/runtime/scriptrunner/script_runner.py", line 552, in _run_script
    exec(code, module.__dict__)
  File "/home/room/streamlit/denoise/app.py", line 529, in <module>
    run()
  File "/home/room/streamlit/denoise/app.py", line 461, in run
    peak_analysis_args = peak_analysis_module(demo_spec)
  File "/home/room/streamlit/denoise/app.py", line 285, in peak_analysis_module
    peak_x, peak_y, peaks, fit_results, start_points, end_points = find_and_fit_peaks(spec_df, height_threshold_ratio, edge_threshold, peak_width, peak_distance)
  File "/home/room/streamlit/denoise/app.py", line 81, in find_and_fit_peaks
    peak_x = spec_df['wavenumber'][peaks]
  File "/home/room/miniconda3/envs/pytorch1_11_cpu/lib/python3.10/site-packages/pandas/core/series.py", line 1033, in __getitem__
    return self._get_with(key)
  File "/home/room/miniconda3/envs/pytorch1_11_cpu/lib/python3.10/site-packages/pandas/core/series.py", line 1068, in _get_with
    return self.loc[key]
  File "/home/room/miniconda3/envs/pytorch1_11_cpu/lib/python3.10/site-packages/pandas/core/indexing.py", line 1103, in __getitem__
    return self._getitem_axis(maybe_callable, axis=axis)
  File "/home/room/miniconda3/envs/pytorch1_11_cpu/lib/python3.10/site-packages/pandas/core/indexing.py", line 1332, in _getitem_axis
    return self._getitem_iterable(key, axis=axis)
  File "/home/room/miniconda3/envs/pytorch1_11_cpu/lib/python3.10/site-packages/pandas/core/indexing.py", line 1272, in _getitem_iterable
    keyarr, indexer = self._get_listlike_indexer(key, axis)
  File "/home/room/miniconda3/envs/pytorch1_11_cpu/lib/python3.10/site-packages/pandas/core/indexing.py", line 1462, in _get_listlike_indexer
    keyarr, indexer = ax._get_indexer_strict(key, axis_name)
  File "/home/room/miniconda3/envs/pytorch1_11_cpu/lib/python3.10/site-packages/pandas/core/indexes/base.py", line 5876, in _get_indexer_strict
    self._raise_if_missing(keyarr, indexer, axis_name)
  File "/home/room/miniconda3/envs/pytorch1_11_cpu/lib/python3.10/site-packages/pandas/core/indexes/base.py", line 5938, in _raise_if_missing
    raise KeyError(f"{not_found} not in index")
KeyError: '[81] not in index'
2023-08-28 16:47:00.726 Uncaught app exception
Traceback (most recent call last):
  File "/home/room/miniconda3/envs/pytorch1_11_cpu/lib/python3.10/site-packages/streamlit/runtime/scriptrunner/script_runner.py", line 552, in _run_script
    exec(code, module.__dict__)
  File "/home/room/streamlit/denoise/app.py", line 529, in <module>
    run()
  File "/home/room/streamlit/denoise/app.py", line 461, in run
    peak_analysis_args = peak_analysis_module(demo_spec)
  File "/home/room/streamlit/denoise/app.py", line 285, in peak_analysis_module
    peak_x, peak_y, peaks, fit_results, start_points, end_points = find_and_fit_peaks(spec_df, height_threshold_ratio, edge_threshold, peak_width, peak_distance)
  File "/home/room/streamlit/denoise/app.py", line 81, in find_and_fit_peaks
    peak_x = spec_df['wavenumber'][peaks]
  File "/home/room/miniconda3/envs/pytorch1_11_cpu/lib/python3.10/site-packages/pandas/core/series.py", line 1033, in __getitem__
    return self._get_with(key)
  File "/home/room/miniconda3/envs/pytorch1_11_cpu/lib/python3.10/site-packages/pandas/core/series.py", line 1068, in _get_with
    return self.loc[key]
  File "/home/room/miniconda3/envs/pytorch1_11_cpu/lib/python3.10/site-packages/pandas/core/indexing.py", line 1103, in __getitem__
    return self._getitem_axis(maybe_callable, axis=axis)
  File "/home/room/miniconda3/envs/pytorch1_11_cpu/lib/python3.10/site-packages/pandas/core/indexing.py", line 1332, in _getitem_axis
    return self._getitem_iterable(key, axis=axis)
  File "/home/room/miniconda3/envs/pytorch1_11_cpu/lib/python3.10/site-packages/pandas/core/indexing.py", line 1272, in _getitem_iterable
    keyarr, indexer = self._get_listlike_indexer(key, axis)
  File "/home/room/miniconda3/envs/pytorch1_11_cpu/lib/python3.10/site-packages/pandas/core/indexing.py", line 1462, in _get_listlike_indexer
    keyarr, indexer = ax._get_indexer_strict(key, axis_name)
  File "/home/room/miniconda3/envs/pytorch1_11_cpu/lib/python3.10/site-packages/pandas/core/indexes/base.py", line 5876, in _get_indexer_strict
    self._raise_if_missing(keyarr, indexer, axis_name)
  File "/home/room/miniconda3/envs/pytorch1_11_cpu/lib/python3.10/site-packages/pandas/core/indexes/base.py", line 5938, in _raise_if_missing
    raise KeyError(f"{not_found} not in index")
KeyError: '[20] not in index'
2023-08-28 16:47:02.711 Uncaught app exception
Traceback (most recent call last):
  File "/home/room/miniconda3/envs/pytorch1_11_cpu/lib/python3.10/site-packages/streamlit/runtime/scriptrunner/script_runner.py", line 552, in _run_script
    exec(code, module.__dict__)
  File "/home/room/streamlit/denoise/app.py", line 529, in <module>
    run()
  File "/home/room/streamlit/denoise/app.py", line 461, in run
    peak_analysis_args = peak_analysis_module(demo_spec)
  File "/home/room/streamlit/denoise/app.py", line 285, in peak_analysis_module
    peak_x, peak_y, peaks, fit_results, start_points, end_points = find_and_fit_peaks(spec_df, height_threshold_ratio, edge_threshold, peak_width, peak_distance)
  File "/home/room/streamlit/denoise/app.py", line 81, in find_and_fit_peaks
    peak_x = spec_df['wavenumber'][peaks]
  File "/home/room/miniconda3/envs/pytorch1_11_cpu/lib/python3.10/site-packages/pandas/core/series.py", line 1033, in __getitem__
    return self._get_with(key)
  File "/home/room/miniconda3/envs/pytorch1_11_cpu/lib/python3.10/site-packages/pandas/core/series.py", line 1068, in _get_with
    return self.loc[key]
  File "/home/room/miniconda3/envs/pytorch1_11_cpu/lib/python3.10/site-packages/pandas/core/indexing.py", line 1103, in __getitem__
    return self._getitem_axis(maybe_callable, axis=axis)
  File "/home/room/miniconda3/envs/pytorch1_11_cpu/lib/python3.10/site-packages/pandas/core/indexing.py", line 1332, in _getitem_axis
    return self._getitem_iterable(key, axis=axis)
  File "/home/room/miniconda3/envs/pytorch1_11_cpu/lib/python3.10/site-packages/pandas/core/indexing.py", line 1272, in _getitem_iterable
    keyarr, indexer = self._get_listlike_indexer(key, axis)
  File "/home/room/miniconda3/envs/pytorch1_11_cpu/lib/python3.10/site-packages/pandas/core/indexing.py", line 1462, in _get_listlike_indexer
    keyarr, indexer = ax._get_indexer_strict(key, axis_name)
  File "/home/room/miniconda3/envs/pytorch1_11_cpu/lib/python3.10/site-packages/pandas/core/indexes/base.py", line 5876, in _get_indexer_strict
    self._raise_if_missing(keyarr, indexer, axis_name)
  File "/home/room/miniconda3/envs/pytorch1_11_cpu/lib/python3.10/site-packages/pandas/core/indexes/base.py", line 5938, in _raise_if_missing
    raise KeyError(f"{not_found} not in index")
KeyError: '[20] not in index'
2023-08-28 16:47:44.911 Uncaught app exception
Traceback (most recent call last):
  File "/home/room/miniconda3/envs/pytorch1_11_cpu/lib/python3.10/site-packages/pandas/core/indexes/base.py", line 3652, in get_loc
    return self._engine.get_loc(casted_key)
  File "pandas/_libs/index.pyx", line 147, in pandas._libs.index.IndexEngine.get_loc
  File "pandas/_libs/index.pyx", line 176, in pandas._libs.index.IndexEngine.get_loc
  File "pandas/_libs/hashtable_class_helper.pxi", line 2606, in pandas._libs.hashtable.Int64HashTable.get_item
  File "pandas/_libs/hashtable_class_helper.pxi", line 2630, in pandas._libs.hashtable.Int64HashTable.get_item
KeyError: 106

The above exception was the direct cause of the following exception:

Traceback (most recent call last):
  File "/home/room/miniconda3/envs/pytorch1_11_cpu/lib/python3.10/site-packages/streamlit/runtime/scriptrunner/script_runner.py", line 552, in _run_script
    exec(code, module.__dict__)
  File "/home/room/streamlit/denoise/app.py", line 529, in <module>
    run()
  File "/home/room/streamlit/denoise/app.py", line 461, in run
    peak_analysis_args = peak_analysis_module(demo_spec)
  File "/home/room/streamlit/denoise/app.py", line 285, in peak_analysis_module
    peak_x, peak_y, peaks, fit_results, start_points, end_points = find_and_fit_peaks(spec_df, height_threshold_ratio, edge_threshold, peak_width, peak_distance)
  File "/home/room/streamlit/denoise/app.py", line 94, in find_and_fit_peaks
    while left_edge > 0 and inp[left_edge] > edge_threshold:
  File "/home/room/miniconda3/envs/pytorch1_11_cpu/lib/python3.10/site-packages/pandas/core/series.py", line 1007, in __getitem__
    return self._get_value(key)
  File "/home/room/miniconda3/envs/pytorch1_11_cpu/lib/python3.10/site-packages/pandas/core/series.py", line 1116, in _get_value
    loc = self.index.get_loc(label)
  File "/home/room/miniconda3/envs/pytorch1_11_cpu/lib/python3.10/site-packages/pandas/core/indexes/base.py", line 3654, in get_loc
    raise KeyError(key) from err
KeyError: 106
2023-08-28 16:47:46.850 Uncaught app exception
Traceback (most recent call last):
  File "/home/room/miniconda3/envs/pytorch1_11_cpu/lib/python3.10/site-packages/pandas/core/indexes/base.py", line 3652, in get_loc
    return self._engine.get_loc(casted_key)
  File "pandas/_libs/index.pyx", line 147, in pandas._libs.index.IndexEngine.get_loc
  File "pandas/_libs/index.pyx", line 176, in pandas._libs.index.IndexEngine.get_loc
  File "pandas/_libs/hashtable_class_helper.pxi", line 2606, in pandas._libs.hashtable.Int64HashTable.get_item
  File "pandas/_libs/hashtable_class_helper.pxi", line 2630, in pandas._libs.hashtable.Int64HashTable.get_item
KeyError: 106

The above exception was the direct cause of the following exception:

Traceback (most recent call last):
  File "/home/room/miniconda3/envs/pytorch1_11_cpu/lib/python3.10/site-packages/streamlit/runtime/scriptrunner/script_runner.py", line 552, in _run_script
    exec(code, module.__dict__)
  File "/home/room/streamlit/denoise/app.py", line 529, in <module>
    run()
  File "/home/room/streamlit/denoise/app.py", line 461, in run
    peak_analysis_args = peak_analysis_module(demo_spec)
  File "/home/room/streamlit/denoise/app.py", line 285, in peak_analysis_module
    peak_x, peak_y, peaks, fit_results, start_points, end_points = find_and_fit_peaks(spec_df, height_threshold_ratio, edge_threshold, peak_width, peak_distance)
  File "/home/room/streamlit/denoise/app.py", line 94, in find_and_fit_peaks
    while left_edge > 0 and inp[left_edge] > edge_threshold:
  File "/home/room/miniconda3/envs/pytorch1_11_cpu/lib/python3.10/site-packages/pandas/core/series.py", line 1007, in __getitem__
    return self._get_value(key)
  File "/home/room/miniconda3/envs/pytorch1_11_cpu/lib/python3.10/site-packages/pandas/core/series.py", line 1116, in _get_value
    loc = self.index.get_loc(label)
  File "/home/room/miniconda3/envs/pytorch1_11_cpu/lib/python3.10/site-packages/pandas/core/indexes/base.py", line 3654, in get_loc
    raise KeyError(key) from err
KeyError: 106
2023-08-28 16:47:47.618 Uncaught app exception
Traceback (most recent call last):
  File "/home/room/miniconda3/envs/pytorch1_11_cpu/lib/python3.10/site-packages/pandas/core/indexes/base.py", line 3652, in get_loc
    return self._engine.get_loc(casted_key)
  File "pandas/_libs/index.pyx", line 147, in pandas._libs.index.IndexEngine.get_loc
  File "pandas/_libs/index.pyx", line 176, in pandas._libs.index.IndexEngine.get_loc
  File "pandas/_libs/hashtable_class_helper.pxi", line 2606, in pandas._libs.hashtable.Int64HashTable.get_item
  File "pandas/_libs/hashtable_class_helper.pxi", line 2630, in pandas._libs.hashtable.Int64HashTable.get_item
KeyError: 106

The above exception was the direct cause of the following exception:

Traceback (most recent call last):
  File "/home/room/miniconda3/envs/pytorch1_11_cpu/lib/python3.10/site-packages/streamlit/runtime/scriptrunner/script_runner.py", line 552, in _run_script
    exec(code, module.__dict__)
  File "/home/room/streamlit/denoise/app.py", line 529, in <module>
    run()
  File "/home/room/streamlit/denoise/app.py", line 461, in run
    peak_analysis_args = peak_analysis_module(demo_spec)
  File "/home/room/streamlit/denoise/app.py", line 285, in peak_analysis_module
    peak_x, peak_y, peaks, fit_results, start_points, end_points = find_and_fit_peaks(spec_df, height_threshold_ratio, edge_threshold, peak_width, peak_distance)
  File "/home/room/streamlit/denoise/app.py", line 94, in find_and_fit_peaks
    while left_edge > 0 and inp[left_edge] > edge_threshold:
  File "/home/room/miniconda3/envs/pytorch1_11_cpu/lib/python3.10/site-packages/pandas/core/series.py", line 1007, in __getitem__
    return self._get_value(key)
  File "/home/room/miniconda3/envs/pytorch1_11_cpu/lib/python3.10/site-packages/pandas/core/series.py", line 1116, in _get_value
    loc = self.index.get_loc(label)
  File "/home/room/miniconda3/envs/pytorch1_11_cpu/lib/python3.10/site-packages/pandas/core/indexes/base.py", line 3654, in get_loc
    raise KeyError(key) from err
KeyError: 106
2023-08-28 16:47:48.471 Uncaught app exception
Traceback (most recent call last):
  File "/home/room/miniconda3/envs/pytorch1_11_cpu/lib/python3.10/site-packages/pandas/core/indexes/base.py", line 3652, in get_loc
    return self._engine.get_loc(casted_key)
  File "pandas/_libs/index.pyx", line 147, in pandas._libs.index.IndexEngine.get_loc
  File "pandas/_libs/index.pyx", line 176, in pandas._libs.index.IndexEngine.get_loc
  File "pandas/_libs/hashtable_class_helper.pxi", line 2606, in pandas._libs.hashtable.Int64HashTable.get_item
  File "pandas/_libs/hashtable_class_helper.pxi", line 2630, in pandas._libs.hashtable.Int64HashTable.get_item
KeyError: 106

The above exception was the direct cause of the following exception:

Traceback (most recent call last):
  File "/home/room/miniconda3/envs/pytorch1_11_cpu/lib/python3.10/site-packages/streamlit/runtime/scriptrunner/script_runner.py", line 552, in _run_script
    exec(code, module.__dict__)
  File "/home/room/streamlit/denoise/app.py", line 529, in <module>
    run()
  File "/home/room/streamlit/denoise/app.py", line 461, in run
    peak_analysis_args = peak_analysis_module(demo_spec)
  File "/home/room/streamlit/denoise/app.py", line 285, in peak_analysis_module
    peak_x, peak_y, peaks, fit_results, start_points, end_points = find_and_fit_peaks(spec_df, height_threshold_ratio, edge_threshold, peak_width, peak_distance)
  File "/home/room/streamlit/denoise/app.py", line 94, in find_and_fit_peaks
    while left_edge > 0 and inp[left_edge] > edge_threshold:
  File "/home/room/miniconda3/envs/pytorch1_11_cpu/lib/python3.10/site-packages/pandas/core/series.py", line 1007, in __getitem__
    return self._get_value(key)
  File "/home/room/miniconda3/envs/pytorch1_11_cpu/lib/python3.10/site-packages/pandas/core/series.py", line 1116, in _get_value
    loc = self.index.get_loc(label)
  File "/home/room/miniconda3/envs/pytorch1_11_cpu/lib/python3.10/site-packages/pandas/core/indexes/base.py", line 3654, in get_loc
    raise KeyError(key) from err
KeyError: 106
2023-08-28 16:47:49.252 Uncaught app exception
Traceback (most recent call last):
  File "/home/room/miniconda3/envs/pytorch1_11_cpu/lib/python3.10/site-packages/pandas/core/indexes/base.py", line 3652, in get_loc
    return self._engine.get_loc(casted_key)
  File "pandas/_libs/index.pyx", line 147, in pandas._libs.index.IndexEngine.get_loc
  File "pandas/_libs/index.pyx", line 176, in pandas._libs.index.IndexEngine.get_loc
  File "pandas/_libs/hashtable_class_helper.pxi", line 2606, in pandas._libs.hashtable.Int64HashTable.get_item
  File "pandas/_libs/hashtable_class_helper.pxi", line 2630, in pandas._libs.hashtable.Int64HashTable.get_item
KeyError: 106

The above exception was the direct cause of the following exception:

Traceback (most recent call last):
  File "/home/room/miniconda3/envs/pytorch1_11_cpu/lib/python3.10/site-packages/streamlit/runtime/scriptrunner/script_runner.py", line 552, in _run_script
    exec(code, module.__dict__)
  File "/home/room/streamlit/denoise/app.py", line 529, in <module>
    run()
  File "/home/room/streamlit/denoise/app.py", line 461, in run
    peak_analysis_args = peak_analysis_module(demo_spec)
  File "/home/room/streamlit/denoise/app.py", line 285, in peak_analysis_module
    peak_x, peak_y, peaks, fit_results, start_points, end_points = find_and_fit_peaks(spec_df, height_threshold_ratio, edge_threshold, peak_width, peak_distance)
  File "/home/room/streamlit/denoise/app.py", line 94, in find_and_fit_peaks
    while left_edge > 0 and inp[left_edge] > edge_threshold:
  File "/home/room/miniconda3/envs/pytorch1_11_cpu/lib/python3.10/site-packages/pandas/core/series.py", line 1007, in __getitem__
    return self._get_value(key)
  File "/home/room/miniconda3/envs/pytorch1_11_cpu/lib/python3.10/site-packages/pandas/core/series.py", line 1116, in _get_value
    loc = self.index.get_loc(label)
  File "/home/room/miniconda3/envs/pytorch1_11_cpu/lib/python3.10/site-packages/pandas/core/indexes/base.py", line 3654, in get_loc
    raise KeyError(key) from err
KeyError: 106
2023-08-28 16:47:50.087 Uncaught app exception
Traceback (most recent call last):
  File "/home/room/miniconda3/envs/pytorch1_11_cpu/lib/python3.10/site-packages/pandas/core/indexes/base.py", line 3652, in get_loc
    return self._engine.get_loc(casted_key)
  File "pandas/_libs/index.pyx", line 147, in pandas._libs.index.IndexEngine.get_loc
  File "pandas/_libs/index.pyx", line 176, in pandas._libs.index.IndexEngine.get_loc
  File "pandas/_libs/hashtable_class_helper.pxi", line 2606, in pandas._libs.hashtable.Int64HashTable.get_item
  File "pandas/_libs/hashtable_class_helper.pxi", line 2630, in pandas._libs.hashtable.Int64HashTable.get_item
KeyError: 106

The above exception was the direct cause of the following exception:

Traceback (most recent call last):
  File "/home/room/miniconda3/envs/pytorch1_11_cpu/lib/python3.10/site-packages/streamlit/runtime/scriptrunner/script_runner.py", line 552, in _run_script
    exec(code, module.__dict__)
  File "/home/room/streamlit/denoise/app.py", line 529, in <module>
    run()
  File "/home/room/streamlit/denoise/app.py", line 461, in run
    peak_analysis_args = peak_analysis_module(demo_spec)
  File "/home/room/streamlit/denoise/app.py", line 285, in peak_analysis_module
    peak_x, peak_y, peaks, fit_results, start_points, end_points = find_and_fit_peaks(spec_df, height_threshold_ratio, edge_threshold, peak_width, peak_distance)
  File "/home/room/streamlit/denoise/app.py", line 94, in find_and_fit_peaks
    while left_edge > 0 and inp[left_edge] > edge_threshold:
  File "/home/room/miniconda3/envs/pytorch1_11_cpu/lib/python3.10/site-packages/pandas/core/series.py", line 1007, in __getitem__
    return self._get_value(key)
  File "/home/room/miniconda3/envs/pytorch1_11_cpu/lib/python3.10/site-packages/pandas/core/series.py", line 1116, in _get_value
    loc = self.index.get_loc(label)
  File "/home/room/miniconda3/envs/pytorch1_11_cpu/lib/python3.10/site-packages/pandas/core/indexes/base.py", line 3654, in get_loc
    raise KeyError(key) from err
KeyError: 106
2023-08-28 16:47:50.692 Uncaught app exception
Traceback (most recent call last):
  File "/home/room/miniconda3/envs/pytorch1_11_cpu/lib/python3.10/site-packages/pandas/core/indexes/base.py", line 3652, in get_loc
    return self._engine.get_loc(casted_key)
  File "pandas/_libs/index.pyx", line 147, in pandas._libs.index.IndexEngine.get_loc
  File "pandas/_libs/index.pyx", line 176, in pandas._libs.index.IndexEngine.get_loc
  File "pandas/_libs/hashtable_class_helper.pxi", line 2606, in pandas._libs.hashtable.Int64HashTable.get_item
  File "pandas/_libs/hashtable_class_helper.pxi", line 2630, in pandas._libs.hashtable.Int64HashTable.get_item
KeyError: 106

The above exception was the direct cause of the following exception:

Traceback (most recent call last):
  File "/home/room/miniconda3/envs/pytorch1_11_cpu/lib/python3.10/site-packages/streamlit/runtime/scriptrunner/script_runner.py", line 552, in _run_script
    exec(code, module.__dict__)
  File "/home/room/streamlit/denoise/app.py", line 529, in <module>
    run()
  File "/home/room/streamlit/denoise/app.py", line 461, in run
    peak_analysis_args = peak_analysis_module(demo_spec)
  File "/home/room/streamlit/denoise/app.py", line 285, in peak_analysis_module
    peak_x, peak_y, peaks, fit_results, start_points, end_points = find_and_fit_peaks(spec_df, height_threshold_ratio, edge_threshold, peak_width, peak_distance)
  File "/home/room/streamlit/denoise/app.py", line 94, in find_and_fit_peaks
    while left_edge > 0 and inp[left_edge] > edge_threshold:
  File "/home/room/miniconda3/envs/pytorch1_11_cpu/lib/python3.10/site-packages/pandas/core/series.py", line 1007, in __getitem__
    return self._get_value(key)
  File "/home/room/miniconda3/envs/pytorch1_11_cpu/lib/python3.10/site-packages/pandas/core/series.py", line 1116, in _get_value
    loc = self.index.get_loc(label)
  File "/home/room/miniconda3/envs/pytorch1_11_cpu/lib/python3.10/site-packages/pandas/core/indexes/base.py", line 3654, in get_loc
    raise KeyError(key) from err
KeyError: 106
2023-08-28 16:47:51.421 Uncaught app exception
Traceback (most recent call last):
  File "/home/room/miniconda3/envs/pytorch1_11_cpu/lib/python3.10/site-packages/pandas/core/indexes/base.py", line 3652, in get_loc
    return self._engine.get_loc(casted_key)
  File "pandas/_libs/index.pyx", line 147, in pandas._libs.index.IndexEngine.get_loc
  File "pandas/_libs/index.pyx", line 176, in pandas._libs.index.IndexEngine.get_loc
  File "pandas/_libs/hashtable_class_helper.pxi", line 2606, in pandas._libs.hashtable.Int64HashTable.get_item
  File "pandas/_libs/hashtable_class_helper.pxi", line 2630, in pandas._libs.hashtable.Int64HashTable.get_item
KeyError: 106

The above exception was the direct cause of the following exception:

Traceback (most recent call last):
  File "/home/room/miniconda3/envs/pytorch1_11_cpu/lib/python3.10/site-packages/streamlit/runtime/scriptrunner/script_runner.py", line 552, in _run_script
    exec(code, module.__dict__)
  File "/home/room/streamlit/denoise/app.py", line 529, in <module>
    run()
  File "/home/room/streamlit/denoise/app.py", line 461, in run
    peak_analysis_args = peak_analysis_module(demo_spec)
  File "/home/room/streamlit/denoise/app.py", line 285, in peak_analysis_module
    peak_x, peak_y, peaks, fit_results, start_points, end_points = find_and_fit_peaks(spec_df, height_threshold_ratio, edge_threshold, peak_width, peak_distance)
  File "/home/room/streamlit/denoise/app.py", line 94, in find_and_fit_peaks
    while left_edge > 0 and inp[left_edge] > edge_threshold:
  File "/home/room/miniconda3/envs/pytorch1_11_cpu/lib/python3.10/site-packages/pandas/core/series.py", line 1007, in __getitem__
    return self._get_value(key)
  File "/home/room/miniconda3/envs/pytorch1_11_cpu/lib/python3.10/site-packages/pandas/core/series.py", line 1116, in _get_value
    loc = self.index.get_loc(label)
  File "/home/room/miniconda3/envs/pytorch1_11_cpu/lib/python3.10/site-packages/pandas/core/indexes/base.py", line 3654, in get_loc
    raise KeyError(key) from err
KeyError: 106
2023-08-28 16:47:51.989 Uncaught app exception
Traceback (most recent call last):
  File "/home/room/miniconda3/envs/pytorch1_11_cpu/lib/python3.10/site-packages/pandas/core/indexes/base.py", line 3652, in get_loc
    return self._engine.get_loc(casted_key)
  File "pandas/_libs/index.pyx", line 147, in pandas._libs.index.IndexEngine.get_loc
  File "pandas/_libs/index.pyx", line 176, in pandas._libs.index.IndexEngine.get_loc
  File "pandas/_libs/hashtable_class_helper.pxi", line 2606, in pandas._libs.hashtable.Int64HashTable.get_item
  File "pandas/_libs/hashtable_class_helper.pxi", line 2630, in pandas._libs.hashtable.Int64HashTable.get_item
KeyError: 106

The above exception was the direct cause of the following exception:

Traceback (most recent call last):
  File "/home/room/miniconda3/envs/pytorch1_11_cpu/lib/python3.10/site-packages/streamlit/runtime/scriptrunner/script_runner.py", line 552, in _run_script
    exec(code, module.__dict__)
  File "/home/room/streamlit/denoise/app.py", line 529, in <module>
    run()
  File "/home/room/streamlit/denoise/app.py", line 461, in run
    peak_analysis_args = peak_analysis_module(demo_spec)
  File "/home/room/streamlit/denoise/app.py", line 285, in peak_analysis_module
    peak_x, peak_y, peaks, fit_results, start_points, end_points = find_and_fit_peaks(spec_df, height_threshold_ratio, edge_threshold, peak_width, peak_distance)
  File "/home/room/streamlit/denoise/app.py", line 94, in find_and_fit_peaks
    while left_edge > 0 and inp[left_edge] > edge_threshold:
  File "/home/room/miniconda3/envs/pytorch1_11_cpu/lib/python3.10/site-packages/pandas/core/series.py", line 1007, in __getitem__
    return self._get_value(key)
  File "/home/room/miniconda3/envs/pytorch1_11_cpu/lib/python3.10/site-packages/pandas/core/series.py", line 1116, in _get_value
    loc = self.index.get_loc(label)
  File "/home/room/miniconda3/envs/pytorch1_11_cpu/lib/python3.10/site-packages/pandas/core/indexes/base.py", line 3654, in get_loc
    raise KeyError(key) from err
KeyError: 106
2023-08-28 16:47:52.544 Uncaught app exception
Traceback (most recent call last):
  File "/home/room/miniconda3/envs/pytorch1_11_cpu/lib/python3.10/site-packages/pandas/core/indexes/base.py", line 3652, in get_loc
    return self._engine.get_loc(casted_key)
  File "pandas/_libs/index.pyx", line 147, in pandas._libs.index.IndexEngine.get_loc
  File "pandas/_libs/index.pyx", line 176, in pandas._libs.index.IndexEngine.get_loc
  File "pandas/_libs/hashtable_class_helper.pxi", line 2606, in pandas._libs.hashtable.Int64HashTable.get_item
  File "pandas/_libs/hashtable_class_helper.pxi", line 2630, in pandas._libs.hashtable.Int64HashTable.get_item
KeyError: 106

The above exception was the direct cause of the following exception:

Traceback (most recent call last):
  File "/home/room/miniconda3/envs/pytorch1_11_cpu/lib/python3.10/site-packages/streamlit/runtime/scriptrunner/script_runner.py", line 552, in _run_script
    exec(code, module.__dict__)
  File "/home/room/streamlit/denoise/app.py", line 529, in <module>
    run()
  File "/home/room/streamlit/denoise/app.py", line 461, in run
    peak_analysis_args = peak_analysis_module(demo_spec)
  File "/home/room/streamlit/denoise/app.py", line 285, in peak_analysis_module
    peak_x, peak_y, peaks, fit_results, start_points, end_points = find_and_fit_peaks(spec_df, height_threshold_ratio, edge_threshold, peak_width, peak_distance)
  File "/home/room/streamlit/denoise/app.py", line 94, in find_and_fit_peaks
    while left_edge > 0 and inp[left_edge] > edge_threshold:
  File "/home/room/miniconda3/envs/pytorch1_11_cpu/lib/python3.10/site-packages/pandas/core/series.py", line 1007, in __getitem__
    return self._get_value(key)
  File "/home/room/miniconda3/envs/pytorch1_11_cpu/lib/python3.10/site-packages/pandas/core/series.py", line 1116, in _get_value
    loc = self.index.get_loc(label)
  File "/home/room/miniconda3/envs/pytorch1_11_cpu/lib/python3.10/site-packages/pandas/core/indexes/base.py", line 3654, in get_loc
    raise KeyError(key) from err
KeyError: 106
2023-08-28 16:47:52.930 Uncaught app exception
Traceback (most recent call last):
  File "/home/room/miniconda3/envs/pytorch1_11_cpu/lib/python3.10/site-packages/pandas/core/indexes/base.py", line 3652, in get_loc
    return self._engine.get_loc(casted_key)
  File "pandas/_libs/index.pyx", line 147, in pandas._libs.index.IndexEngine.get_loc
  File "pandas/_libs/index.pyx", line 176, in pandas._libs.index.IndexEngine.get_loc
  File "pandas/_libs/hashtable_class_helper.pxi", line 2606, in pandas._libs.hashtable.Int64HashTable.get_item
  File "pandas/_libs/hashtable_class_helper.pxi", line 2630, in pandas._libs.hashtable.Int64HashTable.get_item
KeyError: 106

The above exception was the direct cause of the following exception:

Traceback (most recent call last):
  File "/home/room/miniconda3/envs/pytorch1_11_cpu/lib/python3.10/site-packages/streamlit/runtime/scriptrunner/script_runner.py", line 552, in _run_script
    exec(code, module.__dict__)
  File "/home/room/streamlit/denoise/app.py", line 529, in <module>
    run()
  File "/home/room/streamlit/denoise/app.py", line 461, in run
    peak_analysis_args = peak_analysis_module(demo_spec)
  File "/home/room/streamlit/denoise/app.py", line 285, in peak_analysis_module
    peak_x, peak_y, peaks, fit_results, start_points, end_points = find_and_fit_peaks(spec_df, height_threshold_ratio, edge_threshold, peak_width, peak_distance)
  File "/home/room/streamlit/denoise/app.py", line 94, in find_and_fit_peaks
    while left_edge > 0 and inp[left_edge] > edge_threshold:
  File "/home/room/miniconda3/envs/pytorch1_11_cpu/lib/python3.10/site-packages/pandas/core/series.py", line 1007, in __getitem__
    return self._get_value(key)
  File "/home/room/miniconda3/envs/pytorch1_11_cpu/lib/python3.10/site-packages/pandas/core/series.py", line 1116, in _get_value
    loc = self.index.get_loc(label)
  File "/home/room/miniconda3/envs/pytorch1_11_cpu/lib/python3.10/site-packages/pandas/core/indexes/base.py", line 3654, in get_loc
    raise KeyError(key) from err
KeyError: 106
2023-08-28 16:47:53.679 Uncaught app exception
Traceback (most recent call last):
  File "/home/room/miniconda3/envs/pytorch1_11_cpu/lib/python3.10/site-packages/pandas/core/indexes/base.py", line 3652, in get_loc
    return self._engine.get_loc(casted_key)
  File "pandas/_libs/index.pyx", line 147, in pandas._libs.index.IndexEngine.get_loc
  File "pandas/_libs/index.pyx", line 176, in pandas._libs.index.IndexEngine.get_loc
  File "pandas/_libs/hashtable_class_helper.pxi", line 2606, in pandas._libs.hashtable.Int64HashTable.get_item
  File "pandas/_libs/hashtable_class_helper.pxi", line 2630, in pandas._libs.hashtable.Int64HashTable.get_item
KeyError: 106

The above exception was the direct cause of the following exception:

Traceback (most recent call last):
  File "/home/room/miniconda3/envs/pytorch1_11_cpu/lib/python3.10/site-packages/streamlit/runtime/scriptrunner/script_runner.py", line 552, in _run_script
    exec(code, module.__dict__)
  File "/home/room/streamlit/denoise/app.py", line 529, in <module>
    run()
  File "/home/room/streamlit/denoise/app.py", line 461, in run
    peak_analysis_args = peak_analysis_module(demo_spec)
  File "/home/room/streamlit/denoise/app.py", line 285, in peak_analysis_module
    peak_x, peak_y, peaks, fit_results, start_points, end_points = find_and_fit_peaks(spec_df, height_threshold_ratio, edge_threshold, peak_width, peak_distance)
  File "/home/room/streamlit/denoise/app.py", line 94, in find_and_fit_peaks
    while left_edge > 0 and inp[left_edge] > edge_threshold:
  File "/home/room/miniconda3/envs/pytorch1_11_cpu/lib/python3.10/site-packages/pandas/core/series.py", line 1007, in __getitem__
    return self._get_value(key)
  File "/home/room/miniconda3/envs/pytorch1_11_cpu/lib/python3.10/site-packages/pandas/core/series.py", line 1116, in _get_value
    loc = self.index.get_loc(label)
  File "/home/room/miniconda3/envs/pytorch1_11_cpu/lib/python3.10/site-packages/pandas/core/indexes/base.py", line 3654, in get_loc
    raise KeyError(key) from err
KeyError: 106
2023-08-28 16:48:05.723 Uncaught app exception
Traceback (most recent call last):
  File "/home/room/miniconda3/envs/pytorch1_11_cpu/lib/python3.10/site-packages/pandas/core/indexes/base.py", line 3652, in get_loc
    return self._engine.get_loc(casted_key)
  File "pandas/_libs/index.pyx", line 147, in pandas._libs.index.IndexEngine.get_loc
  File "pandas/_libs/index.pyx", line 176, in pandas._libs.index.IndexEngine.get_loc
  File "pandas/_libs/hashtable_class_helper.pxi", line 2606, in pandas._libs.hashtable.Int64HashTable.get_item
  File "pandas/_libs/hashtable_class_helper.pxi", line 2630, in pandas._libs.hashtable.Int64HashTable.get_item
KeyError: 106

The above exception was the direct cause of the following exception:

Traceback (most recent call last):
  File "/home/room/miniconda3/envs/pytorch1_11_cpu/lib/python3.10/site-packages/streamlit/runtime/scriptrunner/script_runner.py", line 552, in _run_script
    exec(code, module.__dict__)
  File "/home/room/streamlit/denoise/app.py", line 529, in <module>
    run()
  File "/home/room/streamlit/denoise/app.py", line 461, in run
    peak_analysis_args = peak_analysis_module(demo_spec)
  File "/home/room/streamlit/denoise/app.py", line 285, in peak_analysis_module
    peak_x, peak_y, peaks, fit_results, start_points, end_points = find_and_fit_peaks(spec_df, height_threshold_ratio, edge_threshold, peak_width, peak_distance)
  File "/home/room/streamlit/denoise/app.py", line 94, in find_and_fit_peaks
    while left_edge > 0 and inp[left_edge] > edge_threshold:
  File "/home/room/miniconda3/envs/pytorch1_11_cpu/lib/python3.10/site-packages/pandas/core/series.py", line 1007, in __getitem__
    return self._get_value(key)
  File "/home/room/miniconda3/envs/pytorch1_11_cpu/lib/python3.10/site-packages/pandas/core/series.py", line 1116, in _get_value
    loc = self.index.get_loc(label)
  File "/home/room/miniconda3/envs/pytorch1_11_cpu/lib/python3.10/site-packages/pandas/core/indexes/base.py", line 3654, in get_loc
    raise KeyError(key) from err
KeyError: 106
2023-08-28 16:48:07.145 Uncaught app exception
Traceback (most recent call last):
  File "/home/room/miniconda3/envs/pytorch1_11_cpu/lib/python3.10/site-packages/pandas/core/indexes/base.py", line 3652, in get_loc
    return self._engine.get_loc(casted_key)
  File "pandas/_libs/index.pyx", line 147, in pandas._libs.index.IndexEngine.get_loc
  File "pandas/_libs/index.pyx", line 176, in pandas._libs.index.IndexEngine.get_loc
  File "pandas/_libs/hashtable_class_helper.pxi", line 2606, in pandas._libs.hashtable.Int64HashTable.get_item
  File "pandas/_libs/hashtable_class_helper.pxi", line 2630, in pandas._libs.hashtable.Int64HashTable.get_item
KeyError: 106

The above exception was the direct cause of the following exception:

Traceback (most recent call last):
  File "/home/room/miniconda3/envs/pytorch1_11_cpu/lib/python3.10/site-packages/streamlit/runtime/scriptrunner/script_runner.py", line 552, in _run_script
    exec(code, module.__dict__)
  File "/home/room/streamlit/denoise/app.py", line 529, in <module>
    run()
  File "/home/room/streamlit/denoise/app.py", line 461, in run
    peak_analysis_args = peak_analysis_module(demo_spec)
  File "/home/room/streamlit/denoise/app.py", line 285, in peak_analysis_module
    peak_x, peak_y, peaks, fit_results, start_points, end_points = find_and_fit_peaks(spec_df, height_threshold_ratio, edge_threshold, peak_width, peak_distance)
  File "/home/room/streamlit/denoise/app.py", line 94, in find_and_fit_peaks
    while left_edge > 0 and inp[left_edge] > edge_threshold:
  File "/home/room/miniconda3/envs/pytorch1_11_cpu/lib/python3.10/site-packages/pandas/core/series.py", line 1007, in __getitem__
    return self._get_value(key)
  File "/home/room/miniconda3/envs/pytorch1_11_cpu/lib/python3.10/site-packages/pandas/core/series.py", line 1116, in _get_value
    loc = self.index.get_loc(label)
  File "/home/room/miniconda3/envs/pytorch1_11_cpu/lib/python3.10/site-packages/pandas/core/indexes/base.py", line 3654, in get_loc
    raise KeyError(key) from err
KeyError: 106
2023-08-28 16:48:08.085 Uncaught app exception
Traceback (most recent call last):
  File "/home/room/miniconda3/envs/pytorch1_11_cpu/lib/python3.10/site-packages/streamlit/runtime/scriptrunner/script_runner.py", line 552, in _run_script
    exec(code, module.__dict__)
  File "/home/room/streamlit/denoise/app.py", line 529, in <module>
    run()
  File "/home/room/streamlit/denoise/app.py", line 461, in run
    peak_analysis_args = peak_analysis_module(demo_spec)
  File "/home/room/streamlit/denoise/app.py", line 285, in peak_analysis_module
    peak_x, peak_y, peaks, fit_results, start_points, end_points = find_and_fit_peaks(spec_df, height_threshold_ratio, edge_threshold, peak_width, peak_distance)
  File "/home/room/streamlit/denoise/app.py", line 81, in find_and_fit_peaks
    peak_x = spec_df['wavenumber'][peaks]
  File "/home/room/miniconda3/envs/pytorch1_11_cpu/lib/python3.10/site-packages/pandas/core/series.py", line 1033, in __getitem__
    return self._get_with(key)
  File "/home/room/miniconda3/envs/pytorch1_11_cpu/lib/python3.10/site-packages/pandas/core/series.py", line 1068, in _get_with
    return self.loc[key]
  File "/home/room/miniconda3/envs/pytorch1_11_cpu/lib/python3.10/site-packages/pandas/core/indexing.py", line 1103, in __getitem__
    return self._getitem_axis(maybe_callable, axis=axis)
  File "/home/room/miniconda3/envs/pytorch1_11_cpu/lib/python3.10/site-packages/pandas/core/indexing.py", line 1332, in _getitem_axis
    return self._getitem_iterable(key, axis=axis)
  File "/home/room/miniconda3/envs/pytorch1_11_cpu/lib/python3.10/site-packages/pandas/core/indexing.py", line 1272, in _getitem_iterable
    keyarr, indexer = self._get_listlike_indexer(key, axis)
  File "/home/room/miniconda3/envs/pytorch1_11_cpu/lib/python3.10/site-packages/pandas/core/indexing.py", line 1462, in _get_listlike_indexer
    keyarr, indexer = ax._get_indexer_strict(key, axis_name)
  File "/home/room/miniconda3/envs/pytorch1_11_cpu/lib/python3.10/site-packages/pandas/core/indexes/base.py", line 5876, in _get_indexer_strict
    self._raise_if_missing(keyarr, indexer, axis_name)
  File "/home/room/miniconda3/envs/pytorch1_11_cpu/lib/python3.10/site-packages/pandas/core/indexes/base.py", line 5938, in _raise_if_missing
    raise KeyError(f"{not_found} not in index")
KeyError: '[57] not in index'
2023-08-28 16:48:09.143 Uncaught app exception
Traceback (most recent call last):
  File "/home/room/miniconda3/envs/pytorch1_11_cpu/lib/python3.10/site-packages/streamlit/runtime/scriptrunner/script_runner.py", line 552, in _run_script
    exec(code, module.__dict__)
  File "/home/room/streamlit/denoise/app.py", line 529, in <module>
    run()
  File "/home/room/streamlit/denoise/app.py", line 461, in run
    peak_analysis_args = peak_analysis_module(demo_spec)
  File "/home/room/streamlit/denoise/app.py", line 285, in peak_analysis_module
    peak_x, peak_y, peaks, fit_results, start_points, end_points = find_and_fit_peaks(spec_df, height_threshold_ratio, edge_threshold, peak_width, peak_distance)
  File "/home/room/streamlit/denoise/app.py", line 81, in find_and_fit_peaks
    peak_x = spec_df['wavenumber'][peaks]
  File "/home/room/miniconda3/envs/pytorch1_11_cpu/lib/python3.10/site-packages/pandas/core/series.py", line 1033, in __getitem__
    return self._get_with(key)
  File "/home/room/miniconda3/envs/pytorch1_11_cpu/lib/python3.10/site-packages/pandas/core/series.py", line 1068, in _get_with
    return self.loc[key]
  File "/home/room/miniconda3/envs/pytorch1_11_cpu/lib/python3.10/site-packages/pandas/core/indexing.py", line 1103, in __getitem__
    return self._getitem_axis(maybe_callable, axis=axis)
  File "/home/room/miniconda3/envs/pytorch1_11_cpu/lib/python3.10/site-packages/pandas/core/indexing.py", line 1332, in _getitem_axis
    return self._getitem_iterable(key, axis=axis)
  File "/home/room/miniconda3/envs/pytorch1_11_cpu/lib/python3.10/site-packages/pandas/core/indexing.py", line 1272, in _getitem_iterable
    keyarr, indexer = self._get_listlike_indexer(key, axis)
  File "/home/room/miniconda3/envs/pytorch1_11_cpu/lib/python3.10/site-packages/pandas/core/indexing.py", line 1462, in _get_listlike_indexer
    keyarr, indexer = ax._get_indexer_strict(key, axis_name)
  File "/home/room/miniconda3/envs/pytorch1_11_cpu/lib/python3.10/site-packages/pandas/core/indexes/base.py", line 5876, in _get_indexer_strict
    self._raise_if_missing(keyarr, indexer, axis_name)
  File "/home/room/miniconda3/envs/pytorch1_11_cpu/lib/python3.10/site-packages/pandas/core/indexes/base.py", line 5938, in _raise_if_missing
    raise KeyError(f"{not_found} not in index")
KeyError: '[45, 57] not in index'
2023-08-28 16:48:09.928 Uncaught app exception
Traceback (most recent call last):
  File "/home/room/miniconda3/envs/pytorch1_11_cpu/lib/python3.10/site-packages/streamlit/runtime/scriptrunner/script_runner.py", line 552, in _run_script
    exec(code, module.__dict__)
  File "/home/room/streamlit/denoise/app.py", line 529, in <module>
    run()
  File "/home/room/streamlit/denoise/app.py", line 461, in run
    peak_analysis_args = peak_analysis_module(demo_spec)
  File "/home/room/streamlit/denoise/app.py", line 285, in peak_analysis_module
    peak_x, peak_y, peaks, fit_results, start_points, end_points = find_and_fit_peaks(spec_df, height_threshold_ratio, edge_threshold, peak_width, peak_distance)
  File "/home/room/streamlit/denoise/app.py", line 81, in find_and_fit_peaks
    peak_x = spec_df['wavenumber'][peaks]
  File "/home/room/miniconda3/envs/pytorch1_11_cpu/lib/python3.10/site-packages/pandas/core/series.py", line 1033, in __getitem__
    return self._get_with(key)
  File "/home/room/miniconda3/envs/pytorch1_11_cpu/lib/python3.10/site-packages/pandas/core/series.py", line 1068, in _get_with
    return self.loc[key]
  File "/home/room/miniconda3/envs/pytorch1_11_cpu/lib/python3.10/site-packages/pandas/core/indexing.py", line 1103, in __getitem__
    return self._getitem_axis(maybe_callable, axis=axis)
  File "/home/room/miniconda3/envs/pytorch1_11_cpu/lib/python3.10/site-packages/pandas/core/indexing.py", line 1332, in _getitem_axis
    return self._getitem_iterable(key, axis=axis)
  File "/home/room/miniconda3/envs/pytorch1_11_cpu/lib/python3.10/site-packages/pandas/core/indexing.py", line 1272, in _getitem_iterable
    keyarr, indexer = self._get_listlike_indexer(key, axis)
  File "/home/room/miniconda3/envs/pytorch1_11_cpu/lib/python3.10/site-packages/pandas/core/indexing.py", line 1462, in _get_listlike_indexer
    keyarr, indexer = ax._get_indexer_strict(key, axis_name)
  File "/home/room/miniconda3/envs/pytorch1_11_cpu/lib/python3.10/site-packages/pandas/core/indexes/base.py", line 5876, in _get_indexer_strict
    self._raise_if_missing(keyarr, indexer, axis_name)
  File "/home/room/miniconda3/envs/pytorch1_11_cpu/lib/python3.10/site-packages/pandas/core/indexes/base.py", line 5938, in _raise_if_missing
    raise KeyError(f"{not_found} not in index")
KeyError: '[45, 57] not in index'
2023-08-28 16:48:11.910 Uncaught app exception
Traceback (most recent call last):
  File "/home/room/miniconda3/envs/pytorch1_11_cpu/lib/python3.10/site-packages/streamlit/runtime/scriptrunner/script_runner.py", line 552, in _run_script
    exec(code, module.__dict__)
  File "/home/room/streamlit/denoise/app.py", line 529, in <module>
    run()
  File "/home/room/streamlit/denoise/app.py", line 461, in run
    peak_analysis_args = peak_analysis_module(demo_spec)
  File "/home/room/streamlit/denoise/app.py", line 285, in peak_analysis_module
    peak_x, peak_y, peaks, fit_results, start_points, end_points = find_and_fit_peaks(spec_df, height_threshold_ratio, edge_threshold, peak_width, peak_distance)
  File "/home/room/streamlit/denoise/app.py", line 81, in find_and_fit_peaks
    peak_x = spec_df['wavenumber'][peaks]
  File "/home/room/miniconda3/envs/pytorch1_11_cpu/lib/python3.10/site-packages/pandas/core/series.py", line 1033, in __getitem__
    return self._get_with(key)
  File "/home/room/miniconda3/envs/pytorch1_11_cpu/lib/python3.10/site-packages/pandas/core/series.py", line 1068, in _get_with
    return self.loc[key]
  File "/home/room/miniconda3/envs/pytorch1_11_cpu/lib/python3.10/site-packages/pandas/core/indexing.py", line 1103, in __getitem__
    return self._getitem_axis(maybe_callable, axis=axis)
  File "/home/room/miniconda3/envs/pytorch1_11_cpu/lib/python3.10/site-packages/pandas/core/indexing.py", line 1332, in _getitem_axis
    return self._getitem_iterable(key, axis=axis)
  File "/home/room/miniconda3/envs/pytorch1_11_cpu/lib/python3.10/site-packages/pandas/core/indexing.py", line 1272, in _getitem_iterable
    keyarr, indexer = self._get_listlike_indexer(key, axis)
  File "/home/room/miniconda3/envs/pytorch1_11_cpu/lib/python3.10/site-packages/pandas/core/indexing.py", line 1462, in _get_listlike_indexer
    keyarr, indexer = ax._get_indexer_strict(key, axis_name)
  File "/home/room/miniconda3/envs/pytorch1_11_cpu/lib/python3.10/site-packages/pandas/core/indexes/base.py", line 5876, in _get_indexer_strict
    self._raise_if_missing(keyarr, indexer, axis_name)
  File "/home/room/miniconda3/envs/pytorch1_11_cpu/lib/python3.10/site-packages/pandas/core/indexes/base.py", line 5938, in _raise_if_missing
    raise KeyError(f"{not_found} not in index")
KeyError: '[45, 57] not in index'
2023-08-28 16:48:13.460 Uncaught app exception
Traceback (most recent call last):
  File "/home/room/miniconda3/envs/pytorch1_11_cpu/lib/python3.10/site-packages/streamlit/runtime/scriptrunner/script_runner.py", line 552, in _run_script
    exec(code, module.__dict__)
  File "/home/room/streamlit/denoise/app.py", line 529, in <module>
    run()
  File "/home/room/streamlit/denoise/app.py", line 461, in run
    peak_analysis_args = peak_analysis_module(demo_spec)
  File "/home/room/streamlit/denoise/app.py", line 285, in peak_analysis_module
    peak_x, peak_y, peaks, fit_results, start_points, end_points = find_and_fit_peaks(spec_df, height_threshold_ratio, edge_threshold, peak_width, peak_distance)
  File "/home/room/streamlit/denoise/app.py", line 81, in find_and_fit_peaks
    peak_x = spec_df['wavenumber'][peaks]
  File "/home/room/miniconda3/envs/pytorch1_11_cpu/lib/python3.10/site-packages/pandas/core/series.py", line 1033, in __getitem__
    return self._get_with(key)
  File "/home/room/miniconda3/envs/pytorch1_11_cpu/lib/python3.10/site-packages/pandas/core/series.py", line 1068, in _get_with
    return self.loc[key]
  File "/home/room/miniconda3/envs/pytorch1_11_cpu/lib/python3.10/site-packages/pandas/core/indexing.py", line 1103, in __getitem__
    return self._getitem_axis(maybe_callable, axis=axis)
  File "/home/room/miniconda3/envs/pytorch1_11_cpu/lib/python3.10/site-packages/pandas/core/indexing.py", line 1332, in _getitem_axis
    return self._getitem_iterable(key, axis=axis)
  File "/home/room/miniconda3/envs/pytorch1_11_cpu/lib/python3.10/site-packages/pandas/core/indexing.py", line 1272, in _getitem_iterable
    keyarr, indexer = self._get_listlike_indexer(key, axis)
  File "/home/room/miniconda3/envs/pytorch1_11_cpu/lib/python3.10/site-packages/pandas/core/indexing.py", line 1462, in _get_listlike_indexer
    keyarr, indexer = ax._get_indexer_strict(key, axis_name)
  File "/home/room/miniconda3/envs/pytorch1_11_cpu/lib/python3.10/site-packages/pandas/core/indexes/base.py", line 5876, in _get_indexer_strict
    self._raise_if_missing(keyarr, indexer, axis_name)
  File "/home/room/miniconda3/envs/pytorch1_11_cpu/lib/python3.10/site-packages/pandas/core/indexes/base.py", line 5938, in _raise_if_missing
    raise KeyError(f"{not_found} not in index")
KeyError: '[57] not in index'
2023-08-28 16:48:14.810 Uncaught app exception
Traceback (most recent call last):
  File "/home/room/miniconda3/envs/pytorch1_11_cpu/lib/python3.10/site-packages/pandas/core/indexes/base.py", line 3652, in get_loc
    return self._engine.get_loc(casted_key)
  File "pandas/_libs/index.pyx", line 147, in pandas._libs.index.IndexEngine.get_loc
  File "pandas/_libs/index.pyx", line 176, in pandas._libs.index.IndexEngine.get_loc
  File "pandas/_libs/hashtable_class_helper.pxi", line 2606, in pandas._libs.hashtable.Int64HashTable.get_item
  File "pandas/_libs/hashtable_class_helper.pxi", line 2630, in pandas._libs.hashtable.Int64HashTable.get_item
KeyError: 106

The above exception was the direct cause of the following exception:

Traceback (most recent call last):
  File "/home/room/miniconda3/envs/pytorch1_11_cpu/lib/python3.10/site-packages/streamlit/runtime/scriptrunner/script_runner.py", line 552, in _run_script
    exec(code, module.__dict__)
  File "/home/room/streamlit/denoise/app.py", line 529, in <module>
    run()
  File "/home/room/streamlit/denoise/app.py", line 461, in run
    peak_analysis_args = peak_analysis_module(demo_spec)
  File "/home/room/streamlit/denoise/app.py", line 285, in peak_analysis_module
    peak_x, peak_y, peaks, fit_results, start_points, end_points = find_and_fit_peaks(spec_df, height_threshold_ratio, edge_threshold, peak_width, peak_distance)
  File "/home/room/streamlit/denoise/app.py", line 94, in find_and_fit_peaks
    while left_edge > 0 and inp[left_edge] > edge_threshold:
  File "/home/room/miniconda3/envs/pytorch1_11_cpu/lib/python3.10/site-packages/pandas/core/series.py", line 1007, in __getitem__
    return self._get_value(key)
  File "/home/room/miniconda3/envs/pytorch1_11_cpu/lib/python3.10/site-packages/pandas/core/series.py", line 1116, in _get_value
    loc = self.index.get_loc(label)
  File "/home/room/miniconda3/envs/pytorch1_11_cpu/lib/python3.10/site-packages/pandas/core/indexes/base.py", line 3654, in get_loc
    raise KeyError(key) from err
KeyError: 106
2023-08-28 16:48:16.918 Uncaught app exception
Traceback (most recent call last):
  File "/home/room/miniconda3/envs/pytorch1_11_cpu/lib/python3.10/site-packages/pandas/core/indexes/base.py", line 3652, in get_loc
    return self._engine.get_loc(casted_key)
  File "pandas/_libs/index.pyx", line 147, in pandas._libs.index.IndexEngine.get_loc
  File "pandas/_libs/index.pyx", line 176, in pandas._libs.index.IndexEngine.get_loc
  File "pandas/_libs/hashtable_class_helper.pxi", line 2606, in pandas._libs.hashtable.Int64HashTable.get_item
  File "pandas/_libs/hashtable_class_helper.pxi", line 2630, in pandas._libs.hashtable.Int64HashTable.get_item
KeyError: 106

The above exception was the direct cause of the following exception:

Traceback (most recent call last):
  File "/home/room/miniconda3/envs/pytorch1_11_cpu/lib/python3.10/site-packages/streamlit/runtime/scriptrunner/script_runner.py", line 552, in _run_script
    exec(code, module.__dict__)
  File "/home/room/streamlit/denoise/app.py", line 529, in <module>
    run()
  File "/home/room/streamlit/denoise/app.py", line 461, in run
    peak_analysis_args = peak_analysis_module(demo_spec)
  File "/home/room/streamlit/denoise/app.py", line 285, in peak_analysis_module
    peak_x, peak_y, peaks, fit_results, start_points, end_points = find_and_fit_peaks(spec_df, height_threshold_ratio, edge_threshold, peak_width, peak_distance)
  File "/home/room/streamlit/denoise/app.py", line 94, in find_and_fit_peaks
    while left_edge > 0 and inp[left_edge] > edge_threshold:
  File "/home/room/miniconda3/envs/pytorch1_11_cpu/lib/python3.10/site-packages/pandas/core/series.py", line 1007, in __getitem__
    return self._get_value(key)
  File "/home/room/miniconda3/envs/pytorch1_11_cpu/lib/python3.10/site-packages/pandas/core/series.py", line 1116, in _get_value
    loc = self.index.get_loc(label)
  File "/home/room/miniconda3/envs/pytorch1_11_cpu/lib/python3.10/site-packages/pandas/core/indexes/base.py", line 3654, in get_loc
    raise KeyError(key) from err
KeyError: 106
2023-08-28 16:48:30.423 Uncaught app exception
Traceback (most recent call last):
  File "/home/room/miniconda3/envs/pytorch1_11_cpu/lib/python3.10/site-packages/pandas/core/indexes/base.py", line 3652, in get_loc
    return self._engine.get_loc(casted_key)
  File "pandas/_libs/index.pyx", line 147, in pandas._libs.index.IndexEngine.get_loc
  File "pandas/_libs/index.pyx", line 176, in pandas._libs.index.IndexEngine.get_loc
  File "pandas/_libs/hashtable_class_helper.pxi", line 2606, in pandas._libs.hashtable.Int64HashTable.get_item
  File "pandas/_libs/hashtable_class_helper.pxi", line 2630, in pandas._libs.hashtable.Int64HashTable.get_item
KeyError: 106

The above exception was the direct cause of the following exception:

Traceback (most recent call last):
  File "/home/room/miniconda3/envs/pytorch1_11_cpu/lib/python3.10/site-packages/streamlit/runtime/scriptrunner/script_runner.py", line 552, in _run_script
    exec(code, module.__dict__)
  File "/home/room/streamlit/denoise/app.py", line 529, in <module>
    run()
  File "/home/room/streamlit/denoise/app.py", line 461, in run
    peak_analysis_args = peak_analysis_module(demo_spec)
  File "/home/room/streamlit/denoise/app.py", line 285, in peak_analysis_module
    peak_x, peak_y, peaks, fit_results, start_points, end_points = find_and_fit_peaks(spec_df, height_threshold_ratio, edge_threshold, peak_width, peak_distance)
  File "/home/room/streamlit/denoise/app.py", line 94, in find_and_fit_peaks
    while left_edge > 0 and inp[left_edge] > edge_threshold:
  File "/home/room/miniconda3/envs/pytorch1_11_cpu/lib/python3.10/site-packages/pandas/core/series.py", line 1007, in __getitem__
    return self._get_value(key)
  File "/home/room/miniconda3/envs/pytorch1_11_cpu/lib/python3.10/site-packages/pandas/core/series.py", line 1116, in _get_value
    loc = self.index.get_loc(label)
  File "/home/room/miniconda3/envs/pytorch1_11_cpu/lib/python3.10/site-packages/pandas/core/indexes/base.py", line 3654, in get_loc
    raise KeyError(key) from err
KeyError: 106
2023-08-28 16:50:47.135 Uncaught app exception
Traceback (most recent call last):
  File "/home/room/miniconda3/envs/pytorch1_11_cpu/lib/python3.10/site-packages/streamlit/runtime/scriptrunner/script_runner.py", line 552, in _run_script
    exec(code, module.__dict__)
  File "/home/room/streamlit/denoise/app.py", line 529, in <module>
    run()
  File "/home/room/streamlit/denoise/app.py", line 461, in run
    peak_analysis_args = peak_analysis_module(demo_spec)
  File "/home/room/streamlit/denoise/app.py", line 285, in peak_analysis_module
    peak_x, peak_y, peaks, fit_results, start_points, end_points = find_and_fit_peaks(spec_df, height_threshold_ratio, edge_threshold, peak_width, peak_distance)
  File "/home/room/streamlit/denoise/app.py", line 81, in find_and_fit_peaks
    peak_x = spec_df['wavenumber'][peaks]
  File "/home/room/miniconda3/envs/pytorch1_11_cpu/lib/python3.10/site-packages/pandas/core/series.py", line 1033, in __getitem__
    return self._get_with(key)
  File "/home/room/miniconda3/envs/pytorch1_11_cpu/lib/python3.10/site-packages/pandas/core/series.py", line 1068, in _get_with
    return self.loc[key]
  File "/home/room/miniconda3/envs/pytorch1_11_cpu/lib/python3.10/site-packages/pandas/core/indexing.py", line 1103, in __getitem__
    return self._getitem_axis(maybe_callable, axis=axis)
  File "/home/room/miniconda3/envs/pytorch1_11_cpu/lib/python3.10/site-packages/pandas/core/indexing.py", line 1332, in _getitem_axis
    return self._getitem_iterable(key, axis=axis)
  File "/home/room/miniconda3/envs/pytorch1_11_cpu/lib/python3.10/site-packages/pandas/core/indexing.py", line 1272, in _getitem_iterable
    keyarr, indexer = self._get_listlike_indexer(key, axis)
  File "/home/room/miniconda3/envs/pytorch1_11_cpu/lib/python3.10/site-packages/pandas/core/indexing.py", line 1462, in _get_listlike_indexer
    keyarr, indexer = ax._get_indexer_strict(key, axis_name)
  File "/home/room/miniconda3/envs/pytorch1_11_cpu/lib/python3.10/site-packages/pandas/core/indexes/base.py", line 5876, in _get_indexer_strict
    self._raise_if_missing(keyarr, indexer, axis_name)
  File "/home/room/miniconda3/envs/pytorch1_11_cpu/lib/python3.10/site-packages/pandas/core/indexes/base.py", line 5935, in _raise_if_missing
    raise KeyError(f"None of [{key}] are in the [{axis_name}]")
KeyError: "None of [Index([10], dtype='int64')] are in the [index]"
2023-08-28 16:50:48.232 Uncaught app exception
Traceback (most recent call last):
  File "/home/room/miniconda3/envs/pytorch1_11_cpu/lib/python3.10/site-packages/streamlit/runtime/scriptrunner/script_runner.py", line 552, in _run_script
    exec(code, module.__dict__)
  File "/home/room/streamlit/denoise/app.py", line 529, in <module>
    run()
  File "/home/room/streamlit/denoise/app.py", line 461, in run
    peak_analysis_args = peak_analysis_module(demo_spec)
  File "/home/room/streamlit/denoise/app.py", line 285, in peak_analysis_module
    peak_x, peak_y, peaks, fit_results, start_points, end_points = find_and_fit_peaks(spec_df, height_threshold_ratio, edge_threshold, peak_width, peak_distance)
  File "/home/room/streamlit/denoise/app.py", line 81, in find_and_fit_peaks
    peak_x = spec_df['wavenumber'][peaks]
  File "/home/room/miniconda3/envs/pytorch1_11_cpu/lib/python3.10/site-packages/pandas/core/series.py", line 1033, in __getitem__
    return self._get_with(key)
  File "/home/room/miniconda3/envs/pytorch1_11_cpu/lib/python3.10/site-packages/pandas/core/series.py", line 1068, in _get_with
    return self.loc[key]
  File "/home/room/miniconda3/envs/pytorch1_11_cpu/lib/python3.10/site-packages/pandas/core/indexing.py", line 1103, in __getitem__
    return self._getitem_axis(maybe_callable, axis=axis)
  File "/home/room/miniconda3/envs/pytorch1_11_cpu/lib/python3.10/site-packages/pandas/core/indexing.py", line 1332, in _getitem_axis
    return self._getitem_iterable(key, axis=axis)
  File "/home/room/miniconda3/envs/pytorch1_11_cpu/lib/python3.10/site-packages/pandas/core/indexing.py", line 1272, in _getitem_iterable
    keyarr, indexer = self._get_listlike_indexer(key, axis)
  File "/home/room/miniconda3/envs/pytorch1_11_cpu/lib/python3.10/site-packages/pandas/core/indexing.py", line 1462, in _get_listlike_indexer
    keyarr, indexer = ax._get_indexer_strict(key, axis_name)
  File "/home/room/miniconda3/envs/pytorch1_11_cpu/lib/python3.10/site-packages/pandas/core/indexes/base.py", line 5876, in _get_indexer_strict
    self._raise_if_missing(keyarr, indexer, axis_name)
  File "/home/room/miniconda3/envs/pytorch1_11_cpu/lib/python3.10/site-packages/pandas/core/indexes/base.py", line 5935, in _raise_if_missing
    raise KeyError(f"None of [{key}] are in the [{axis_name}]")
KeyError: "None of [Index([10], dtype='int64')] are in the [index]"
2023-08-28 16:50:49.103 Uncaught app exception
Traceback (most recent call last):
  File "/home/room/miniconda3/envs/pytorch1_11_cpu/lib/python3.10/site-packages/streamlit/runtime/scriptrunner/script_runner.py", line 552, in _run_script
    exec(code, module.__dict__)
  File "/home/room/streamlit/denoise/app.py", line 529, in <module>
    run()
  File "/home/room/streamlit/denoise/app.py", line 461, in run
    peak_analysis_args = peak_analysis_module(demo_spec)
  File "/home/room/streamlit/denoise/app.py", line 285, in peak_analysis_module
    peak_x, peak_y, peaks, fit_results, start_points, end_points = find_and_fit_peaks(spec_df, height_threshold_ratio, edge_threshold, peak_width, peak_distance)
  File "/home/room/streamlit/denoise/app.py", line 81, in find_and_fit_peaks
    peak_x = spec_df['wavenumber'][peaks]
  File "/home/room/miniconda3/envs/pytorch1_11_cpu/lib/python3.10/site-packages/pandas/core/series.py", line 1033, in __getitem__
    return self._get_with(key)
  File "/home/room/miniconda3/envs/pytorch1_11_cpu/lib/python3.10/site-packages/pandas/core/series.py", line 1068, in _get_with
    return self.loc[key]
  File "/home/room/miniconda3/envs/pytorch1_11_cpu/lib/python3.10/site-packages/pandas/core/indexing.py", line 1103, in __getitem__
    return self._getitem_axis(maybe_callable, axis=axis)
  File "/home/room/miniconda3/envs/pytorch1_11_cpu/lib/python3.10/site-packages/pandas/core/indexing.py", line 1332, in _getitem_axis
    return self._getitem_iterable(key, axis=axis)
  File "/home/room/miniconda3/envs/pytorch1_11_cpu/lib/python3.10/site-packages/pandas/core/indexing.py", line 1272, in _getitem_iterable
    keyarr, indexer = self._get_listlike_indexer(key, axis)
  File "/home/room/miniconda3/envs/pytorch1_11_cpu/lib/python3.10/site-packages/pandas/core/indexing.py", line 1462, in _get_listlike_indexer
    keyarr, indexer = ax._get_indexer_strict(key, axis_name)
  File "/home/room/miniconda3/envs/pytorch1_11_cpu/lib/python3.10/site-packages/pandas/core/indexes/base.py", line 5876, in _get_indexer_strict
    self._raise_if_missing(keyarr, indexer, axis_name)
  File "/home/room/miniconda3/envs/pytorch1_11_cpu/lib/python3.10/site-packages/pandas/core/indexes/base.py", line 5935, in _raise_if_missing
    raise KeyError(f"None of [{key}] are in the [{axis_name}]")
KeyError: "None of [Index([10], dtype='int64')] are in the [index]"
2023-08-28 16:52:14.273 Uncaught app exception
Traceback (most recent call last):
  File "/home/room/miniconda3/envs/pytorch1_11_cpu/lib/python3.10/site-packages/streamlit/runtime/scriptrunner/script_runner.py", line 552, in _run_script
    exec(code, module.__dict__)
  File "/home/room/streamlit/denoise/app.py", line 529, in <module>
    run()
  File "/home/room/streamlit/denoise/app.py", line 521, in run
    filename = f"{start_time}_peak_analysis.csv"  # Replace with your desired filename
UnboundLocalError: local variable 'start_time' referenced before assignment
2023-08-28 16:55:49.154 Uncaught app exception
Traceback (most recent call last):
  File "/home/room/miniconda3/envs/pytorch1_11_cpu/lib/python3.10/site-packages/streamlit/runtime/scriptrunner/script_runner.py", line 552, in _run_script
    exec(code, module.__dict__)
  File "/home/room/streamlit/denoise/app.py", line 532, in <module>
    run()
  File "/home/room/streamlit/denoise/app.py", line 518, in run
    with open(os.path.join(pre_dir, f'baseline_{filename}'), "rb") as file:
FileNotFoundError: [Errno 2] No such file or directory: '/home/room/flask/received/spectra/2023-08-28_16:55:48_18fddba9fe61486d87bbc085a4fe16c6/pre/baseline_baseline_circle-10s-0_1%--0_2v_05.txt'
2023-08-28 17:02:48.753 Uncaught app exception
Traceback (most recent call last):
  File "/home/room/miniconda3/envs/pytorch1_11_cpu/lib/python3.10/site-packages/streamlit/runtime/scriptrunner/script_runner.py", line 552, in _run_script
    exec(code, module.__dict__)
  File "/home/room/streamlit/denoise/app.py", line 532, in <module>
    run()
  File "/home/room/streamlit/denoise/app.py", line 474, in run
    res = process(file, cut_args, smooth_args, baseline_args)
  File "/home/room/streamlit/denoise/app.py", line 373, in process
    res_df['raw'] = smooth(res_df['raw'], *smooth_args[1:]) if not smooth_args[0] else res_df['raw']
  File "/home/room/streamlit/denoise/app.py", line 35, in smooth
    x = sg(x, window, order)
  File "/home/room/miniconda3/envs/pytorch1_11_cpu/lib/python3.10/site-packages/scipy/signal/_savitzky_golay.py", line 345, in savgol_filter
    raise ValueError("If mode is 'interp', window_length must be less "
ValueError: If mode is 'interp', window_length must be less than or equal to the size of x.
2023-08-28 17:02:57.575 Uncaught app exception
Traceback (most recent call last):
  File "/home/room/miniconda3/envs/pytorch1_11_cpu/lib/python3.10/site-packages/streamlit/runtime/scriptrunner/script_runner.py", line 552, in _run_script
    exec(code, module.__dict__)
  File "/home/room/streamlit/denoise/app.py", line 532, in <module>
    run()
  File "/home/room/streamlit/denoise/app.py", line 474, in run
    res = process(file, cut_args, smooth_args, baseline_args)
  File "/home/room/streamlit/denoise/app.py", line 373, in process
    res_df['raw'] = smooth(res_df['raw'], *smooth_args[1:]) if not smooth_args[0] else res_df['raw']
  File "/home/room/streamlit/denoise/app.py", line 35, in smooth
    x = sg(x, window, order)
  File "/home/room/miniconda3/envs/pytorch1_11_cpu/lib/python3.10/site-packages/scipy/signal/_savitzky_golay.py", line 345, in savgol_filter
    raise ValueError("If mode is 'interp', window_length must be less "
ValueError: If mode is 'interp', window_length must be less than or equal to the size of x.
2023-08-28 17:03:30.863 Uncaught app exception
Traceback (most recent call last):
  File "/home/room/miniconda3/envs/pytorch1_11_cpu/lib/python3.10/site-packages/streamlit/runtime/scriptrunner/script_runner.py", line 552, in _run_script
    exec(code, module.__dict__)
  File "/home/room/streamlit/denoise/app.py", line 532, in <module>
    run()
  File "/home/room/streamlit/denoise/app.py", line 474, in run
    res = process(file, cut_args, smooth_args, baseline_args)
  File "/home/room/streamlit/denoise/app.py", line 373, in process
    res_df['raw'] = smooth(res_df['raw'], *smooth_args[1:]) if not smooth_args[0] else res_df['raw']
  File "/home/room/streamlit/denoise/app.py", line 35, in smooth
    x = sg(x, window, order)
  File "/home/room/miniconda3/envs/pytorch1_11_cpu/lib/python3.10/site-packages/scipy/signal/_savitzky_golay.py", line 345, in savgol_filter
    raise ValueError("If mode is 'interp', window_length must be less "
ValueError: If mode is 'interp', window_length must be less than or equal to the size of x.
2023-08-28 17:03:38.557 Uncaught app exception
Traceback (most recent call last):
  File "/home/room/miniconda3/envs/pytorch1_11_cpu/lib/python3.10/site-packages/streamlit/runtime/scriptrunner/script_runner.py", line 552, in _run_script
    exec(code, module.__dict__)
  File "/home/room/streamlit/denoise/app.py", line 532, in <module>
    run()
  File "/home/room/streamlit/denoise/app.py", line 474, in run
    res = process(file, cut_args, smooth_args, baseline_args)
  File "/home/room/streamlit/denoise/app.py", line 373, in process
    res_df['raw'] = smooth(res_df['raw'], *smooth_args[1:]) if not smooth_args[0] else res_df['raw']
  File "/home/room/streamlit/denoise/app.py", line 35, in smooth
    x = sg(x, window, order)
  File "/home/room/miniconda3/envs/pytorch1_11_cpu/lib/python3.10/site-packages/scipy/signal/_savitzky_golay.py", line 345, in savgol_filter
    raise ValueError("If mode is 'interp', window_length must be less "
ValueError: If mode is 'interp', window_length must be less than or equal to the size of x.
2023-08-28 17:11:15.743 Uncaught app exception
Traceback (most recent call last):
  File "/home/room/miniconda3/envs/pytorch1_11_cpu/lib/python3.10/site-packages/streamlit/runtime/scriptrunner/script_runner.py", line 552, in _run_script
    exec(code, module.__dict__)
  File "/home/room/streamlit/denoise/app.py", line 5, in <module>
    import plotly.figure_factory as ff
ModuleNotFoundError: No module named 'plotly'

  You can now view your Streamlit app in your browser.

  Network URL: http://10.26.50.228:8501
  External URL: http://117.28.251.253:8501

2023-08-29 16:53:46.891 Uncaught app exception
Traceback (most recent call last):
  File "/home/room/miniconda3/envs/pytorch1_11_cpu/lib/python3.10/site-packages/streamlit/runtime/scriptrunner/script_runner.py", line 552, in _run_script
    exec(code, module.__dict__)
  File "/home/room/streamlit/denoise/app.py", line 497, in <module>
    run()
  File "/home/room/streamlit/denoise/app.py", line 427, in run
    peak_analysis_args = peak_analysis_module(demo_spec)
  File "/home/room/streamlit/denoise/app.py", line 284, in peak_analysis_module
    peak_x, peak_y, peaks, fit_results, start_points, end_points = find_and_fit_peaks(spec_df, height_threshold_ratio, edge_threshold, peak_width, peak_distance)
  File "/home/room/streamlit/denoise/app.py", line 137, in find_and_fit_peaks
    popt, _ = curve_fit(gaussian, x_peak, y_peak, p0=initial_guess)
  File "/home/room/miniconda3/envs/pytorch1_11_cpu/lib/python3.10/site-packages/scipy/optimize/_minpack_py.py", line 857, in curve_fit
    raise TypeError(f"The number of func parameters={n} must not"
TypeError: The number of func parameters=3 must not exceed the number of data points=2
2023-08-30 19:35:27.277 Uncaught app exception
Traceback (most recent call last):
  File "/home/room/miniconda3/envs/pytorch1_11_cpu/lib/python3.10/site-packages/streamlit/runtime/state/session_state.py", line 378, in __getitem__
    return self._getitem(widget_id, key)
  File "/home/room/miniconda3/envs/pytorch1_11_cpu/lib/python3.10/site-packages/streamlit/runtime/state/session_state.py", line 423, in _getitem
    raise KeyError
KeyError

During handling of the above exception, another exception occurred:

Traceback (most recent call last):
  File "/home/room/miniconda3/envs/pytorch1_11_cpu/lib/python3.10/site-packages/streamlit/runtime/scriptrunner/script_runner.py", line 552, in _run_script
    exec(code, module.__dict__)
  File "/home/room/streamlit/denoise/app.py", line 506, in <module>
    run()
  File "/home/room/streamlit/denoise/app.py", line 397, in run
    if st.session_state['raw_spec'] is not None:
  File "/home/room/miniconda3/envs/pytorch1_11_cpu/lib/python3.10/site-packages/streamlit/runtime/state/session_state_proxy.py", line 90, in __getitem__
    return get_session_state()[key]
  File "/home/room/miniconda3/envs/pytorch1_11_cpu/lib/python3.10/site-packages/streamlit/runtime/state/safe_session_state.py", line 113, in __getitem__
    return self._state[key]
  File "/home/room/miniconda3/envs/pytorch1_11_cpu/lib/python3.10/site-packages/streamlit/runtime/state/session_state.py", line 380, in __getitem__
    raise KeyError(_missing_key_error_message(key))
KeyError: 'st.session_state has no key "raw_spec". Did you forget to initialize it? More info: https://docs.streamlit.io/library/advanced-features/session-state#initialization'
2023-08-30 19:36:45.429 Uncaught app exception
Traceback (most recent call last):
  File "/home/room/miniconda3/envs/pytorch1_11_cpu/lib/python3.10/site-packages/streamlit/runtime/scriptrunner/script_runner.py", line 552, in _run_script
    exec(code, module.__dict__)
  File "/home/room/streamlit/denoise/app.py", line 506, in <module>
    run()
  File "/home/room/streamlit/denoise/app.py", line 413, in run
    demo_spec, cut_args = cut_module(demo_spec)
  File "/home/room/streamlit/denoise/app.py", line 180, in cut_module
    MIN, MAX = spec_df.wavenumber.min(), spec_df.wavenumber.max()
  File "/home/room/miniconda3/envs/pytorch1_11_cpu/lib/python3.10/site-packages/pandas/core/generic.py", line 5989, in __getattr__
    return object.__getattribute__(self, name)
AttributeError: 'DataFrame' object has no attribute 'wavenumber'
2023-08-30 19:36:47.550 Uncaught app exception
Traceback (most recent call last):
  File "/home/room/miniconda3/envs/pytorch1_11_cpu/lib/python3.10/site-packages/streamlit/runtime/scriptrunner/script_runner.py", line 552, in _run_script
    exec(code, module.__dict__)
  File "/home/room/streamlit/denoise/app.py", line 506, in <module>
    run()
  File "/home/room/streamlit/denoise/app.py", line 413, in run
    demo_spec, cut_args = cut_module(demo_spec)
UnboundLocalError: local variable 'demo_spec' referenced before assignment
2023-08-30 19:36:48.553 Uncaught app exception
Traceback (most recent call last):
  File "/home/room/miniconda3/envs/pytorch1_11_cpu/lib/python3.10/site-packages/streamlit/runtime/scriptrunner/script_runner.py", line 552, in _run_script
    exec(code, module.__dict__)
  File "/home/room/streamlit/denoise/app.py", line 506, in <module>
    run()
  File "/home/room/streamlit/denoise/app.py", line 413, in run
    demo_spec, cut_args = cut_module(demo_spec)
  File "/home/room/streamlit/denoise/app.py", line 180, in cut_module
    MIN, MAX = spec_df.wavenumber.min(), spec_df.wavenumber.max()
  File "/home/room/miniconda3/envs/pytorch1_11_cpu/lib/python3.10/site-packages/pandas/core/generic.py", line 5989, in __getattr__
    return object.__getattribute__(self, name)
AttributeError: 'DataFrame' object has no attribute 'wavenumber'
2023-08-30 19:37:36.193 Uncaught app exception
Traceback (most recent call last):
  File "/home/room/miniconda3/envs/pytorch1_11_cpu/lib/python3.10/site-packages/streamlit/runtime/scriptrunner/script_runner.py", line 552, in _run_script
    exec(code, module.__dict__)
  File "/home/room/streamlit/denoise/app.py", line 508, in <module>
    run()
  File "/home/room/streamlit/denoise/app.py", line 415, in run
    demo_spec, cut_args = cut_module(demo_spec)
UnboundLocalError: local variable 'demo_spec' referenced before assignment
2023-08-30 19:40:05.590 Uncaught app exception
Traceback (most recent call last):
  File "/home/room/miniconda3/envs/pytorch1_11_cpu/lib/python3.10/site-packages/streamlit/runtime/scriptrunner/script_runner.py", line 552, in _run_script
    exec(code, module.__dict__)
  File "/home/room/streamlit/denoise/app.py", line 509, in <module>
    run()
  File "/home/room/streamlit/denoise/app.py", line 439, in run
    peak_analysis_args = peak_analysis_module(demo_spec)
  File "/home/room/streamlit/denoise/app.py", line 284, in peak_analysis_module
    peak_x, peak_y, peaks, fit_results, start_points, end_points = find_and_fit_peaks(spec_df, height_threshold_ratio, edge_threshold, peak_width, peak_distance)
  File "/home/room/streamlit/denoise/app.py", line 133, in find_and_fit_peaks
    initial_guess = [y_peak.max(), x_peak[np.argmax(y_peak)], 1.0]
  File "/home/room/miniconda3/envs/pytorch1_11_cpu/lib/python3.10/site-packages/numpy/core/_methods.py", line 40, in _amax
    return umr_maximum(a, axis, None, out, keepdims, initial, where)
ValueError: zero-size array to reduction operation maximum which has no identity
2023-08-30 19:40:09.164 Uncaught app exception
Traceback (most recent call last):
  File "/home/room/miniconda3/envs/pytorch1_11_cpu/lib/python3.10/site-packages/streamlit/runtime/scriptrunner/script_runner.py", line 552, in _run_script
    exec(code, module.__dict__)
  File "/home/room/streamlit/denoise/app.py", line 509, in <module>
    run()
  File "/home/room/streamlit/denoise/app.py", line 439, in run
    peak_analysis_args = peak_analysis_module(demo_spec)
  File "/home/room/streamlit/denoise/app.py", line 284, in peak_analysis_module
    peak_x, peak_y, peaks, fit_results, start_points, end_points = find_and_fit_peaks(spec_df, height_threshold_ratio, edge_threshold, peak_width, peak_distance)
  File "/home/room/streamlit/denoise/app.py", line 133, in find_and_fit_peaks
    initial_guess = [y_peak.max(), x_peak[np.argmax(y_peak)], 1.0]
  File "/home/room/miniconda3/envs/pytorch1_11_cpu/lib/python3.10/site-packages/numpy/core/_methods.py", line 40, in _amax
    return umr_maximum(a, axis, None, out, keepdims, initial, where)
ValueError: zero-size array to reduction operation maximum which has no identity

  You can now view your Streamlit app in your browser.

  Network URL: http://10.26.50.228:8501
  External URL: http://117.28.251.253:8501


  You can now view your Streamlit app in your browser.

  Network URL: http://10.26.50.228:8502
  External URL: http://117.28.251.250:8502

