916.38413	102.02857	123	125.25714	136.77143	123.8	202.22857	165.68571	173.62857	251.85714	80.77143	122.85714	116.74286	104.34286	127.45714	135.54286	196.77143	210.65714	296.45714	374.11429	436.8	622.8	39.61601
918.19744	113.94286	115.97143	131.51429	128.65714	119.97143	202.11429	162.97143	155.2	250.28571	88.71429	110.17143	110.54286	101.82857	122.11429	132.94286	188.82857	213.11429	286.62857	374.02857	423.54286	617.65714	29.51382
920.0094	112.4	104.4	144.94286	135.68571	122.74286	194.71429	161.82857	164.31429	256.65714	93.48571	105.11429	111.11429	102.02857	123.51429	135.91429	193.71429	230.8	279.94286	388.08571	430.22857	644.4	22.5716
921.82081	112.6	101.31429	142.28571	129.71429	119.22857	194.82857	172.48571	175.25714	269.11429	96.94286	114.08571	100.34286	96.48571	128.34286	140.11429	195.97143	228.94286	291.77143	386.45714	450.85714	651.45714	34.16219
923.63166	114.85714	116.17143	134.97143	126.37143	121.11429	191.65714	159.77143	179.8	274.4	86.28571	122.2	113.71429	100.77143	136.2	135.57143	195.85714	217.77143	304.05714	363.45714	451.62857	654.37143	46.22986
925.44196	108.45714	118.48571	130.6	135.25714	118.65714	186.51429	155.17143	170.37143	255.42857	89.14286	110.88571	112.94286	104.65714	130.94286	124.85714	196.02857	216.02857	294.4	357.05714	442.48571	648.88571	36.37601
927.2517	98.54286	113.77143	138.42857	140.28571	126.14286	193.08571	148.94286	158.74286	265.8	93.4	114.08571	118.88571	100.51429	119.28571	129.71429	179.48571	231.08571	279.48571	373.57143	446.85714	631.82857	21.28776
929.06089	104.22857	123.57143	130.2	132.25714	139.65714	203.51429	154.71429	144.85714	263.74286	106.85714	115.77143	113.51429	95.51429	135.68571	133.94286	174.82857	210.54286	285.57143	391.74286	440.51429	652.11429	27.22365
930.86953	107	128.02857	132.8	125.02857	126.37143	198.91429	157.82857	151.42857	261.71429	94.57143	110.97143	117.6	102.54286	136.57143	130.71429	184.4	197.42857	287.88571	374.88571	454.71429	669.11429	29.41367
932.67761	116.91429	113.8	143.31429	129.8	114.14286	184.45714	164.77143	167.54286	264.4	89.82857	113.88571	118.42857	112.68571	136.6	135.08571	184	206.34286	284.85714	358.62857	450.28571	663.85714	26.28779
934.48514	132.11429	112.4	147.88571	136.05714	120.8	186.25714	170.42857	169.08571	271.51429	84.8	114.05714	111.97143	112.8	131.62857	144.8	186.74286	219.11429	302.65714	356.02857	436.91429	646.4	44.01885
936.29212	130.77143	116.94286	140.08571	138.17143	125.54286	197.31429	163.17143	165.68571	249.48571	91.08571	113.74286	110.8	111.02857	128.88571	144.71429	194.85714	207.4	312.28571	389.91429	431.42857	658.94286	53.60825
938.09854	103.4	117.54286	130.11429	135.22857	126.31429	195.74286	163.25714	162.6	234.28571	83.31429	107.8	111.05714	95.42857	120.54286	134.11429	197.08571	202.34286	312.91429	395.42857	441.11429	655.77143	54.22883
939.90442	88.37143	110.37143	131.74286	129.17143	118.14286	189.54286	159.42857	163.31429	237.31429	83.02857	111.88571	110.54286	105.37143	126.91429	133.77143	187.14286	214.34286	291.28571	379.82857	443.82857	632.82857	32.62485
941.70974	100.37143	111.88571	127.71429	132.6	113.77143	191.22857	158.88571	159.28571	234.17143	84.51429	103.2	108.6	108.8	136.31429	135.4	195.42857	219.71429	297.74286	370	431.94286	626.88571	39.14057
943.51451	111.62857	111.6	132.34286	126.22857	114.65714	198.17143	168.42857	159.42857	244.97143	89.22857	113.25714	112.2	100	138.08571	141.51429	191.54286	219.65714	297.74286	388.11429	428.17143	643.68571	39.23454
945.31872	112.08571	110.02857	124	121.11429	126.11429	198.37143	174.57143	161.6	261.51429	92.28571	120.71429	118.88571	79.74286	137.31429	132.91429	190.97143	207	290.77143	383.25714	419.6	637.6	32.39387
947.12239	102.25714	108.85714	120.77143	116.2	114.05714	192.14286	175.65714	165.22857	261.48571	91.91429	117.65714	115.77143	97.22857	141.77143	132.6	192.08571	207.74286	262.05714	348.6	427.57143	623.28571	3.84581
948.9255	101.11429	111.14286	121.91429	123.85714	100.91429	183.31429	159.2	171.68571	249.82857	90.85714	106.02857	105.74286	106.74286	141.34286	131.2	203.37143	219.85714	268.8	339.4	429.31429	635.54286	10.80636
950.72807	105	111.48571	142.71429	131.97143	109.57143	182.57143	155.68571	167.8	253.28571	83.54286	105.14286	110.08571	111.82857	138.74286	134.48571	197.6	234.6	286.54286	352.65714	432.8	673.02857	28.82179
952.52929	104.31429	109.68571	155.17143	133.14286	115.74286	189.17143	154.54286	165.31429	261.62857	87.31429	113.54286	109.45714	108.94286	128.68571	131.62857	203	224.97143	298.11429	372.11429	433.02857	662.62857	40.71007
954.33075	104.45714	110.77143	155.68571	123.14286	111.22857	181.28571	162.22857	165.88571	274.82857	94.17143	116	104.14286	109.94286	130.34286	130.54286	202.02857	224.02857	283.48571	373.11429	431.74286	655.51429	26.41943
956.13167	112.22857	110.14286	141.08571	124.05714	107.68571	177.91429	167.85714	168	284.37143	98.91429	120.65714	98.02857	103.02857	133.6	119.4	198.94286	221.62857	282.77143	370.65714	433.25714	666.85714	26.0583
957.93203	122.2	118.28571	139.11429	132.62857	118.48571	186.2	173.74286	165.57143	270.77143	91.4	116.57143	108.62857	111.14286	141.42857	127.34286	187.74286	211.14286	282.82857	376.4	448.94286	677.97143	26.47524
959.73105	113.22857	132.4	133.94286	137.51429	120.17143	192.6	168.82857	161.85714	255.62857	97.34286	120.31429	110.02857	105.88571	132.4	135.45714	166.54286	208.4	293.31429	386.28571	456.11429	640.42857	37.31879
961.53032	108.91429	133	131.54286	138.97143	110.31429	195.97143	166.34286	155.17143	249.57143	94.02857	109.85714	103.48571	99.25714	126.68571	141	159.17143	216.02857	285	397.51429	431.97143	617.6	29.35179
963.32903	101.2	120.14286	129.42857	137.82857	103.65714	187.91429	167.82857	161.94286	255.05714	89.45714	102.02857	99.4	98.17143	113.11429	126.45714	183.11429	220.85714	293.05714	384.17143	422.77143	620.4	37.73706
965.12641	89.77143	115.28571	141.57143	132.14286	103.05714	189.4	174.08571	153.17143	264.8	86.97143	96.08571	96.88571	104.2	111.6	127.37143	203.97143	220.14286	291.65714	375.8	432.6	642.62857	36.63745
966.92403	106.6	116.28571	139.42857	131.11429	102.51429	173.25714	167.51429	141.74286	268.02857	95.28571	99.51429	108.37143	105.91429	125.62857	135.51429	196.51429	213.48571	305.05714	375.2	448.05714	658.25714	50.30151
968.72031	124.14286	118.2	130.57143	131.68571	109.6	183.4	171.8	138.28571	260.6	95.77143	101.11429	112.48571	109.11429	143.11429	133.57143	192.97143	203.28571	298.68571	385.51429	463.4	678.17143	44.1492
970.51683	119.82857	126.17143	126.94286	120.02857	125.77143	190.51429	166.2	154.48571	251.82857	96.17143	107.62857	120.17143	106.22857	146.42857	130.8	190	195.54286	295	369.25714	446.57143	680.11429	40.62907
972.31281	101.77143	128.88571	129.77143	115.08571	121.68571	202.25714	169.17143	141.71429	255	95.88571	107.17143	118.11429	97.4	136.08571	123.71429	192.82857	207.88571	293.68571	354.71429	422.65714	650.31429	39.41825
974.10745	103.8	118.8	132.02857	121.14286	111.45714	193.17143	166	141.11429	264.2	94.8	107.45714	114.37143	109	120.57143	134.34286	187.08571	220.94286	293.85714	368.42857	428.74286	639.54286	39.62243
975.90233	106.6	109.37143	135.11429	130.71429	111.6	187.85714	159.74286	157.2	261.48571	100.6	103.6	104.02857	113.08571	118.82857	137.85714	186.42857	225.34286	283.91429	379.74286	464.2	626.17143	29.63301
977.69587	106.6	107.08571	138.11429	128.97143	117.42857	187.25714	154.31429	163.91429	244.54286	100.45714	112.02857	110.54286	110.97143	128.77143	139.94286	185.85714	230.82857	277.2	391.22857	450.65714	623.82857	22.78426
979.48966	107.17143	104.77143	132.94286	126.31429	112.62857	190.31429	164.6	153.31429	245.88571	93.48571	98.51429	109.02857	104.31429	137.48571	125.48571	182.88571	247.08571	293.02857	384.25714	421.85714	628.97143	38.38185
981.28211	109	100.25714	135.91429	120.57143	111.42857	189.08571	168.14286	158.34286	266.08571	85.8	105.51429	108.28571	107.14286	136.54286	127	181.8	243.57143	297.97143	380.51429	413.6	646.77143	42.98864
983.07402	107.85714	100.11429	136.17143	118.82857	113.54286	192.08571	163.65714	166.17143	268.31429	82.14286	111.82857	109.57143	111.37143	129.45714	136.37143	185.65714	225.14286	295.65714	354.94286	431	645.68571	40.22459
984.86617	102.05714	104.34286	130.54286	119.02857	116.85714	189.6	160.4	165.77143	252.65714	75.48571	118.85714	117.22857	114.62857	129.4	152.8	187.22857	210.77143	298.48571	376.62857	443.11429	627.68571	42.48111
986.65699	103.45714	112.6	138.74286	116.65714	115.05714	186.08571	154.48571	161.54286	250.74286	80.71429	112.02857	111.17143	121.71429	128.4	155.71429	181	211.82857	297.6	388.74286	454.25714	616.54286	40.89246
988.44726	114.14286	118.77143	140	122.37143	117.14286	187.42857	149.51429	162.62857	259.34286	84.91429	118.28571	110.37143	111.85714	123.88571	146.34286	187.65714	201.25714	285.6	395.77143	443.62857	616.42857	28.05005
990.23777	106.82857	124.05714	133.82857	119.22857	122.62857	183.91429	155.68571	150.48571	266.4	84.14286	121.8	113.91429	104.62857	112.77143	131.97143	191.97143	216.68571	285	378.77143	435.14286	632.11429	26.45956
992.02695	99.05714	122.54286	120.82857	131.31429	119.8	180.28571	164.37143	147.94286	261.08571	81.94286	113.57143	125.85714	97.37143	122.11429	136.37143	191.88571	214.6	276.22857	390.05714	446.91429	650.6	16.71879
993.81559	93.28571	119.91429	129.62857	139.54286	105.85714	188.17143	165.68571	148.51429	248.74286	88.2	112.17143	126.25714	106.42857	137.4	126.34286	183.62857	216.6	289.54286	378.48571	458.62857	669.45714	28.18545
995.60447	95.62857	123.08571	126.57143	139	111.97143	193.42857	166.65714	159.22857	243.68571	91.37143	98.11429	113.08571	113.65714	141.25714	120.48571	190.77143	221.45714	301.8	370.22857	461.48571	675.4	37.41709
997.39201	96.65714	123.05714	130.14286	128.17143	119.62857	187.88571	156.37143	154.85714	254.45714	94.8	104.94286	105.62857	110.14286	129.14286	126.08571	183.14286	240.2	322.25714	368.57143	448.48571	669.05714	53.97412
999.17902	114.77143	117.45714	133.74286	134.08571	124.71429	185.88571	151.48571	159.68571	259.82857	95.02857	109.97143	114.02857	105.88571	132.82857	142.68571	189.42857	227.28571	319.54286	389.57143	441.54286	689.74286	47.38823
1000.96548	115.28571	106.2	137.4	141.4	118.48571	194.8	160.17143	165.51429	261.94286	93.4	117.91429	116	118.94286	134.17143	141.51429	187.91429	222.42857	323.02857	404.54286	457.2	717.14286	46.86532
1002.7514	107.4	104.05714	142.62857	135.8	124.05714	189.05714	167.62857	169.17143	259.68571	102.34286	111.6	100.2	126.48571	128.11429	141.77143	189.48571	237.8	323.88571	404.88571	476.57143	711.94286	43.58908
1004.53756	104.51429	110.82857	135.88571	131.48571	119.42857	187	154.51429	155.22857	264.11429	117.97143	124.25714	104.25714	120.28571	123.88571	135.8	187.68571	246.54286	322	373.74286	468.37143	701.77143	37.45753
1006.3224	113.14286	117.02857	139.65714	131.85714	117.2	191.42857	153.17143	159.71429	263.51429	107.22857	119.71429	117.25714	106.02857	115.97143	118.88571	192.22857	238.37143	315.6	365.34286	453.65714	692.8	26.71149
1008.10669	116.17143	111.22857	142.71429	129.94286	120.91429	189.02857	157.28571	162.02857	256.54286	91.77143	118.85714	117.74286	107.65714	111.62857	118.31429	182.68571	229.34286	292.51429	384.42857	464.51429	719.2	-0.80817
1009.89044	121.65714	111.45714	145.11429	127.62857	113.05714	164.2	170.2	164	264.34286	78.85714	114.74286	109.74286	115.05714	117.8	126.45714	184.08571	248.31429	316.88571	392.94286	486.28571	754.34286	19.05367
1011.67364	119.71429	114.97143	152.54286	127.4	102.71429	165.14286	173.88571	163.48571	288.91429	84.48571	116.65714	106.94286	117.97143	135.25714	145.14286	193.71429	258.22857	331.02857	415.31429	508.88571	824.8	28.62358
1013.45631	120.88571	134.31429	172.65714	135.62857	107.77143	178.68571	184.54286	170.51429	316.4	89.02857	113.97143	105.14286	110	129.94286	143.54286	217.31429	267.65714	350.34286	468.45714	557.4	881.8	43.31384
1015.23843	137.4	155.2	193.4	147.77143	126.42857	199.37143	191.42857	176.68571	316.11429	95.11429	112.08571	104.82857	114.97143	131.68571	142.62857	241.57143	290.42857	370.31429	511.6	628.02857	931.54286	58.62244
1017.02002	144.85714	174.28571	203.25714	141.82857	126.65714	198.57143	213.94286	189.42857	322.2	95.28571	107.85714	116.85714	126.51429	140.82857	139.6	262.51429	308.62857	424.88571	503	632.71429	939.85714	108.50451
1018.80106	136.02857	158.22857	201.37143	134.11429	121.88571	193.08571	209.48571	184.97143	330.05714	102.25714	113.02857	112.25714	123.85714	148.68571	141.71429	255.71429	291.65714	426.48571	471.42857	583.51429	900.45714	105.4009
1020.58156	128.62857	144.45714	179.88571	130.25714	119.22857	192.11429	195.65714	173.2	323.74286	103.02857	123.42857	112.65714	107.85714	142.22857	135.45714	242.68571	275.71429	403.22857	440.31429	527.45714	830.2	77.43819
1022.36152	120.02857	127.17143	163.11429	137.08571	117.77143	206.77143	185.05714	172.08571	301.11429	93.8	116.88571	117.14286	111	135.2	132.37143	227.14286	255.42857	353.97143	406.42857	498.57143	787.42857	23.48577
1024.14094	106.88571	137.57143	170.28571	138.11429	115.94286	213.14286	177.14286	180.31429	284.65714	88.17143	107.88571	114.77143	116.34286	136.02857	143.94286	215.57143	239.94286	318.6	409	470.77143	768.11429	-16.55834
1025.91982	103.54286	134.85714	162.74286	138.97143	114.02857	198.8	165.71429	168.28571	271.02857	91.42857	106.54286	100.57143	115.74286	130.51429	140.4	205.17143	229.71429	313.57143	398.85714	468.6	762.65714	-26.22474
1027.69817	123.57143	128.22857	156.65714	138.62857	120.71429	196.8	165	169.45714	280.8	90.45714	105.08571	95.05714	110.4	125.74286	153.97143	215.6	243.62857	335.51429	401.2	477.34286	755.45714	-8.87257
1029.47519	125.85714	112.8	150.48571	133.17143	128.08571	198.2	166.28571	178.54286	297.65714	100.82857	106.42857	101.28571	119.05714	131.82857	153.11429	208.71429	239.8	343.28571	431.54286	501.42857	765.85714	-5.63241
1031.25245	116.82857	123.51429	152.37143	142.51429	129.42857	195.74286	164.8	187.42857	306.68571	102.42857	113.22857	107.4	115.34286	138.4	147.71429	201	245.65714	346.22857	459.74286	519.77143	779.82857	-7.14913
1033.02918	114.68571	133.8	153.05714	150.17143	125.17143	177.34286	182.37143	195.31429	301.34286	94.85714	106.77143	113	105.85714	132.42857	139.45714	204.17143	260.85714	345.25714	437.02857	535.45714	799	-12.49616
1034.80536	123.74286	130.45714	163.2	150.28571	119.28571	184.34286	191.91429	193	309.54286	88.57143	106.74286	110.71429	101.11429	134.48571	150.02857	216.74286	267.68571	348.62857	397.45714	525.28571	816.45714	-13.40408
1036.58101	135.62857	131.85714	166.25714	144.77143	113.71429	204.8	189.8	181.91429	313.77143	93.31429	107.25714	114.2	115.42857	146.08571	140.37143	237.51429	260.91429	366.74286	424.77143	527.22857	818.34286	0.53938
1038.35534	134.34286	139.17143	177.6	134.17143	109.2	218.6	192.25714	179.11429	312.94286	81.14286	106.51429	110.34286	115.68571	146.34286	136.42857	234.8	270.8	371.28571	444.25714	519.68571	821.51429	1.03221
1040.12991	125.11429	159	184.08571	124.2	121.22857	207.88571	192.45714	185.48571	321.22857	79	110.45714	116.91429	111.85714	133.94286	137.08571	225.94286	273.4	373.62857	452.54286	546.02857	832.6	-0.54187
1041.90395	124.57143	153.51429	195.97143	118.17143	126.57143	204.91429	189.17143	187.48571	324.65714	78.37143	124.05714	111.28571	107.17143	138.4	139.71429	219.42857	269.88571	392.51429	485.82857	562.85714	850	14.57226
1043.67666	130.71429	153.11429	189.94286	124.68571	128	211.85714	188.17143	185.25714	325.08571	94.51429	127.77143	112.71429	119.31429	141	133.74286	234.4	266.97143	407.25714	527.08571	581.6	874.85714	25.43509
1045.44962	139.57143	151.82857	198.05714	127.74286	131.02857	221.34286	189.6	202.25714	324.65714	95.65714	116.14286	111.85714	122.2	142.11429	141.97143	239.8	275.4	403.77143	512.2	580.11429	924.22857	19.30514
1047.22205	139.31429	154.54286	193.85714	135.85714	128.8	225.37143	191.6	207.68571	336.62857	98.57143	115.14286	120.82857	124.91429	136.45714	139.77143	238.05714	264.17143	405.02857	493.08571	581.62857	941.37143	19.60497
1048.99316	125.08571	151.94286	196.14286	140.28571	122.82857	227.85714	204.6	211.25714	333.37143	85.82857	121.05714	121.11429	118.8	155.08571	142	256.85714	271.65714	406.48571	490.48571	572.48571	964.57143	21.34719
1050.76451	113.82857	164.82857	210.54286	136.51429	125.54286	226.88571	209.6	207.28571	338.25714	93.71429	130.88571	117.08571	108.8	156.8	149.4	256.37143	275.34286	406.2	501.25714	596.88571	996.74286	21.25127
1052.53454	124	184.42857	236.88571	130.62857	126.42857	221.65714	208.68571	211.25714	335.54286	102.17143	121.17143	126.71429	104.62857	155.71429	157.97143	247.05714	300.28571	420.94286	515.97143	631.42857	1057.65714	36.34905
1054.30482	131.65714	185.22857	235.85714	137.77143	116.68571	216.48571	214.02857	210.57143	349.88571	104.17143	109.45714	126.82857	116.74286	144.8	153.74286	247.8	315.68571	444.62857	548.85714	648.82857	1079.97143	60.54911
1056.07379	130.31429	176.48571	232.71429	140.91429	118.88571	220.91429	227.51429	215.97143	364.97143	96.68571	111.97143	121.77143	132.22857	149.65714	156.51429	273	335.71429	458.82857	566.6	667.4	1105.97143	75.4172
1057.84299	153.85714	177.77143	239.54286	136.45714	132.6	214.6	231.54286	218.31429	399.02857	97.71429	118.77143	121.31429	130.85714	152.57143	158.6	280.42857	321.25714	477.25714	560.91429	694.54286	1141.42857	94.6619
1059.61089	174.57143	189.6	252.8	140.71429	136	218.22857	237.37143	217	415.74286	110.05714	116.65714	126.71429	130.71429	158.97143	165.6	277.68571	332.71429	473.37143	563.68571	710.37143	1213.62857	91.73468
1061.37903	172.85714	202.85714	258.4	147.08571	128.8	221.77143	240.97143	216.65714	425.74286	116.45714	114.37143	136.11429	132.77143	154.74286	160.54286	284.28571	356.88571	484.57143	591.45714	723.08571	1310.57143	104.02983
1063.14585	173.08571	207.82857	292.62857	146.48571	134.31429	242.08571	256.74286	233.42857	441.34286	108.28571	125	142.34286	132.05714	157.28571	160.77143	292.85714	364.02857	534	646.4	775.71429	1407.8	154.68453
1064.91292	191.45714	207.82857	324	152.85714	141.2	249.51429	267.65714	256.37143	494.88571	97.2	129.65714	148.88571	141.11429	152.85714	161.42857	320.8	348.22857	580.62857	683.8	882.6	1534.97143	202.66452
1066.67868	207.05714	224.31429	374.97143	163.45714	152.82857	265.28571	293.22857	275.68571	550	104.88571	135.4	146.62857	148.51429	155.94286	173.57143	339.34286	381.74286	619.11429	739.51429	955.71429	1719.48571	242.62124
1068.4439	240.28571	280.17143	428.34286	167.88571	162.05714	270.34286	322	303.48571	606.71429	118.85714	143.45714	166.28571	159.34286	166.48571	180.8	369.62857	458.54286	682.4	842.02857	1072.54286	1987.82857	307.49186
1070.20937	288.31429	343.62857	512.05714	155.34286	172.8	309.05714	379.77143	349.94286	712.45714	124.88571	142.91429	183.05714	177.08571	189.11429	196.74286	423.02857	557.85714	800.51429	1019.88571	1275.31429	2349.74286	427.29927
1071.97353	368.62857	434.22857	648.82857	175.65714	182.91429	368.08571	458.25714	438.6	914.57143	138.88571	152.82857	199.68571	192.4	201.45714	213.82857	527.85714	650.31429	990.62857	1298.48571	1602.91429	2890	619.2092
1073.73715	483.8	561	829.97143	224.71429	205.8	451.05714	606.94286	546.25714	1203.05714	169.88571	167.28571	225.17143	213.97143	229.11429	251.91429	676.2	824.4	1281.34286	1772.17143	2093.68571	3628.57143	911.81596
1075.50025	630.34286	756.05714	1091.91429	280.14286	253.97143	576.85714	766.28571	721.22857	1541.34286	199.31429	196.54286	302.82857	251.42857	276.54286	305.45714	884.42857	1091.02857	1743.08571	2421.37143	2831.91429	4714.91429	1375.54243
1077.26358	835.71429	975.31429	1394.22857	326.02857	315.25714	731.48571	980.17143	919.65714	1932.4	229.74286	231.2	375.2	324	350.31429	396.62857	1182.68571	1489.08571	2335.42857	3206.05714	3722.14286	5989.94286	1969.95434
1079.02561	1037.51429	1159.88571	1640.94286	379.34286	397.42857	890.17143	1220.11429	1135.82857	2315.62857	274.62857	277.22857	449.62857	395.88571	462.34286	494.42857	1483.45714	1901.14286	2948.34286	3855.28571	4564.8	7133.51429	2585.01745
1080.78711	1136.62857	1243.54286	1728.45714	419.48571	451.4	1026.51429	1407.34286	1298.05714	2596.02857	327.02857	329.25714	532.85714	457.34286	552.77143	600.65714	1773.34286	2269.82857	3411.31429	4209.85714	5066.97143	7608.94286	3050.21176
1082.54807	1055.14286	1237.31429	1642.74286	428.65714	465.11429	1092.57143	1416.94286	1307.05714	2569.4	358.45714	364.4	571.42857	490.65714	607.65714	642.48571	1850.68571	2395.77143	3515.4	4101.88571	4931.28571	7300.74286	3156.58873
1084.3085	893.51429	1083.05714	1379.97143	414.25714	425.05714	1009.31429	1254.82857	1137.02857	2214.77143	333.42857	349.11429	526.08571	492.31429	591.65714	611.31429	1705.34286	2180.45714	3149.77143	3506.6	4205.25714	6137.8	2793.31411
1086.06918	654.45714	802.28571	994.65714	373.85714	351.91429	815.54286	975.91429	875.34286	1661.6	266.45714	294.22857	420.4	441.31429	506.88571	492.74286	1320.97143	1705.11429	2423.28571	2664.31429	3258.97143	4674.57143	2069.23934
1087.82855	444.31429	530.57143	681.4	284	264.71429	601.71429	675.62857	630.28571	1157.68571	193	242.65714	324.57143	342.42857	384.6	388.91429	940.31429	1193.97143	1667.97143	1877.08571	2366.28571	3356.97143	1316.38729
1089.58739	294.97143	369.05714	468.02857	210.51429	205	431.68571	458.31429	430.54286	802.17143	151.31429	202.02857	247.65714	253.82857	275.4	301.85714	624.62857	813.05714	1122.65714	1344.17143	1652.88571	2437.65714	773.58086
1091.3457	232.4	273.6	335.94286	165.97143	176.62857	326.08571	330.74286	320.34286	587.54286	127.54286	165.77143	198.97143	188.28571	220.57143	238.62857	450.48571	548.74286	786.94286	952.82857	1184.4	1777.4	440.41436
1093.10348	176.77143	205.34286	265.42857	154.2	164.54286	262.28571	274.34286	271.88571	465.68571	115.31429	147.48571	162.77143	161.85714	178.68571	178.11429	340.85714	408.62857	612.4	743.22857	941.85714	1380.94286	268.45351
1094.86073	150.28571	176.2	223.05714	145.65714	146.14286	221.68571	242.31429	231.88571	389.28571	99.34286	135.25714	136.42857	142.22857	171.6	153.22857	278.08571	332.11429	493	615.08571	784.6	1161.14286	151.66406
1096.61745	141.74286	163.82857	204.42857	145.57143	128.48571	214.05714	229.82857	202.6	343.2	95.31429	123.62857	122.51429	144.34286	151.68571	145.34286	245.71429	300.62857	433.48571	541.94286	661.51429	1025.42857	94.78317
1098.37364	140.08571	160.02857	188.94286	139.11429	115.14286	210.54286	202.37143	189.77143	320.74286	101	124.48571	124.14286	123.22857	158.8	151.45714	241.77143	272.48571	379.91429	488.91429	603.51429	925	43.8623
1100.1293	132.31429	144.4	173.28571	138.51429	115.57143	216.17143	187.25714	190.4	307.2	111.6	128.62857	131.74286	117.8	160.45714	146.17143	226.31429	246.68571	364.34286	464.28571	568.42857	858.48571	30.9529
1101.88444	128.42857	134.8	155.14286	133.71429	115.97143	193.74286	172.37143	183.17143	282.45714	105.17143	133.8	129.94286	117.14286	151	137.74286	211.74286	251.91429	356.48571	450.22857	518.22857	800.51429	25.76356
1103.63904	118.82857	133.54286	156.68571	130.85714	114.28571	186.37143	171.68571	173.62857	272.91429	101.34286	127.54286	113.71429	116.91429	132.8	126.25714	196.71429	243.48571	341.65714	428	476	758.31429	13.60288
1105.39235	105.77143	137.77143	161.02857	135.62857	128.85714	176.4	181.97143	172.82857	264.6	97.45714	122.37143	111.4	115.68571	133.71429	133.85714	195	232.48571	313.37143	414.25714	487.31429	745.2	-12.02055
1107.14589	98.2	126.51429	154.77143	142.08571	133.62857	192.88571	193.94286	172.11429	260.28571	89.74286	101.08571	120.65714	118.68571	145.37143	136.97143	203.05714	215.42857	308.97143	390.88571	503.22857	739.4	-13.76956
1108.89891	105.97143	127.97143	153.45714	138.28571	134.02857	191.48571	191.8	154.42857	262.68571	88.82857	100	121.62857	120.68571	131.2	130.4	206.34286	232.54286	324.65714	376.97143	515.08571	755.45714	4.55016
1110.6514	114.14286	128.42857	150.11429	140.45714	108.02857	201.34286	173.57143	151.17143	272.57143	87.97143	98.31429	115.54286	112.08571	124.62857	121.6	211.6	227.8	336.71429	393.17143	492.97143	745.65714	19.21863
1112.40337	115.65714	147.2	143.68571	132.14286	107.34286	204.48571	168.88571	163.28571	262.14286	88.17143	103.71429	117.02857	110.51429	129.14286	120.37143	211.28571	226.74286	332.94286	404.45714	459.8	742.65714	18.03016
1114.15481	118.34286	134.37143	156.22857	116.82857	121.91429	205	174.08571	175.11429	245.8	83.65714	108.85714	118.45714	108.28571	137.57143	135.2	214.42857	214.91429	331.85714	393.02857	441.17143	708.68571	19.49334
1115.90495	116.45714	136.54286	149.71429	121.88571	136.91429	197.14286	175.25714	166.42857	252.51429	77.4	125.62857	115.94286	100.34286	136.4	142.82857	199.14286	225.25714	329	381.17143	479.48571	684.48571	19.14535
1117.65533	102.71429	127.2	139.8	131.17143	124.14286	202.42857	181.8	177.14286	262.37143	77.05714	127.42857	114.37143	104	133.88571	139	197.08571	224.28571	313.71429	397.22857	501.8	668.85714	6.32335
1119.40519	94.02857	130.85714	132.65714	124.77143	113.4	194.88571	176.34286	178.02857	289.02857	82.51429	117.82857	107.71429	105.74286	135.11429	135.54286	193.31429	228.31429	303.57143	385.74286	480.34286	679.68571	-1.40693
1121.15375	106.97143	117.68571	141.11429	117.85714	116.51429	190.74286	170.88571	168.94286	285.48571	93.91429	108.62857	113.34286	106.25714	139.74286	135.71429	202.2	224.85714	302.82857	382.2	448.6	681.37143	0.20597
1122.90255	112.97143	115.14286	141.25714	127.05714	119.74286	188	168.17143	152.02857	265.54286	98.8	104.4	112.97143	100.45714	144.2	130.05714	199.31429	218.88571	305.28571	364.45714	444.22857	678.48571	4.95636
1124.65083	112.85714	107.91429	140.74286	126.17143	127.4	195.62857	173.22857	150.94286	252.2	102.05714	95.4	125.65714	92.71429	140.82857	123.97143	197.77143	201.8	310.88571	380.22857	454.45714	664.51429	12.7814
1126.39781	118	108.51429	132.48571	118.2	118.65714	189.57143	165.77143	148.88571	260.68571	93.65714	105.68571	117.62857	97.54286	124.4	127.25714	187.31429	194.8	313.48571	373.22857	450.05714	661.6	17.53255
1128.14504	129.14286	111.94286	132.37143	119.31429	115.94286	181.08571	166.4	152.62857	256.02857	90.54286	115.94286	112.62857	104.17143	121	129.6	188.17143	207.37143	328.82857	374.85714	459.62857	666.22857	34.94696
1129.89098	123.6	117.02857	145.17143	117.54286	111.51429	186.91429	165.77143	162.74286	260.11429	89.05714	117.02857	104.48571	114.42857	114.8	130.65714	189.77143	231.82857	321.54286	370.82857	453.77143	700.37143	29.68757
1131.63716	121.51429	118.42857	153.17143	124.82857	121.48571	204.77143	175.51429	167.28571	264.45714	84.8	104.42857	114.17143	114.48571	129.08571	130.31429	188.91429	248.71429	306.97143	398.11429	452.34286	697.8	16.89016
1133.38204	115.54286	125.77143	154.6	128.94286	116.37143	220.54286	177.65714	163.34286	279.57143	83	102.74286	118.94286	115.22857	128.82857	136	201.11429	256.08571	290.05714	405.42857	464.74286	707.65714	1.4288
1135.12717	113.48571	117.57143	150.88571	131.45714	126.28571	199.54286	172.37143	160.71429	270.37143	92.8	109.45714	111.37143	105.91429	135.74286	144.08571	192.91429	263.31429	297.68571	396.88571	472.97143	684.51429	10.26069
1136.87101	115.08571	116.71429	162.51429	125.97143	125.4	193.6	166.54286	156.6	278.85714	93.91429	120.25714	107.94286	107.42857	146.31429	137.25714	186.74286	251.94286	301.34286	369.51429	448.85714	692.25714	15.08132
1138.61509	110.4	115.34286	160.14286	121.28571	120.42857	193	172.34286	157.02857	276.17143	81.2	115.45714	105.31429	119.25714	143.48571	134.05714	183.74286	220.97143	302.25714	351.05714	433.25714	672.31429	17.0876
1140.35788	99.48571	122	148.77143	131.31429	106.97143	197.25714	171.82857	151.02857	279.28571	88.48571	109.65714	116.77143	121.31429	126.14286	123.91429	196.14286	196.14286	297.28571	352.14286	442.28571	699.82857	13.14508
1142.10092	107.62857	123.25714	136.91429	140.4	101.77143	186.42857	156.17143	149.42857	279.45714	93.45714	105.68571	117.65714	108.17143	126.22857	130.28571	198.57143	200.57143	297.97143	380.68571	436.91429	676.2	14.80499
1143.84266	119.05714	127.05714	149.25714	135.51429	105.02857	184.34286	153.45714	157.77143	280	91.6	106.05714	107.71429	100.08571	137.28571	132.31429	180.91429	208.25714	298.05714	381.14286	416.4	673.34286	15.8186
1145.58388	114.68571	123.08571	154.42857	113.48571	110.22857	191.17143	161.88571	166.91429	271.4	89.42857	101.25714	98.34286	100.05714	132.25714	149.2	182.05714	212.11429	291.37143	385.4	413.17143	658.68571	10.02287
1147.32535	108.2	113.77143	144.22857	111.68571	117.28571	189.8	161.05714	156.31429	261.37143	90.48571	94.11429	108.54286	104.88571	133.51429	143.31429	183.8	222.31429	302.54286	372.88571	445.71429	660.02857	22.05475
1149.06553	103.6	111.4	140.05714	109.65714	122.6	177.91429	155.31429	142.85714	256.42857	85.74286	92.65714	112.08571	104.25714	142.94286	130.4	200.25714	235.22857	328.97143	380.25714	468.34286	655.42857	49.32264
1150.80518	108.62857	116.11429	136	110.91429	122.8	175.4	150.05714	144	252.57143	83.08571	103.57143	111.37143	105.85714	147.22857	130.71429	184.37143	231.4	319.85714	360.22857	466.6	664.65714	41.08963
1152.54508	115.02857	116.08571	135.14286	122.2	117.94286	187.74286	149.45714	162.57143	251.14286	80.68571	112	112.37143	102.31429	134.94286	142.08571	183.91429	221.11429	298.82857	360.8	452.34286	657.42857	20.72013
1154.28369	117.8	110.31429	136.8	137.34286	110.94286	192.48571	146.22857	173.57143	269.05714	81.4	107.48571	117.48571	101.8	131.4	147.54286	173.91429	222.54286	309.51429	364.8	459.82857	657.48571	31.75701
1156.02179	106.91429	105.42857	147.94286	132.88571	116.17143	188.28571	152.6	173.54286	269.74286	93.2	105.88571	98.65714	98.2	135.34286	141.25714	182.08571	238	322.85714	386.57143	473.05714	666.65714	45.23431
1157.75936	108.17143	117.45714	140.31429	124.77143	107.14286	187.42857	156.48571	156.68571	267.48571	98.51429	111.14286	99.4	106.31429	145.22857	134.62857	174.11429	229.77143	309.2	382.28571	483.22857	665.68571	31.76457
1159.49641	105.31429	126	139.85714	118.42857	106.85714	183.42857	166.88571	166.94286	260	91.05714	108.74286	107.17143	123.4	144.02857	136.74286	177.4	220.4	293.17143	392.74286	472.31429	651.11429	15.91875
1161.2337	111.02857	128.25714	141.48571	118.68571	115.28571	189.51429	183.45714	166	276.82857	90.05714	111	113.17143	128.82857	148.97143	131.45714	181.85714	212.14286	290.71429	395.94286	449.88571	668.22857	13.6368
1162.96971	111.77143	119.51429	138.42857	129.6	122.57143	203.08571	189.88571	148.82857	277.74286	94.6	108.6	124.2	116.71429	148.88571	126.91429	190.31429	234.74286	301.94286	385.02857	449.22857	677	25.03012
1164.7052	111.45714	120.48571	134.77143	137.42857	117.45714	214	167.77143	146.4	283.82857	95.2	100.17143	121.17143	103.97143	148.14286	131.08571	193.65714	238	308.51429	381.91429	464.31429	699.08571	31.75296
1166.44017	107.11429	116.25714	137.25714	132.4	121.74286	201.48571	158.74286	164.8	289.8	94.14286	99.88571	122.51429	102.88571	145.62857	143.68571	192.51429	230.85714	307.94286	400.91429	471.54286	696.91429	31.31669
1168.17462	117.11429	117.74286	135.48571	130.91429	117.91429	212.28571	159.48571	173.51429	290.2	95.71429	110.51429	109.11429	103.22857	146.4	139.08571	194.97143	213.51429	319.4	408.57143	464.82857	737.4	42.88986
1169.90855	112.62857	121.11429	139.28571	148.54286	114.48571	223.48571	188.17143	154.74286	288.8	85.28571	115.22857	117.65714	114.68571	130.17143	135.4	186.8	220.08571	331.68571	431.51429	481.45714	748.42857	55.26957
1171.64196	99.6	133.77143	151.8	151.42857	117.57143	232.42857	204.97143	164.82857	298.34286	96.22857	122.28571	122.97143	115.22857	128.91429	150	191.85714	229.62857	329.82857	450.54286	524.8	805.62857	53.48148
1173.37485	110.37143	149.05714	176.42857	149.94286	124.22857	237.68571	218.65714	176.42857	313.45714	95.68571	125.42857	133.31429	116.54286	139.42857	153.11429	201.68571	236.51429	341.77143	488.8	578.88571	869.57143	65.46556
1175.10722	129.2	148.22857	187.31429	136.97143	120.2	254	219.37143	203.77143	327.34286	100.68571	119.65714	131.34286	125.51429	145.57143	150.37143	222.51429	258.91429	375.57143	526.62857	610.88571	969.62857	99.27606
1176.83908	144.85714	161.62857	218.2	140.97143	117.82857	266.85714	234.68571	208.31429	365.77143	90.97143	107.82857	135.82857	136.25714	142.45714	155.17143	251.8	306.25714	416.8	594.57143	671.34286	1071.54286	140.4815
1178.57042	159.08571	184.42857	222.82857	142.71429	127.05714	250.6	243.45714	223.88571	400.65714	106.28571	120.4	138.37143	132.37143	154.28571	169.6	280.11429	344.45714	451.17143	632.97143	729.51429	1163.88571	174.79328
1180.30124	170.31429	211.11429	257.02857	153.25714	138.11429	256.97143	265.91429	236.34286	437.51429	105.28571	128.05714	137.54286	137.37143	169.22857	181.45714	300.4	357.05714	492.05714	682.31429	796.08571	1272.17143	215.57993
1182.03154	172.62857	211.42857	264.17143	154.22857	151.48571	255.2	280.22857	265.2	498.74286	112.37143	135.91429	135.11429	141.77143	173.45714	191.45714	317.57143	360.68571	540.74286	713.11429	818.37143	1330.91429	264.12426
1183.76056	181.65714	216.85714	276.54286	159.4	152.8	264.97143	293.57143	271.8	508.71429	119.85714	128.57143	153.22857	142.6	177.88571	196.02857	334.71429	363.11429	580.31429	712.25714	839.02857	1346.14286	303.50909
1185.48983	183.14286	210.31429	253.97143	162.11429	151.34286	257.77143	278.37143	261.82857	475.05714	124.51429	124.94286	159.42857	149.08571	166.05714	182.4	333.34286	385.25714	582.97143	685.8	809.4	1259.91429	305.93152
1187.21858	157.57143	188.28571	246.31429	160.14286	144.85714	258.08571	263.25714	246.42857	420.65714	116.17143	126.14286	148.14286	159	165.37143	172.4	313.08571	392.37143	545.85714	631.57143	752.8	1144.74286	268.53151
1188.94681	136.05714	173.22857	212.85714	158.25714	144.71429	245.8	241.11429	221.08571	399.48571	105.71429	131.68571	141.48571	144.34286	157.4	155.88571	281.54286	375.22857	502.62857	565.31429	668.42857	1032.2	224.96332
1190.67453	128.77143	155.77143	186.74286	151.65714	138.8	237.22857	226.17143	204.42857	347.34286	101.34286	119.57143	141.6	124.31429	161.91429	144.74286	262.05714	328.28571	439.85714	481.71429	599.71429	932.91429	161.79546
1192.40097	125.37143	147.65714	174.62857	138.8	123.74286	225.34286	207.42857	179.65714	318.28571	98.37143	110.2	126.08571	114.37143	147.68571	147.62857	240.28571	282.6	374.91429	417.22857	541.71429	820.77143	96.39647
1194.12766	110.45714	144.05714	159.02857	135.28571	107.91429	215.77143	192.4	170.42857	296.97143	103.77143	115.94286	108.65714	115.2	155.34286	137.05714	222.2	248.2	343.68571	414.42857	525.34286	752.02857	64.64918
1195.85383	100.05714	138.31429	140.57143	135.88571	112.45714	201.28571	177.05714	155.42857	285.11429	104.22857	115.88571	116.65714	111.2	151.4	128.14286	205.97143	233.28571	336.48571	422.51429	509.08571	712.22857	56.86496
1197.57872	97.82857	118.57143	130.88571	133.37143	119.94286	187.05714	166.51429	161.28571	273.25714	104.71429	101.77143	131.82857	108.74286	144.08571	125.22857	208.14286	239.4	325.25714	395.11429	504.31429	690.4	44.98377
1199.30386	94.97143	112.8	137.4	128.17143	125.71429	177.42857	163.97143	163.68571	267.31429	96.91429	100.11429	121.02857	112.17143	144.94286	130.51429	202.85714	228.54286	305.37143	364.85714	488.82857	681.08571	24.37416
1201.02848	86.11429	125.68571	134.54286	122.77143	129.42857	184.97143	165.88571	165.6	257.22857	91.65714	102.51429	107.57143	112.77143	148.6	127.54286	192.42857	228.34286	311.17143	382.68571	494.85714	697.8	29.37607
1202.75184	92.2	124.25714	140.6	123.4	128.25714	193.48571	172.42857	164.37143	251	95.8	106.6	103.45714	106.48571	151.6	139.22857	190.94286	225.25714	325.51429	391	478.62857	682.94286	42.84375
1204.47543	110.31429	126.74286	144.74286	131.2	113.4	188.54286	179.71429	152.74286	245.91429	110	108.85714	105.42857	105.2	145.14286	151.88571	182.4	220.82857	339.34286	382	446.94286	658.31429	55.71717
1206.19775	121.02857	123.68571	149.82857	138.28571	115.65714	183.11429	179.31429	160.4	251.02857	110.08571	115.6	107.4	121.51429	143.31429	156.94286	190.74286	209.28571	326.85714	372.6	420.91429	660.51429	42.19343
1207.92032	116.68571	134.14286	137.2	135.68571	111.45714	180.17143	169.88571	171.62857	251.88571	104.57143	113.34286	113.8	119.4	130	151.28571	190.2	212.74286	299.68571	379.31429	439.48571	677	13.99883
1209.64161	119.91429	132.34286	137.42857	134.42857	115.17143	193.31429	159.77143	175.2	273.54286	99	105.14286	120.45714	110.14286	125.14286	141.14286	212.68571	213.4	305	384.2	452.28571	682.71429	17.79767
1211.36315	117.28571	118.85714	140.71429	140.68571	115.17143	200.11429	157.34286	161.2	277.77143	93.85714	94.54286	119.94286	112.88571	125.74286	130.37143	210.74286	214.2	320.4	391.51429	468.94286	680.74286	31.02251
1213.08342	108.57143	109.71429	148.42857	136.2	121.57143	199.2	171.54286	167.34286	285.28571	98.91429	104.17143	120.94286	118.08571	135.25714	130.94286	208.34286	214.54286	319.45714	376	468.74286	680.42857	27.41878
1214.80393	96.42857	108.65714	139.62857	138.31429	112.17143	199.28571	182.82857	177.77143	267.42857	97.91429	111.05714	112.68571	113.68571	148.82857	132.68571	190.65714	216.02857	319.6	382.02857	470.51429	694.08571	24.92874
1216.52317	95.2	112.51429	147.25714	134	120.65714	198.4	173.11429	172.05714	278.02857	93.71429	110.74286	106.42857	110.54286	138.88571	132.97143	195.91429	219.68571	330.4	393.65714	466.74286	703.08571	33.03264
1218.2419	106.74286	104.42857	152.37143	140.31429	123.94286	192.08571	161.45714	169.82857	280.8	87.28571	117.34286	109.74286	118.11429	129.8	131.51429	192.31429	219.94286	325.8	391.71429	477.45714	707.2	25.68279
1219.96088	113.71429	118.37143	152.65714	133.71429	120.45714	197.02857	181.91429	172.14286	284	93.37143	129.11429	126.31429	117.28571	135.65714	137.05714	190.42857	232.2	326.2	420.82857	476.45714	715.57143	23.28865
1221.67858	111.08571	128.17143	151.11429	134.71429	119.42857	210.57143	200.02857	183.54286	284.6	88.62857	128.2	124.34286	120.6	152.82857	151.91429	200.05714	251.4	338.17143	443.05714	490.14286	747.65714	32.43111
1223.39578	109.8	140.62857	152.25714	128.17143	134.88571	215.2	190.17143	182.88571	286.45714	101.85714	125.34286	121.37143	121.94286	147.45714	148.97143	202.45714	256.25714	340.97143	437.77143	498.14286	755.97143	32.37675
1225.11322	117.31429	141.68571	149.91429	138.71429	138.48571	195.54286	175.42857	191.22857	296.37143	107.85714	134.71429	132.68571	128.91429	141.71429	138.48571	206.31429	254.22857	326.82857	409.48571	495.22857	753.65714	15.36362
1226.82939	123.91429	137.91429	153.68571	144.11429	130.65714	195.97143	185.97143	198.74286	289.85714	105.68571	127.91429	143.54286	135.77143	149.08571	135.22857	219.65714	252.05714	330.42857	423.34286	485.94286	763.17143	16.08688
1228.54505	123.11429	127.85714	164.22857	140.91429	130.11429	202.2	197.51429	203.54286	296	98.45714	127.37143	142.62857	128.2	166.14286	141.42857	222.85714	244.85714	349.05714	430.85714	522.94286	767.42857	31.84169
1230.2602	122.45714	146.37143	171.4	144.88571	124.65714	216.74286	201.4	191.45714	301.42857	101.42857	128.62857	140.37143	120.54286	165.05714	148.74286	210.11429	250.34286	370.28571	443.54286	541.25714	773.77143	50.20895
1231.97559	127.8	159.17143	180.34286	156.77143	132.25714	223.74286	207.54286	191.2	317.85714	112.42857	134.6	142.65714	122.65714	160.02857	151.45714	209.62857	267.31429	367.8	464.68571	547.22857	820.11429	44.88382
1233.68972	145.17143	146.65714	188.48571	151.97143	139.77143	226.31429	212.54286	200.42857	325.68571	121.62857	142.97143	144.37143	140.25714	149.42857	156.4	227.28571	274.4	364	486.22857	540.8	827.48571	38.27577
1235.40334	158.4	141.57143	184.05714	141.65714	140.05714	218.25714	208.6	213.4	334.31429	128.65714	148.74286	147.48571	137.97143	155.08571	151.97143	226.91429	261.31429	363.42857	476.11429	551.22857	790.65714	34.93709
1237.11645	151.6	143.57143	181.51429	138.88571	138.2	218.34286	203.11429	210	348.34286	126.25714	129.88571	147.05714	124.85714	164.88571	157.45714	228.48571	259.31429	365.85714	475.17143	560.25714	796.05714	34.64868
1238.82905	136.68571	148.25714	184.97143	145.68571	158.34286	226.91429	214.2	213.91429	356.8	130.34286	129.37143	136.34286	119.8	171.45714	159.57143	228.48571	279.37143	349.2	479	574.34286	827.71429	15.33428
1240.54114	136.74286	137.85714	180.25714	146.77143	170.14286	239.25714	215.65714	212.91429	342.25714	124.91429	150.08571	138.37143	135.62857	162.51429	168.85714	240.14286	291.97143	362.34286	492.48571	572.22857	836.74286	25.88906
1242.25272	143.25714	154.05714	175.4	159.57143	162.4	233.68571	226.17143	233.71429	326.6	118.11429	157.85714	138.51429	142.17143	155.4	172.94286	249.82857	294.94286	360.71429	485.45714	574.88571	834.82857	21.75104
1243.96379	149.94286	155.57143	182.42857	169.6	151.42857	230.74286	211.57143	221.51429	354.02857	113.45714	148.71429	143.94286	136.6	162.25714	165.91429	253.74286	280.28571	385	483.31429	582.54286	867.08571	43.6154
1245.67435	152	158.28571	197.4	171.45714	158.65714	223	211.37143	221.37143	357.34286	120.25714	142	138.57143	125.62857	158.34286	165.91429	249.88571	274.14286	368.74286	487.42857	567.85714	857.14286	25.03445
1247.3844	140.62857	156.17143	187.22857	161.57143	156.88571	236.08571	213.2	219.02857	358.17143	133.57143	138.54286	146.02857	137.51429	157.31429	162.05714	246.02857	263.37143	379.51429	492.85714	551.94286	865.25714	33.58907
1249.09395	133.62857	168.97143	181.8	153.97143	156.14286	227.42857	226.05714	235.4	330.08571	149.77143	132.85714	144.02857	130.71429	167.42857	160.8	236.91429	271.82857	358.6	497.05714	557.74286	868.65714	10.43154
1250.80299	139.45714	175.68571	182.42857	154.62857	154.71429	232.25714	231.14286	221.45714	348.57143	138.68571	136.51429	142.97143	141.62857	182.57143	156.48571	234.14286	279	383.51429	512.22857	580.51429	886.97143	33.80136
1252.51152	152.88571	171.82857	190.65714	171.02857	151.54286	230.17143	222.14286	219.2	343.57143	122.11429	132.71429	133.68571	136.22857	165.42857	160.8	225.2	281.91429	386.4	514.77143	585.97143	869.77143	36.08519
1254.21954	158.71429	164.08571	187.37143	173.88571	142.8	243.08571	211.62857	225.22857	364.17143	114	149.14286	138.6	135.57143	146.42857	168.97143	238.85714	288.25714	393.37143	504.74286	587.42857	871.22857	43.15756
1255.92706	163.37143	167.37143	187.48571	175.05714	138.65714	250.17143	216.82857	232.88571	356.25714	114.77143	146.02857	147.05714	131.25714	153.4	166.94286	238.37143	303.2	382.34286	512.91429	587.91429	872.05714	32.21153
1257.63406	149.51429	172.88571	181.45714	171.42857	142.68571	254.31429	227.74286	231.6	350.4	110.94286	139.68571	154.62857	142.85714	171	165.08571	266.6	305.08571	403.08571	516.62857	601.48571	901.02857	53.15602
1259.33981	136.2	166.71429	188.97143	175.71429	134.2	245.14286	235.11429	214.97143	346.97143	117.91429	136.71429	141.71429	153.62857	171.68571	161.94286	260.94286	290.11429	405.6	522.4	622.85714	891.17143	55.98558
1261.04581	137.05714	160.2	194.57143	168.34286	123.97143	249.25714	230.11429	213.54286	342.31429	114.71429	149.82857	136.8	136.34286	167.25714	160.11429	255.05714	282.17143	393.91429	515.2	620.51429	883.71429	44.72338
1262.7513	138	162.82857	208.6	154.17143	132	245.17143	237.2	220.74286	353.08571	117.17143	137.02857	130.2	128.42857	156.74286	152.17143	247.62857	293.65714	387.02857	539.97143	624.45714	896.68571	38.36397
1264.45628	134.34286	171.31429	196.11429	150.57143	148.45714	252.62857	235.14286	231.74286	368.25714	114.11429	123.31429	137.08571	130.02857	153.48571	146.11429	255.91429	300.62857	403.71429	532.25714	627.85714	934.62857	55.67336
1266.16076	140.82857	172.14286	185.82857	153	146.74286	264.82857	238.37143	224.42857	384.65714	115.28571	126.05714	145.62857	138.28571	163.97143	159.28571	253.51429	304.8	425.51429	537.4	638.25714	938.71429	78.18897
1267.86398	146.85714	160.4	187.31429	161.05714	138.17143	270.97143	227.94286	227.31429	374.74286	108.82857	125.94286	139.14286	122.2	173.54286	170.62857	250	294.77143	458.45714	531.74286	635.02857	923.88571	111.93396
1269.56744	141.88571	155.02857	197.08571	161.11429	136.68571	254.08571	216.85714	231.51429	364.08571	109.31429	124.57143	133.57143	113.4	164.17143	174.97143	255	307.08571	461.51429	548.74286	646.11429	909.6	115.87431
1271.2704	151.45714	156.14286	190.48571	149.31429	143.05714	237.45714	220.85714	222.65714	353.62857	108.62857	125.91429	136.8	127.37143	159.28571	170.94286	256.37143	306.88571	431.48571	551.65714	650.88571	920.8	86.8046
1272.97211	162.2	166.08571	184.85714	135.37143	144.74286	229.48571	235.02857	211.51429	349.8	100.77143	128.4	141.71429	141.37143	165.85714	156.02857	255.51429	317.02857	425.31429	569.71429	663.11429	923.57143	81.66226
1274.67406	161.71429	164.25714	205.4	135.77143	147.88571	216.94286	237.6	211.94286	351.94286	120.11429	124.71429	134.74286	145.48571	164.22857	147.62857	276.31429	320.28571	432.6	570.77143	679.34286	929.54286	90.04186
1276.37475	151.31429	163.82857	212.4	142.88571	143.34286	237.08571	230.82857	216.22857	365.45714	120.54286	132.91429	143.2	139.48571	163.22857	150.74286	279.14286	327.54286	458.31429	555.82857	662.51429	916.88571	116.90939
1278.07569	155.2	161.02857	199.34286	143.6	140.31429	253.8	229.54286	220.42857	380.6	122.57143	131.05714	155.57143	146.74286	165.8	164.45714	280.25714	324.34286	450.82857	551.94286	662.2	942.05714	110.63087
1279.77538	154.17143	158.85714	192.65714	138.71429	135.68571	261.28571	228.68571	229.45714	386.31429	124.2	124.48571	154.28571	133.51429	157.34286	167.85714	283.6	329.11429	447.2	555	655.2	965.85714	108.258
1281.47532	155.45714	150.22857	204.65714	140.14286	127.68571	251.02857	225.77143	219.51429	369.22857	129.91429	117.14286	144.94286	140.42857	154.57143	165.65714	281.17143	330.37143	437.05714	550.22857	679.14286	979.11429	99.41393
1283.174	164.34286	160.74286	217.11429	141.48571	131.65714	242.48571	233.51429	210.94286	362.74286	106.85714	133.82857	130.31429	135.97143	168.4	177.31429	276.4	331.8	426.4	555.8	652.68571	974.45714	90.09323
1284.87292	162.31429	170.08571	205.65714	151.45714	153.8	233.05714	243.85714	212.37143	356.11429	98.11429	141.54286	128.08571	139.6	182.02857	187.34286	267.42857	309.45714	427.37143	596.08571	642.2	973.42857	92.43332
1286.5706	150.82857	177.97143	189.05714	162.65714	153.68571	246.51429	246.31429	230.34286	364.42857	108.31429	142.45714	141.57143	133.28571	176.11429	171.85714	285.68571	310.94286	448.02857	583	658.05714	985.48571	114.48593
1288.26852	144.08571	165.94286	194.57143	161.48571	143.82857	234.14286	246.37143	234.88571	375.77143	110.11429	129.65714	148.85714	142.54286	166.77143	156.97143	263.48571	306.97143	467.45714	573.08571	688.4	946.94286	135.33133
1289.96519	153.37143	162.57143	204.2	142.54286	136.8	228.31429	239.97143	232.85714	379.82857	111.77143	134.17143	153.8	148.82857	168.54286	172	257.22857	321.91429	455.2	552.14286	678.08571	947.74286	124.50695
1291.6621	156.68571	161.34286	202.62857	140.91429	130.31429	229.28571	244.85714	226.8	374.17143	120.17143	143.45714	155.88571	136.34286	174.25714	185.28571	251.91429	316.05714	430.17143	545.11429	654.28571	956.77143	100.92166
1293.35777	139.11429	159.05714	189.57143	155.37143	123.82857	252.48571	239.34286	224.57143	354.54286	117.82857	145.65714	156.57143	126.42857	170.8	165.6	277	327.77143	439.02857	518.22857	669.05714	941.02857	111.22717
1295.05293	126.14286	157.25714	184.6	161.4	135.34286	234.31429	227.91429	217.34286	368.8	117.45714	136.08571	138.6	124.11429	153.37143	160.31429	276.8	317.54286	438.34286	527.02857	651	881.6	111.98947
1296.7476	123.77143	158.6	175.42857	156.91429	146.54286	234.28571	219.91429	215.8	371.97143	122.28571	131.77143	136.02857	148.2	151.45714	171.17143	281.77143	311.08571	433.74286	532.88571	625.17143	867.88571	108.83171
1298.4425	144.17143	164.88571	175.62857	151.2	144.25714	230.08571	222.42857	214.85714	366.37143	119.51429	124.05714	125.74286	147.77143	153.57143	174.68571	277.2	311.37143	404.68571	510.14286	605.94286	878.48571	81.2056
1300.13616	142.17143	152.71429	182.62857	142.2	138.57143	230.68571	217.82857	213.51429	348.25714	115.2	126.05714	134.42857	135.11429	158.25714	168.42857	266.74286	313.91429	411.65714	494.08571	610.2	879.25714	89.59143
1301.82932	150	140.71429	178.17143	145	139.71429	225.74286	214.6	205.28571	349.08571	111.45714	129.34286	143.82857	130.71429	155.4	165.08571	246.97143	310.08571	414.91429	490.37143	606.97143	879.85714	94.24092
1303.52198	141.51429	140.08571	169.02857	149.68571	138.77143	229.37143	222.94286	210.97143	355	109.88571	136.31429	150.82857	142.02857	157.97143	170.62857	263.57143	303.91429	420.02857	518.54286	602.74286	902.37143	100.72005
1305.21488	139.6	152.45714	168.65714	152.34286	143.48571	221.91429	227.02857	199.94286	364.94286	113.2	141.85714	136.42857	138.62857	152.6	167.94286	261.34286	309.02857	411.28571	519.28571	609.08571	892.17143	93.30913
1306.90654	132.71429	164.74286	167.14286	146.37143	141.85714	216.74286	214.25714	196.08571	349.85714	112.08571	144.77143	139.17143	131.71429	146.02857	159.94286	243.91429	293.94286	404.94286	513.25714	600.94286	867.82857	88.25986
1308.5977	132.08571	154.42857	167.51429	145.62857	139.57143	224.4	203.14286	204.05714	331.45714	112.71429	129.14286	147.05714	135.51429	150.74286	151.42857	231.54286	298.77143	388.42857	509.17143	606	874.65714	72.99539
1310.28836	122.05714	154.94286	166.28571	139.91429	134.42857	225.51429	198.17143	213.48571	319.08571	112.22857	125.31429	149.74286	136.11429	154.62857	155.6	259.48571	291.02857	378.6	497.05714	602.94286	892.54286	64.36743
1311.97852	114.57143	165.85714	170.17143	147.54286	132.37143	224.77143	212.8	210	324.22857	117.11429	132.65714	138.17143	138.62857	160.97143	153.22857	241.65714	295.82857	396.02857	505.97143	588.97143	889.57143	82.94197
1313.66817	129.48571	167.94286	158.91429	151.6	127.82857	225.94286	215.11429	206.74286	315.51429	114.42857	139.74286	129.97143	136.42857	155.28571	150.94286	235.91429	285.62857	395.22857	511.25714	571.68571	841.68571	83.22789
1315.35733	143.11429	147.08571	157.31429	146.51429	130.2	229.42857	216.34286	203.08571	316.57143	117.02857	136.34286	124.02857	144.11429	155.25714	151.08571	235.94286	279.94286	394.14286	519.4	584.65714	839.65714	83.1626
1317.046	151.74286	146.88571	157.14286	137	135.71429	227.57143	213.22857	197.51429	322.02857	107.11429	133.85714	129.2	136.82857	160.42857	142.05714	258.31429	272.91429	379.85714	499.37143	570.97143	818.37143	69.82639
1318.73416	142.68571	149	165.28571	143.74286	131.97143	225.8	212.65714	198.88571	334.97143	102.25714	134.11429	134.31429	134.74286	160.82857	136.65714	244.8	284.88571	385.4	492.65714	569.37143	804.51429	76.24241
1320.42182	144.11429	142.31429	160.42857	144.11429	119.28571	214.57143	215	197.88571	337.91429	111.68571	142.2	134.94286	118.48571	151.48571	149.62857	235.2	298.54286	376.65714	477.97143	572.85714	813.28571	68.29093
1322.10899	139.8	134.51429	148.17143	151.82857	127.2	214	211.97143	198.45714	339.02857	109.4	144.74286	138.68571	126.6	142.42857	154.8	228.94286	295.57143	377.74286	469.08571	586.17143	820.54286	70.08083
1323.79566	131.4	146.48571	141.82857	139	135.71429	215.65714	218.05714	217.71429	338.85714	99.25714	138.05714	129.31429	136.37143	136.62857	147.31429	237.48571	289.37143	379.57143	460.2	569.17143	813.4	72.52094
1325.48183	131.05714	140.28571	157.17143	138.42857	143.34286	203.8	215.11429	219.51429	330.54286	94.31429	129.91429	124.37143	139.28571	141.2	146	236.6	269.62857	374.91429	456.05714	572.22857	812.91429	68.37729
1327.1675	138.48571	132.85714	169.34286	141.22857	137.14286	193.25714	219.62857	198.65714	315.62857	104.94286	137.02857	126.11429	126.28571	145.2	153.05714	229	265.4	370.05714	464.11429	564.08571	823.65714	63.93014
1328.85193	136.82857	135.77143	160.62857	145.28571	140.6	197.02857	207.34286	169.74286	307.31429	109.91429	135.17143	135.25714	123.82857	142.54286	153.82857	220.65714	272.94286	359.6	464.51429	553.2	826.51429	53.77407
1330.53661	121.48571	138.25714	155.6	136.62857	144	214.85714	194.11429	179.62857	307.22857	108.74286	135.02857	125.94286	121.8	137.48571	150.85714	221.08571	287.4	344.45714	446.42857	536.31429	794.57143	38.81794
1332.22079	114.57143	135.88571	156.4	139.57143	146.68571	214.31429	186.88571	185.11429	303.05714	97.94286	132.51429	120.17143	123.77143	140.57143	150.68571	214.25714	274.94286	340.22857	425.28571	539.77143	773.48571	34.65632
1333.90448	116.8	132.82857	153.2	140.77143	136.6	204.65714	186.51429	194.4	315.8	97.45714	135.22857	126.8	130.71429	162.85714	144.08571	227.48571	247.25714	344.54286	439.54286	528.14286	730.14286	38.91236
1335.58767	123.31429	144.22857	140.8	134.11429	122.54286	183.91429	198.31429	192.28571	322.4	107.8	132.71429	131.14286	129.8	166.05714	141.82857	227.54286	238.68571	352.65714	451.68571	527.37143	748.08571	46.83776
1337.26962	119.22857	147.54286	134.14286	148.11429	124.54286	178.28571	197.05714	191.51429	312.48571	101.17143	127.45714	138.17143	115.28571	159.88571	137.85714	238.74286	246.14286	342.8	433.37143	487.65714	725.85714	36.65567
1338.95181	112.85714	141.17143	139.2	154.94286	125.97143	184.34286	191.71429	182.14286	303.57143	82.8	116.77143	131.68571	108.2	132.45714	132.8	231.71429	251.54286	337.62857	409.48571	491.6	735.94286	31.0178
1340.63351	118.17143	135.54286	141.8	146.88571	127.05714	192.31429	183.88571	179.31429	295.14286	84.42857	116.05714	129.48571	110.25714	125.14286	137.54286	224.97143	249.42857	332.08571	398.82857	494.25714	754.34286	24.86159
1342.31398	119.57143	137.6	146.34286	138.51429	126.45714	191.45714	179.37143	177.45714	285.37143	94.91429	122.22857	122.22857	113.57143	126.05714	139.68571	215.68571	251.45714	335.02857	418.91429	501.62857	763.68571	27.03874
1343.99469	117.45714	132.34286	150.25714	133.65714	135.48571	194.94286	196.54286	185.88571	276.68571	96.34286	119.37143	131.2	127.57143	133.57143	140.74286	223.25714	248.54286	320.57143	432	480.37143	718.48571	11.83351
1345.6749	119.08571	120.97143	150.82857	132.4	130.22857	193	192.28571	196.57143	287.08571	96.42857	107.22857	124.62857	124.51429	127.77143	136.14286	231.14286	234.6	324.22857	433.82857	504.45714	722.25714	13.8722
1347.35388	125.88571	118.14286	135.31429	133.45714	114.34286	206.71429	190.62857	186.91429	286.74286	96.51429	108.57143	116.25714	121.54286	132.65714	140.85714	222.71429	236.74286	327.82857	421.71429	529.65714	746.14286	14.70236
1349.03311	126.82857	122.97143	140.37143	138.57143	111.17143	201.8	178.11429	176.31429	296.48571	102.08571	114.65714	114.2	121.88571	135.82857	144.22857	210.45714	246.51429	355.14286	433.4	551.34286	749.74286	38.43073
1350.7111	120.88571	112.4	145.37143	129.31429	122.54286	205.71429	185.37143	178.68571	304.4	104.08571	110	123.54286	121.85714	143.28571	138.45714	197.54286	262.77143	360.82857	435.45714	533.57143	730.57143	40.65673
1352.38934	112.25714	112.37143	156.02857	129.4	125.77143	199.57143	183.68571	183.08571	310.42857	111.17143	110.48571	118.97143	103.91429	149.77143	137.05714	200.94286	263.82857	353.94286	418.51429	512.14286	755.8	30.14671
1354.06634	98.97143	118.22857	151.48571	123.62857	116.77143	190.34286	200.31429	184.2	308.34286	96.05714	115.88571	112.77143	106.14286	149.25714	132.51429	192.2	254.4	336	410.34286	510	774.74286	9.35561
1355.74359	107.65714	132.14286	147.77143	127.57143	126.42857	182.57143	196.6	179.57143	326.4	100.97143	127.45714	116.82857	111.34286	141.4	146.02857	192.71429	239.68571	347.6	437.05714	534.31429	785.82857	19.21885
1357.41961	105.22857	140.14286	137	137.82857	133.94286	196.37143	184.4	179.08571	322.65714	98.02857	126.68571	124.34286	120.05714	147.45714	147.48571	188.94286	239.91429	365.05714	440.14286	547.6	774.02857	35.77182
1359.09514	103.28571	128.68571	141.94286	144.08571	130.34286	209.91429	179.37143	182.65714	314.6	90.91429	126.34286	121.14286	119.37143	154.25714	144.37143	213.74286	243.6	352.71429	436.4	544.54286	784.11429	22.47325
1360.7709	96.54286	100.65714	153.91429	143.08571	117.2	204.25714	197.68571	184.37143	291.62857	84.25714	121.94286	110.91429	124.6	145.97143	140.68571	214.51429	261.2	340.97143	432.62857	523.77143	783.28571	9.89505
1362.44544	104.42857	101.94286	150.34286	141.94286	119.62857	205.17143	193	177.11429	293.28571	92.42857	121.22857	114.08571	117.71429	141.65714	138.45714	209.31429	279.88571	344.02857	428.22857	501.77143	789.31429	12.23402
1364.11949	105.48571	126.82857	156.2	126	131.11429	202.74286	191.74286	177.54286	298.68571	101.48571	112.05714	113.31429	119.57143	143.31429	137.74286	204.74286	271.28571	369.2	420.48571	491.05714	802.02857	36.80127
1365.79378	107.8	127.82857	145.91429	128.11429	142.77143	210.42857	185.08571	189.74286	325.17143	101.82857	110.82857	129.65714	120.08571	153.34286	145.14286	216.28571	262.74286	361.94286	421.05714	509.77143	831.4	29.05072
1367.46685	120.2	120.42857	134.85714	137.88571	136.4	217.22857	188.31429	199.68571	312.74286	98.42857	107.31429	133.77143	124.02857	158.88571	157.71429	222.05714	250.97143	358.97143	440.68571	525.4	839.51429	25.69348
1369.13942	130.22857	118.8	133.34286	149.68571	124.25714	224.51429	190.25714	199	302.65714	90	109.25714	130.82857	133.2	164.91429	149.51429	222.28571	271.68571	362.48571	457.25714	523.94286	848.37143	28.92636
1370.81223	131.17143	125.02857	156.45714	137.2	122.54286	225.62857	208.51429	204.45714	303.62857	93.05714	115.17143	113.28571	132.51429	150.08571	139.31429	220.31429	262.11429	360.74286	464.22857	515.62857	839.57143	27.00328
1372.48382	127.85714	127.74286	154.74286	156.6	127.34286	227.22857	217.8	203.08571	319.02857	103.08571	122.8	114.22857	120.05714	158.6	143.2	211.31429	260	355.68571	453.02857	510.88571	822.88571	21.86393
1374.15492	120.28571	129.71429	149.45714	156.05714	128.34286	221.6	216.65714	193.85714	330.34286	107.28571	121.57143	115.45714	122.51429	153.68571	150	214.91429	251.6	358.88571	445.05714	522.05714	808.28571	25.07654
1375.82553	114.08571	137.22857	149.54286	153.37143	124.62857	204.68571	195.22857	189.77143	337.22857	108.82857	120.42857	110.51429	121.82857	151.42857	153.34286	214.74286	262.2	355.91429	446.82857	521.45714	816.97143	22.20933
1377.49564	107.88571	140.8	159.54286	136.77143	129.08571	211.65714	182.57143	191.25714	331.6	103.97143	121.25714	115.42857	120.25714	146.14286	154.31429	215.71429	236.54286	343.37143	456.91429	532.37143	842.54286	9.85911
1379.16527	118.17143	147.91429	150.37143	136.77143	136	218	192.34286	194.68571	326.45714	97.71429	108.45714	121.34286	124.71429	153.05714	153.68571	216.22857	225.85714	362.85714	449.17143	547.4	857.17143	29.62269
1380.8344	119.85714	140.94286	150.08571	125.08571	132.42857	223.28571	202.62857	190.85714	340.11429	104.85714	111.42857	123.45714	131.34286	144.62857	151.4	220.48571	245.05714	372.91429	448.77143	569.02857	850.4	40.03973
1382.50305	121.48571	141.82857	146.68571	123.82857	124.82857	215.05714	194.77143	211.05714	341.97143	109.57143	119.74286	125.22857	125.05714	145.48571	151.48571	232.22857	266.08571	382.34286	465.34286	566.8	839.42857	49.90703
1384.17194	118.05714	127.25714	149.68571	130.28571	132.02857	216.8	198.71429	190.31429	340.48571	102.6	123.34286	121.54286	109.25714	152.42857	141.4	230.17143	265.77143	377.22857	473.2	558.57143	833.42857	45.30712
1385.83961	112.14286	130.68571	154.65714	127.08571	148.2	221.94286	208.2	185.48571	316.82857	97.88571	118.54286	110.8	108.57143	164.17143	129.65714	225.82857	261.71429	376.51429	483.48571	555.22857	824.94286	45.17965
1387.50678	112.28571	138.05714	151.51429	134	141.14286	217.34286	203.54286	187.34286	298.57143	96.57143	118.97143	115.05714	110.37143	162.51429	130.62857	231.91429	254.08571	364.34286	464.4	572	819.94286	33.66429
1389.17274	115.08571	139.42857	151.17143	135.91429	126.57143	216.37143	189.88571	212.62857	297.31429	97.31429	118.94286	122.97143	118.08571	151.85714	145.31429	238.28571	238.71429	377.02857	467.45714	579.77143	818.08571	47.07213
1390.83894	116.82857	117.65714	154.91429	138.57143	126.2	217.08571	194.82857	197.2	317.22857	84	126.37143	120.54286	106.91429	144.4	150.65714	225.77143	257.25714	375.02857	453.17143	558.14286	814.25714	45.85711
1392.50465	107.57143	122.37143	174.77143	137.57143	134.37143	223.14286	205.11429	194.51429	320.34286	88.22857	132.91429	120.17143	108.85714	149.88571	148.34286	225	266.77143	362.88571	465.17143	529.14286	820.6	34.5589
1394.16987	99.37143	122.71429	171.68571	144.97143	131.68571	206.22857	206.37143	198.8	321.05714	93.22857	121.14286	130	118.2	142.8	138.05714	228.48571	263.31429	360.17143	440.8	535.71429	827.42857	32.74574
1395.8346	111.11429	129.6	158.17143	145.77143	126.85714	197.37143	196.05714	203.68571	318.57143	97.85714	108.14286	130.02857	127.51429	133.4	134.74286	230.71429	255.62857	379.34286	450.42857	553.85714	824.8	52.87156
1397.49885	117.17143	129.82857	143.25714	151.6	121.62857	208.88571	191.2	203.68571	309.17143	102.91429	118.57143	115.97143	128.37143	141.42857	141	240.8	272.51429	384.6	463.97143	565.6	832.85714	59.13318
1399.16261	119.94286	135.37143	157.91429	152.34286	130.34286	218.74286	205.6	216.68571	326.02857	101.31429	124.11429	116.11429	134.74286	152.2	147.94286	257.02857	283.94286	388.82857	490.31429	559.02857	857.8	64.41312
1400.82588	117.88571	126.25714	171.11429	142.28571	131.45714	204.37143	206.82857	223.34286	349.6	106.2	122.28571	125.08571	121.97143	137	149.8	255.08571	281.91429	388.02857	479.65714	562.17143	844.2	64.70817
1402.48793	129.85714	130.97143	162.08571	142.22857	128.11429	201.14286	214.88571	209.42857	343.88571	96.88571	109.34286	137.54286	111.37143	136.71429	155.4	255.08571	263.74286	391.02857	474.25714	553.17143	837.4	68.84372
1404.15023	120.2	132.74286	171.34286	150.37143	114.22857	211	220.91429	193.68571	326.05714	91.77143	115.91429	131.97143	111.85714	140.82857	158.51429	247.8	261.17143	378.88571	471.88571	564.14286	836.22857	57.87371
1405.81204	110.48571	131.02857	180.4	150.91429	111.37143	217.17143	229.34286	200.22857	325.88571	88.4	115.77143	126.51429	123.45714	135.6	149.65714	238.97143	259.6	367.68571	491.94286	553.91429	854.28571	47.88066
1407.47263	112.77143	128.54286	164.97143	142.22857	113.77143	220.91429	205.28571	206.45714	312.91429	92.2	120.65714	119.28571	126.42857	129.74286	146.71429	241.17143	248.31429	367.97143	477.34286	555.45714	840.45714	49.40424
1409.13346	121.48571	134.71429	135.4	138.97143	116.14286	223.31429	187.65714	194.88571	317.4	97.77143	113.31429	116.34286	132.51429	142	147.97143	244.25714	251.91429	374.08571	446.42857	556.51429	838.25714	56.78411
1410.79381	122.17143	135.34286	141.82857	139.11429	111.8	219.48571	188.65714	189.68571	316.31429	101.51429	116.14286	115.02857	119.08571	149.71429	149.02857	225.57143	277.6	364.8	437.28571	558.74286	818.71429	48.7885
1412.45295	115.88571	137.82857	153.37143	145.48571	109.05714	221.28571	203.71429	182.65714	314.14286	103.37143	112.42857	116.22857	101.97143	146.85714	143.97143	225.91429	277.97143	347.17143	461.05714	528.48571	814.22857	32.47135
1414.11233	107.51429	132.54286	151.28571	139.6	121.91429	216.22857	197.25714	197.48571	308.57143	103.8	108.37143	114.14286	102.17143	138.51429	142.02857	239.34286	259.8	345.22857	474.54286	540.88571	784.57143	31.85805
1415.77122	107.91429	131.88571	145.97143	132.71429	131.94286	206.48571	177.42857	188.74286	319.94286	97.8	110.25714	106.91429	111.02857	137.31429	134.88571	251.42857	262.02857	355.28571	460.28571	541.2	747.42857	43.25968
1417.4289	115.17143	125.37143	139.82857	138.82857	120.08571	210.71429	172.68571	180.05714	312.82857	96.82857	108.37143	104.14286	114.08571	137.62857	131.77143	239	285.25714	360.88571	448.2	545.4	752.48571	50.21592
1419.08682	117.8	119.94286	138.51429	139.88571	105.28571	205.94286	184.28571	178.11429	299.2	96	102.31429	110.94286	114.65714	135.37143	125.88571	228.68571	279.68571	371.31429	441.65714	538.4	783.65714	62.00927
1420.74353	118.62857	124.57143	146.02857	135.85714	109.08571	198.51429	178.22857	186.25714	285.05714	110.11429	104.57143	106.14286	126.2	128.37143	133.88571	224.94286	256.31429	369.2	450.85714	550.05714	790.31429	61.26511
1422.40048	119.48571	129.91429	138.88571	132.25714	118.71429	197.65714	184.6	187.57143	281.11429	108.45714	115.6	111.48571	125.31429	131.05714	132.91429	224.91429	243.71429	349.6	452.4	534.28571	774.94286	43.03739
1424.05622	105.65714	119.11429	135.37143	141.88571	124.94286	199.34286	195.2	185.71429	294.82857	97.11429	113.22857	116.62857	126.54286	124.74286	134.88571	227.82857	251.05714	338.68571	447.65714	529.97143	779.02857	33.49435
1425.71148	106.34286	104.82857	127.42857	143.51429	130.82857	200.85714	197.85714	193.65714	303.4	92.51429	112.05714	127.51429	115.34286	117.28571	136.8	224.28571	254.17143	345.74286	437.28571	536.91429	793.94286	41.9185
1427.36698	114.25714	115.28571	133.42857	145.74286	129.25714	199.11429	180.88571	190.2	296.02857	95.71429	112.37143	120.88571	107.37143	134.85714	145.8	219.25714	248.37143	342.02857	443.6	522.37143	780.11429	39.56379
1429.02126	115.88571	123.17143	131.11429	147.51429	125.48571	205.71429	186.91429	186.28571	291.51429	84.54286	120.65714	119.94286	108.22857	150.14286	141.82857	221.11429	254.62857	346.25714	441.54286	519.94286	753.88571	45.14132
1430.6758	104.31429	120.57143	149.65714	142.2	120.71429	193.88571	182.51429	183.71429	295.37143	81.77143	110.88571	111.45714	113.94286	145.02857	147.02857	220.31429	245.51429	359.34286	429	513.57143	729.94286	59.56217
1432.32912	107.85714	114.05714	149.77143	144.57143	125.65714	208.71429	191.42857	183.54286	287.62857	86.45714	103.85714	118.17143	114.37143	142.2	144.74286	226.48571	248.82857	369.8	424.17143	511.97143	716.28571	71.33743
1433.98196	105.17143	107.02857	145.4	143.05714	125.54286	200.34286	185.85714	179.97143	306.02857	89.51429	94.57143	106.94286	107.05714	147.11429	133.68571	223.25714	249.88571	367.31429	431.11429	496.97143	739.4	70.14963
1435.63431	113.91429	110.71429	150.65714	137.57143	135.77143	197.54286	192.11429	178.82857	317.17143	91.88571	99.74286	102.71429	110.82857	142.91429	134.71429	221.62857	242.91429	350.02857	437.34286	500.02857	774.08571	54.13842
1437.28691	111.11429	113.74286	149.31429	122.14286	126.02857	199.85714	176.94286	184.2	306.37143	101.77143	107.42857	103.08571	111.54286	138.48571	138.25714	210.08571	237.88571	348.65714	445.77143	515.68571	790.51429	54.01489
1438.93831	105.25714	107.05714	141.51429	114.71429	125.51429	209.22857	177.48571	186.77143	288.94286	89.31429	109.11429	112.71429	110.25714	142.02857	138.42857	212.51429	259.11429	346.77143	457.08571	507.51429	751.94286	53.34729
1440.58921	89.14286	96.6	128.17143	129.82857	123.97143	191.62857	174.6	181.31429	281.2	84.02857	117.65714	100.91429	106.02857	141.6	140.31429	220	256.51429	358.28571	450.65714	521.71429	753	66.0467
1442.23964	109.65714	107.85714	130.37143	138	122.45714	172.05714	187.11429	172.2	272.17143	83.28571	118.6	109.17143	105.65714	144.65714	149.68571	221.65714	245.2	345.14286	426.08571	518.28571	757.4	54.05278
1443.88959	111.31429	117.11429	119.11429	125.08571	104.82857	177.37143	192.94286	173.51429	262.34286	87.54286	116.62857	120.02857	112.28571	148.31429	135.94286	225.71429	235.82857	341.65714	415.4	545.14286	764.97143	51.67662
1445.53978	100.62857	128.54286	117.51429	105.45714	109	189.54286	191.37143	167.48571	269.28571	85.45714	109.2	117.22857	115.71429	145.17143	136.05714	217.85714	229.14286	330.82857	420.65714	522.31429	746	41.91503
1447.18876	90.28571	118.65714	116.8	115.77143	120.6	185.37143	175.08571	157.91429	263.74286	87.97143	122.91429	102.71429	115.82857	144.34286	137.68571	204.34286	223.88571	317.85714	427.91429	515.14286	734.74286	29.96481
1448.83726	100.82857	105.51429	137.45714	125.05714	118.97143	177.02857	177.42857	157.37143	275.88571	86.54286	125.71429	109.48571	113.88571	131.51429	142.2	200.31429	232.82857	300.25714	426.31429	487	716	13.35441
1450.48528	109.05714	102.6	134.05714	124.91429	117.14286	184.34286	179.28571	151.22857	284.74286	89.17143	119.77143	117.22857	118.4	128.68571	126.25714	203.57143	245.91429	299.28571	409.54286	475.65714	717.68571	13.25049
1452.13282	109.51429	112.82857	127.02857	118.77143	115.88571	193.54286	170.88571	165.45714	286.82857	90.4	113	113.02857	118.85714	126.71429	124.88571	205.02857	244.25714	306.45714	392.37143	464.77143	731.97143	21.1368
1453.77988	111.48571	105	115.68571	128.28571	114.82857	182.62857	156.25714	177.31429	266.57143	84.34286	108.94286	94.74286	110.2	130.65714	129.71429	210.05714	248.14286	324.82857	390.65714	466.28571	722.22857	40.10077
1455.42646	106.68571	92.71429	131.91429	123.85714	116.82857	170.37143	162.48571	187.74286	282.11429	80.82857	110.65714	92.8	109.82857	125.2	148.94286	222.22857	228.25714	327.54286	408.14286	470.51429	710.28571	43.37546
1457.07256	105.68571	97.4	119.28571	133.31429	121.45714	174.77143	176.4	179.8	302.91429	87.91429	111.88571	108.48571	111.34286	132	143.54286	209.14286	213.2	333.4	408.05714	472.14286	703.31429	49.74648
1458.71819	96.42857	116.37143	113.68571	129.62857	110.8	189.17143	169.2	171.28571	299.42857	92.65714	120.88571	108.68571	115.11429	135.2	123.25714	203.05714	208.17143	320.45714	409.82857	483.2	730.08571	37.2739
1460.36333	100.02857	126.62857	106.31429	129.34286	103.34286	190.08571	171.48571	163.34286	270.57143	101.77143	117.62857	105.2	116.65714	130.62857	126	199.8	214.94286	315.8	397.08571	477.74286	722.37143	33.04637
1462.00726	92.94286	126.74286	115.51429	119.2	107.45714	184.08571	183.77143	167.85714	263.28571	97.42857	116.57143	106.14286	117.08571	139.05714	135.22857	201.17143	223.42857	319.51429	410.77143	477.34286	720.65714	37.15255
1463.65145	93.74286	117.91429	120.37143	122.4	117.6	167.4	185.17143	179.25714	269.31429	90.17143	107.68571	114.05714	105.02857	146.57143	141.08571	208.37143	226.31429	311.6	410.91429	477.42857	721	29.59537
1465.29515	93.28571	117.4	129.71429	118.17143	114.4	156.51429	155.54286	183	277.6	97.77143	102.2	100.68571	101.28571	147.45714	138.57143	219.65714	233	304.77143	399.37143	477.62857	740.28571	23.09207
1466.93838	102.2	108.91429	127.74286	128.22857	103.57143	158.65714	156.91429	179.02857	260.97143	94.88571	98.02857	97.77143	110.28571	135.42857	132.97143	212.02857	228.54286	309.05714	371.74286	484.57143	728.51429	27.67414
1468.58112	99.08571	103.14286	132.37143	128.6	110.05714	173.62857	174.57143	170.11429	260.74286	86.57143	101.14286	97.28571	114.42857	131.54286	125.08571	193.42857	238.22857	320.4	382.17143	507	721.17143	39.28739
1470.22267	94.88571	109.57143	137.57143	125.37143	119.4	180.4	176.14286	153	258.08571	81.34286	108	99.97143	111.62857	125.68571	125.88571	204.22857	241.91429	297.11429	398.11429	490.48571	718.68571	16.24904
1471.86446	112.02857	119.17143	118.11429	118.57143	114.2	189.94286	171.14286	155.42857	282.34286	93.57143	110.02857	99.11429	107.45714	146.62857	130.22857	217.85714	247.54286	304.91429	394.65714	475.45714	706.02857	24.27632
1473.50577	122	109.22857	105.77143	122.02857	103.17143	184.68571	177.71429	174.6	276.08571	85.45714	101	105.08571	113.57143	157.68571	125.11429	205.08571	247.62857	307.02857	388.82857	477.4	727.48571	26.60074
1475.14661	118.94286	106.4	114.82857	128.54286	109.77143	178.85714	172.14286	177.74286	277.34286	81.34286	102.62857	113.91429	108.62857	143.08571	122.31429	185.57143	258.02857	300.14286	385	516.08571	739.71429	19.91094
1476.78624	108.34286	115.94286	137.22857	133.88571	107.65714	178.2	167.17143	167.2	268.51429	85.71429	109.4	115.31429	104.62857	126.2	122.8	185.74286	245.88571	303.14286	387.4	497.42857	750.11429	23.09559
1478.42612	105.88571	121.71429	142.42857	133.22857	115.05714	187.97143	173.14286	162.51429	278.8	85.28571	113.88571	112.82857	113.6	126.28571	124.42857	209.37143	244.25714	335.2	401	509.31429	758	55.32904
1480.06481	107.05714	112	143.71429	128.31429	110.05714	195.6	175.88571	179.45714	282.28571	89.65714	102.34286	111.97143	126.97143	139.05714	133.11429	203.22857	250.68571	356.71429	441.11429	502.14286	791.62857	77.01425
1481.70373	114.45714	116.14286	145.11429	130.71429	106.54286	193.51429	180.74286	182.14286	286.34286	90.51429	101.17143	116.94286	129.08571	138.02857	129.45714	207.14286	263.22857	356.42857	488.37143	542.54286	862.6	76.897
1483.34218	120.8	129.77143	153.57143	137.57143	103.91429	191.94286	192.71429	197.97143	317.02857	89.57143	108.37143	117.02857	122.17143	148.71429	129.14286	216.85714	251.51429	367.65714	538.02857	585.37143	924.68571	88.29452
1484.97944	127.8	153.25714	171.74286	146.85714	123.31429	187.05714	210.17143	209.17143	348.91429	87.82857	121.17143	122.77143	108.77143	148.57143	134.45714	252.31429	261.14286	402.37143	566.05714	654	1006.45714	123.18117
1486.61694	133.62857	162.25714	194.45714	145.62857	128.34286	195	221.17143	219.62857	368.68571	92.17143	115.97143	121.48571	113.02857	165.28571	149.42857	254.77143	306.22857	436.34286	614.08571	699.74286	1026.57143	157.33133
1488.25324	141.54286	153.77143	209.22857	142.65714	128.91429	206.6	238.25714	211.85714	370.42857	98.48571	113.42857	122.4	127.77143	165.6	152.08571	268.34286	342.4	452.14286	637.11429	706.57143	1064.65714	173.31936
1489.88906	144.02857	138.71429	190.6	137.34286	121.05714	208.97143	231.85714	209.05714	380.2	98.71429	111.37143	122.48571	130.68571	158.17143	158.8	275.08571	347.51429	437.05714	633.25714	675.22857	1043.17143	158.43392
1491.52513	130.54286	143.22857	164.91429	142.02857	111.77143	207.85714	216.2	199.65714	350.68571	105.94286	125.42857	119.42857	114.51429	150.11429	155.74286	280.02857	321.08571	417.94286	573.51429	621.85714	977.28571	139.53508
1493.16001	115.48571	134.17143	152.51429	135	112.97143	200.31429	192.28571	188.17143	321.82857	94.91429	115.97143	112.51429	111.57143	155.37143	143.45714	252.97143	291.37143	397.62857	515.25714	588.6	876.28571	119.45436
1494.79513	106.85714	110.62857	141.37143	124.05714	119.22857	204.34286	180.91429	176.82857	298.4	92.85714	112.51429	103.42857	113.14286	149.17143	137.11429	223.6	252.54286	367.85714	445.6	543.85714	795.02857	89.93756
1496.42906	104.8	103.71429	123.37143	122.25714	115.94286	201.28571	174.2	171.08571	283.48571	90.77143	100.91429	97.88571	111.08571	140.25714	132.31429	219.45714	240.88571	348.14286	412.17143	503.02857	746.97143	70.50189
1498.06251	99.02857	102.08571	121.34286	119.22857	114.91429	207.31429	174.77143	165.48571	275.48571	83.88571	106.02857	93.71429	105.28571	141.97143	136.62857	217.74286	245.8	312.54286	395.65714	474.4	695.88571	35.21437
1499.69621	97.71429	103.17143	118.05714	124.62857	111.91429	185.54286	166.28571	162.68571	270.42857	86.71429	103.71429	103.45714	101.45714	145.6	141.82857	212.65714	231.82857	296.28571	395.48571	462.25714	678.6	19.27304
1501.32871	99.28571	113.57143	110.37143	122.11429	101.08571	179.42857	168.4	159.22857	268.02857	89.31429	110.8	113.77143	98.68571	150.91429	138.48571	193.77143	228.28571	306.71429	394.28571	462.65714	675.17143	30.00856
1502.96074	94.6	120.68571	115.4	127.48571	88.42857	187.51429	171.62857	167.97143	240.2	86.14286	99.22857	109.08571	103.28571	147.2	121.02857	194.82857	226.62857	322.28571	391.17143	457.68571	678.51429	45.88219
1504.5923	100.37143	116.94286	128.25714	117.48571	99.77143	206.14286	175.4	171.17143	250.74286	75.11429	96.57143	103.2	105.97143	131.2	112.14286	207.37143	222.31429	304.54286	376.71429	444.34286	654.8	28.45927
1506.2241	97.71429	116.62857	117.8	125.48571	109.45714	203.48571	167.05714	180.54286	250.94286	89.05714	105.6	96.74286	107.82857	120.45714	136.91429	208.37143	212.68571	284.91429	366.77143	437.88571	658.68571	9.15042
1507.85471	89.42857	105.65714	113.88571	122.31429	107.05714	188.4	179.88571	175.51429	272.28571	92.8	107.05714	99.57143	111.14286	127.34286	148.28571	202.48571	222.54286	299.77143	389.05714	463.22857	658.42857	24.31607
1509.48485	92.85714	93.28571	121.37143	123.42857	91.82857	178.42857	190.62857	170.57143	265.25714	97.45714	98.05714	96.05714	113	129.6	145.34286	187.51429	232.11429	299.05714	388.65714	481.11429	650.94286	23.88806
1511.11452	100.08571	97.91429	128.25714	114.05714	97.08571	185.77143	189.65714	165.51429	261.74286	92.88571	100.4	93.88571	111.37143	123.74286	128.8	193.85714	227.14286	294.51429	381.8	468.02857	658.54286	19.59825
1512.74371	96.57143	104.94286	129.11429	119.85714	104.37143	202.02857	181.77143	168.71429	258.2	85.02857	102.97143	97.6	107.77143	124.25714	130.94286	203.25714	241.51429	291.4	380.82857	460.82857	687.17143	16.69276
1514.37243	94.05714	99.68571	128.77143	118.71429	106.4	204.82857	162.71429	163.37143	260.82857	74.91429	104.17143	108.71429	105.88571	123.8	130.85714	204.25714	240.4	315.25714	398.4	467.85714	701	40.70345
1516.00068	95.42857	98.05714	124.94286	123.28571	106.8	195.37143	165.22857	159.28571	264.65714	73.31429	113.08571	114.34286	97.31429	135.8	123.45714	196.57143	249.02857	318.14286	405.2	474.11429	684.71429	43.67645
1517.62845	98.65714	101.97143	118.08571	119.31429	111.65714	202.42857	173.74286	166	260.25714	85.02857	108.91429	103.82857	108.34286	141.08571	124.88571	202.45714	228.14286	332.82857	408.8	469.82857	689.74286	58.37218
1519.25576	100.51429	115.85714	116.88571	123	124.6	196.4	167.82857	161.2	267.8	98.48571	104.37143	95.54286	104.54286	137.08571	129.08571	207.14286	219.62857	321.51429	400.6	480.11429	694.34286	46.97965
1520.88259	103.2	120.34286	119.88571	128.28571	122.57143	198.74286	157.91429	156.48571	272.8	95.17143	104.42857	97.34286	104.17143	132.05714	127.65714	200.22857	217.48571	300.28571	404.14286	491.17143	705.14286	25.68433
1522.50895	91.05714	113.77143	126.62857	131.88571	115.54286	190.4	163.14286	158.02857	272.68571	82.85714	116.05714	97.94286	93.08571	134.37143	121.57143	194.08571	231.17143	289.82857	405.82857	489.51429	716.17143	14.60546
1524.13485	86.57143	102.22857	126.54286	129.22857	99.28571	198.08571	181.68571	158.97143	268.48571	77.91429	105.91429	93.74286	103.25714	138.05714	127.85714	200.97143	232.2	308.28571	400.22857	480.14286	704.31429	31.69479
1525.76027	86.85714	108.54286	126.2	123.11429	103.91429	193.68571	175.71429	162.25714	258.51429	79.74286	116.51429	98.28571	103.4	138.42857	141.34286	204.17143	226.42857	327.74286	395.31429	497.82857	699.65714	49.22491
1527.38522	90.65714	107.51429	124.57143	122.6	108.05714	196.48571	172.2	167.62857	262.28571	68.77143	115.25714	105.11429	111.02857	148.51429	138.91429	207.77143	238.2	328.45714	433.22857	508.14286	732.4	48.01527
1529.0097	89.42857	102.91429	128.6	125.08571	121.02857	204.4	148.14286	177.45714	266.2	74.85714	114.77143	112.82857	119.54286	142.31429	139.71429	214.28571	235.77143	335.05714	447.68571	511.6	808.68571	52.59044
1530.63299	91.42857	99.11429	118.77143	134.68571	113.51429	218.82857	161.4	182.25714	281.54286	85.88571	113.42857	119.34286	116.97143	143.25714	126.94286	216.14286	249.77143	339.54286	437.97143	506.77143	822.22857	54.95722
1532.25653	94.82857	97.82857	122.65714	130.17143	114.8	214.25714	176.34286	175.57143	293.17143	92.37143	116.37143	116.02857	101.6	141.05714	131.57143	229.82857	246.77143	345.85714	426.51429	544.02857	796	59.06525
1533.8796	109.82857	107.97143	133.22857	120.74286	116.54286	200.14286	175.88571	168.91429	312.45714	91.88571	111.14286	109.65714	100.48571	139.17143	137.31429	226.94286	249.4	356.37143	459.6	564.37143	811.54286	67.29277
1535.5022	106.8	109.02857	140.14286	126.68571	125.25714	191.37143	164.62857	168.2	300.31429	104.91429	96.2	114.17143	109	144.48571	149.85714	227.68571	239.94286	362.48571	472.4	588.6	830.74286	71.04657
1537.12362	94	107.25714	134.02857	129.37143	121.74286	201.42857	179.97143	178.91429	283.22857	107.22857	93.54286	118.37143	118.02857	143.34286	136.51429	224.11429	261.8	376.34286	479.34286	592.45714	852.08571	82.47631
1538.74528	91.2	105.14286	121.74286	124.85714	123.94286	202.94286	187.2	184.4	282.2	99.22857	95.31429	109.6	113.2	146.37143	134.48571	231.34286	267.91429	365.37143	467.31429	603.65714	840.57143	69.01736
1540.36647	96.74286	108.11429	121.2	119.37143	124.88571	206.74286	179.85714	184.42857	317.05714	92.62857	107.31429	111.71429	114.68571	158.2	141.31429	231.77143	269.08571	373.85714	478.31429	568.37143	858.65714	74.96222
1541.98648	105.34286	98.25714	126.4	121.8	129.77143	200.85714	184.57143	181.42857	324.57143	98.88571	100.6	114.54286	117.05714	164.57143	140.74286	235.68571	250.68571	372.65714	480.02857	581.4	854.68571	71.17484
1543.60674	108.2	99.8	135.37143	108.22857	130.17143	197.14286	186.22857	179.42857	314.11429	97.97143	104	111.54286	107.14286	143.54286	143.34286	226.08571	262.45714	369.77143	487.57143	587.57143	847.14286	65.66202
1545.22652	115.28571	100.57143	131.11429	106.02857	132.48571	205.82857	191.22857	177.65714	293.82857	98.02857	107.54286	111.2	102.25714	138.42857	153.2	219.91429	275.28571	352.77143	484.11429	583.54286	829.2	46.00198
1546.84513	102.28571	115.31429	135.28571	114.4	132.14286	201.71429	180.94286	171.02857	293.97143	93.22857	111.57143	112.6	106.17143	141.65714	154.42857	225.97143	281.48571	344.6	466.45714	538.2	834.08571	35.14437
1548.46398	100.28571	115.48571	142.05714	121.94286	131.6	203.82857	180.22857	160.14286	294.85714	92.54286	101.91429	110	108.54286	147.11429	144.85714	236.02857	267.42857	342.71429	451.31429	531.88571	817.91429	30.55313
1550.08165	91.6	116.37143	137.31429	119.91429	116.82857	196.42857	186.14286	169.11429	304.31429	91.28571	101.74286	106.34286	99.74286	139.2	139.17143	219.8	259.57143	348.85714	459.37143	563.57143	778.91429	33.97793
1551.69957	94.97143	108.88571	134.48571	130.22857	107.4	210.71429	186.68571	177	309.17143	93.45714	96.65714	116.05714	97.14286	144.2	147.57143	204.6	257.65714	362.37143	465.6	558.94286	790.22857	44.76841
1553.31631	93.71429	105	132.17143	129.57143	119.2	215.11429	173.6	177.45714	306.02857	84.08571	102.08571	112.85714	102.22857	139.57143	142	202.2	259.34286	354.68571	455.97143	557.28571	811.22857	34.35995
1554.93329	93.91429	110.62857	136.08571	131	125.54286	207.6	169.34286	162.42857	306.62857	86.31429	105.34286	116.11429	113	147.48571	146.51429	211.57143	258.88571	359.17143	456.91429	527.51429	824.97143	36.13076
1556.54909	94	118.05714	133.2	130	121.82857	201.62857	187.6	165.14286	290.88571	82.88571	108.68571	118.31429	123.94286	143.22857	142.54286	210.77143	255.2	374.11429	482.68571	553	829.28571	48.37336
1558.16443	102.74286	117.42857	140.28571	127.48571	118.54286	197	190.8	172.34286	299.94286	86.4	117.42857	114.97143	121.31429	137.94286	136.65714	202.31429	253.28571	369.68571	484.88571	545.62857	862.68571	41.26598
1559.78001	115.57143	113.65714	143.42857	136.05714	132.74286	211.88571	201.91429	182.08571	320.48571	101.31429	130.97143	122.17143	113.31429	137	121.91429	214.71429	254.31429	372.8	474.85714	581.34286	873.8	41.72969
1561.39441	136.28571	125.02857	163.65714	152.48571	144.65714	209.51429	219.28571	201.62857	350.6	126.71429	142.57143	143.85714	123.74286	162.42857	149.11429	230.48571	278	389.6	477.25714	584.65714	874.54286	55.91416
1563.00835	138.25714	137.71429	174.48571	161.62857	142.11429	224.08571	221.85714	208.28571	338.2	121.42857	139.05714	147.2	141.4	174.54286	193.82857	246.6	299.37143	397.17143	486.82857	613.51429	891.71429	60.9119
1564.62254	123.51429	120.74286	165.14286	148.51429	131.45714	220.48571	200.54286	207.31429	322.91429	95.48571	127.65714	129.6	137.45714	161.25714	184.68571	246.97143	287.14286	393.85714	491.68571	592.48571	903.74286	55.07255
1566.23555	95.37143	115.62857	141.97143	136.85714	126.2	213.05714	189.37143	185.02857	316.2	85.31429	106.02857	113.77143	126.14286	137.88571	145.22857	246.71429	257.28571	392.4	470.17143	571.28571	880.17143	51.14578
1567.84809	105.08571	120.57143	136.97143	125.34286	125.22857	187.88571	186.08571	180.88571	333.28571	94.31429	110.68571	110.94286	116.08571	136.91429	121.31429	224.57143	249.48571	376.45714	457.25714	549.31429	879	32.69358
1569.46017	106.94286	117.31429	151.97143	124.77143	122.28571	186.37143	182.68571	173.94286	317.91429	92.51429	111.54286	115.48571	110.48571	138.4	132.25714	210	256.51429	356.88571	455.77143	574.77143	913.65714	11.09035
1571.07249	104.82857	105.62857	164.65714	121.4	121.74286	198.42857	181.91429	179.74286	313.2	81.2	100.71429	118.51429	114.05714	140.28571	131.68571	212.45714	256.22857	362	466.51429	600.57143	963.74286	14.82485
1572.68364	92.57143	108.4	173.11429	119.6	121.45714	210.31429	181.54286	175.57143	325.34286	86.14286	92.05714	116.08571	110.88571	144.28571	137.88571	229.08571	262.28571	375.48571	479.14286	604.31429	973.37143	27.41316
1574.29432	95.82857	119.91429	165.34286	123.88571	123.74286	214.4	186.08571	177.37143	360.22857	90.94286	105.17143	110.62857	112.31429	145.82857	136.25714	231.31429	257.31429	380.17143	503.42857	599.22857	1028.94286	31.17142
1575.90454	109.25714	129.94286	172.14286	130.25714	129.97143	213.22857	190.11429	189.42857	365.91429	87.8	114.31429	118.54286	106.82857	148.94286	142.62857	243.82857	258.65714	386.28571	517.74286	608.8	1069.11429	36.4282
1577.5143	124.22857	149.74286	178.28571	131.31429	133.85714	216.94286	193.42857	190.62857	383.85714	79.88571	111.82857	113.31429	120.94286	152.31429	139.8	248.02857	281.34286	413.02857	536.14286	672.4	1166.45714	62.38152
1579.12359	140.28571	152.45714	202.37143	131.4	134.17143	227.45714	213.71429	209.17143	403.71429	90.68571	109.97143	121.37143	125.57143	153.94286	147.4	266.25714	305.4	464.48571	569.91429	725.05714	1288.77143	113.11515
1580.73242	145.2	151.34286	227.4	136.25714	134.2	238.11429	251.48571	224.8	458.51429	96.31429	112.37143	132.45714	134.82857	162.88571	151.14286	286.94286	335.4	505.91429	654.74286	787.82857	1432.65714	153.88426
1582.34078	162.02857	176.88571	266.42857	152.91429	131	252.77143	283.62857	245.25714	507.05714	106.57143	118.25714	133.77143	130.25714	171.8	167.02857	315.82857	368.62857	563.97143	737.71429	891.11429	1569.42857	211.34404
1583.94869	182.57143	208.82857	301.71429	157.74286	134.82857	283.57143	301.48571	268.37143	581.14286	107.34286	127.85714	146.85714	140.42857	183.34286	180.6	349.11429	429.85714	648.37143	876.62857	1053.08571	1840.8	295.20681
1585.55613	209.97143	225.14286	346.88571	172.4	159.14286	318.88571	351.17143	323.94286	676.88571	112.6	145.77143	166.74286	153.88571	182.57143	192.6	405.45714	516.88571	783.57143	1075.65714	1262.05714	2217.71429	429.92775
1587.1631	242.4	268.51429	429.28571	202.62857	196.45714	354.94286	431.4	403.65714	817.2	128.08571	162.31429	189.85714	171.54286	206.57143	209.31429	486.45714	631.31429	925.28571	1388.31429	1591.6	2704.37143	571.21919
1588.76962	302.34286	362.48571	544.57143	238.77143	217.31429	436.71429	546.14286	504.54286	1018.02857	146.6	177.22857	217.71429	190.77143	251.77143	247.48571	617.28571	790.02857	1169.77143	1762.28571	2111.8	3355.48571	815.33631
1590.37567	407.37143	491.37143	685.62857	270.05714	253.11429	560.88571	698.08571	627.82857	1269.94286	161.28571	201.02857	268.31429	237.48571	312.37143	310.08571	800.22857	1015.05714	1518.51429	2272.05714	2738.57143	4226.17143	1163.76286
1591.98055	536.85714	649.85714	856.4	309.51429	301.14286	698.02857	905.2	808.22857	1687.28571	194.71429	244.45714	335.94286	297.97143	375.91429	383.31429	1043.51429	1333.4	1973.42857	2827.14286	3363.45714	5102.74286	1618.41116
1593.58568	694.14286	820.94286	1024.4	387.05714	349.05714	831.2	1132.85714	1010.05714	2080.31429	239.51429	292.62857	430.97143	373.42857	462.54286	464.45714	1380.94286	1725.62857	2489.17143	3200.62857	3801.54286	5540.57143	2133.93641
1595.19035	794.51429	911.68571	1113.57143	410	363.25714	892.54286	1274.31429	1162.68571	2271.77143	271.34286	326	509.62857	458.14286	537.68571	549.51429	1706.11429	2073.11429	2956.54286	3177.2	3790.97143	5411.14286	2601.13663
1596.79455	813.25714	854.65714	1018.4	392.8	368.57143	844.48571	1214.97143	1124.45714	2029.05714	280.62857	326.54286	505.28571	475.31429	573.85714	579.37143	1750.82857	2134.14286	3025.2	2695.05714	3284.91429	4643.42857	2669.66701
1598.3983	673.31429	676.45714	776.51429	317.71429	313.65714	703.85714	975.62857	917.54286	1590.54286	257.25714	283.6	418.02857	414.34286	501.85714	511.54286	1453.2	1828.71429	2518.25714	2079.42857	2538.28571	3665	2162.63987
1600.00087	452.65714	467.48571	531.97143	251.74286	233.77143	527.8	692.22857	638.54286	1135.88571	198.77143	222.37143	295.82857	303.8	400.02857	393.05714	1039.4	1315.88571	1754.17143	1506.42857	1891.6	2700.94286	1398.5104
1601.60369	262.57143	324.17143	400	203.4	178.34286	372.62857	485.62857	437.37143	826.2	146.88571	174.48571	212.4	239.11429	291.22857	294.57143	702.45714	885.85714	1171.4	1166.57143	1427.68571	2065.57143	815.73377
1603.20605	203.82857	249.34286	322.51429	192.08571	167.02857	295.91429	384.45714	330.42857	639.74286	131.68571	150.71429	175.11429	191.77143	242.51429	234.05714	510.02857	601.45714	868.65714	940	1135.68571	1640.51429	513.02232
1604.80725	199.51429	216	261.17143	175.4	162.6	278.31429	333.68571	288.08571	553.31429	121.71429	133.02857	172.31429	171.05714	184.42857	189.14286	434.45714	491.28571	695.97143	851.05714	966.6	1413.34286	340.40265
1606.40869	170.4	191.37143	215.2	151.91429	145.85714	259.17143	288.94286	261.05714	495.37143	107.54286	139.65714	150.4	144.34286	163.37143	163.74286	391.54286	436.74286	605.54286	745.37143	858.77143	1265.4	250.0728
1608.00896	139.6	179.51429	190.02857	147.45714	139.6	248.17143	265	235.57143	433.28571	98.28571	136.91429	139.85714	136.62857	157.51429	156.94286	340.6	424.25714	569.14286	673.68571	782.2	1156.48571	213.80223
1609.60949	132.34286	159.48571	175.28571	148.42857	126.68571	232.62857	257.91429	211.65714	387.28571	100.02857	136.05714	130.77143	128.4	161.65714	159.71429	315.82857	379.05714	544	629.91429	751.48571	1085.54286	188.81757
1611.20955	142.71429	144.57143	177.05714	150.54286	122.97143	218.42857	245.88571	196.94286	385.4	101.74286	128.02857	133.17143	130.6	159.2	172.11429	296.91429	350.31429	518.6	622.05714	731.94286	1014.42857	163.60256
1612.80844	139.14286	136.25714	182.2	148.37143	126.11429	209.14286	231.14286	212.17143	393.02857	93.85714	131.88571	131.22857	132.22857	162.74286	164.08571	271.08571	344.6	496.85714	604.71429	687.08571	1024.85714	142.06952
1614.40758	133.91429	141.8	174.71429	142.4	125.08571	216.11429	235.62857	226.05714	388.22857	95.85714	120.77143	128.54286	130.82857	170	162.11429	274.65714	354.91429	478.68571	589.57143	658.42857	1041.08571	124.13079
1616.00556	125.97143	142.22857	180.65714	134.85714	128.8	234.11429	230.62857	227.71429	385.65714	88.65714	122.02857	120.48571	120.91429	160.2	167.8	291.37143	348.11429	449.62857	577.74286	658.31429	1031.48571	95.32725
1617.60308	124.25714	152.54286	178.97143	143.11429	123.2	248.4	226.25714	208.02857	381.22857	92.34286	111.74286	114.17143	112	156.17143	173.91429	284.57143	328.28571	463.28571	572.85714	669.08571	979.2	109.25694
1619.20085	124.48571	144.25714	179.91429	137.71429	130.77143	242.62857	215.14286	203.68571	378.94286	89.34286	106.42857	119.22857	116.91429	150.97143	163.77143	280.65714	324.34286	455.45714	560.94286	680.68571	989.77143	101.71792
1620.79745	124.22857	140.68571	160.11429	126.71429	125.25714	223.31429	209.17143	203	368.05714	94.68571	103.51429	127.65714	122.11429	143.85714	155.42857	290.77143	315.54286	441.71429	542.28571	680.11429	971.51429	88.27963
1622.3943	119.48571	137.91429	154.65714	133.94286	116.82857	212.02857	203.88571	210.54286	371.54286	79.82857	120.57143	135.2	124.14286	138.62857	161.65714	276.08571	317.57143	411.31429	528.62857	649.97143	926.97143	58.19727
1623.98999	114.88571	134.02857	152.08571	141.34286	123.34286	221.2	219.97143	207.45714	358.51429	80.37143	126.77143	131.45714	126.02857	150.42857	162.91429	238.6	313.08571	397.2	537.94286	628.34286	861.28571	44.41173
1625.58522	118.17143	129.45714	148.08571	139.17143	134.42857	222.11429	226.6	193.68571	331.22857	88.34286	123.02857	128.82857	129	158.11429	152.88571	206.71429	298.28571	385.62857	515.05714	609.71429	878.85714	33.17819
1627.17999	110.14286	148.85714	145.17143	133.34286	137.8	217.14286	216.82857	195.68571	301.57143	93.17143	106.11429	121.6	121.48571	155.4	132.28571	213.05714	286.45714	410.02857	506.54286	601.25714	875.71429	57.92326
1628.77501	101.14286	148.45714	147.34286	144.68571	126.28571	200.48571	206.22857	192.02857	313.22857	81.54286	93.82857	117.74286	109.82857	149.25714	145.17143	253.51429	291.14286	426.22857	478.8	584.25714	866.6	74.47355
1630.36887	100.31429	135.34286	159.62857	138.8	124.71429	191.62857	198.77143	190.34286	335.6	82.28571	103.8	107.8	107.34286	143.4	169.2	269.68571	294.85714	396.34286	496.28571	596.05714	833.68571	44.94139
1631.96227	101.97143	122.6	138.68571	136.2	122.85714	192.48571	200.65714	185.82857	318.77143	89.37143	113.17143	111.54286	114	146.91429	171.4	245.14286	280.6	382.65714	494.42857	590.08571	832.68571	31.61053
1633.55522	100.45714	123.45714	141	137.2	120.71429	189	208.14286	202.77143	298.57143	92.85714	104.17143	111.31429	123.91429	147.05714	144.57143	221.25714	277.34286	389.08571	493.14286	586.08571	818.17143	38.3933
1635.1477	100.34286	119.17143	144.14286	139.8	117.08571	182.74286	207.11429	190.6	289.97143	100.82857	102.28571	115.11429	110.74286	147.54286	149.51429	219.77143	266.8	387.31429	468.37143	557.17143	796.88571	36.97344
1636.73974	109.22857	113.25714	152.11429	128.17143	116.6	180	192.57143	183.77143	292.2	106.05714	111.05714	105.97143	89.28571	139.28571	148.02857	217.28571	252.14286	366.82857	459.51429	539.11429	819.62857	16.83472
1638.33202	118.14286	108.6	138.91429	121.02857	117	199.08571	186.57143	171.74286	294.6	97.57143	111.51429	115.94286	87.37143	145.57143	135.94286	229.25714	248.05714	373.77143	448.37143	564.14286	804.74286	24.11802
1639.92314	124.17143	98.28571	152.2	130.17143	115.14286	203.11429	186.42857	179.74286	306.91429	85.97143	98.57143	128.6	110.94286	142.82857	115.62857	230.42857	255.57143	372.11429	454	584.05714	813.88571	22.7642
1641.5138	111.77143	109.51429	150.31429	133.25714	99.37143	199.25714	188.94286	188.28571	290.45714	79.6	100.2	133.37143	125.22857	144.37143	121	221.8	260.34286	363.4	457.22857	570.34286	770.11429	14.45696
1643.10401	97.51429	117.02857	156.74286	123.54286	110	184.11429	199.91429	194.6	288.51429	82.28571	102.51429	130.65714	118.91429	127.94286	135.34286	222.57143	263	365.51429	451.05714	530.82857	766.11429	17.12857
1644.69376	103.42857	124.48571	148.68571	124.22857	120.4	183.82857	202.54286	181.88571	290.25714	87.54286	99.28571	127.31429	111.45714	124.68571	149.45714	236.51429	271.08571	374.05714	437.48571	531.31429	753.05714	26.3317
1646.28306	110.68571	115.28571	151.05714	128.34286	123.85714	188.68571	189.71429	177.82857	290.02857	90.22857	101.6	130.88571	112.74286	127.22857	149.85714	232.25714	271.85714	368.57143	448	514.17143	783.25714	21.46757
1647.87191	99.2	109.4	143.17143	131	114.74286	201.51429	172.25714	194.11429	279.25714	89.91429	97.82857	116.65714	125.77143	135.17143	137.34286	213.22857	275	360.37143	468.45714	523.57143	800.97143	13.88028
1649.4596	99.37143	120.42857	150.77143	133.51429	118.57143	205.77143	183.91429	192.77143	284.91429	89.62857	107.31429	112.34286	117.85714	131.91429	144.34286	207.51429	278.88571	363.05714	449.2	531.88571	793.71429	17.17099
1651.04753	109.91429	126.22857	152.22857	134.31429	122.11429	195.4	182.85714	188.85714	275.74286	96.28571	107.4	108.14286	112.85714	135.77143	142.82857	208.05714	268.74286	365.02857	436.22857	543.54286	792.37143	19.7409
1652.63502	107.54286	122.25714	170.82857	131.22857	122.22857	181.8	183.91429	182.97143	263.74286	94.51429	108.22857	107.85714	117.85714	139.4	137.11429	213.08571	264.14286	373.94286	446.45714	525.2	765.97143	29.24832
1654.22204	111.34286	109.82857	172.25714	123.02857	124.77143	177.77143	175.54286	182.94286	274.25714	99.97143	97.54286	101.14286	120.94286	134.17143	141.54286	211.28571	268.82857	384.14286	452.62857	533.91429	774.31429	40.0373
1655.80862	114.48571	123.65714	161.31429	133	115.05714	201.48571	180.77143	174.97143	296.6	95.71429	104.6	99.97143	120.11429	127.62857	148.62857	220.22857	275.11429	396.77143	463.8	547.68571	745.51429	53.25187
1657.39474	106.97143	128.45714	145.8	122.28571	115.4	199.2	178.88571	175.51429	298.22857	90.82857	110.82857	106.94286	112.05714	124.82857	154.11429	225.31429	263.94286	385.85714	460.62857	551.8	742.88571	42.92178
1658.97971	103.42857	137.74286	149.17143	126.4	111.51429	191	179.94286	169.28571	300.11429	93.88571	121.65714	106.28571	107.77143	131.34286	148.62857	235.34286	249.45714	374.28571	455.25714	537.65714	754.82857	31.93394
1660.56492	109.68571	129.57143	136.91429	127.57143	105.94286	174.51429	193.02857	175.25714	299.65714	93.34286	118.62857	113.4	107.68571	129.57143	137.91429	230.17143	243.31429	359.34286	420.85714	531	755.14286	17.57523
1662.14968	102.02857	123.28571	146.74286	125.68571	104.34286	172.6	204.65714	174.6	290.2	90.17143	115.31429	111.54286	115.85714	137.82857	119.48571	223.28571	251.91429	376.68571	435.91429	514.11429	739.22857	35.50397
1663.73329	98.08571	116.14286	152.2	120.71429	111.37143	169.11429	199.94286	170	284.45714	90.42857	109.25714	109.17143	110.82857	127.88571	127.6	215.11429	268.08571	367.94286	430.62857	506.51429	713.48571	27.2862
1665.31714	118.31429	118.57143	158.37143	126.77143	120.25714	183.2	181.08571	159.45714	284.94286	99.65714	109.6	109.51429	99.37143	134.08571	139.51429	222.6	250.17143	364.25714	438.08571	499.25714	731.48571	24.38456
1666.90055	126.11429	115.82857	150.57143	134.4	121.8	181.11429	180.42857	168.17143	289.11429	103.82857	108.25714	119.37143	106.08571	126.28571	139.05714	221.57143	239.4	352.97143	435.17143	491.25714	728.8	14.24948
1668.4828	123.14286	112.17143	157.2	127.62857	115.28571	178.08571	185.51429	174.42857	285.77143	97.82857	115.88571	125.54286	106.65714	131.91429	137.45714	215.05714	238.22857	358.65714	442.08571	501.14286	725.57143	21.34779
1670.0653	121.51429	112.65714	146.48571	136.57143	103.57143	183.77143	186.97143	179.34286	287.54286	87.94286	111.37143	119.51429	102.14286	126	145.74286	227.85714	245	361.57143	435.42857	501.62857	709.48571	25.61977
1671.64665	111.91429	116.62857	145.08571	128.57143	104.57143	185.28571	170.71429	169.34286	287.97143	81.54286	102.17143	115.91429	101.88571	141.34286	139.54286	241.11429	257.02857	365.71429	420.02857	516.08571	712.25714	31.13094
1673.22824	107.65714	128.4	138.11429	118.54286	115.4	175.91429	179.85714	168.8	295.85714	93.85714	102.77143	120.45714	111	143.08571	124.88571	229.25714	268.45714	376.02857	409.97143	502.91429	729.25714	42.82593
1674.80869	106.51429	121.02857	146.37143	116.97143	115.91429	178.11429	189.85714	172.74286	301.97143	97.51429	106.08571	122.6	113.14286	147.37143	121.68571	223.71429	294	379.65714	423.45714	525.4	754.94286	47.84937
1676.38938	108.82857	114.28571	151.05714	131.94286	111.65714	182.8	199.37143	175.68571	293.91429	95.14286	111.68571	118.82857	112.57143	152.77143	134.34286	222.88571	297	379.17143	438.25714	528.45714	761.08571	48.77448
1677.96893	104.17143	119.11429	164.71429	136.42857	111.4	193.28571	184.8	194.2	315.02857	90.6	113	104.94286	112.62857	142.31429	144.31429	227.6	292.28571	376.02857	445.62857	515.02857	762.02857	47.06017
1679.54872	109.54286	139.85714	156.82857	138.77143	112.65714	195.02857	183.08571	205.45714	322.28571	96.34286	109.94286	116.6	116.42857	133.25714	145.14286	231.48571	272.17143	383.2	429.8	502.25714	731.25714	55.67964
1681.12736	126.28571	143.68571	148.31429	134.28571	117.25714	196.88571	188.48571	212.28571	328.6	103.65714	105.4	128.05714	123.97143	123.51429	147.08571	248.51429	272.17143	395.4	416.2	517.4	744.17143	69.34897
1682.70556	131.62857	141.71429	144.82857	132.14286	123.94286	195.94286	194.8	188.77143	314.42857	98.97143	105	127.57143	116.85714	124.02857	154.37143	245.4	280.88571	389.37143	419.25714	521.28571	757	64.81277
1684.284	133	152.71429	158.71429	124.34286	113.77143	196.08571	211.51429	196.71429	324.17143	98.97143	112.45714	120.54286	116.54286	121.14286	148.28571	234.31429	286.31429	383.65714	436.77143	499.28571	766.42857	60.61568
1685.86129	117.57143	139.34286	176.51429	125	108.05714	184.31429	217.42857	195.2	314.74286	88.05714	111.77143	118.34286	116.05714	134.45714	136.68571	241.77143	293.68571	399.77143	449.02857	514.48571	749.85714	78.27377
1687.43813	120.85714	128.17143	176.8	127.82857	113.82857	180.2	205	211.05714	327.22857	85.08571	111.2	114.77143	116.42857	133.65714	129.51429	254.48571	289.62857	403.45714	444.8	552.2	723.17143	83.53168
1689.01453	120.8	120.02857	162.22857	131.45714	121.17143	188.28571	204.28571	196.68571	331.05714	84.05714	106.71429	109.14286	113.8	128.02857	137.28571	261.31429	291.54286	412.34286	454	549.57143	743	94.01974
1690.59117	132.62857	138.48571	147.6	132.77143	108.28571	180.68571	206.65714	184.54286	328.14286	91.08571	107.45714	116.2	119.22857	138.42857	146.28571	253.08571	285.48571	416.8	447.82857	532.77143	788.11429	100.11116
1692.16667	139.22857	132.82857	150.42857	141.6	109.77143	166.65714	213.17143	181.71429	333.68571	91.2	108.31429	135.85714	120.85714	154.05714	148.74286	262.62857	305.97143	421.74286	454.28571	554.14286	832.42857	106.72201
1693.74171	135.08571	135.6	177.8	139.02857	113.65714	175.62857	193.34286	199.34286	332.85714	92.17143	114.62857	136.34286	121.91429	155.4	147.05714	251.91429	313.71429	390.51429	481.85714	565.54286	830.11429	77.19691
1695.31631	135.11429	140.71429	181.48571	124.42857	108.97143	197.77143	199.62857	204.14286	329.62857	88.74286	117.45714	126.4	125.51429	143	132.02857	253.6	327.37143	406.77143	502.05714	550.25714	820.68571	95.1948
1696.89046	134.37143	135.74286	176.2	121.42857	113.85714	201.57143	204.05714	200.51429	341.05714	89.17143	119.6	113.11429	127.88571	134.05714	146.02857	258.17143	326.11429	424.45714	508.45714	560.05714	825.4	114.66029
1698.46417	145.25714	130.08571	167.08571	127.34286	115.45714	200.25714	228.28571	195	362.6	84.14286	116.45714	119.4	123.08571	138.82857	147.77143	291.62857	327.97143	450.17143	521.6	596.45714	834.28571	142.19518
1700.03742	131.97143	138.42857	178.94286	127.68571	116.22857	197.57143	228.54286	200.08571	371.25714	92.62857	122.68571	118.85714	126.22857	145.91429	150.4	276.34286	328.65714	435.02857	531.77143	603.48571	848.48571	128.91551
1701.61023	130.74286	161.37143	178.34286	118.2	108.31429	197.34286	221.05714	201.57143	367.8	90.25714	131.37143	110.22857	130.34286	133.34286	140.4	270.25714	331.17143	448.45714	521.97143	593.34286	842.05714	144.25164
1703.18259	139.08571	156.48571	172	116.65714	120.02857	197.45714	224.8	217.54286	370	89	123.54286	100.48571	131.11429	130.85714	156.22857	268.82857	334.85714	448.02857	496.65714	601.71429	863.74286	145.77677
1704.7545	144.48571	173.2	170.94286	126.11429	115.54286	203.97143	225.25714	212.94286	358.85714	86.17143	105.28571	116.97143	124.97143	135.2	156.25714	297.37143	334.28571	457.85714	515.02857	617.51429	868.85714	157.60697
1706.32596	151.65714	178.85714	177.42857	137.05714	124.34286	202.97143	215.97143	209.2	361.65714	103.08571	98.91429	130.62857	115.37143	142.02857	156.14286	282.51429	343.94286	448.2	502.68571	607.74286	854.48571	150.00115
1707.89698	150.88571	175.88571	182.11429	127.8	119.11429	194.28571	211.94286	202.51429	358.91429	104.48571	106.42857	134.85714	113.4	138.68571	146.74286	276.6	340.88571	459.68571	501.08571	600.17143	839.45714	163.58967
1709.46755	149.45714	154.02857	170.71429	115.22857	125.34286	183.77143	216.82857	215.74286	356.85714	95.17143	101	118.42857	115.17143	144.91429	152.6	274.02857	342.54286	487.17143	498.74286	593.31429	890.22857	193.23143
1711.03768	132.22857	145.31429	170.57143	115.82857	108.17143	185.31429	228.62857	202.65714	347.74286	88.02857	108.62857	122.34286	118.51429	146.82857	160.85714	280.48571	340.25714	477.42857	508.34286	579.11429	906.14286	185.69966
1712.60735	136.88571	145.17143	167.6	124.4	100.42857	184.51429	227.6	204.14286	348.34286	92.51429	123.51429	120.88571	120.71429	145.22857	171.62857	255.02857	317.68571	458.45714	492.97143	572.34286	835.6	168.99611
1714.17658	140.91429	152.45714	162.6	126.74286	92.31429	180.37143	221.08571	198.94286	329.74286	93.48571	119.65714	126.14286	116.37143	151.68571	163.97143	246.91429	297.82857	451.65714	473.82857	570	788.6	164.52257
1715.74468	133.57143	156.74286	160.54286	126.34286	101.02857	180	198.54286	198.22857	328.74286	86.6	102.28571	108.37143	114.4	150.54286	150.28571	255.14286	305.74286	464.08571	464.62857	560.4	799.74286	179.33797
