295.588613256365	156	147	159	174	158	152	134	154	146	146	149	165	170	153	164	184	185	167	164	160	161	169	195	182	186	216	192	202	195	181	205	163	201	260	235	225	226	212	258	219	223	212	217	208	285	301	242	57	283	254	273	315	289	301	310	409	419	415	414	389	435	468	463	442	463	390	771	814	806	814	793	817	855	908	822	857	854	2738	2828	3149	2433	2117	2410	2756	3117	2627	2863	2924	32767	31019	27884	32767	18105	31259	32470	30053	32767	23381	32767	1941	2330	2324	2537	2472	2422	2491	2850	2765	2399	1975	569	607	600	641	681	745	726	719	697	667	644	
297.601855443863	130	165	143	165	167	119	169	167	149	146	156	183	167	185	194	164	160	194	199	153	171	166	174	199	181	188	176	209	193	193	193	199	179	230	223	233	238	232	213	255	256	215	217	234	271	295	285	64	303	297	284	294	311	284	305	409	385	442	430	388	453	411	442	443	423	435	829	828	831	739	792	782	802	821	856	865	884	2752	2894	3120	2367	2085	2378	2714	2919	2722	2865	2954	32767	30267	27861	32767	17990	30824	32652	29673	32767	23457	32767	1889	2287	2364	2532	2472	2372	2554	2863	2709	2387	2115	576	598	618	615	680	714	753	765	713	663	651	
299.613574193865	167	165	146	160	127	144	165	147	137	152	152	198	150	172	188	154	184	172	179	144	171	177	189	188	208	181	210	190	199	185	181	189	200	235	214	221	238	219	211	241	211	222	194	237	298	285	257	82	310	273	278	309	305	298	270	424	377	395	407	399	395	419	442	415	465	467	806	767	811	753	762	829	821	796	869	828	823	2743	2856	3072	2285	2073	2433	2664	2994	2681	2776	2835	32767	30493	27533	32767	17736	30702	32011	29777	32767	22956	32767	1932	2187	2323	2433	2476	2356	2543	2767	2723	2297	2052	570	549	586	650	635	699	709	753	687	666	667	
301.625507787616	179	152	143	156	165	170	151	144	164	149	153	197	171	187	191	172	144	139	171	187	160	174	185	169	181	183	205	208	189	213	188	189	199	249	221	223	211	251	217	236	213	239	212	208	297	282	309	74	257	266	274	279	325	283	311	411	418	421	413	404	429	390	409	428	430	427	730	745	757	709	737	770	816	875	807	832	849	2661	2887	3039	2374	2035	2346	2675	2894	2538	2803	2732	32767	29976	27158	32767	17296	30245	31491	29185	32767	22379	32767	1828	2216	2352	2363	2465	2359	2480	2622	2636	2262	1954	492	535	595	592	656	725	721	745	652	676	630	
303.635917943864	157	161	129	140	125	133	146	154	148	168	155	171	163	175	163	179	185	188	162	177	173	146	199	177	159	201	206	210	201	199	197	186	186	236	213	179	221	213	227	238	238	238	219	206	276	264	263	56	304	275	266	303	289	276	285	362	369	397	413	422	394	428	402	436	408	399	775	744	808	751	723	799	834	851	798	787	816	2685	2735	3009	2328	1999	2245	2571	2933	2557	2735	2790	32767	29288	27136	32767	17193	30182	31602	28423	32767	22389	32767	1811	2156	2230	2409	2432	2373	2355	2738	2696	2261	1943	581	551	559	613	638	697	690	734	704	592	603	
305.646542943863	161	145	156	160	139	149	182	179	160	163	132	194	165	144	165	151	168	173	163	157	174	165	190	184	182	183	195	205	203	179	183	177	186	213	217	238	205	242	219	207	231	208	211	202	269	269	285	67	279	262	263	289	299	292	306	385	374	412	373	397	413	406	405	401	428	423	727	787	761	741	695	756	800	799	736	799	781	2597	2743	2905	2169	1884	2301	2513	2799	2522	2589	2744	32767	28863	26348	32767	16918	30034	31261	27791	32767	21983	32767	1869	2055	2114	2273	2447	2295	2380	2565	2577	2145	1996	549	510	540	618	670	711	687	671	636	625	619	
307.655664037613	131	148	185	181	158	152	155	144	153	143	149	173	156	176	178	166	170	165	171	159	168	156	187	180	177	199	213	189	162	188	199	191	194	222	213	234	208	212	248	216	232	231	208	211	249	286	255	80	259	290	284	289	237	271	292	379	401	357	347	359	408	451	422	409	406	450	711	758	764	664	726	749	779	766	733	798	756	2573	2612	2872	2254	1927	2240	2376	2695	2414	2483	2590	32767	28482	26084	32767	17005	29660	30875	27713	32767	21446	32767	1808	2061	2059	2357	2348	2244	2449	2546	2534	2128	1925	495	507	525	612	596	687	662	691	648	601	603	
309.664999975115	151	147	130	144	145	182	143	137	144	171	157	164	160	161	151	193	203	166	202	190	164	148	205	163	196	181	181	187	186	190	187	166	221	191	178	235	224	197	203	232	178	221	210	206	279	291	251	56	280	293	243	259	243	271	253	364	414	378	384	391	370	397	411	407	416	379	693	759	720	727	687	727	780	738	760	765	766	2489	2575	2746	2112	1890	2224	2393	2759	2377	2447	2601	32767	28085	25795	32767	16781	29706	30732	26686	32767	20930	32767	1717	2002	2138	2231	2247	2271	2385	2595	2391	2129	1763	516	520	506	624	587	652	602	649	588	624	564	
311.672812475115	149	150	164	143	154	127	148	139	157	165	173	149	186	161	164	182	180	162	165	154	137	159	192	161	192	210	184	166	172	199	181	153	190	245	224	226	212	217	229	225	197	221	236	193	266	267	268	54	261	261	272	272	263	258	268	346	363	360	370	385	401	394	376	375	386	404	690	738	775	697	673	753	747	743	697	730	773	2445	2612	2711	2088	1870	2131	2367	2675	2236	2307	2503	32767	27645	25307	32767	16542	29536	30446	26804	32767	20464	32767	1730	1996	1977	2251	2205	2188	2326	2624	2346	2014	1799	496	548	526	562	583	609	651	644	642	608	571	
313.680859350114	159	163	162	173	144	149	123	147	139	148	140	160	161	176	163	173	176	153	182	174	185	167	183	208	183	200	165	224	181	157	179	176	191	214	216	214	210	229	225	197	218	210	209	213	252	268	276	71	278	277	281	299	274	272	270	378	369	374	371	365	396	397	389	411	432	393	707	686	709	626	678	714	705	725	773	716	793	2458	2548	2660	2093	1839	2180	2453	2695	2244	2372	2443	32767	27283	25657	32767	16668	29567	30041	26224	32767	20168	32767	1654	1902	2015	2177	2145	2258	2253	2482	2376	1992	1790	483	497	524	551	614	606	649	650	618	572	577	
315.687363256364	146	142	158	151	154	158	145	174	145	153	151	174	150	168	180	163	165	163	173	125	154	162	202	188	167	197	182	177	176	184	165	201	198	210	199	201	212	208	219	190	217	221	206	193	272	269	283	62	267	261	286	276	294	261	258	354	366	362	387	360	405	367	416	389	383	369	683	667	687	660	707	710	730	759	714	733	744	2482	2390	2576	2003	1823	2161	2424	2701	2316	2471	2346	32767	26956	24998	32767	16394	29176	30501	26336	32767	20215	32767	1680	2013	1989	2233	2159	2164	2279	2468	2323	1954	1785	501	533	517	530	563	563	665	648	588	611	550	
317.693242162613	133	149	166	150	153	171	133	165	149	146	164	151	143	179	151	176	158	161	191	169	141	190	163	179	181	168	167	183	195	167	187	164	209	189	223	215	208	225	253	214	218	212	220	213	254	252	243	64	239	276	261	282	274	277	249	356	376	386	355	383	389	365	397	351	421	384	750	677	721	713	664	717	753	757	739	744	741	2495	2476	2751	2015	1855	2093	2363	2809	2312	2447	2431	32767	26931	25569	32767	16405	29165	30727	26301	32767	20283	32767	1742	1957	1998	2182	2179	2200	2395	2480	2337	2016	1850	524	507	535	547	571	673	595	648	666	569	544	
319.699335912614	151	157	139	165	179	169	145	149	147	140	155	165	156	153	170	173	181	163	141	177	171	155	188	199	176	173	204	174	173	179	192	191	189	230	227	198	196	211	205	219	214	220	215	189	265	255	285	56	288	245	261	278	272	246	255	386	398	386	381	381	384	434	423	407	399	405	741	713	773	706	711	733	693	747	829	764	784	2467	2576	2664	2091	1814	2245	2375	2813	2266	2471	2536	32767	26426	25273	32767	16755	29191	30764	26160	32767	20337	32767	1758	1946	2110	2245	2169	2132	2411	2428	2405	1961	1879	552	515	569	579	581	627	647	654	604	613	592	
321.703906225113	153	155	145	166	156	149	141	141	158	154	166	171	161	165	157	162	168	156	166	153	171	187	185	201	192	184	182	182	185	200	179	198	187	215	231	212	225	235	233	227	225	209	226	209	259	268	275	56	285	280	279	266	273	256	269	398	380	403	368	366	422	408	410	412	400	387	757	747	748	727	735	794	778	748	823	808	800	2527	2615	2780	2183	1919	2259	2475	2886	2424	2535	2643	32767	26984	25602	32767	16671	29634	30812	26540	32767	20637	32767	1829	2095	2200	2285	2271	2225	2383	2424	2384	2076	1880	554	522	568	573	607	638	636	625	696	619	558	
323.707832006363	157	145	161	159	168	170	177	183	164	127	167	184	160	166	175	177	166	166	181	165	197	158	175	195	207	182	193	192	204	184	191	214	194	227	236	225	232	231	224	214	213	216	224	224	275	277	308	50	264	282	279	273	267	293	284	405	373	382	403	362	438	414	418	427	446	421	773	774	767	715	732	783	845	805	825	825	842	2585	2667	2899	2218	2038	2299	2573	2829	2521	2646	2661	32767	26919	25991	32767	16724	30090	31034	26737	32767	20622	32767	1901	2171	2145	2282	2338	2183	2419	2508	2361	2129	1999	573	501	555	583	597	665	647	684	679	618	640	
325.711992162614	156	155	140	158	161	175	177	147	162	160	132	171	170	167	189	161	189	172	159	188	156	150	194	190	191	221	198	195	179	198	173	184	187	242	228	225	237	230	226	237	210	259	218	193	271	275	297	60	282	301	291	301	322	294	292	410	392	418	390	420	435	490	460	444	460	442	742	870	791	757	812	791	812	850	881	857	887	2646	2725	2843	2328	2130	2444	2630	3005	2577	2663	2855	32767	26328	25766	32767	16891	29688	30922	26538	32767	20362	32767	1943	2089	2149	2296	2435	2181	2404	2461	2477	2222	1986	555	541	600	620	673	652	679	657	590	673	600	
327.714609350114	160	128	157	148	163	150	153	177	184	160	149	159	173	202	150	198	178	159	190	173	172	169	197	187	196	187	193	196	195	202	200	188	203	206	230	212	242	236	210	242	248	210	236	215	277	288	281	63	259	294	307	300	291	274	275	449	357	425	442	410	413	467	433	430	477	442	824	838	849	829	763	788	841	895	846	866	905	2731	2798	2974	2297	2046	2444	2562	3075	2699	2789	2790	32767	26554	25838	32767	16740	30063	30765	26382	32767	20366	32767	1972	2091	2196	2487	2343	2266	2465	2578	2507	2201	1997	585	574	581	662	647	705	690	670	660	665	652	
329.716640600114	181	177	127	165	179	165	181	192	159	147	153	181	157	176	176	167	170	184	180	185	157	188	181	201	217	183	204	190	207	202	199	191	187	214	248	223	252	234	255	233	224	250	225	252	310	314	289	60	301	297	300	279	272	283	299	413	387	400	407	407	435	484	437	434	420	487	828	795	813	765	803	818	851	901	807	826	890	2736	2787	2996	2419	2146	2477	2714	2987	2603	2816	2925	32767	26179	25640	32767	16784	29755	30446	26388	32767	19913	32767	2002	2156	2207	2308	2301	2218	2366	2571	2573	2252	2069	602	559	621	629	634	686	637	650	669	652	625	
331.718828100114	156	174	143	153	159	139	180	198	170	146	155	149	171	185	176	167	182	176	190	198	169	173	178	183	199	208	188	202	185	193	208	204	196	249	221	259	226	218	229	237	208	249	230	241	309	291	285	71	310	285	289	269	313	298	299	457	395	441	441	431	390	485	491	441	461	457	781	811	777	773	745	869	875	857	842	895	859	2697	2754	2883	2431	2092	2451	2655	2870	2504	2702	2861	32767	25712	25422	32767	16486	29725	30677	25877	32767	20111	32767	1970	2156	2231	2363	2304	2233	2456	2536	2525	2192	2003	601	563	599	631	608	730	687	668	690	645	647	
333.719531225113	166	167	150	162	154	156	157	172	161	149	164	170	174	186	159	174	178	167	167	187	171	171	196	208	203	188	184	186	181	182	179	177	211	232	215	195	246	258	235	217	241	216	212	229	316	271	274	63	278	308	290	309	297	288	287	388	414	433	406	410	427	448	431	437	426	443	828	778	747	767	811	768	838	815	848	793	861	2601	2674	2856	2208	2010	2402	2626	2844	2509	2683	2727	32659	25546	25285	32767	16422	29363	29789	25582	32525	19758	32767	1902	2128	2077	2354	2248	2203	2380	2567	2422	2079	1896	543	584	586	583	619	654	659	694	659	667	590	
335.719609350115	151	179	141	142	146	172	146	169	159	176	163	156	181	157	137	186	187	178	162	180	171	182	178	169	207	197	169	202	193	183	188	156	174	210	226	214	219	228	243	203	223	220	222	211	283	271	258	80	297	259	261	295	284	289	295	417	371	393	392	409	434	430	424	401	413	451	727	746	751	694	729	813	793	812	816	834	857	2508	2526	2645	2170	2049	2306	2538	2760	2504	2577	2646	31995	25027	25071	32767	16130	28970	29591	25461	31595	19386	32767	1814	2073	2036	2231	2153	2120	2307	2438	2362	2017	1780	560	508	559	563	601	659	678	664	625	642	621	
337.718984350115	148	153	147	167	178	156	154	121	164	150	156	151	167	166	175	188	185	168	183	173	162	167	193	183	213	220	197	175	183	210	218	179	166	219	231	214	212	220	218	219	226	189	231	218	259	270	285	65	256	253	292	274	307	283	312	386	397	403	398	401	395	405	383	346	391	387	714	736	772	668	772	740	772	747	768	777	843	2437	2508	2663	2102	1922	2227	2472	2719	2301	2480	2548	31635	24748	24960	32767	15941	28843	29601	25133	31798	19189	32767	1712	1984	2035	2210	2123	2032	2288	2373	2265	2009	1719	536	475	529	562	570	616	616	660	603	629	610	
339.718671850114	169	170	165	161	153	157	147	175	133	150	116	195	179	148	163	176	177	169	183	195	167	144	194	185	179	218	186	201	211	179	166	195	180	203	220	221	225	194	197	207	246	220	207	229	255	278	248	66	278	265	268	302	269	261	254	357	404	355	354	346	399	398	413	392	425	380	679	764	674	660	726	732	725	704	725	743	781	2351	2306	2564	1937	1882	2145	2369	2584	2258	2414	2496	31397	24529	24612	32767	15919	28601	28990	25180	31254	18711	32767	1719	1935	1963	2020	2140	2031	2104	2440	2165	1864	1740	524	498	539	551	581	585	602	643	626	608	554	
341.716757787613	185	153	151	137	166	164	168	156	143	127	145	169	160	181	168	164	158	192	158	170	184	171	188	180	173	196	175	183	194	187	194	198	212	230	201	233	226	218	207	224	196	211	233	212	273	271	284	87	261	249	285	250	281	265	295	378	388	355	383	365	361	359	403	383	365	386	705	726	737	653	725	702	719	754	708	748	712	2286	2327	2419	1980	1804	2016	2295	2523	2190	2386	2321	31084	24443	24677	32767	15395	28197	29252	25325	31592	18574	32767	1728	1863	1886	2031	1982	1974	2170	2287	2119	1911	1667	480	483	501	531	577	619	602	624	565	586	541	
343.714257787615	151	174	163	153	171	172	167	149	141	155	144	150	175	170	184	177	186	161	163	139	191	162	175	206	186	164	195	179	181	194	192	176	170	221	214	214	215	191	229	198	224	240	229	199	266	268	307	65	216	259	245	255	269	290	287	378	338	343	341	356	368	382	373	409	363	404	663	658	686	622	687	704	706	655	734	722	763	2193	2289	2408	1905	1775	2029	2179	2506	2125	2267	2360	30969	24316	24846	32767	15312	28264	29078	25254	31530	18489	32767	1570	1757	1904	2005	2045	1813	2063	2229	2069	1817	1621	502	453	516	537	611	570	630	595	576	526	503	
345.711093725115	140	153	142	151	149	169	118	158	155	160	174	158	163	163	168	178	155	149	141	167	160	143	194	175	198	192	163	184	214	213	195	180	195	203	207	195	219	194	212	227	200	191	236	186	261	247	233	70	233	269	250	268	287	287	260	362	331	354	365	340	382	381	371	361	335	375	635	654	675	661	674	695	677	713	652	704	693	2161	2171	2331	1935	1699	2029	2179	2457	2096	2208	2327	30762	23823	25189	32767	15289	28424	29101	25248	31001	18244	32767	1608	1871	1815	1935	1944	1858	2101	2196	2113	1827	1620	517	429	494	469	552	559	569	602	605	534	556	
347.707265600113	160	145	134	149	161	143	136	156	134	139	153	161	164	169	166	151	178	186	158	165	170	163	168	192	206	175	173	195	170	177	185	183	195	179	216	229	200	225	238	193	201	196	218	191	219	284	245	54	256	234	270	279	251	264	242	379	335	357	358	349	354	373	403	366	376	350	675	716	664	609	599	684	687	683	706	664	688	2145	2091	2338	1882	1613	1944	2135	2359	2014	2170	2257	30619	23604	25225	32633	15086	28233	28894	24938	31385	18218	32767	1651	1801	1791	1908	1961	1834	2021	2171	1951	1843	1612	485	473	520	497	526	589	551	530	591	557	485	
349.702812475116	147	121	164	145	142	156	148	134	153	127	155	149	173	170	178	173	167	166	172	157	153	183	159	169	176	174	194	163	179	195	164	192	190	193	183	235	199	212	203	194	220	205	219	200	258	252	246	74	239	251	275	258	218	261	254	336	342	352	313	356	348	357	365	352	342	387	608	657	623	602	637	668	668	670	680	705	713	2047	2087	2269	1805	1553	1910	2062	2332	2040	2028	2213	30134	23631	24990	32756	14991	27884	29016	24857	30739	18125	32767	1566	1753	1830	1860	1939	1896	1988	2159	1966	1723	1567	455	453	490	505	574	545	590	555	556	520	560	
351.697734350113	144	146	152	136	153	153	156	134	131	159	136	164	140	177	143	151	154	171	145	164	146	178	170	172	207	171	181	203	180	214	168	182	184	187	183	212	199	189	206	205	205	210	197	211	216	241	276	57	260	274	233	263	235	264	284	342	345	340	325	355	358	348	375	355	339	352	632	634	589	589	622	646	640	682	648	636	695	2037	2127	2202	1716	1600	1874	2041	2368	2011	2123	2238	29981	23544	24601	32612	14877	27938	28628	24528	30653	17889	32767	1549	1668	1727	1928	1879	1788	1969	2140	1995	1732	1549	440	455	439	483	558	535	520	571	545	518	470	
353.691992162616	139	158	157	142	162	181	169	133	153	159	158	153	146	149	162	145	178	165	170	178	178	186	157	188	181	183	165	177	178	159	174	178	158	203	189	214	181	212	240	212	191	233	213	197	273	277	258	78	237	251	240	222	262	250	227	370	335	332	306	315	363	361	359	331	323	334	628	603	619	543	575	611	657	685	665	645	631	1914	1972	2170	1752	1574	1853	1990	2260	1967	2004	2191	29368	23156	24540	32033	14689	27448	28226	24024	30248	17794	32767	1464	1658	1772	1813	1800	1755	1981	2055	2036	1677	1452	436	441	461	493	477	533	521	561	577	527	515	
355.686484350115	150	138	130	134	155	136	161	127	183	133	150	157	145	166	163	154	175	160	153	180	174	154	171	183	192	199	156	156	178	189	157	182	153	194	191	214	201	209	209	194	209	207	201	204	217	256	228	62	232	262	277	258	204	233	246	343	332	341	311	311	307	372	374	379	336	349	574	599	613	504	595	598	632	625	622	628	633	1864	2003	2156	1762	1499	1816	1948	2115	1911	1964	2094	29171	22747	23985	32061	14538	27446	27458	23349	29767	17378	32767	1493	1649	1653	1727	1750	1714	1894	2015	1903	1601	1410	427	428	432	480	493	524	523	569	529	519	516	
357.679492162613	145	143	135	161	153	136	155	162	154	166	137	168	140	147	169	146	150	141	183	148	158	145	185	175	180	179	152	186	190	195	149	175	175	175	198	175	189	196	199	213	221	189	203	203	248	234	226	59	239	245	246	247	253	242	256	364	307	298	306	323	322	323	366	323	340	326	559	623	602	534	562	584	637	647	595	642	613	1895	1909	2116	1670	1520	1773	1857	2173	1864	1924	1998	28860	22142	23517	31662	14213	26824	27579	22815	29228	17058	32767	1357	1677	1620	1687	1749	1623	1838	1980	1856	1618	1400	428	391	397	466	496	522	503	527	495	498	481	
359.671835912615	134	159	139	142	131	140	168	144	137	151	145	152	117	149	168	145	153	174	155	151	168	157	132	171	188	186	171	188	153	177	198	161	166	204	209	189	184	182	208	207	199	181	192	185	243	234	248	78	243	257	245	237	249	255	235	338	313	351	311	326	290	320	328	329	331	366	598	545	558	547	548	569	643	580	599	544	656	1871	1917	1991	1538	1468	1686	1867	2055	1762	1814	1956	28688	22001	22866	31886	14206	27199	27254	22844	29513	16820	32767	1387	1582	1656	1686	1685	1657	1826	1917	1808	1641	1401	401	384	400	459	473	463	519	496	536	511	507	
361.663515600116	145	143	164	116	150	138	128	139	141	149	143	170	164	162	158	136	175	146	160	161	169	171	170	164	166	193	179	178	170	172	156	170	167	173	178	206	186	197	192	208	165	206	182	205	244	230	250	81	208	206	253	263	217	222	242	327	317	346	327	300	302	362	328	344	348	330	557	580	578	482	562	598	594	568	569	654	586	1813	1826	1962	1580	1380	1704	1830	2052	1836	1815	1864	28552	21987	22399	31274	14247	27020	27083	22155	29157	16982	32767	1312	1556	1571	1671	1694	1654	1740	1907	1909	1531	1345	392	464	423	457	450	506	475	471	511	494	465	
363.654570287614	144	152	155	131	166	142	149	137	157	154	149	126	153	138	146	153	141	154	153	147	141	153	172	165	151	196	157	185	172	194	170	157	163	181	185	191	201	190	196	211	201	204	185	211	255	215	209	68	220	231	231	212	225	211	226	310	326	314	313	317	317	352	326	300	320	336	528	525	587	513	517	586	552	624	537	604	561	1730	1792	1967	1571	1418	1693	1859	1984	1774	1753	1874	28447	21608	22125	31366	14270	26589	26884	22116	29027	16795	32767	1367	1548	1578	1617	1721	1631	1717	1867	1802	1507	1357	401	393	398	470	471	478	512	515	505	506	418	
365.644999975115	157	165	128	143	132	142	138	156	136	138	120	174	153	162	165	151	143	144	153	161	162	145	146	171	160	165	165	174	162	142	181	143	179	175	198	191	177	186	185	168	210	186	181	197	234	221	220	63	268	225	208	237	239	235	210	326	288	287	281	278	342	338	304	326	301	333	507	554	523	512	540	547	559	566	530	521	580	1674	1793	1885	1560	1343	1673	1867	1998	1747	1681	1843	27936	21274	21964	31073	14017	26290	26600	21620	29160	16747	32767	1332	1542	1545	1613	1760	1584	1754	1863	1844	1534	1335	414	407	419	423	466	435	489	526	508	454	449	
367.633906225114	149	136	139	144	148	132	133	161	146	138	125	162	156	136	181	153	186	158	153	158	179	156	166	182	156	180	168	166	162	183	153	190	151	195	181	195	200	175	196	185	206	200	173	198	250	215	227	74	203	234	229	225	223	222	215	293	318	331	299	298	292	361	358	346	361	290	534	564	536	543	538	514	601	592	594	566	562	1702	1824	1908	1408	1351	1605	1824	1985	1792	1727	1766	27979	21289	21363	30884	14177	26733	26212	21680	28869	16560	32767	1262	1554	1567	1604	1673	1529	1735	1828	1757	1524	1342	388	400	425	434	475	497	510	490	507	465	423	
369.623046850114	151	136	146	164	133	156	137	142	121	152	145	156	154	179	151	164	158	157	144	129	175	166	151	145	171	150	172	163	158	189	188	163	159	185	177	172	178	182	210	177	201	175	196	197	218	216	219	67	224	242	238	222	219	223	226	305	296	290	302	281	315	319	293	300	302	313	563	528	520	514	546	565	578	557	576	537	579	1699	1810	1869	1494	1409	1669	1782	1987	1713	1804	1797	27871	21235	21614	30947	14090	26556	26463	21350	28728	16501	32767	1281	1536	1501	1649	1637	1566	1755	1912	1789	1541	1331	367	353	383	437	462	490	457	520	472	466	432	
371.611562475115	148	137	129	113	122	165	137	146	133	139	139	190	162	150	137	141	175	175	146	167	159	152	179	163	177	176	160	154	185	155	172	162	164	173	186	192	176	207	199	176	211	209	198	193	221	239	230	78	211	215	229	235	238	222	246	313	294	340	280	293	311	288	302	282	330	321	520	540	558	493	500	540	562	555	512	562	575	1683	1759	1834	1446	1366	1638	1789	1995	1782	1784	1695	27806	21005	21243	30389	14071	26547	26279	21270	28488	16325	32767	1260	1417	1537	1571	1607	1568	1692	1865	1777	1532	1353	388	400	379	464	434	484	478	502	516	446	408	
373.599414037613	135	133	147	162	128	130	134	153	163	143	137	135	172	149	166	180	156	151	173	175	131	166	156	165	166	173	168	157	163	170	162	178	170	190	160	192	185	171	182	183	214	176	212	161	204	231	252	60	224	262	234	219	255	214	240	275	300	297	299	321	311	345	329	301	353	308	529	517	527	484	524	539	570	526	556	556	545	1652	1753	1761	1478	1352	1615	1802	1915	1704	1774	1677	27585	20861	21116	30559	13992	26248	26410	20783	28436	16375	32767	1262	1457	1509	1531	1506	1559	1729	1777	1715	1530	1314	383	397	404	406	423	487	446	513	487	482	471	
375.586679662614	131	126	127	143	145	174	148	161	129	142	144	180	146	175	143	150	164	142	139	168	157	126	168	162	154	136	168	171	172	152	180	180	162	180	179	212	200	181	174	181	185	161	183	186	228	200	206	38	234	232	219	237	195	214	228	310	271	301	288	271	312	287	309	318	330	299	527	495	517	525	523	544	572	527	513	559	584	1620	1735	1783	1485	1392	1578	1790	1964	1688	1787	1722	27761	21066	21294	30374	13974	26200	26438	20856	28248	16258	32767	1285	1421	1529	1613	1533	1587	1758	1843	1714	1473	1268	373	395	379	391	438	419	448	472	432	434	416	
377.573242162613	147	135	145	131	148	152	142	144	117	153	158	147	166	155	144	151	148	155	167	163	160	161	162	173	200	162	170	163	170	150	180	147	153	173	201	197	173	168	188	177	200	198	174	175	232	229	237	53	214	227	224	229	227	213	192	305	310	308	294	301	304	321	311	302	303	321	543	493	535	496	521	535	562	576	517	572	530	1634	1788	1847	1435	1289	1588	1784	1935	1631	1737	1711	27355	20695	21128	30096	14145	26490	26140	20688	28077	16243	32767	1329	1496	1506	1549	1550	1594	1760	1821	1687	1414	1288	384	409	365	413	437	444	474	518	493	498	426	
379.559218725113	146	121	143	158	146	141	124	157	146	147	137	157	140	170	163	159	148	144	169	147	169	158	163	145	166	162	191	169	160	148	164	176	174	200	140	178	168	194	188	171	186	195	202	171	217	209	248	64	198	230	218	225	234	232	220	283	297	264	250	288	303	346	318	302	322	293	487	505	503	534	529	501	538	527	542	512	568	1677	1736	1809	1488	1343	1612	1687	1982	1710	1722	1701	27358	20704	20949	30077	14147	26323	26080	20748	28393	16026	32767	1299	1473	1446	1536	1628	1528	1803	1840	1737	1457	1295	375	350	386	426	446	472	533	471	482	458	433	
381.544531225114	156	148	149	139	135	158	142	113	120	125	132	160	154	158	149	126	149	172	156	159	151	145	170	160	154	154	172	147	150	182	167	192	185	159	186	183	204	198	200	197	180	213	175	186	225	216	217	57	217	250	210	229	213	217	203	268	317	330	297	268	301	312	309	287	329	315	522	540	510	538	491	532	524	550	542	519	541	1605	1759	1753	1476	1287	1550	1762	1919	1674	1716	1689	27255	20664	20850	30089	13965	26419	26214	20454	28245	15942	32767	1276	1460	1441	1561	1541	1531	1677	1772	1734	1455	1287	378	376	423	434	449	450	454	509	460	461	442	
383.528320287614	153	137	155	160	152	150	133	148	113	157	156	162	130	165	135	142	165	148	138	175	137	178	167	156	173	182	166	166	156	165	172	154	178	189	187	195	171	192	218	172	191	180	179	182	183	232	210	53	239	190	217	224	225	261	214	306	300	277	291	259	288	301	304	284	322	296	535	528	521	498	503	482	540	560	567	537	543	1556	1720	1787	1414	1337	1597	1687	1912	1706	1718	1745	27271	20443	20766	29994	13827	26077	26380	20461	28051	15939	32767	1257	1440	1458	1570	1563	1584	1703	1777	1723	1452	1263	436	328	383	413	425	479	498	478	520	450	418	
385.512343725113	128	121	158	138	147	154	128	135	153	124	153	159	184	162	148	131	143	169	161	153	164	149	147	164	155	154	154	170	162	163	162	169	167	222	202	203	183	186	202	170	190	195	193	166	214	217	228	54	208	272	222	242	202	233	194	274	270	288	297	271	270	318	311	306	293	293	442	573	513	513	494	495	569	547	529	544	547	1643	1711	1690	1499	1264	1570	1719	1773	1694	1649	1625	27394	20608	21067	30075	13961	26020	25938	20381	27950	16137	32767	1194	1449	1473	1607	1575	1506	1655	1755	1719	1524	1285	363	361	394	428	440	431	474	478	453	473	413	
387.495781225114	119	151	139	140	143	147	131	143	135	160	138	162	174	168	163	160	166	168	166	144	151	166	178	155	166	181	148	162	171	181	147	183	175	182	168	190	199	155	174	191	190	173	169	194	202	221	202	64	229	238	218	221	219	214	202	304	281	297	312	280	316	288	284	290	269	325	473	526	501	489	515	517	537	533	531	563	492	1594	1708	1781	1484	1320	1558	1707	1831	1709	1719	1747	27143	20508	20853	29734	13701	26015	25935	20702	28133	15926	32767	1262	1398	1466	1534	1528	1536	1698	1711	1731	1455	1261	395	361	396	400	425	460	454	489	427	484	426	
389.478515600114	142	155	133	141	145	148	152	131	136	134	150	150	154	149	166	150	154	148	145	173	141	140	157	152	171	174	168	175	156	175	157	169	153	186	195	213	185	192	187	170	209	205	179	184	219	231	221	65	214	224	195	214	239	223	203	320	290	308	265	280	258	308	287	312	292	299	495	488	510	495	513	517	554	518	555	495	545	1621	1740	1788	1459	1281	1510	1619	1841	1701	1701	1602	27198	20402	20942	29794	14029	25986	25997	20547	27810	15854	32767	1255	1477	1414	1519	1563	1577	1722	1708	1732	1473	1222	382	362	361	398	445	462	504	469	464	452	453	
391.459804662614	154	139	146	143	134	135	142	136	129	130	111	147	171	142	127	163	157	145	143	144	157	118	169	181	173	188	172	164	161	158	179	164	169	171	166	213	138	193	181	167	200	179	168	178	204	217	200	64	249	229	198	210	258	258	217	296	274	318	274	300	344	316	297	326	306	307	504	524	514	461	508	529	534	547	493	544	566	1586	1703	1823	1448	1330	1579	1647	1901	1659	1683	1645	27047	20410	21124	29838	14075	25979	26078	20477	27807	15961	32767	1236	1477	1446	1563	1571	1563	1658	1764	1732	1523	1241	388	383	407	432	433	454	429	481	454	451	453	
393.441289037613	143	153	139	144	119	137	148	148	144	149	137	167	149	149	167	143	155	149	170	163	159	147	179	148	170	180	177	158	165	153	163	178	195	188	181	181	165	169	160	178	181	201	176	184	206	222	206	52	211	223	207	221	220	227	226	289	291	290	306	260	321	294	301	310	305	307	495	479	509	497	493	488	511	551	565	526	531	1644	1742	1796	1414	1292	1557	1704	1871	1649	1626	1606	27210	20506	21304	30329	14096	26275	26192	20968	28477	15917	32767	1220	1499	1472	1555	1677	1438	1683	1718	1706	1588	1281	382	424	397	383	422	469	492	486	471	478	429	
395.422148412614	142	141	131	138	140	155	164	151	144	126	160	133	146	162	151	154	168	164	170	130	160	154	161	162	184	173	167	166	154	155	172	163	147	184	176	173	165	193	175	188	185	171	193	184	234	206	243	55	214	223	194	213	218	216	199	278	314	267	268	296	282	330	311	306	297	301	529	512	550	477	496	557	526	539	570	540	508	1616	1775	1790	1465	1269	1514	1588	1875	1659	1611	1680	27043	20829	21710	30121	14196	26650	26732	21558	28685	16193	32767	1257	1442	1457	1623	1565	1531	1654	1793	1783	1477	1205	374	357	409	402	461	462	476	508	453	406	417	
397.401523412616	139	153	131	117	142	152	140	139	124	153	124	151	170	137	158	183	148	137	144	156	163	136	167	177	185	173	160	158	143	149	168	163	148	169	172	189	186	191	190	181	189	181	185	186	214	221	201	58	207	223	208	206	220	227	215	293	284	267	278	295	298	304	311	294	279	328	517	518	493	524	479	526	546	531	547	550	521	1646	1705	1819	1434	1297	1546	1679	1933	1652	1616	1692	27554	20913	21738	30361	14585	26915	27018	21861	28889	16336	32767	1316	1486	1508	1570	1600	1518	1681	1806	1730	1521	1261	379	377	357	424	473	455	467	467	466	448	436	
399.381093725115	122	160	127	128	131	123	123	156	159	143	128	145	151	156	137	145	145	134	126	128	157	160	164	154	172	181	159	179	163	150	152	178	179	195	155	179	188	189	189	199	185	164	169	161	231	225	202	50	233	217	223	214	231	216	218	280	292	306	283	269	282	314	303	313	308	285	516	507	482	501	556	528	508	540	599	532	545	1635	1657	1731	1427	1369	1560	1629	1858	1666	1673	1613	27563	21059	22122	30703	14588	26968	26819	22119	29257	16517	32767	1291	1432	1460	1603	1563	1567	1773	1827	1802	1562	1279	390	360	383	421	437	507	445	465	423	442	388	
401.360039037614	148	128	139	149	143	139	138	149	143	152	134	146	148	154	165	168	140	168	143	175	171	150	139	167	161	147	185	173	160	170	168	161	175	193	185	185	170	178	189	169	206	197	176	191	197	204	239	57	217	230	219	213	213	234	245	300	281	301	279	304	310	314	290	304	296	310	510	555	535	480	529	549	566	613	506	539	537	1652	1655	1766	1434	1357	1541	1630	1896	1735	1615	1656	28109	21209	22698	30846	14849	27110	26918	22396	29421	16420	32767	1303	1533	1486	1643	1585	1502	1760	1826	1759	1501	1337	386	368	386	417	432	440	478	512	476	409	422	
403.337499975114	156	133	125	147	148	145	133	121	137	135	126	157	154	138	153	129	166	174	182	165	145	146	158	143	164	182	165	162	146	166	179	172	160	189	154	176	201	188	190	184	173	177	165	183	215	208	202	66	197	204	203	220	235	208	227	286	284	267	273	310	288	313	322	322	302	300	517	458	506	503	522	522	552	523	522	544	505	1642	1683	1767	1401	1330	1531	1681	1920	1729	1756	1761	27997	21296	22595	31121	14970	27070	27941	22416	30400	17239	32767	1327	1439	1470	1615	1643	1568	1817	1733	1788	1516	1261	416	396	378	433	475	486	440	458	454	499	392	
405.315195287616	151	151	133	133	150	141	145	153	132	149	147	140	156	151	148	153	141	172	156	175	154	139	147	151	158	171	171	160	190	194	148	164	160	172	179	159	160	187	189	205	183	183	197	199	202	203	206	58	233	238	215	229	217	205	217	272	292	330	302	274	301	288	306	264	321	294	490	511	507	485	480	517	568	576	552	563	562	1740	1651	1782	1459	1263	1516	1667	1886	1639	1754	1686	28393	21533	23337	31175	14990	27686	28096	23081	30988	17576	32767	1299	1524	1504	1602	1632	1580	1765	1815	1737	1495	1323	429	385	411	417	441	457	474	485	456	423	400	
407.292265600114	143	142	122	141	159	130	144	150	141	128	139	157	164	140	140	148	139	146	154	163	169	139	181	153	162	162	175	177	162	175	175	151	144	193	200	186	186	183	198	189	168	194	175	176	207	217	215	66	210	232	221	221	190	191	199	297	282	314	293	279	303	314	312	297	261	282	494	512	490	475	484	531	550	571	514	546	529	1590	1752	1795	1437	1304	1564	1721	2057	1787	1710	1703	29109	22362	24101	32079	15087	28016	29099	24069	31777	18139	32767	1314	1601	1598	1615	1609	1475	1666	1907	1804	1544	1322	383	406	411	417	479	482	492	492	455	495	408	
409.267812475115	139	128	165	132	140	141	157	128	125	132	136	140	137	150	160	152	162	138	179	158	134	141	160	164	147	164	181	158	146	145	137	162	174	174	196	210	176	187	202	170	196	186	179	185	214	209	210	75	235	217	213	216	231	193	213	263	297	297	269	304	316	291	293	265	281	306	506	535	513	477	539	489	576	530	522	547	544	1595	1789	1842	1459	1334	1527	1746	2016	1633	1739	1649	29476	23051	25068	32394	15854	28441	30050	25149	32767	18783	32767	1341	1592	1597	1618	1627	1615	1775	1863	1822	1615	1329	395	375	406	458	453	440	517	478	492	478	425	
411.243593725114	141	130	145	125	151	144	122	159	143	136	136	155	150	161	147	129	130	122	158	137	150	159	178	150	136	161	176	171	154	158	176	169	145	217	206	171	184	180	173	189	162	210	152	207	223	217	207	49	213	213	240	210	234	203	205	295	282	259	249	260	324	301	304	275	276	301	503	541	513	499	492	545	514	562	549	539	546	1704	1768	1842	1488	1365	1541	1724	1996	1738	1833	1675	30640	24395	26894	32767	16737	29899	31336	26737	32767	20438	32767	1375	1631	1626	1781	1719	1554	1846	1851	1895	1621	1431	376	379	463	385	449	468	495	506	483	463	435	
413.217890600115	131	155	154	149	123	131	156	129	133	149	157	155	151	158	145	147	151	151	133	166	155	146	142	185	141	158	166	153	160	160	167	151	160	177	196	161	181	182	185	195	177	180	174	183	200	215	196	67	230	240	216	194	234	245	200	280	293	312	298	285	301	299	277	289	301	313	523	529	506	512	483	470	542	540	529	513	497	1822	1770	1932	1409	1458	1635	1830	1975	1734	1847	1757	32257	26002	28215	32767	17711	31022	32767	29043	32767	22088	32767	1459	1726	1785	1851	1769	1733	1888	1949	2057	1663	1466	399	402	383	447	485	511	496	533	516	488	449	
415.192421850115	121	143	127	137	145	142	161	140	150	134	129	153	148	159	150	149	164	133	162	139	155	167	149	166	181	162	155	153	148	152	150	155	165	185	173	173	206	200	185	173	197	176	194	164	217	222	215	44	213	211	242	201	222	211	221	283	280	277	295	284	316	286	330	297	307	265	495	506	497	477	520	545	517	483	563	572	531	1739	1774	1915	1584	1471	1688	1888	2095	1832	1922	1871	32767	26481	29460	32767	18044	31786	32767	30040	32767	22605	32767	1513	1771	1865	1928	1824	1751	1945	2060	2049	1762	1588	405	406	459	423	483	536	538	544	531	493	420	
417.165468725114	110	145	147	138	157	135	137	138	131	150	136	152	133	139	160	172	132	149	158	153	144	154	144	166	157	162	160	174	166	172	173	174	152	175	167	176	202	175	196	168	169	181	174	190	225	217	196	58	211	241	218	219	224	217	233	288	297	278	285	281	304	275	288	290	307	297	492	499	509	490	499	507	507	538	539	540	535	1690	1856	1969	1558	1466	1616	1757	2150	1793	1947	1862	32286	25916	28477	32767	17830	31177	32767	29218	32767	22043	32767	1533	1746	1794	1921	1812	1749	2044	2050	2031	1747	1549	412	418	445	489	507	503	477	520	521	474	449	
419.138710912615	135	122	133	125	137	156	147	136	141	130	125	145	149	130	154	142	142	141	119	148	176	162	163	173	166	168	152	158	174	161	178	182	153	184	182	168	169	170	161	179	172	172	183	150	193	204	229	66	227	205	217	202	216	212	212	279	283	279	270	288	302	298	299	290	292	271	518	506	495	493	497	494	530	559	531	528	519	1657	1717	1861	1420	1466	1624	1692	1975	1781	1894	1695	30496	24168	25973	32767	16487	29599	31112	26722	32767	20341	32767	1487	1673	1763	1809	1723	1624	1886	1939	1934	1669	1522	386	389	425	436	508	512	508	528	505	518	454	
421.110468725114	146	137	144	137	153	140	147	137	138	112	141	152	165	149	136	156	163	147	171	166	159	155	157	170	176	151	166	149	147	160	182	152	151	174	169	180	163	173	183	188	202	165	197	161	196	213	181	48	225	221	210	206	185	191	210	282	300	267	239	270	319	283	289	306	284	316	512	505	493	501	479	493	519	495	528	502	505	1611	1686	1780	1495	1340	1515	1631	1936	1652	1753	1723	28534	22233	23528	31199	15137	27509	28597	23980	30657	18173	32767	1352	1497	1647	1654	1652	1577	1727	1796	1810	1623	1353	384	368	401	426	525	503	439	498	472	429	437	
423.082460912614	133	111	123	149	146	139	124	143	136	154	140	142	125	153	141	140	160	134	147	141	166	151	160	173	162	156	154	150	157	178	158	151	170	183	165	171	187	165	166	166	190	169	178	206	203	207	188	52	216	210	189	230	219	219	231	268	285	285	269	257	312	297	282	275	321	288	481	482	485	485	492	483	521	534	518	466	469	1598	1611	1681	1342	1226	1446	1588	1879	1613	1644	1472	26525	20511	21430	29222	14112	26228	26409	21793	28449	16367	32767	1299	1330	1548	1493	1563	1505	1646	1759	1645	1497	1210	376	374	357	402	423	415	451	475	439	375	397	
425.052968725115	126	130	129	149	125	136	137	151	144	127	142	157	136	169	141	169	149	142	163	153	138	175	165	148	157	165	161	158	156	182	154	145	136	177	165	144	169	165	168	164	180	171	172	190	202	209	198	61	193	191	204	198	205	249	217	280	295	255	292	267	263	286	269	277	252	305	464	478	502	456	477	493	497	470	460	520	516	1481	1594	1657	1371	1223	1397	1433	1802	1479	1637	1498	25721	19516	20097	28178	13466	25117	25084	19932	26920	15359	32767	1198	1332	1413	1473	1485	1427	1560	1693	1572	1340	1204	371	309	379	416	402	425	451	484	454	406	378	
427.022851537615	136	134	143	134	151	167	142	148	137	111	141	138	153	148	182	156	151	150	168	156	158	150	158	142	192	160	158	168	163	162	157	161	153	181	156	188	174	155	168	166	181	161	176	174	231	170	221	53	219	221	216	211	218	226	233	276	262	285	253	240	274	287	313	286	299	261	439	442	496	446	463	476	502	522	487	466	528	1401	1459	1669	1347	1170	1389	1490	1734	1475	1557	1486	25127	18451	19230	27205	13085	24398	24344	18943	25662	14745	32767	1164	1320	1368	1428	1463	1343	1516	1617	1618	1261	1155	322	332	343	392	387	398	447	430	402	421	396	
428.992968725113	147	115	123	126	147	130	145	144	116	147	129	141	138	169	145	155	144	149	163	142	157	145	148	152	149	149	153	151	158	184	159	160	155	170	162	177	192	183	163	198	177	191	166	179	208	189	200	59	199	227	221	219	215	170	213	289	246	270	280	267	279	284	279	316	297	272	472	471	435	433	463	451	511	501	479	458	540	1520	1389	1573	1271	1173	1388	1478	1748	1506	1517	1455	24685	18145	18549	26894	12806	24245	23935	18398	25215	14504	32767	1139	1307	1334	1371	1461	1324	1512	1634	1535	1291	1165	351	328	327	380	369	437	394	461	414	390	376	
430.961601537614	140	154	117	145	139	155	150	130	124	118	150	151	166	144	164	145	142	160	148	141	156	163	150	151	169	142	167	157	175	161	167	142	152	177	172	177	131	177	173	164	181	180	178	169	207	199	196	57	179	220	203	217	227	218	217	300	273	277	265	249	269	255	291	287	291	256	492	483	459	463	456	434	471	493	479	460	482	1499	1479	1611	1283	1145	1337	1507	1606	1423	1550	1457	24442	17937	18637	26387	12468	23842	23609	18004	25052	14060	32767	1119	1383	1291	1410	1420	1303	1448	1614	1524	1230	1037	358	330	355	391	414	398	415	451	410	413	362	
432.929570287615	136	145	125	112	137	152	150	131	149	155	137	168	135	145	165	147	137	147	165	157	143	132	169	137	148	189	160	162	156	171	145	147	162	170	164	203	153	182	170	170	168	182	180	175	225	201	208	79	210	190	201	206	173	195	225	271	281	255	287	276	300	279	279	287	286	279	466	477	471	423	427	486	495	497	463	467	481	1422	1444	1590	1298	1105	1298	1485	1627	1446	1641	1484	23862	17741	17721	25847	12396	23557	23481	17179	24520	13840	32767	1051	1250	1282	1315	1359	1329	1472	1632	1536	1295	1084	365	327	346	352	404	410	436	463	436	372	376	
434.897773412615	129	125	140	132	133	135	138	138	123	144	144	147	140	156	159	142	129	119	140	149	153	139	150	149	162	135	155	141	151	174	173	163	157	176	196	169	174	171	174	169	163	159	142	186	204	183	190	55	206	191	218	211	224	197	201	292	241	258	262	264	258	294	288	290	284	279	444	450	468	460	479	478	484	514	484	473	486	1359	1443	1548	1239	1186	1361	1375	1598	1493	1549	1464	23534	17331	17486	25794	12220	23528	22959	17044	24415	13962	32767	1077	1228	1318	1342	1378	1394	1468	1616	1519	1289	1084	324	306	346	325	368	413	432	413	403	387	397	
436.864531225114	140	133	149	123	133	130	136	140	145	124	155	152	155	134	150	129	150	163	145	138	163	145	166	151	162	163	172	164	130	150	169	164	151	177	184	194	166	179	187	187	181	185	189	169	220	204	217	66	225	221	215	206	213	193	183	256	287	273	269	247	271	292	295	270	258	306	452	452	463	472	449	479	485	524	425	504	473	1449	1487	1587	1192	1108	1345	1446	1575	1458	1632	1562	23591	17190	17412	25601	12113	23481	22979	16900	23673	13541	32584	1101	1253	1350	1353	1413	1288	1504	1627	1543	1238	1026	343	350	353	347	379	432	399	428	437	400	354	
438.830624975115	145	134	129	136	147	130	131	132	118	139	122	139	137	136	163	155	156	150	160	163	148	158	152	157	143	167	164	152	145	143	161	130	151	174	180	167	181	156	171	172	197	207	187	191	229	224	191	73	211	183	219	204	184	203	228	296	272	269	264	285	275	287	311	278	248	244	475	486	474	465	455	486	491	504	474	501	520	1411	1477	1582	1219	1192	1326	1430	1566	1504	1575	1509	23359	17029	17165	25553	12163	23223	22636	17274	23949	13611	32738	1074	1266	1315	1356	1444	1359	1480	1605	1509	1315	1024	352	334	305	380	392	434	418	405	402	435	333	
440.796953100114	122	139	134	152	128	138	135	139	146	141	141	163	142	156	152	141	150	134	141	138	117	145	164	143	149	178	167	189	165	185	151	184	153	162	155	156	176	159	165	199	166	171	197	139	212	195	194	68	224	193	172	182	227	213	186	281	238	283	252	278	266	289	274	266	251	282	471	435	463	467	436	441	462	464	446	504	447	1360	1365	1508	1184	1103	1362	1410	1615	1446	1576	1404	23125	17077	17237	24904	12034	23210	22839	16844	23517	13436	32597	1102	1236	1352	1353	1331	1374	1422	1569	1567	1220	1057	361	351	356	352	401	412	428	415	388	383	388	
442.761796850114	141	137	122	127	134	152	143	129	133	132	130	153	126	150	158	157	146	140	120	151	157	154	143	157	170	163	165	167	175	166	162	155	166	161	203	169	163	183	163	159	197	162	172	154	187	212	215	49	191	202	227	250	198	210	192	248	259	262	233	235	260	292	293	281	270	274	466	424	455	443	425	432	427	523	438	493	479	1411	1454	1602	1229	1211	1321	1481	1663	1491	1495	1367	23076	17066	17262	25019	12132	22818	22701	16621	23496	13136	32131	1061	1283	1226	1282	1388	1298	1462	1569	1493	1211	1072	371	351	349	391	403	433	405	413	393	385	395	
444.726015600116	127	133	142	155	140	157	120	125	136	128	139	139	152	136	147	151	153	169	145	154	138	158	149	165	168	155	181	164	143	173	137	151	153	187	171	167	193	158	169	175	138	181	184	153	230	210	206	50	172	211	208	197	222	234	243	268	251	264	247	266	276	278	299	288	275	297	498	458	469	433	446	450	471	496	484	438	489	1386	1456	1534	1245	1123	1333	1436	1673	1469	1496	1497	23047	16632	16857	25051	12041	22597	22649	16487	23512	13144	32170	1067	1200	1258	1385	1379	1274	1484	1519	1435	1239	1048	354	308	329	361	376	435	423	418	416	390	368	
446.689609350113	144	131	131	124	163	137	139	139	142	155	162	121	160	167	141	161	126	138	157	130	131	132	166	145	185	154	158	161	149	160	159	159	162	139	182	171	174	169	171	202	162	170	177	182	207	201	218	46	182	203	210	174	207	196	206	231	283	294	279	242	290	269	254	289	267	259	488	441	446	436	429	429	479	509	477	488	495	1388	1374	1490	1267	1135	1328	1453	1630	1365	1530	1403	22786	16693	16727	24737	11915	22373	22252	16341	23139	13132	32320	1130	1245	1273	1281	1336	1295	1477	1541	1421	1297	1066	343	332	349	395	390	389	446	411	433	375	374	
448.652578100115	155	140	117	127	134	149	127	133	129	127	142	167	137	163	167	135	131	155	142	151	150	146	144	162	175	172	159	145	137	168	162	172	166	185	191	191	158	175	175	146	187	146	172	174	207	201	211	61	192	244	185	206	224	211	211	266	253	274	249	258	256	277	284	273	225	286	448	457	488	455	455	458	459	471	466	453	475	1364	1376	1499	1216	1109	1309	1450	1646	1371	1537	1447	22859	16470	16608	24688	11687	22338	22120	16173	23075	13026	32037	1097	1277	1268	1300	1347	1235	1397	1522	1453	1241	1054	354	339	313	350	407	420	402	376	405	385	351	
450.615781225115	134	136	127	166	141	127	135	148	140	139	148	146	156	159	145	160	147	122	162	162	133	132	137	154	134	179	170	168	141	149	147	144	159	197	194	180	172	202	171	151	171	192	170	172	213	208	169	54	187	215	192	177	206	177	199	240	225	237	258	280	265	272	256	271	291	268	476	439	475	445	459	462	469	512	448	494	473	1394	1469	1505	1273	1101	1251	1421	1656	1385	1428	1426	22849	16416	16811	24664	11888	22391	22255	16405	22968	12833	32163	1120	1224	1346	1304	1318	1328	1409	1553	1450	1282	1081	371	332	359	374	388	416	379	402	395	398	373	
452.577499975114	145	115	142	151	111	129	139	159	137	135	132	134	146	166	155	147	139	155	141	127	143	141	146	178	146	144	153	169	158	159	191	156	135	169	176	155	183	193	174	174	182	148	194	163	193	186	211	44	207	230	194	205	208	232	206	265	262	269	254	244	309	274	259	286	271	265	419	462	464	471	406	456	507	498	440	464	451	1390	1411	1513	1185	1118	1304	1380	1657	1491	1501	1391	22511	16214	16471	24186	11693	22294	22223	16148	22737	12978	31809	1088	1247	1216	1252	1333	1346	1465	1586	1371	1218	1074	354	335	358	365	371	362	395	416	425	383	363	
454.538593725114	156	144	164	123	158	126	147	161	133	113	140	150	151	159	148	156	173	173	141	152	171	153	164	165	162	149	156	145	170	175	176	133	147	164	174	163	175	182	153	176	170	168	180	194	202	207	194	70	210	217	207	215	222	212	184	275	271	277	273	239	273	274	269	282	257	310	457	453	444	429	419	463	505	505	505	447	456	1397	1377	1534	1208	1110	1287	1347	1633	1420	1495	1398	22746	16556	16476	24296	11530	22023	21969	16076	23056	12995	31877	1130	1198	1213	1343	1357	1305	1468	1506	1441	1240	1104	357	332	359	363	395	383	421	450	385	399	394	
456.499023412614	117	147	141	159	139	128	140	119	165	131	164	143	137	166	145	163	153	129	154	135	146	151	143	155	156	174	145	132	142	149	155	135	146	178	166	184	168	166	171	189	164	180	186	152	177	188	215	70	190	183	210	185	207	177	224	240	264	240	279	261	266	293	303	284	271	247	484	442	443	453	439	470	473	479	447	481	433	1404	1431	1496	1195	1122	1324	1425	1596	1377	1476	1479	22633	16272	16497	24176	11443	22188	21857	15966	22820	12907	31965	1131	1213	1261	1358	1347	1262	1482	1535	1435	1187	1081	358	333	327	389	364	409	419	396	385	364	393	
458.458867162613	177	157	117	141	121	123	136	137	138	144	141	153	158	155	134	161	135	128	146	158	144	148	152	144	144	186	144	155	167	153	167	159	155	161	163	172	184	168	165	179	174	167	184	184	194	207	195	59	221	201	205	224	199	224	208	268	266	273	249	236	290	276	253	287	284	272	432	480	446	428	423	442	465	500	432	482	502	1429	1354	1512	1248	1148	1366	1402	1668	1377	1453	1453	22388	16136	16545	24271	11624	21955	21726	16209	22729	13071	31839	1086	1252	1241	1364	1393	1362	1472	1607	1399	1233	1000	355	357	354	356	397	396	415	414	416	397	341	
460.418085912614	129	131	119	121	130	135	161	150	136	144	160	151	133	152	163	156	184	166	129	171	163	154	157	158	161	158	172	144	157	162	153	172	178	166	161	176	173	183	190	182	177	181	159	162	210	224	199	62	224	202	211	214	186	204	183	269	258	232	254	265	291	289	297	283	270	301	451	449	459	437	436	455	445	482	490	448	498	1361	1439	1498	1239	1099	1334	1419	1612	1375	1437	1430	22613	16393	16464	24174	11282	22028	21753	16111	22690	13017	31655	1112	1178	1297	1324	1312	1268	1404	1559	1447	1307	1080	331	329	338	349	357	380	413	406	437	367	331	
462.376679662615	128	130	147	146	151	136	116	128	143	136	131	138	144	156	151	167	149	146	156	150	130	152	145	173	144	176	164	155	174	152	149	153	157	186	183	207	201	144	189	192	161	189	176	177	211	180	197	59	193	190	187	213	221	185	199	279	300	256	282	270	311	290	286	281	272	272	445	478	500	421	442	470	480	485	461	466	420	1350	1403	1522	1226	1130	1364	1411	1677	1376	1482	1449	22494	16127	16699	24364	11421	21897	21756	16209	22724	13273	31762	1120	1238	1260	1312	1385	1333	1445	1550	1498	1275	1075	338	304	310	390	390	384	395	397	403	391	352	
464.334648412614	145	133	118	123	165	143	124	131	131	153	137	158	140	162	137	140	167	159	140	127	140	140	180	170	189	159	165	174	161	149	142	163	124	174	172	206	175	170	172	181	178	177	192	178	186	198	199	56	205	227	177	203	230	214	201	270	265	272	270	258	300	295	287	293	301	256	444	452	456	447	474	453	485	492	450	478	474	1466	1434	1468	1194	1074	1392	1445	1608	1347	1458	1447	22732	16393	16860	24247	11468	22008	21745	16405	22938	13142	31669	1048	1166	1270	1357	1353	1268	1433	1607	1496	1248	1092	351	320	302	350	361	365	347	425	393	379	345	
466.291992162614	137	160	136	121	121	129	142	136	129	123	123	181	136	136	133	132	166	135	151	159	145	150	151	141	152	163	144	164	134	164	154	158	160	174	187	182	160	185	166	185	179	182	188	182	223	204	213	53	216	207	207	211	210	198	203	273	261	259	236	245	256	296	281	273	273	269	458	457	461	398	449	488	484	478	506	460	468	1384	1421	1514	1225	1126	1370	1401	1708	1363	1421	1402	22875	16744	16915	24528	11599	22184	21903	16839	23290	13291	31688	1112	1201	1243	1342	1412	1315	1454	1473	1488	1302	1062	355	326	339	346	386	384	409	418	391	412	361	
468.248671850113	149	127	128	131	142	141	144	123	154	125	118	138	145	162	143	151	144	141	123	146	129	130	163	167	148	168	148	153	164	168	178	154	151	183	186	176	182	188	177	163	176	192	151	192	225	223	203	68	193	204	195	220	216	208	218	286	246	284	257	271	266	296	294	280	263	283	469	461	466	419	425	448	469	479	469	499	495	1436	1426	1556	1306	1100	1420	1385	1691	1416	1420	1444	23186	16732	17174	24821	11828	22281	22121	17451	23409	13519	32106	1113	1292	1305	1355	1343	1303	1418	1561	1435	1280	1111	348	333	369	382	348	380	438	435	405	384	388	
470.204765600116	135	132	136	140	153	158	131	130	127	142	133	172	130	147	147	151	145	143	159	143	155	140	151	168	151	170	169	163	155	166	147	177	171	176	183	157	189	150	155	177	158	191	154	196	182	239	219	59	194	220	224	213	206	212	223	265	259	257	256	271	311	274	298	267	294	286	475	462	474	484	469	460	455	503	471	481	488	1488	1414	1570	1231	1173	1379	1371	1651	1409	1460	1496	23022	17297	17622	24691	11880	22439	22329	17624	23611	13653	32588	1117	1235	1244	1372	1354	1313	1476	1605	1546	1341	1111	380	378	371	371	413	423	401	431	387	386	363	
472.160234350114	131	137	123	123	133	163	131	138	145	124	144	143	159	147	155	153	149	150	148	119	136	159	157	155	157	157	168	158	145	153	152	162	152	150	170	173	179	182	198	163	168	199	190	162	186	213	230	56	205	217	199	239	181	212	221	272	265	286	264	287	241	271	320	269	290	272	511	454	477	432	449	468	464	498	456	479	466	1415	1490	1539	1280	1125	1465	1439	1668	1404	1472	1469	23106	17053	17728	25161	11793	22337	22251	17791	23845	13761	32519	1111	1232	1220	1425	1325	1315	1391	1473	1574	1337	1144	378	330	353	378	446	419	426	451	429	359	382	
474.115078100114	139	130	140	129	159	131	121	143	135	153	137	139	180	160	155	150	141	151	145	152	136	121	148	154	165	160	177	171	138	144	158	156	156	173	174	171	189	171	183	169	169	170	181	178	194	206	182	57	224	211	217	217	186	231	221	289	280	245	274	290	294	289	281	290	298	314	435	477	433	449	434	437	462	482	509	531	509	1448	1454	1457	1256	1188	1418	1457	1674	1464	1457	1468	23120	17007	17522	25113	11705	22180	22146	17778	23910	13845	32385	1094	1330	1396	1335	1428	1307	1402	1596	1571	1423	1107	380	304	352	391	351	395	414	421	410	426	400	
476.069335912614	133	131	129	126	121	145	137	124	122	159	114	160	136	153	154	130	125	144	143	132	128	170	169	160	154	154	142	144	143	175	167	171	148	172	158	159	195	159	165	177	161	194	171	182	214	199	204	73	206	187	211	220	205	203	206	260	255	256	250	267	270	294	289	288	287	285	456	484	468	471	423	473	502	534	454	477	499	1486	1492	1562	1275	1202	1396	1427	1646	1455	1501	1468	22814	16879	17238	24444	11582	21915	21915	17355	23335	13461	32089	1136	1307	1328	1340	1457	1334	1525	1582	1513	1400	1166	370	339	392	366	430	410	400	418	412	380	359	
478.022929662615	149	128	126	114	138	147	138	133	143	132	164	165	147	141	162	149	165	144	149	177	153	170	130	169	169	156	159	151	161	158	140	164	163	190	208	166	173	192	169	183	192	181	194	171	236	206	209	43	221	214	197	206	217	200	190	268	270	276	261	281	262	278	273	292	280	282	461	474	495	413	439	485	506	502	461	478	490	1463	1452	1504	1203	1193	1439	1452	1589	1398	1459	1466	22599	16836	16824	24144	11482	21761	21937	17381	22983	13248	31585	1145	1230	1335	1341	1353	1307	1414	1506	1514	1402	1173	362	331	343	391	393	406	421	392	430	397	412	
479.975898412615	165	146	137	134	156	153	148	130	134	144	112	130	130	161	130	139	150	128	153	133	139	140	166	148	154	160	154	149	169	154	156	164	146	181	191	186	165	167	167	153	163	188	146	172	208	197	201	70	215	220	209	216	203	197	195	262	253	279	283	276	287	267	269	303	293	251	464	501	463	432	477	458	492	483	474	482	500	1477	1457	1576	1221	1173	1346	1434	1626	1489	1494	1429	22171	16630	16562	23641	11500	21829	21650	16943	22606	13189	31619	1162	1330	1292	1361	1391	1300	1472	1533	1533	1251	1119	341	356	379	374	389	426	455	428	398	383	360	
481.928242162614	122	135	144	144	141	115	140	135	142	142	155	159	140	134	147	139	143	152	140	152	143	157	155	154	180	141	125	148	156	155	153	147	158	161	165	157	159	171	163	169	196	164	156	165	212	188	213	65	236	207	187	195	189	203	191	290	261	314	259	264	286	264	243	302	298	277	470	443	458	444	458	456	520	485	482	489	458	1507	1431	1528	1179	1162	1287	1381	1589	1443	1470	1490	22520	16383	16682	23577	11299	21740	21301	16552	22358	12909	31208	1135	1235	1248	1303	1335	1265	1487	1536	1490	1316	1062	334	332	367	354	376	377	379	415	404	391	407	
483.879999975115	127	146	110	127	137	152	127	157	109	135	123	159	126	163	130	149	150	144	141	151	144	142	152	182	153	156	139	155	159	144	155	156	175	172	181	172	143	190	176	168	184	159	174	191	200	225	197	65	215	245	207	231	202	219	203	273	256	294	254	255	281	276	252	275	252	292	446	461	463	433	401	449	489	489	483	467	470	1451	1459	1507	1222	1175	1309	1421	1598	1483	1484	1453	22241	16316	16283	23317	11335	21654	21243	16094	22167	12766	30487	1134	1274	1266	1344	1361	1207	1382	1558	1547	1268	1056	354	335	319	389	390	417	411	431	374	400	364	
485.830273412614	126	159	129	133	134	137	124	136	140	123	144	159	145	138	143	157	157	135	128	135	145	141	143	159	168	190	169	153	133	135	160	161	151	154	178	169	160	156	175	171	172	167	155	173	209	194	193	67	181	231	210	204	192	240	201	242	288	255	266	237	255	274	296	291	269	272	480	484	485	423	486	459	493	480	500	482	485	1459	1486	1523	1294	1147	1277	1424	1661	1497	1404	1477	21946	16088	16136	23260	11224	21475	20955	16271	21796	12840	30535	1060	1260	1257	1338	1368	1193	1392	1559	1499	1174	1079	320	342	348	384	377	372	424	417	394	406	392	
487.780742162613	152	132	130	127	120	139	138	144	165	141	122	148	136	147	120	129	121	150	159	133	149	139	141	155	175	153	147	151	130	174	156	158	151	182	172	173	184	169	173	172	184	135	173	172	218	188	195	54	202	214	217	186	197	216	200	259	254	279	242	301	291	283	302	294	262	261	489	447	474	462	455	467	463	450	493	485	498	1473	1471	1554	1308	1177	1364	1394	1587	1408	1457	1431	21735	15886	15865	23244	11065	21766	20967	16026	21789	12769	30294	1144	1255	1292	1382	1333	1215	1359	1542	1440	1188	1106	370	302	338	378	361	415	393	379	390	380	393	
489.730624975115	147	163	143	119	136	126	156	144	128	118	149	151	159	141	147	148	148	131	151	150	146	126	164	145	172	135	164	162	168	143	155	159	137	163	175	189	201	179	184	169	159	190	200	161	182	210	187	61	186	194	200	227	209	213	201	266	274	240	270	260	287	259	264	305	276	278	470	438	477	421	424	441	471	493	507	484	498	1434	1453	1493	1263	1158	1360	1401	1659	1454	1455	1465	21685	15925	15752	23168	11196	21629	20655	16160	21778	12844	30200	1031	1255	1298	1366	1355	1237	1399	1484	1401	1175	1054	325	312	349	369	416	414	434	407	374	396	422	
491.679882787614	142	135	147	123	136	106	151	119	139	157	150	129	142	153	146	177	153	146	138	132	131	132	142	159	164	166	152	163	153	185	156	149	127	205	160	200	167	177	168	168	183	162	157	185	221	197	209	68	201	207	199	212	191	186	191	289	271	284	258	245	268	309	277	249	268	259	465	495	441	468	433	464	484	491	511	469	479	1500	1472	1485	1231	1155	1396	1427	1684	1398	1522	1447	21937	15946	16172	23190	11040	21167	20584	16051	21766	12856	30345	1103	1296	1254	1303	1281	1272	1420	1574	1423	1285	1086	356	337	360	354	384	405	414	399	413	385	344	
493.628515600114	122	119	148	132	130	140	134	153	141	119	129	125	158	147	150	150	152	135	153	148	155	149	156	143	154	161	141	165	173	173	166	162	152	164	160	195	155	162	147	166	167	175	176	166	202	208	201	43	210	209	222	229	204	232	229	285	246	293	256	252	307	294	285	283	268	242	458	470	489	443	456	464	492	466	483	455	495	1475	1435	1550	1265	1160	1355	1434	1733	1509	1530	1557	22006	15913	15894	23085	11114	21562	20552	16179	21592	12548	30510	1074	1176	1234	1403	1353	1223	1416	1509	1398	1245	1097	383	347	318	362	387	415	403	423	385	390	357	
495.575664037615	121	134	132	136	143	166	131	131	134	142	146	133	146	132	156	126	131	141	153	140	135	160	155	140	159	159	154	175	164	149	146	168	159	170	162	170	183	158	181	175	182	188	193	175	202	193	195	64	187	162	206	211	224	223	216	263	258	260	262	273	279	284	281	266	281	272	508	455	495	454	445	496	510	507	492	483	475	1530	1498	1665	1346	1173	1381	1443	1767	1485	1543	1500	21934	15942	16105	23215	10936	21523	20770	16303	21866	12817	30106	1108	1271	1302	1373	1420	1286	1505	1516	1459	1265	1170	335	329	342	378	406	393	418	407	424	370	374	
497.523085912615	133	132	124	138	121	138	136	145	140	121	113	139	138	146	159	165	156	130	160	144	155	144	157	169	150	146	148	148	143	165	150	146	140	215	173	175	183	171	175	179	169	180	182	172	205	204	235	55	198	211	213	209	207	212	203	300	282	288	271	279	295	306	300	291	299	281	472	432	483	447	464	473	464	477	546	489	473	1562	1497	1642	1343	1229	1410	1478	1696	1392	1576	1540	21582	16146	16016	23228	10925	21231	20456	16126	21958	12805	30803	1114	1320	1295	1426	1406	1367	1371	1518	1508	1254	1186	351	317	367	385	380	437	430	426	437	390	381	
499.469843725115	130	116	127	105	126	123	128	133	140	141	125	159	153	156	150	147	104	146	153	141	163	163	162	148	145	150	150	153	167	160	166	166	159	198	162	167	183	168	178	185	168	160	186	180	206	224	194	62	224	219	219	254	220	195	213	266	279	294	278	256	308	267	314	285	273	289	475	494	516	491	461	529	507	524	557	491	489	1598	1603	1653	1348	1250	1465	1528	1717	1597	1621	1593	21944	16053	16127	23422	11157	21266	20812	16440	21890	12893	30522	1198	1310	1320	1390	1418	1326	1429	1550	1517	1344	1209	384	375	378	393	386	436	395	430	447	379	364	
501.415156225115	124	144	117	150	165	129	134	141	161	154	129	169	125	141	163	137	133	127	129	143	162	178	138	168	175	171	152	175	152	175	161	150	136	178	182	205	183	165	176	156	178	193	177	172	208	211	228	59	201	227	203	220	207	218	224	288	292	328	281	243	291	285	311	262	304	320	503	512	534	489	492	497	529	575	495	511	542	1652	1596	1729	1402	1239	1488	1557	1767	1628	1647	1651	21744	16074	16041	23071	11406	21337	20689	16374	22240	12997	30511	1227	1322	1407	1406	1483	1318	1462	1562	1511	1303	1260	347	366	377	428	433	451	432	428	466	443	408	
503.360703100114	137	133	128	146	132	143	137	117	147	115	154	154	152	166	155	150	143	151	150	150	144	156	146	152	174	171	179	159	152	147	177	177	174	202	172	188	181	171	198	175	184	171	176	149	206	209	207	53	203	206	252	218	203	211	229	325	311	294	281	278	286	310	321	306	310	347	544	533	542	497	508	512	507	502	515	554	603	1632	1587	1693	1466	1341	1566	1685	1753	1618	1742	1747	22051	16222	16543	23311	11596	21827	21197	16859	22457	13120	30745	1297	1329	1374	1419	1508	1386	1509	1629	1518	1406	1266	371	378	420	409	413	445	475	464	444	428	412	
505.305624975115	126	122	124	134	148	135	131	138	134	139	125	133	143	163	150	137	162	155	161	153	136	133	165	166	171	183	148	177	181	145	169	183	156	187	162	184	186	186	187	170	157	192	189	201	220	212	221	48	194	228	244	240	237	260	208	265	296	311	314	292	323	279	330	304	311	340	508	588	534	521	532	567	546	577	581	528	615	1790	1721	1917	1477	1395	1682	1697	1856	1717	1675	1908	21889	16452	16583	23609	11527	21570	21443	16892	22706	13107	30969	1338	1442	1414	1533	1510	1457	1549	1632	1605	1411	1295	396	403	375	432	419	456	469	484	405	450	404	
507.249101537614	135	147	133	137	137	144	118	143	143	132	157	146	151	143	149	149	154	163	159	148	149	155	157	153	157	172	170	182	185	158	149	131	182	166	179	180	178	188	178	187	172	191	178	153	227	210	258	71	229	233	237	239	265	260	200	348	325	368	317	309	317	331	333	308	347	358	558	592	616	540	527	567	618	644	624	572	579	1840	1759	1941	1641	1482	1788	1835	2001	1732	1789	1940	22227	16441	16654	23760	11709	21738	21388	16941	22833	13480	31030	1392	1409	1536	1576	1623	1488	1611	1629	1668	1497	1338	437	391	461	469	431	493	467	464	474	470	450	
509.192773412615	152	137	148	135	139	140	125	131	149	129	148	147	160	170	144	153	164	159	188	141	152	122	149	165	180	185	161	143	174	164	160	166	158	195	201	182	183	210	178	185	217	227	184	177	240	231	267	71	236	229	249	231	227	225	237	328	350	334	317	316	334	386	363	338	358	325	619	638	617	568	606	636	637	596	605	633	627	1939	1904	1957	1786	1573	1919	1940	2089	1939	1914	2063	22548	16932	17189	23973	12004	22192	21855	17265	23073	13681	31084	1412	1476	1622	1630	1705	1626	1672	1749	1692	1560	1469	454	428	468	465	469	497	478	463	479	485	463	
511.134999975115	151	136	145	132	132	147	156	145	160	143	150	176	119	133	171	141	163	161	145	171	159	156	179	171	177	179	168	191	186	187	168	174	181	187	203	195	204	192	191	199	197	186	215	186	252	221	237	53	237	238	258	287	279	231	254	356	357	365	349	334	364	377	337	363	370	353	651	600	636	636	583	688	637	658	710	684	671	2021	2007	2059	1826	1664	2015	1981	2190	2051	2074	2269	22842	16999	17263	24091	12285	22468	21878	17696	23421	13708	31562	1539	1629	1693	1726	1738	1689	1758	1772	1801	1722	1597	461	488	485	492	510	510	479	492	495	485	481	
513.077460912615	143	156	149	152	144	150	151	129	140	146	174	181	173	159	156	160	166	177	175	164	178	171	162	179	189	183	194	180	180	153	196	182	181	180	199	221	208	196	211	207	207	219	231	208	266	261	261	56	258	261	249	304	259	284	267	380	380	361	345	352	346	373	407	401	395	384	710	713	720	649	732	731	710	760	714	744	718	2131	2347	2355	1986	1858	2225	2250	2403	2314	2336	2486	23255	17533	17712	24717	12712	23010	22430	18361	23881	14403	31791	1656	1777	1842	1885	1855	1848	1945	1954	1888	1766	1625	487	453	512	533	560	574	566	560	523	564	543	
515.019296850114	139	145	157	148	156	132	149	147	149	126	121	159	174	174	167	166	159	192	167	165	157	166	183	181	179	184	199	174	202	224	173	198	165	212	222	203	201	232	202	219	230	213	239	207	302	263	287	62	265	278	260	261	296	280	319	370	400	368	390	397	395	415	383	396	419	428	755	717	743	706	729	766	775	749	795	831	813	2402	2413	2455	2133	2035	2341	2398	2628	2413	2586	2768	23848	18175	18412	25424	12794	23400	23187	18902	24560	14942	32194	1838	1973	1897	2032	2075	1905	1954	2001	2061	1918	1773	519	534	569	556	563	592	576	552	556	537	546	
516.959648412614	151	155	140	162	130	134	127	147	138	173	142	164	197	219	164	165	166	166	167	163	152	151	210	149	216	209	197	200	195	213	177	213	208	223	203	234	214	216	219	217	218	255	249	247	275	256	268	50	295	301	264	297	294	304	322	403	393	435	430	386	453	459	420	441	475	445	898	823	841	799	834	861	865	886	860	872	919	2703	2651	2757	2373	2204	2553	2659	2832	2585	2784	3004	24327	18339	18795	25403	13139	23933	23536	19619	24976	15184	32767	1935	2047	2114	2133	2120	1986	2135	2176	2209	1977	1984	581	615	611	544	643	642	611	607	613	601	607	
518.900273412615	136	158	164	158	152	158	146	165	176	148	150	189	190	165	179	179	212	162	161	173	176	171	181	209	207	199	197	215	183	197	158	190	185	240	220	231	218	217	211	233	248	242	238	241	333	299	317	73	319	324	331	333	301	326	297	484	448	434	376	433	459	443	472	493	471	478	856	871	855	822	892	864	931	937	901	954	938	2780	2655	2747	2574	2270	2722	2722	2962	2733	2865	3149	24694	18833	19078	25922	13701	23745	23869	19984	25345	15407	32767	2055	2178	2257	2279	2123	1994	2216	2281	2297	2149	2045	649	622	635	660	674	671	643	629	666	601	693	
520.839414037615	160	165	197	171	165	165	154	151	144	142	173	179	172	189	179	175	163	176	190	205	172	166	188	196	195	213	217	219	207	198	209	197	176	232	238	218	235	232	222	248	235	274	223	237	308	314	288	56	313	298	333	316	328	323	329	429	451	486	463	464	467	470	547	502	502	487	909	892	903	899	910	954	928	962	997	943	1012	2767	2838	3005	2555	2437	2721	2851	3153	2949	3006	3349	24239	18845	18991	25711	13485	23930	23762	19933	25386	15560	32767	2065	2185	2331	2416	2243	2071	2257	2375	2358	2184	2191	665	631	621	647	692	677	685	649	658	643	664	
522.778789037613	141	173	149	145	160	157	164	160	153	145	137	180	194	184	167	166	169	156	182	151	163	174	194	164	190	181	199	212	199	196	206	191	194	242	226	227	242	245	227	236	238	239	226	234	310	309	296	57	335	311	312	316	331	301	331	455	437	423	473	435	448	458	474	497	522	499	922	888	908	841	857	861	980	961	916	1028	1000	2905	2771	2763	2508	2391	2702	2851	3037	2846	3012	3243	23956	18540	18781	25363	13252	23617	23491	19786	24551	15387	32410	2085	2122	2241	2331	2270	2092	2225	2329	2358	2205	2179	693	624	649	672	635	660	636	674	653	687	653	
524.716679662613	151	170	134	153	147	147	163	164	155	151	153	161	177	146	185	169	198	172	153	185	171	165	205	206	186	205	197	196	185	201	207	185	198	245	224	247	230	226	224	258	256	239	244	213	320	294	295	69	290	327	283	317	321	320	313	441	440	452	426	409	438	438	465	472	452	459	887	919	822	825	833	874	856	919	935	946	958	2737	2664	2729	2444	2207	2534	2554	2871	2644	2761	2947	23449	18184	18284	24977	12882	22953	23164	18998	24477	14877	32127	2026	1968	2206	2152	2119	1975	2130	2317	2208	2101	2075	637	592	595	654	644	616	599	611	626	608	635	
526.653984350114	137	136	154	139	139	129	133	147	154	138	123	164	147	165	165	175	190	146	157	163	160	162	190	182	163	194	211	187	193	193	182	192	177	209	187	220	224	220	240	209	214	213	223	213	302	263	262	63	248	258	310	272	265	294	293	414	386	395	402	369	411	479	437	424	413	417	763	801	795	738	780	779	800	811	826	802	875	2453	2366	2461	2241	1916	2319	2471	2730	2359	2417	2663	22739	17518	17456	24340	12223	22612	22625	18234	23676	14061	31391	1805	1837	1922	2056	1901	1811	1952	2146	1993	1849	1812	562	589	563	578	593	619	589	583	579	587	599	
528.591523412615	144	127	147	139	129	151	130	148	144	155	147	183	152	169	139	162	158	134	168	150	161	135	157	172	171	201	195	173	157	180	170	188	193	197	175	187	213	197	202	222	191	209	226	210	242	229	266	64	277	266	273	265	270	253	258	371	377	368	335	401	398	374	426	429	401	416	681	725	700	666	672	715	678	668	720	725	780	2230	2224	2127	1964	1759	2093	2145	2344	2041	2306	2408	22168	16785	16777	23561	11900	22015	21959	17439	22859	13218	30556	1592	1733	1691	1816	1858	1630	1835	1934	1833	1765	1626	510	503	485	519	559	506	554	537	533	517	581	
530.527578100115	141	135	117	133	132	153	132	153	140	131	148	169	131	187	123	139	149	167	155	172	169	155	172	161	166	170	182	153	177	163	171	151	158	197	160	205	173	202	211	179	185	206	222	188	244	224	229	70	224	224	239	246	237	269	245	349	345	336	298	318	341	351	346	372	352	353	615	655	582	562	600	633	634	678	667	710	691	1977	1985	2022	1669	1625	1869	1945	2151	1860	2069	2119	21429	16104	16354	22965	11440	21516	21375	16722	22207	12780	30252	1392	1580	1569	1665	1644	1547	1640	1858	1671	1571	1458	508	420	428	432	496	476	509	458	521	524	488	
532.463906225114	140	126	129	131	128	122	108	118	145	135	135	140	136	136	149	164	147	144	160	131	130	135	142	161	160	160	147	149	153	164	164	157	150	188	163	166	176	173	155	170	198	178	198	171	235	195	235	74	197	223	224	221	232	223	223	304	308	316	328	346	331	362	316	304	314	316	588	564	553	527	553	543	575	606	616	584	598	1822	1841	1823	1569	1435	1652	1705	1924	1724	1931	1904	20978	15712	15896	22740	10968	21147	20985	16247	22001	12388	29486	1364	1462	1457	1529	1505	1401	1557	1626	1580	1422	1327	377	425	414	464	459	466	450	430	483	438	436	
534.398749975115	108	138	112	140	129	141	120	138	120	147	117	128	154	148	160	136	133	142	178	139	129	148	150	157	134	177	163	152	147	167	150	178	162	177	190	175	170	195	178	175	187	204	175	176	232	196	216	61	229	226	253	250	208	246	221	298	320	290	260	274	295	303	338	293	311	296	507	557	524	503	496	547	566	494	531	562	589	1691	1655	1637	1439	1394	1584	1646	1799	1630	1659	1696	20663	14922	15490	22366	10865	20919	20656	15792	21719	12103	29090	1283	1407	1388	1461	1456	1366	1490	1528	1549	1416	1262	410	437	375	350	417	408	430	461	441	462	404	
536.332968725113	113	152	126	143	137	137	114	125	132	124	130	136	153	151	146	123	147	144	126	151	146	152	146	160	146	153	158	147	162	135	163	168	170	166	191	187	156	160	175	169	190	183	175	153	182	201	201	74	209	167	208	205	206	230	221	284	279	286	255	291	305	297	297	281	262	292	506	518	520	462	489	492	536	545	506	519	514	1605	1529	1675	1391	1295	1446	1589	1738	1510	1580	1657	20637	15264	15459	22217	10711	20524	20593	15738	21591	11951	28990	1192	1281	1330	1397	1325	1299	1398	1535	1499	1371	1186	387	367	332	423	404	461	437	412	450	386	421	
538.267421850114	122	131	142	143	126	133	113	148	133	137	151	139	137	124	120	134	113	141	147	146	144	122	145	156	123	132	148	136	112	137	128	159	134	158	161	156	160	163	176	141	184	173	169	163	195	198	197	45	203	214	214	228	196	181	208	271	298	247	290	243	292	297	296	278	303	301	498	500	502	460	519	482	479	498	516	517	515	1460	1503	1545	1313	1250	1369	1488	1659	1439	1553	1619	20631	14954	15056	21841	10394	20681	20237	15573	21380	11750	28562	1143	1261	1190	1345	1325	1211	1420	1506	1440	1291	1200	321	369	365	373	401	402	437	388	410	373	361	
540.200429662613	107	113	106	128	131	150	130	120	111	135	125	136	141	134	140	117	131	144	142	153	123	128	159	147	162	151	136	150	140	160	145	138	164	148	146	166	155	153	139	182	171	163	167	166	176	184	192	77	169	197	205	194	222	169	220	240	233	269	264	273	302	270	255	249	255	255	471	449	420	443	457	438	459	474	482	454	511	1499	1436	1561	1199	1206	1372	1395	1585	1418	1567	1497	20230	14772	14857	21881	10459	20230	20152	15283	21177	11745	28735	1091	1186	1239	1329	1358	1201	1385	1497	1478	1260	1152	331	332	357	377	381	415	396	395	407	393	359	
542.132812475114	119	158	107	128	124	139	143	109	144	124	140	141	118	135	133	140	141	124	124	149	134	147	118	151	145	160	130	158	147	138	147	149	140	144	199	170	148	172	167	171	172	150	155	148	208	194	199	65	190	188	175	200	185	213	185	259	267	260	249	233	266	261	256	273	263	272	470	395	453	400	442	466	458	491	458	455	535	1504	1460	1551	1276	1146	1335	1417	1523	1381	1525	1443	20482	14807	15013	21702	10395	20431	19952	15377	20909	11533	28585	1022	1215	1253	1307	1292	1227	1300	1493	1446	1209	1141	345	344	358	375	399	399	354	389	404	378	383	
544.064609350115	111	123	131	116	138	128	109	144	149	120	104	148	148	133	121	133	125	118	133	133	147	125	165	119	136	147	168	138	144	138	128	157	140	168	142	171	156	165	153	154	159	146	142	175	205	201	183	47	212	191	187	204	211	203	224	237	244	274	249	222	257	269	268	265	261	275	450	424	422	411	453	445	492	462	438	520	480	1389	1348	1486	1202	1135	1362	1352	1544	1336	1428	1496	20120	14445	14898	21353	10382	20341	20235	14996	20781	11569	28528	1080	1221	1141	1278	1214	1174	1263	1382	1330	1223	1128	327	336	362	344	363	368	380	426	380	383	374	
545.996640600113	117	115	124	116	109	102	111	138	114	132	114	150	141	128	150	134	121	140	127	135	104	131	157	141	129	146	163	157	145	152	137	159	138	173	165	143	160	145	161	179	140	168	161	151	186	195	208	60	193	215	201	204	213	176	207	251	238	275	249	230	249	243	253	284	302	258	443	456	463	441	393	431	450	487	454	452	434	1442	1353	1507	1242	1165	1304	1413	1495	1310	1446	1496	20095	14461	14613	21362	10387	20131	20016	14922	20740	11393	28041	1056	1128	1177	1266	1215	1221	1325	1417	1461	1244	1067	321	307	316	338	354	425	398	386	378	397	377	
547.927187475116	127	115	116	110	125	121	126	98	142	120	103	129	145	137	137	128	134	142	130	128	137	154	129	144	130	135	158	136	136	133	149	141	131	140	187	159	151	170	139	173	171	164	175	146	190	191	201	71	174	209	187	177	181	194	176	262	236	266	268	252	253	277	267	255	260	255	424	373	471	394	398	409	441	486	448	470	480	1357	1393	1445	1140	1067	1263	1341	1479	1254	1402	1400	19984	14384	14486	21016	10045	19865	19632	14707	20694	11331	27996	992	1116	1172	1242	1286	1183	1237	1412	1450	1187	1055	317	324	323	324	348	371	407	379	380	321	392	
549.857148412613	121	121	111	125	143	113	106	108	116	128	106	127	130	114	122	155	135	123	138	134	119	112	148	126	148	132	152	146	129	148	137	135	120	140	165	148	162	153	132	162	148	154	155	149	201	191	182	57	175	174	185	182	205	208	208	240	235	249	223	240	250	261	267	279	245	253	409	410	432	435	402	415	431	434	439	457	424	1336	1393	1400	1195	1070	1310	1308	1486	1275	1415	1367	19612	14146	14397	20898	9944	19638	19584	14488	20274	11221	27975	979	1178	1164	1216	1231	1207	1291	1398	1363	1169	1087	316	301	316	337	370	391	367	389	367	377	319	
551.786484350114	122	123	125	123	123	115	120	136	126	120	120	161	127	121	142	120	142	151	123	128	124	119	135	138	106	165	174	134	150	158	120	129	125	158	140	152	166	181	161	166	150	141	147	149	152	184	186	50	164	173	201	181	189	199	197	267	242	262	271	226	280	264	261	278	256	270	458	399	427	430	453	455	419	472	417	433	420	1382	1282	1412	1168	1154	1218	1302	1500	1254	1354	1301	19595	14084	14205	20978	10087	19753	19319	14230	19877	11240	27895	1014	1089	1175	1273	1273	1161	1352	1368	1298	1168	1024	348	266	342	342	333	381	351	384	360	392	355	
553.715195287616	123	128	120	111	118	134	141	122	130	101	135	138	137	118	129	154	136	147	120	121	139	139	150	117	143	126	149	143	133	144	141	127	146	165	146	157	166	154	150	146	158	145	157	162	186	176	177	55	185	165	195	177	180	213	185	250	261	242	213	237	221	274	269	231	240	270	424	434	445	367	395	393	435	469	428	438	460	1288	1332	1434	1187	1041	1271	1325	1446	1342	1291	1350	19336	13996	14083	20581	9751	19478	19066	13927	19943	11021	27653	967	1092	1132	1226	1208	1212	1328	1412	1400	1122	952	294	308	304	350	387	401	394	357	401	355	365	
555.644179662615	114	117	111	119	120	97	128	123	133	118	135	98	123	151	125	134	129	137	123	141	133	120	127	130	150	133	141	157	144	161	137	123	126	162	139	168	155	165	147	152	143	152	133	155	182	169	188	72	167	205	191	170	168	188	197	238	243	244	244	239	223	242	248	273	246	241	460	419	389	417	404	428	443	419	418	433	454	1378	1321	1378	1159	1055	1202	1316	1468	1252	1340	1355	19220	13750	14036	21097	10003	19399	19024	13916	19566	10936	28050	962	1115	1212	1240	1319	1146	1337	1388	1291	1173	1001	283	309	307	327	320	367	379	398	343	367	328	
557.571679662613	121	110	124	139	109	116	124	121	132	131	103	125	129	126	146	124	133	110	124	126	130	117	124	138	133	132	150	173	152	135	149	139	157	146	151	157	142	146	165	157	157	139	148	139	179	182	177	65	178	188	166	171	187	159	185	242	231	244	240	256	231	258	225	245	233	241	442	417	393	386	398	428	398	473	404	443	440	1347	1369	1365	1172	974	1181	1267	1440	1236	1305	1356	19186	13807	14007	20723	9714	19408	18789	13710	19740	11008	27585	915	1097	1118	1180	1278	1171	1304	1335	1301	1149	975	330	285	325	317	365	388	351	392	385	331	329	
559.498554662614	128	123	108	100	130	132	128	107	125	106	116	129	136	125	124	125	142	131	144	160	127	114	147	143	161	106	136	150	148	134	128	131	139	147	149	145	142	158	158	148	164	132	153	146	206	181	190	60	165	205	187	203	195	191	180	252	240	216	246	264	244	284	259	238	248	233	425	397	433	390	383	397	425	452	422	410	452	1334	1302	1380	1088	1020	1185	1279	1485	1197	1327	1336	19359	13721	13899	20827	9732	19308	19039	13796	19773	10939	27814	962	1067	1082	1256	1232	1158	1257	1378	1287	1124	973	285	323	346	350	361	377	360	399	365	350	349	
561.424843725115	147	125	107	139	119	118	126	126	109	114	112	101	138	124	122	160	129	124	137	123	118	122	128	149	116	125	147	149	116	158	118	140	141	163	145	163	146	140	135	141	128	148	119	150	169	183	176	62	173	178	185	179	151	183	188	225	230	239	230	243	228	250	244	264	278	255	420	375	412	400	415	394	410	463	460	430	466	1294	1343	1362	1130	1006	1145	1247	1473	1243	1251	1365	19024	13677	13802	20688	9714	19285	18716	13661	19441	10679	27557	903	1069	1103	1159	1299	1206	1280	1341	1341	1205	957	294	289	306	332	359	365	346	370	382	346	309	
563.350546850113	96	128	110	121	115	128	105	118	109	131	121	141	106	139	118	113	136	117	125	94	119	104	126	138	142	117	115	145	140	118	149	122	145	131	159	149	166	154	130	162	155	128	157	174	183	167	175	45	186	185	169	186	200	200	171	228	240	243	211	227	234	217	256	206	251	255	453	418	450	413	403	406	445	437	451	418	415	1300	1261	1381	1137	981	1193	1237	1410	1172	1219	1247	19115	13670	13612	20569	9619	19298	18939	13705	19373	10888	27742	942	1030	1085	1235	1250	1167	1198	1357	1323	1207	1045	331	284	313	328	337	352	332	409	361	340	326	
565.275624975115	135	121	114	97	109	121	106	104	118	97	120	118	145	147	124	119	121	136	142	150	133	120	139	139	149	158	136	135	134	149	140	123	150	129	157	133	136	162	131	144	154	138	153	162	163	183	183	65	176	191	167	183	183	185	178	234	265	235	229	229	236	228	253	234	242	246	408	419	447	366	377	384	396	452	440	406	405	1273	1361	1356	1128	995	1134	1257	1473	1193	1316	1299	18840	13805	13661	20493	9553	19215	18861	13597	19385	10683	27194	954	1065	1049	1169	1229	1113	1235	1357	1318	1122	940	303	315	290	323	357	391	380	389	360	367	323	
567.200078100113	113	111	103	113	122	114	90	115	117	119	116	130	124	95	134	137	128	120	110	138	109	123	143	126	145	132	128	131	134	141	114	145	135	157	157	146	133	144	146	147	162	149	146	138	151	163	156	77	189	154	183	189	187	183	194	238	242	224	240	228	264	253	243	220	230	237	423	428	433	370	416	413	426	432	386	393	403	1346	1301	1335	1057	1036	1145	1245	1383	1174	1303	1284	18781	13727	13265	20746	9606	19180	18635	13331	19146	10773	27378	953	1048	1087	1133	1240	1140	1228	1312	1370	1140	983	289	310	317	307	345	360	347	333	343	342	332	
569.123945287613	109	104	128	108	97	132	119	119	94	116	97	126	124	125	108	131	107	127	128	128	112	138	147	157	128	146	129	165	136	130	119	153	140	149	142	153	160	163	160	150	161	141	170	148	178	193	167	41	174	183	185	164	167	194	188	224	223	244	195	201	231	213	270	262	235	240	395	398	433	413	391	378	378	406	407	428	436	1251	1297	1335	1074	1070	1154	1236	1385	1175	1262	1246	18863	13322	13386	20339	9570	19007	18594	13247	18943	10907	27196	922	1001	1030	1208	1171	1134	1157	1358	1301	1158	988	309	322	318	316	335	376	349	392	348	351	293	
571.047187475115	111	128	99	118	122	139	119	128	122	100	115	134	135	125	114	128	115	132	128	103	137	130	120	162	137	137	145	120	103	150	121	133	132	135	161	158	142	147	126	144	153	153	138	159	169	173	185	69	188	165	179	183	191	178	168	231	246	224	229	217	217	240	247	242	244	262	386	406	420	374	407	384	397	416	400	425	450	1226	1384	1303	1069	1026	1115	1229	1373	1194	1254	1235	18524	13563	13402	20304	9673	19049	18797	13488	18870	10712	26996	939	1010	1061	1184	1202	1165	1263	1372	1301	1124	970	292	287	298	318	348	389	369	387	361	345	343	
572.969843725114	112	108	110	116	112	111	116	104	111	119	87	100	130	118	122	138	141	103	125	118	130	113	131	110	109	137	141	127	120	137	119	125	102	148	143	135	153	141	139	146	151	131	138	149	194	184	169	55	162	175	190	151	171	178	174	242	238	216	244	228	221	239	260	244	243	233	419	437	370	406	399	435	383	411	404	371	434	1209	1280	1353	1114	992	1144	1283	1311	1165	1334	1238	18763	13617	13476	20123	9759	19072	18583	13181	19167	10663	26998	946	1017	1106	1197	1240	1118	1263	1321	1246	1124	954	265	310	315	327	341	384	405	381	367	371	351	
574.891874975116	106	132	109	111	108	119	96	131	110	109	113	134	124	143	127	108	105	121	136	114	119	119	147	130	136	139	109	135	142	138	132	134	134	125	151	125	154	141	129	173	123	153	153	145	171	179	160	52	189	163	190	161	206	213	173	234	214	249	194	205	245	237	258	236	260	252	380	384	399	353	386	383	414	428	406	431	465	1290	1257	1342	1115	989	1177	1210	1431	1270	1230	1260	18571	13546	13548	20163	9587	18750	18634	13203	19017	10624	27269	993	1117	1045	1163	1229	1167	1222	1288	1264	1153	937	280	309	300	281	348	340	321	396	338	298	309	
576.813281225115	104	133	109	116	105	121	103	115	118	105	117	105	119	124	135	114	146	116	111	137	121	117	133	136	132	149	119	139	108	146	136	129	121	134	157	124	131	158	155	145	162	158	151	173	163	161	180	60	178	177	163	179	184	207	172	236	224	234	252	215	242	279	223	235	237	243	387	367	368	361	380	379	419	461	405	408	439	1262	1304	1331	1078	946	1184	1301	1399	1179	1184	1260	18469	13383	13353	20335	9666	19061	18667	13230	19210	10799	27177	942	1042	1014	1171	1203	1157	1168	1353	1264	1105	964	310	305	300	332	337	376	362	358	340	338	357	
578.734101537613	108	92	108	119	110	130	128	108	129	101	99	116	140	127	118	140	107	112	115	111	111	104	136	124	107	137	154	134	107	126	117	145	129	152	150	150	136	136	128	145	123	147	128	149	168	172	160	65	151	169	176	155	167	188	182	231	254	221	218	242	229	223	233	270	247	213	389	375	425	379	356	405	436	432	416	428	425	1309	1299	1288	1061	960	1146	1319	1400	1191	1296	1236	18666	13441	13375	20412	9632	18852	18375	13424	19047	10671	26780	1022	1049	1040	1191	1227	1153	1221	1343	1298	1094	967	268	314	285	332	329	361	385	374	355	330	314	
580.654335912614	99	105	107	111	121	120	114	120	100	113	135	105	126	134	103	122	131	131	115	109	119	134	131	127	116	135	114	151	130	130	137	137	118	141	116	145	143	145	129	168	144	149	146	145	160	157	157	58	189	174	170	194	177	168	171	214	247	253	220	225	222	218	264	206	244	229	421	394	406	376	404	403	410	406	396	429	418	1301	1271	1329	1065	950	1143	1221	1416	1227	1285	1243	18713	13679	13564	20490	9590	18868	18375	13538	19101	10809	27057	881	1071	1123	1177	1191	1040	1172	1296	1263	1141	932	289	296	303	309	330	371	332	364	371	341	367	
582.573085912614	114	106	112	123	113	125	139	100	113	91	109	107	111	129	107	132	133	131	115	124	119	128	134	141	145	133	148	137	147	136	143	135	138	141	156	144	135	145	167	174	149	158	158	133	180	153	168	59	164	165	159	136	179	153	170	255	232	220	176	228	233	218	233	239	253	229	378	389	400	380	362	389	446	402	380	387	406	1287	1297	1301	1071	969	1162	1298	1453	1241	1314	1251	18466	13426	13429	20180	9635	18919	18395	13586	18918	10677	26920	888	1091	1071	1195	1221	1094	1147	1321	1310	1093	965	301	260	311	306	360	380	343	364	341	330	317	
584.492109350114	122	127	108	118	112	96	100	84	129	118	130	121	133	114	128	141	131	107	111	113	125	121	126	133	119	127	147	127	131	120	142	117	119	137	141	165	144	129	144	136	126	156	148	143	186	182	158	44	167	176	195	161	163	165	165	209	233	238	224	237	226	250	248	237	226	222	396	412	417	354	377	414	387	440	426	413	425	1244	1270	1335	1070	972	1165	1226	1452	1240	1235	1321	18475	13531	13349	20188	9658	18643	18071	13630	19006	10787	26986	928	1153	1074	1170	1214	1144	1228	1289	1299	1139	933	300	277	314	317	345	388	374	351	347	325	306	
586.410507787616	96	129	117	135	104	106	114	130	98	105	125	139	128	134	127	129	116	91	132	117	114	111	128	129	121	137	145	144	131	152	142	129	136	133	136	130	146	149	141	152	142	153	142	158	178	162	171	58	160	179	147	183	168	179	170	221	202	227	212	212	232	226	228	232	227	233	403	393	343	369	422	429	386	415	426	421	388	1281	1286	1281	1034	1014	1119	1178	1417	1248	1251	1253	18715	13287	13239	20111	9571	18705	18301	13510	19108	10554	26911	955	1064	1097	1180	1210	1148	1269	1351	1356	1146	966	301	286	318	340	355	377	321	341	353	328	331	
588.328281225115	125	99	111	122	88	116	110	110	106	105	124	129	121	126	110	117	121	125	105	104	135	126	141	130	141	118	122	128	121	127	137	119	118	149	140	139	129	141	136	138	159	159	147	127	199	163	169	61	161	155	180	177	165	191	158	243	246	226	234	225	223	246	281	239	233	255	383	435	412	359	394	438	421	423	435	428	387	1253	1311	1308	1005	953	1188	1246	1370	1176	1230	1283	18065	13377	13314	20269	9591	18986	18279	13355	18950	10771	27042	973	1025	1065	1163	1233	1084	1323	1365	1408	1173	921	280	303	307	347	348	369	374	369	381	320	325	
590.245468725114	108	110	111	113	101	112	108	128	110	112	103	125	116	97	133	117	118	116	104	115	129	124	131	141	130	137	132	95	128	148	127	140	120	140	136	153	148	118	137	162	138	146	146	149	168	144	158	49	164	148	169	191	173	174	190	215	205	203	243	232	235	258	269	254	249	214	448	394	380	392	410	408	409	466	425	396	418	1318	1249	1332	1124	1009	1104	1241	1460	1240	1293	1271	18895	13483	13389	20165	9543	18779	18395	13277	18981	10699	27230	962	1080	1101	1126	1226	1095	1288	1405	1324	1156	990	271	295	314	305	344	367	345	360	354	348	312	
592.162070287613	101	109	92	130	105	107	109	116	112	117	144	112	124	94	124	114	107	114	102	105	108	88	140	125	127	134	126	131	142	155	138	118	134	139	124	135	137	139	135	165	154	158	149	144	178	168	166	49	168	178	183	156	199	165	180	223	206	250	212	207	245	257	194	232	246	237	412	422	415	379	375	440	416	443	426	418	428	1260	1273	1296	1100	1005	1125	1231	1372	1190	1231	1305	18574	13336	13402	20255	9532	18775	18235	13356	18934	10789	26640	996	1084	1057	1187	1184	1149	1200	1301	1321	1106	928	305	308	291	344	324	351	328	357	360	333	321	
594.077187475115	125	122	113	102	102	125	89	92	111	102	87	145	113	120	106	141	124	112	127	147	118	122	110	133	113	120	146	155	136	139	151	128	119	123	150	144	143	122	153	122	149	142	153	144	176	149	179	58	161	198	198	198	159	188	174	225	217	207	200	211	243	258	232	245	235	232	386	400	416	372	397	385	465	419	397	385	420	1317	1225	1289	1047	1019	1074	1186	1360	1224	1234	1251	18324	13563	13150	20095	9532	18880	18602	13367	19024	10869	27290	971	1039	1010	1202	1212	1067	1225	1403	1264	1148	961	301	305	314	326	341	366	375	357	388	372	343	
595.992578100115	111	89	112	124	116	103	122	95	114	102	114	112	129	118	111	113	118	102	129	122	112	107	131	138	124	129	130	126	105	127	113	128	122	157	112	141	152	140	145	158	141	147	115	137	172	165	183	54	148	174	180	162	151	188	160	225	231	215	205	213	231	236	252	220	228	257	383	385	422	381	414	449	421	418	405	412	408	1255	1307	1251	1056	1033	1114	1239	1427	1161	1195	1354	18120	13365	13339	20002	9385	18873	18239	13251	18939	10852	27137	930	977	1080	1167	1194	1156	1252	1329	1301	1118	983	300	301	296	331	334	364	364	358	391	350	305	
597.907343725114	128	95	100	133	102	119	107	122	82	120	98	145	114	139	112	98	103	130	119	121	107	115	123	137	124	124	128	141	134	140	123	121	129	148	148	129	154	154	164	140	158	142	165	149	178	156	178	63	173	189	156	169	179	165	189	233	240	209	206	232	233	256	231	241	246	229	429	393	398	386	398	400	397	406	445	399	468	1247	1279	1317	1055	1048	1152	1230	1447	1198	1234	1318	18292	13322	13348	20504	9385	18717	18172	13360	18658	10886	26956	919	1070	1068	1153	1196	1151	1237	1433	1250	1074	943	300	270	302	313	337	351	344	374	352	349	291	
599.820703100115	109	110	92	90	114	113	101	95	131	92	117	118	127	129	114	114	113	128	108	129	111	140	143	148	141	135	108	122	122	110	131	127	134	146	137	152	137	136	143	144	130	137	178	132	173	216	164	72	160	160	175	186	150	151	169	248	242	214	248	211	220	242	231	227	231	260	407	371	368	385	374	378	402	429	414	437	427	1280	1335	1407	1108	929	1199	1263	1488	1206	1260	1258	18690	13338	13354	20319	9496	18873	18589	13415	18875	10745	27041	927	1130	1133	1184	1194	1209	1236	1357	1272	1081	863	290	290	321	315	366	361	330	381	381	326	302	
601.734257787615	100	118	113	114	136	102	110	104	105	108	121	117	127	102	124	111	104	143	141	128	118	113	134	150	118	127	131	134	136	135	122	136	135	155	144	159	133	147	156	129	124	126	153	156	172	164	175	57	183	191	206	187	160	170	199	221	207	202	215	245	224	242	235	259	246	222	419	385	379	399	395	385	412	416	434	408	403	1271	1224	1311	1078	955	1193	1258	1550	1249	1282	1281	18513	13260	13324	20466	9581	18817	18346	13448	18847	10777	27383	925	1000	1109	1178	1205	1184	1230	1356	1344	1032	1001	301	306	304	318	332	335	390	344	381	352	335	
603.647226537614	107	96	111	114	106	112	117	129	96	98	101	133	117	149	120	103	119	122	128	128	108	105	111	125	117	116	120	130	131	129	126	134	146	154	162	147	137	146	140	156	115	137	138	139	153	188	163	60	172	171	181	190	191	160	172	224	210	236	249	191	216	227	230	237	238	223	377	374	411	366	351	427	427	461	401	398	415	1318	1263	1273	1103	982	1181	1224	1484	1232	1221	1315	18265	13320	13086	20485	9348	18599	18681	13520	18955	10760	27153	953	1062	1092	1190	1209	1185	1267	1426	1329	1146	936	297	301	285	346	337	346	380	362	341	349	337	
605.558749975115	101	126	95	133	126	102	108	121	110	97	116	138	132	118	116	109	135	124	102	124	122	133	114	123	159	123	143	106	111	130	135	136	109	135	130	135	157	144	119	120	126	163	156	150	164	188	166	65	172	194	171	183	191	151	151	209	228	241	218	250	217	218	237	255	227	228	387	397	371	353	385	368	408	425	395	444	412	1283	1317	1313	1080	1078	1173	1261	1546	1241	1311	1267	18605	13522	13364	20297	9518	18960	18548	13533	18973	10854	27538	991	1049	1096	1175	1233	1114	1253	1375	1326	1114	943	329	258	289	314	322	384	388	388	371	376	354	
607.470507787615	108	96	108	105	134	111	106	103	98	117	119	121	139	145	114	121	130	132	85	115	129	115	133	139	141	138	132	107	118	141	124	116	136	140	149	168	134	121	135	136	149	162	164	152	171	151	163	52	155	178	167	174	170	162	181	231	214	244	231	236	213	258	219	235	228	223	407	410	404	375	394	369	422	427	435	396	412	1276	1263	1303	1065	1015	1174	1287	1559	1219	1262	1298	18463	13368	13126	20289	9212	18928	18793	13856	18824	10910	27370	973	1101	1066	1219	1262	1085	1235	1407	1401	1133	956	279	293	335	353	377	341	360	360	367	375	327	
609.381679662612	96	114	124	108	98	112	98	98	111	119	122	124	101	121	114	124	130	103	121	115	131	100	125	116	132	129	109	122	141	134	132	141	122	131	144	151	168	152	104	145	142	141	145	146	153	148	169	48	196	181	183	182	174	161	173	239	229	226	221	214	243	246	250	243	256	234	352	374	421	380	385	423	365	421	397	423	406	1269	1341	1380	1114	979	1226	1231	1540	1312	1239	1280	18566	13498	13352	20360	9450	18855	18439	13955	18888	10961	27528	979	1129	1038	1164	1245	1180	1270	1445	1358	1213	987	303	299	308	312	332	338	349	374	360	386	349	
611.291367162616	110	119	105	87	94	109	98	109	108	86	108	113	130	123	117	116	134	110	106	114	124	140	115	123	151	131	154	124	138	141	140	128	129	139	150	172	135	157	126	139	146	156	151	141	176	192	167	72	182	197	183	181	171	186	174	237	220	256	221	214	242	276	236	227	218	245	422	385	409	389	374	397	456	418	406	419	437	1319	1211	1338	1081	1026	1237	1268	1529	1257	1313	1239	18709	13603	13479	20317	9493	19557	18668	13870	18862	10865	27537	983	1125	1114	1209	1210	1196	1193	1477	1413	1169	951	290	298	317	303	365	352	368	370	337	326	332	
613.201328100115	92	111	109	99	112	112	112	112	116	109	87	117	102	123	105	124	111	131	118	105	138	120	117	128	114	127	134	118	118	118	136	133	130	141	126	137	160	144	145	166	149	163	135	147	156	174	154	62	196	163	178	177	193	193	163	226	236	228	192	205	230	229	272	238	245	231	411	428	408	394	388	409	419	461	414	423	407	1311	1337	1356	1128	997	1213	1182	1531	1206	1329	1330	18966	13847	14001	20685	9763	19354	19079	14274	19351	11188	28283	1017	1180	1186	1212	1232	1098	1319	1486	1362	1194	1015	287	310	302	341	348	370	359	371	344	342	345	
615.109843725113	103	120	120	85	113	100	89	116	89	115	98	113	88	112	110	114	111	130	103	110	118	109	145	120	130	156	134	129	140	134	139	122	136	119	125	134	143	140	133	154	153	142	153	143	166	164	146	65	176	177	169	168	217	170	165	186	220	227	233	218	246	257	239	217	247	234	430	368	440	405	381	430	415	396	415	429	398	1311	1264	1341	1166	1015	1257	1343	1410	1262	1261	1304	19179	14055	14095	21088	9788	19663	19188	14411	19324	11259	27834	1045	1087	1155	1199	1195	1172	1282	1510	1365	1141	973	322	308	321	342	326	355	352	362	353	322	318	
617.018593725114	110	120	142	112	105	110	122	104	117	105	126	124	146	108	105	124	117	110	99	132	132	118	136	130	141	130	143	114	119	121	127	113	112	124	129	140	134	157	134	138	137	119	163	128	141	192	170	65	178	178	176	182	177	184	154	213	228	256	235	197	218	261	243	252	244	219	415	409	428	361	387	412	432	429	405	419	427	1279	1273	1365	1073	1015	1223	1253	1462	1257	1302	1267	18794	13597	13546	20762	9856	19616	19052	14157	19324	11046	27929	958	1100	1239	1149	1226	1216	1244	1443	1437	1128	1011	302	309	309	366	338	372	381	355	396	358	348	
618.925937475115	97	115	108	119	105	109	98	108	116	117	93	122	133	104	131	120	126	115	117	111	127	97	125	111	122	133	123	112	162	131	123	141	129	139	150	154	162	143	157	138	156	139	130	144	165	185	148	69	148	166	166	193	156	218	169	222	221	204	226	240	234	262	282	262	238	224	396	393	435	353	380	421	425	448	400	433	403	1291	1213	1368	1169	1064	1243	1292	1466	1276	1320	1320	18487	13794	13334	20690	9573	19705	18987	13927	19207	10968	27256	961	1074	1171	1208	1219	1234	1254	1453	1327	1094	982	295	313	322	354	336	354	388	386	383	331	321	
620.833476537615	123	109	95	113	119	111	112	130	86	114	90	127	115	121	143	118	130	117	126	117	123	132	142	136	116	127	131	126	142	134	139	130	138	122	144	138	125	134	139	161	124	180	133	126	169	163	172	55	181	189	177	191	175	189	167	222	220	226	204	226	270	227	244	253	242	215	429	404	386	399	381	418	437	461	391	393	435	1233	1296	1395	1072	1002	1233	1217	1457	1168	1308	1305	18379	13768	13588	20798	9534	19508	18892	13949	18927	10926	27695	991	1109	1088	1251	1234	1219	1330	1415	1312	1100	1034	319	300	337	355	352	357	372	387	364	344	308	
622.739609350114	123	112	101	107	101	131	115	118	98	107	106	120	108	113	117	103	131	125	138	127	124	134	126	125	139	120	133	118	128	127	137	122	127	133	154	139	123	144	149	147	161	147	156	134	173	158	170	69	178	189	182	172	157	173	169	236	253	193	198	240	235	222	246	245	227	222	421	410	381	407	377	403	445	461	428	390	423	1292	1295	1390	1159	1097	1239	1308	1475	1258	1322	1314	18746	13745	13393	20704	9618	19485	18813	14006	18907	10876	27325	1000	1143	1172	1248	1227	1148	1306	1451	1366	1111	1040	285	296	329	347	335	371	370	367	380	347	352	
624.645976537613	91	119	106	104	122	111	111	99	109	120	109	104	129	121	121	127	113	97	145	141	122	118	125	131	115	131	122	120	121	130	128	148	142	139	147	140	145	147	141	157	137	145	121	140	169	159	169	63	166	193	188	183	179	179	183	231	214	221	258	233	237	238	239	213	264	255	424	406	399	377	419	404	435	449	423	413	410	1273	1309	1389	1091	1034	1300	1353	1451	1268	1390	1327	18701	13629	13789	20686	9531	19230	19233	13955	19042	11095	27727	988	1122	1157	1188	1198	1207	1311	1414	1354	1119	976	311	279	352	341	371	406	355	387	391	343	335	
626.550898412615	108	111	103	98	119	97	115	104	123	120	110	133	102	125	111	103	115	105	126	111	108	113	120	131	127	117	134	152	129	135	129	129	125	150	145	129	149	138	141	158	154	126	137	126	154	163	166	44	183	174	184	184	200	170	184	220	235	255	243	217	242	223	216	230	231	226	414	456	416	378	429	402	464	426	420	448	438	1295	1308	1364	1164	1021	1268	1320	1440	1305	1309	1340	18950	13574	13729	21000	9703	19554	18779	13991	19240	11042	27645	1052	1119	1219	1279	1241	1218	1292	1502	1421	1145	983	323	312	321	327	338	376	374	413	392	370	334	
628.455195287615	104	93	94	105	126	122	134	103	108	111	138	119	118	107	124	122	119	116	113	121	148	144	130	137	126	132	137	124	113	126	132	129	118	150	154	158	162	153	171	129	134	165	134	171	213	182	170	67	184	166	175	196	180	197	168	240	265	220	250	233	245	267	282	250	218	239	453	434	440	425	376	418	447	485	456	430	469	1341	1407	1497	1228	1147	1334	1390	1495	1369	1421	1500	19110	14089	14034	21490	9697	19574	19116	14367	19401	11527	27918	1084	1213	1242	1346	1325	1222	1388	1541	1435	1191	1135	325	299	328	364	384	395	393	357	413	405	374	
630.359765600115	115	125	108	123	106	121	106	90	110	118	124	101	129	137	137	99	119	111	143	121	137	124	125	137	150	145	127	137	156	165	155	127	139	139	132	150	147	154	151	145	147	145	140	143	177	168	163	61	198	162	187	200	200	206	168	257	269	218	248	275	257	267	272	306	272	257	414	473	448	446	475	493	500	497	498	530	489	1495	1465	1597	1300	1197	1400	1533	1610	1495	1542	1563	19374	14374	14404	21343	10019	19704	19868	14882	19722	11613	28280	1161	1281	1295	1385	1372	1285	1392	1538	1473	1327	1102	328	355	373	372	374	385	420	417	426	408	382	
632.262890600115	121	134	87	102	106	94	116	121	96	106	109	117	130	134	115	109	108	121	124	116	114	112	121	114	131	146	113	139	149	157	166	156	109	133	142	142	133	138	148	160	140	164	158	133	176	170	188	51	172	182	178	199	233	212	189	247	261	262	251	226	262	279	254	255	240	305	451	451	469	431	442	480	515	485	512	449	452	1445	1512	1521	1248	1148	1437	1501	1602	1447	1461	1485	19289	14120	14194	21448	9791	19683	19202	14468	19750	11358	28002	1106	1223	1322	1410	1322	1296	1349	1537	1481	1335	1175	352	345	369	389	401	434	401	438	382	424	396	
634.165429662615	139	121	90	108	113	129	112	128	110	120	128	128	119	109	125	102	122	122	104	130	128	109	134	140	156	119	129	116	130	118	135	132	113	126	159	171	157	152	153	142	134	165	154	145	169	207	197	65	178	194	161	167	167	180	179	243	203	287	246	231	242	259	258	258	252	261	410	425	404	402	410	431	418	479	459	438	455	1381	1353	1415	1144	1054	1336	1395	1475	1389	1387	1463	18728	13989	14020	21349	9604	19632	19321	13934	19538	11048	27652	1081	1203	1207	1288	1293	1194	1322	1480	1448	1233	1029	353	310	345	366	408	355	392	421	429	371	383	
636.068164037615	106	121	113	112	115	87	96	116	102	116	85	103	99	118	112	134	119	120	118	110	102	131	129	131	126	137	118	135	134	129	119	140	134	137	147	144	143	124	153	152	141	146	145	136	153	181	163	53	173	162	169	191	146	179	185	207	228	229	223	256	246	251	236	249	252	239	409	422	438	392	429	394	428	474	425	426	427	1290	1347	1387	1119	1078	1295	1283	1441	1335	1370	1353	18780	13670	13509	20864	9425	19259	19107	13938	19040	10793	27397	1061	1127	1182	1221	1261	1237	1255	1490	1381	1192	1013	300	306	356	363	363	375	360	353	380	391	352	
637.969531225115	111	114	98	118	99	124	141	113	113	104	101	135	118	138	122	108	105	128	122	131	119	82	137	119	127	131	113	147	133	139	129	117	136	137	131	141	141	143	135	169	159	139	146	143	165	169	168	50	188	191	146	148	171	166	163	221	235	223	237	231	231	229	254	237	224	271	443	398	411	399	355	456	398	470	451	365	453	1287	1299	1322	1114	1030	1256	1255	1413	1290	1344	1354	18496	13577	13734	20496	9447	19144	18939	13947	18870	10846	27349	1114	1126	1182	1284	1225	1168	1245	1432	1364	1131	1073	343	327	340	330	353	363	368	441	368	360	320	
639.870234350115	104	113	105	92	101	122	100	108	103	108	100	118	119	124	112	117	117	114	103	120	138	137	121	131	136	130	138	124	123	149	125	93	127	144	140	155	136	135	129	138	175	129	133	122	160	198	197	59	180	150	166	169	165	175	157	237	220	234	249	217	234	245	231	239	234	236	407	381	424	405	376	416	453	437	415	448	415	1247	1277	1375	1114	1054	1277	1308	1424	1249	1357	1299	18488	13723	13676	20688	9593	19343	18729	13811	18911	10768	27344	1006	1103	1174	1261	1225	1152	1273	1489	1383	1142	987	291	312	322	345	360	385	385	399	377	379	329	
641.771210912615	105	107	121	106	107	88	119	112	139	99	91	102	126	111	130	131	118	126	120	115	122	136	113	122	120	131	120	130	123	133	123	131	125	136	116	138	135	146	122	150	146	145	128	157	157	153	178	66	173	162	193	169	177	164	170	261	216	217	213	206	238	257	254	232	244	223	370	409	422	391	345	415	398	438	442	425	450	1335	1307	1367	1090	1001	1264	1297	1401	1246	1352	1267	18445	13519	13420	20731	9510	19111	18961	13896	19165	10864	27309	1017	1149	1175	1258	1202	1135	1330	1473	1388	1177	1028	295	303	333	339	373	389	380	366	379	371	345	
643.670781225115	114	94	130	109	103	105	93	121	97	101	106	124	110	125	112	124	100	132	94	130	117	107	131	122	148	121	130	120	140	152	142	135	124	147	117	130	150	142	156	141	156	119	147	158	145	181	175	49	188	181	160	180	171	168	189	222	192	251	201	211	245	248	230	264	250	233	446	421	399	372	383	394	414	453	438	375	431	1370	1357	1306	1085	1027	1311	1341	1404	1341	1334	1290	18847	13522	13480	21097	9552	19072	18754	14030	18847	10883	27307	1033	1117	1109	1341	1264	1173	1307	1481	1369	1198	996	315	273	331	346	329	354	358	382	377	380	323	
645.569726537615	117	119	131	131	103	108	119	131	111	89	114	134	113	113	109	105	130	122	108	102	110	85	98	115	124	125	124	142	112	125	133	114	113	116	143	122	160	147	145	152	145	157	137	152	190	162	178	67	152	180	166	185	176	186	193	219	225	226	225	233	231	222	239	244	236	240	392	393	411	369	400	398	444	425	401	403	432	1298	1300	1334	1050	1022	1292	1308	1400	1307	1360	1308	18539	13553	13507	20578	9504	19208	19041	13969	19234	11115	27295	1006	1126	1134	1228	1283	1179	1300	1423	1372	1194	1019	296	294	290	362	370	384	386	351	386	328	339	
647.468085912615	117	139	115	109	116	109	111	101	104	118	112	115	128	89	130	110	125	122	122	114	119	98	114	114	151	144	99	124	121	142	132	110	105	168	166	123	131	150	128	144	145	152	134	133	169	163	170	53	158	167	184	175	163	179	167	221	219	246	212	228	263	258	246	245	224	224	423	421	399	427	405	407	413	420	431	399	408	1242	1283	1346	1094	1031	1271	1340	1440	1267	1381	1310	18419	13643	13563	20721	9459	19336	18812	14266	19022	10820	27538	1040	1147	1190	1272	1290	1128	1280	1441	1379	1155	1003	304	315	331	404	375	396	390	375	368	373	322	
649.365820287614	109	92	126	74	99	104	90	122	121	104	97	129	114	107	106	114	113	98	111	105	99	97	146	109	132	115	121	142	128	124	134	132	118	154	128	130	130	123	137	158	157	133	118	133	182	145	171	47	158	182	144	163	180	168	164	226	210	244	205	217	250	235	232	231	231	231	415	426	409	363	364	423	408	457	402	428	414	1276	1318	1378	1133	1102	1246	1294	1533	1287	1359	1258	18636	13551	13333	20690	9519	19330	18794	13957	19146	10809	27485	1040	1074	1166	1349	1273	1163	1269	1459	1395	1145	988	315	289	313	341	335	387	365	406	381	343	346	
651.263828100113	115	122	91	106	90	122	113	107	114	84	124	109	124	103	95	114	128	106	104	123	111	99	119	128	120	125	134	130	106	128	120	118	131	147	131	148	145	136	150	147	147	135	138	135	183	147	207	72	175	156	173	174	170	171	178	230	214	221	230	230	200	241	243	231	237	250	425	374	409	411	398	425	448	455	384	445	422	1329	1264	1370	1089	1011	1201	1310	1465	1323	1390	1313	18699	13671	13188	20452	9322	19135	18802	14043	19132	10758	27560	1004	1140	1174	1316	1256	1221	1269	1451	1347	1163	1048	335	266	301	356	373	345	379	361	411	393	340	
653.160390600115	105	78	109	122	128	120	98	110	103	105	83	108	129	102	111	103	106	91	115	106	114	130	111	134	134	119	112	138	124	128	130	133	114	137	126	155	129	137	142	151	151	143	135	153	180	183	161	46	189	171	186	167	135	166	171	224	231	234	228	223	207	243	248	200	245	235	351	404	401	390	389	423	418	442	433	420	417	1348	1317	1367	1146	1046	1249	1279	1498	1293	1288	1286	18413	13492	13298	20637	9349	18927	18619	13913	18937	10907	27387	995	1090	1199	1279	1236	1176	1252	1410	1354	1172	976	302	309	306	343	354	388	373	392	402	379	374	
655.056367162615	110	96	100	103	103	112	107	108	107	109	121	121	127	108	103	83	125	100	125	116	98	129	139	119	120	125	120	94	111	144	125	110	130	150	133	127	151	133	140	143	136	140	150	143	163	158	156	54	163	191	168	161	174	166	155	252	228	226	224	212	232	245	233	252	251	243	400	408	411	409	384	420	455	416	425	385	454	1324	1287	1378	1131	1097	1189	1315	1500	1331	1350	1323	18483	13390	13120	20533	9374	18837	18725	13755	19000	10897	27599	1069	1081	1210	1203	1254	1128	1314	1408	1342	1231	986	320	322	329	350	339	396	376	393	399	336	347	
656.951718725115	83	126	120	93	112	117	119	115	87	103	109	109	118	100	105	114	118	130	128	116	109	118	117	130	125	118	128	131	99	118	108	133	133	145	137	137	138	133	158	120	115	122	153	118	183	141	161	75	147	161	151	190	176	181	167	256	199	197	197	221	231	274	240	207	267	239	400	416	395	366	375	384	435	439	423	405	423	1310	1303	1371	1130	1043	1212	1330	1541	1344	1318	1290	18711	13438	13134	20653	9521	19020	18762	13742	18783	10797	27551	1010	1132	1125	1254	1249	1181	1283	1423	1343	1102	972	337	281	272	348	382	371	398	386	377	356	344	
658.846562475113	97	114	96	99	109	94	106	82	132	113	111	112	116	110	114	98	108	114	106	88	120	86	134	124	113	106	132	94	114	130	148	112	139	148	143	140	147	143	141	140	115	122	146	156	166	162	173	43	163	159	165	183	168	157	175	225	222	224	224	252	227	247	253	233	236	231	416	408	370	393	397	422	436	436	479	413	427	1268	1256	1397	1132	1066	1206	1219	1447	1355	1351	1328	18647	13167	13324	20582	9297	19001	18875	13731	18597	10706	27757	994	1143	1157	1162	1213	1164	1287	1423	1363	1179	1040	285	316	327	310	365	345	361	349	354	352	349	
660.740703100115	96	90	95	100	94	88	111	119	89	120	113	114	112	101	100	114	105	92	105	120	118	124	135	137	121	121	115	135	128	133	108	134	123	126	90	147	139	140	141	130	143	113	133	147	157	152	145	59	169	174	177	182	172	160	170	220	204	226	233	205	230	251	232	245	235	253	397	420	417	384	404	427	398	449	438	422	443	1326	1314	1308	1175	1027	1279	1294	1473	1298	1260	1279	18922	13188	13230	20463	9452	18834	19014	13551	18831	10789	27753	1021	1171	1147	1223	1276	1130	1272	1416	1312	1196	991	299	342	323	355	377	401	361	363	350	348	343	
662.634296850114	124	101	100	132	110	122	85	108	101	91	100	115	132	109	117	92	88	111	108	110	95	125	126	119	127	127	116	138	122	106	116	104	110	133	159	167	139	127	143	123	143	152	130	136	168	191	180	53	157	162	160	176	163	182	172	247	220	233	195	239	227	249	242	210	239	236	412	403	402	386	373	384	439	447	400	407	394	1261	1351	1411	1125	1051	1218	1286	1482	1275	1308	1257	18619	13167	13497	20868	9241	18898	18568	13852	18824	10926	27435	1002	1119	1164	1221	1245	1121	1228	1397	1373	1219	1024	336	306	332	377	342	356	367	386	384	341	346	
664.527343725116	103	98	96	109	115	113	74	90	107	106	100	106	113	119	107	111	112	95	109	109	115	101	115	125	104	140	117	114	130	146	106	126	111	138	157	117	132	142	155	178	157	111	130	131	140	183	149	49	166	168	177	168	172	181	186	218	232	214	255	204	239	274	235	241	231	233	405	390	401	386	418	385	393	411	417	413	438	1262	1249	1356	1097	1000	1180	1270	1512	1312	1375	1351	18831	13122	13482	20748	9345	19057	18793	13771	19007	10943	27352	979	1102	1173	1225	1304	1214	1273	1364	1310	1237	1021	300	299	318	346	380	382	370	403	360	344	335	
666.419687475114	103	97	87	113	99	96	107	125	112	114	72	89	92	114	119	99	97	93	115	113	93	114	136	130	120	123	121	140	129	121	113	122	126	143	123	147	116	145	131	155	145	133	154	144	158	187	164	51	185	158	146	160	149	177	164	215	240	230	206	202	209	251	254	240	226	224	426	418	416	394	398	420	422	457	424	430	406	1303	1327	1391	1190	1074	1167	1285	1460	1338	1324	1314	18921	13307	13333	20533	9282	19014	18778	13944	19101	10893	27481	1029	1102	1141	1298	1265	1179	1280	1427	1382	1184	1020	318	311	317	355	360	387	360	377	370	362	325	
668.311562475114	95	112	94	100	103	114	121	111	114	105	98	128	137	116	119	122	112	117	109	109	124	116	102	149	124	135	139	130	143	109	133	127	99	144	140	143	141	154	139	132	139	131	142	133	170	193	172	56	177	148	172	149	196	190	157	223	237	229	169	198	243	240	228	245	224	239	395	423	447	365	377	352	415	470	416	413	423	1368	1328	1365	1150	1022	1265	1249	1518	1359	1340	1301	18878	13371	13484	20721	9373	18873	18986	13847	19089	10734	26964	1088	1148	1154	1296	1208	1207	1276	1379	1328	1222	1026	316	324	327	347	398	386	398	376	400	377	360	
670.202734350114	104	107	101	114	91	115	111	88	102	82	94	91	107	136	125	107	110	108	110	106	106	114	112	125	128	140	138	136	122	128	119	114	102	124	135	168	121	124	130	144	149	136	104	126	153	141	165	67	147	180	170	161	169	154	170	245	219	219	238	242	220	254	225	227	275	247	398	457	418	406	394	426	419	432	443	427	449	1281	1316	1302	1107	1050	1253	1289	1478	1284	1410	1316	19041	13221	13435	20464	9402	18888	18829	13906	18866	10928	27265	1008	1175	1149	1351	1363	1191	1280	1422	1350	1234	1042	312	301	309	333	356	390	377	365	387	377	363	
672.093359350114	103	101	111	91	104	97	107	116	111	106	128	116	110	105	115	123	101	117	115	107	109	116	135	94	140	124	112	141	127	121	109	125	110	125	137	142	142	142	145	137	137	136	142	152	165	170	167	59	194	212	180	178	181	168	167	231	225	221	240	233	227	230	239	258	233	230	365	411	419	381	377	437	448	435	373	417	448	1280	1304	1357	1088	1042	1241	1251	1444	1324	1355	1328	18369	13337	13423	20411	9259	18847	19020	13646	18643	10872	27100	1029	1123	1163	1236	1257	1191	1233	1435	1405	1189	1023	298	304	302	368	364	355	399	383	401	342	337	
673.983437475115	120	116	69	97	105	114	117	106	91	83	103	88	107	110	111	105	122	116	107	128	126	110	124	133	129	107	109	130	132	95	134	96	121	136	154	175	133	152	149	141	153	141	131	133	160	177	161	69	177	165	172	172	178	164	150	217	209	220	243	231	251	222	244	218	221	225	368	384	409	372	360	403	413	453	407	431	399	1345	1293	1381	1175	1058	1237	1304	1491	1253	1400	1306	18708	13307	13765	20461	9507	19241	18922	13880	19012	11012	27504	1061	1162	1195	1279	1312	1234	1268	1430	1455	1224	1047	290	294	310	336	397	362	362	354	411	380	337	
675.872890600114	104	99	117	109	93	82	99	111	107	97	90	109	113	110	128	132	112	95	117	121	114	107	97	124	119	149	121	115	112	133	127	145	120	160	149	160	141	147	140	122	142	149	124	135	155	182	163	61	173	189	190	164	161	186	184	241	238	232	223	247	255	243	257	250	236	234	405	414	433	408	389	404	464	466	450	448	424	1306	1363	1375	1109	1114	1235	1292	1524	1321	1481	1358	18531	13276	13641	20700	9518	18848	19038	13944	19218	11258	27073	1035	1220	1183	1313	1314	1213	1314	1449	1361	1210	1032	284	321	320	335	341	390	381	387	396	402	362	
677.761718725113	115	99	102	96	78	125	105	114	105	85	92	124	106	116	113	122	104	114	110	93	110	102	127	119	137	117	140	110	124	110	114	121	125	126	136	149	137	147	140	130	114	143	141	131	167	149	166	48	207	169	183	187	155	169	164	257	241	229	243	224	235	238	241	252	252	249	421	444	428	400	421	403	394	457	458	410	437	1401	1338	1403	1110	1087	1257	1302	1425	1247	1414	1348	18541	13314	13763	20624	9539	19094	19026	14345	19068	11275	27681	1067	1148	1214	1317	1294	1190	1280	1520	1376	1202	1056	325	288	343	331	374	326	382	399	405	386	349	
679.649999975114	119	125	104	109	116	105	98	95	103	98	113	93	133	111	105	94	145	98	124	121	120	99	142	116	131	130	147	116	117	106	115	110	116	147	143	128	130	145	139	136	162	165	157	147	179	189	152	69	195	185	201	168	163	175	151	204	247	224	240	229	268	253	233	274	238	245	415	416	436	404	427	431	411	472	459	393	466	1407	1367	1437	1169	1120	1234	1356	1585	1315	1475	1381	18732	13606	13819	20588	9540	19369	19154	14440	19251	11387	27310	1050	1201	1199	1334	1287	1227	1345	1495	1430	1221	1060	342	316	341	345	359	407	378	387	382	354	376	
681.536874975114	98	100	121	107	108	116	86	110	114	99	97	96	111	113	127	130	109	131	115	123	98	111	100	125	116	143	122	115	111	131	123	115	113	141	141	146	165	161	141	140	133	123	137	121	154	175	173	58	164	172	189	162	174	184	163	224	237	245	240	220	253	234	264	255	233	255	402	404	418	424	437	421	490	434	453	438	510	1430	1494	1432	1245	1161	1286	1331	1515	1395	1416	1389	19016	13763	14133	20857	9807	19390	19440	14552	19673	11305	27341	1009	1202	1245	1401	1339	1189	1317	1557	1400	1254	1074	331	315	349	376	383	416	396	426	412	366	346	
683.423984350116	112	105	92	105	86	105	101	115	96	108	97	116	106	116	92	100	106	76	111	115	110	108	155	135	151	133	128	147	127	126	119	137	135	149	123	147	133	139	139	138	181	134	154	158	169	192	172	54	190	172	190	188	181	145	182	225	214	235	245	229	276	262	253	239	236	280	421	437	474	385	461	417	417	496	425	444	461	1462	1470	1453	1219	1165	1341	1375	1592	1415	1450	1477	18870	13883	14237	20922	9992	19673	19642	15020	20008	11569	27977	1088	1209	1276	1335	1333	1208	1367	1494	1494	1332	1158	342	331	322	345	369	420	412	441	395	377	360	
685.310468725114	114	125	123	102	93	116	96	89	108	122	100	127	147	112	113	102	126	116	113	127	115	120	121	146	129	139	153	132	129	107	146	125	128	156	133	140	128	145	150	144	161	169	147	133	181	213	190	65	175	184	168	197	197	183	163	238	250	273	254	263	248	265	238	256	242	280	422	497	468	406	423	465	503	504	517	469	499	1486	1478	1530	1331	1132	1382	1426	1595	1384	1513	1522	19543	14406	14774	21439	10112	19776	19753	15571	20311	11745	28026	1151	1334	1281	1348	1316	1293	1408	1642	1510	1329	1153	354	343	353	392	393	421	427	409	405	379	371	
687.196328100115	110	95	114	121	121	108	99	117	112	99	77	102	98	115	127	128	122	120	137	89	131	109	121	121	123	127	125	125	113	138	127	146	124	151	143	145	157	139	146	133	156	157	143	172	169	157	206	55	166	173	226	169	162	179	196	229	275	247	271	261	262	269	281	267	279	296	422	504	465	495	436	449	475	533	488	512	505	1538	1532	1608	1263	1215	1385	1506	1697	1529	1605	1638	19619	14661	15394	22187	10536	20346	20746	15892	20820	12482	29093	1080	1335	1305	1496	1393	1329	1470	1622	1539	1432	1222	365	362	353	390	377	456	404	431	424	426	393	
689.081640600114	91	106	89	95	105	106	104	105	105	93	116	111	115	111	104	97	119	114	117	117	121	104	137	146	157	131	112	121	137	125	110	128	117	135	143	156	147	144	150	158	156	161	138	143	211	212	177	63	201	215	187	188	175	184	172	262	255	257	273	262	273	284	278	295	292	274	485	462	467	445	498	491	515	527	521	478	522	1608	1589	1613	1375	1255	1510	1516	1743	1541	1743	1713	20159	15238	16206	22832	10793	20905	21373	16931	21933	12996	29790	1265	1385	1437	1546	1529	1333	1496	1657	1550	1387	1263	364	351	345	423	387	457	443	423	453	400	386	
690.965546850113	123	127	108	114	105	133	132	112	115	112	103	108	117	121	118	107	125	103	110	128	106	138	143	119	136	140	120	150	146	131	132	145	112	142	176	159	139	148	179	150	162	146	149	148	210	171	205	72	176	198	196	207	173	227	205	278	243	272	268	268	258	302	307	273	306	299	498	502	520	452	473	487	541	537	543	571	550	1647	1637	1725	1459	1367	1544	1635	1841	1664	1809	1753	20751	15714	16793	23275	11409	21892	22137	17853	22608	13390	30627	1306	1461	1480	1603	1488	1434	1531	1702	1700	1478	1400	394	380	406	423	451	428	461	475	485	455	422	
692.849687475114	115	94	113	117	97	107	100	103	118	100	111	107	125	132	121	120	107	108	131	109	120	117	114	132	117	131	128	135	142	134	130	139	126	173	157	156	160	155	169	157	168	141	156	163	197	189	178	49	192	215	183	181	181	179	226	285	297	275	287	245	269	291	308	298	302	254	464	522	573	541	509	481	514	568	568	533	565	1697	1728	1883	1519	1445	1542	1762	1929	1734	1853	1881	20730	15899	17109	23657	11358	21720	22033	17912	23203	13714	30943	1369	1516	1527	1609	1573	1416	1581	1691	1683	1481	1446	402	397	447	458	445	445	506	479	509	454	467	
694.733281225115	126	101	118	137	114	120	114	117	105	104	102	124	107	123	123	119	132	111	122	98	144	110	143	138	131	148	137	137	162	134	132	140	127	157	145	152	156	148	130	143	161	166	138	168	163	188	207	63	206	221	196	218	188	197	184	245	295	283	266	245	310	294	283	284	317	285	518	515	539	521	518	546	520	593	567	576	564	1805	1698	1739	1487	1444	1564	1700	1922	1719	1763	1829	20488	15519	16565	22519	11131	21286	21666	17376	22102	13307	30388	1382	1543	1580	1623	1558	1423	1605	1727	1659	1577	1358	367	400	412	433	454	480	432	474	434	461	470	
696.615390600115	111	106	131	118	127	132	126	111	124	97	118	103	136	112	137	118	130	126	118	116	113	115	128	124	121	128	138	132	129	128	143	128	120	146	172	155	150	158	149	178	168	175	164	159	201	203	213	59	191	200	189	223	179	208	192	287	285	282	260	275	273	289	303	265	313	299	522	470	510	502	476	518	501	569	560	554	587	1672	1763	1686	1458	1339	1632	1698	1859	1700	1862	1720	19764	14752	15611	22034	10539	20386	20545	16232	21042	12478	29212	1352	1524	1487	1541	1529	1309	1592	1719	1641	1497	1327	384	421	448	433	450	498	449	464	423	473	456	
698.497812475114	97	124	99	121	105	112	124	102	106	118	101	109	135	138	113	123	131	121	131	124	117	111	130	118	142	153	139	145	129	154	128	145	137	144	167	140	162	153	158	168	155	130	148	162	198	213	192	63	188	192	203	204	202	218	217	252	251	279	331	267	287	288	274	321	305	287	498	539	513	490	532	484	521	553	562	513	563	1690	1619	1663	1370	1321	1504	1589	1827	1600	1753	1755	19000	13864	14480	21215	10070	19937	19970	15018	20050	11709	28079	1276	1370	1449	1447	1457	1335	1473	1557	1545	1406	1242	366	372	403	394	427	427	419	455	447	431	418	
700.379531225113	106	110	97	112	112	93	121	123	105	90	102	131	121	104	124	114	113	124	130	120	120	102	141	115	135	134	131	140	137	119	120	150	121	154	133	146	139	156	151	164	155	135	149	141	178	173	152	56	186	197	193	198	180	171	196	271	265	283	283	284	237	256	290	259	306	255	499	508	471	440	428	508	534	549	483	526	509	1608	1482	1640	1336	1258	1444	1487	1663	1544	1634	1606	18502	13930	14194	20910	9803	19661	19291	14531	19488	11449	27309	1198	1342	1351	1422	1366	1263	1393	1518	1530	1338	1190	335	367	345	366	420	450	421	390	418	400	414	
702.259921850115	118	114	107	112	93	95	113	105	104	101	114	103	111	129	124	128	107	149	122	109	123	108	124	102	122	124	165	120	116	114	115	134	115	145	140	140	162	154	164	135	155	158	137	149	185	178	174	50	205	176	178	206	216	195	183	249	283	231	229	253	265	256	258	258	262	264	469	464	485	425	427	488	494	492	499	488	510	1447	1482	1558	1309	1201	1413	1412	1559	1439	1567	1496	18294	13403	13854	20724	9500	19158	18958	14226	18977	11229	27160	1106	1272	1266	1349	1361	1243	1322	1417	1456	1290	1179	338	331	338	384	415	399	397	404	400	385	389	
704.140546850114	105	102	105	106	109	95	111	117	108	109	91	117	129	126	113	129	117	92	127	114	126	86	124	131	117	137	132	115	126	131	133	132	123	143	144	128	146	132	127	139	144	158	132	134	181	181	163	61	175	182	199	178	188	183	185	209	264	241	260	254	260	244	248	255	252	258	497	463	444	450	436	485	466	442	496	465	503	1393	1368	1439	1296	1162	1308	1397	1500	1466	1528	1448	18198	13228	13817	20442	9342	19263	18775	14056	18898	11114	26928	1091	1194	1251	1274	1313	1191	1341	1425	1418	1231	1092	326	327	358	367	383	402	371	421	365	374	395	
706.019765600116	128	123	108	112	96	105	91	104	113	108	98	137	131	104	118	109	109	119	112	111	91	117	119	142	131	129	137	139	146	113	99	128	136	137	138	118	120	118	143	133	139	143	177	142	158	172	162	46	185	172	169	172	218	163	188	229	204	236	241	227	250	244	255	234	249	226	464	463	419	381	426	411	472	484	438	417	424	1376	1410	1504	1190	1086	1254	1318	1512	1451	1365	1479	17964	13192	13416	20445	9365	19219	18704	13958	18752	11030	26797	1096	1190	1248	1312	1282	1245	1333	1429	1404	1231	1093	330	332	344	365	378	378	373	419	406	342	354	
707.899218725115	107	117	81	85	101	112	91	108	100	92	101	101	115	101	113	105	123	132	114	110	109	118	131	129	123	126	137	113	142	117	128	119	143	121	138	143	125	163	138	142	144	141	147	129	171	159	174	63	189	177	169	177	139	184	185	246	237	240	226	216	216	258	261	232	242	241	405	406	431	365	387	405	424	435	409	407	424	1384	1307	1419	1090	1060	1248	1320	1463	1264	1361	1365	17597	13055	13442	20384	9160	18913	18522	13851	18694	10716	26742	968	1232	1219	1304	1287	1208	1298	1507	1387	1201	1029	305	300	325	330	399	408	373	366	384	385	388	
709.778046850115	112	103	105	115	107	111	123	111	111	95	97	119	103	115	113	112	124	101	113	113	113	103	105	106	134	133	124	135	119	107	105	128	131	162	152	151	140	136	118	148	141	135	140	125	164	140	161	50	168	187	177	180	153	147	188	229	249	223	227	205	258	236	250	241	236	237	409	424	395	366	402	425	408	390	435	450	407	1347	1337	1396	1102	1033	1235	1279	1507	1259	1448	1321	17731	12972	13232	20275	9213	18828	18465	14012	18563	10850	26763	1019	1188	1215	1237	1176	1193	1278	1479	1401	1236	1071	316	320	321	359	346	398	390	386	395	378	339	
711.655468725115	118	84	88	104	93	118	102	101	107	109	86	141	121	117	104	100	115	94	143	109	104	109	145	115	109	118	108	118	124	133	113	131	132	159	126	118	132	125	149	139	150	119	160	148	167	147	184	60	184	177	162	172	182	169	170	230	230	223	224	230	267	236	256	215	213	254	399	429	415	365	379	437	434	437	464	409	447	1287	1337	1398	1156	1045	1182	1316	1428	1286	1325	1279	17792	13122	13477	20362	9278	19010	18705	13809	18565	10810	26687	1042	1163	1213	1226	1261	1155	1309	1404	1379	1210	997	326	291	321	346	352	358	383	423	386	354	330	
713.533203100116	119	100	112	77	115	101	99	89	105	98	114	128	109	109	110	106	109	123	95	112	138	97	110	122	139	112	122	124	113	121	120	128	126	136	149	129	137	139	137	137	147	153	139	113	165	159	166	63	186	168	186	171	147	172	186	221	222	219	219	265	234	237	230	235	209	240	427	386	426	405	375	398	393	401	449	434	424	1294	1360	1352	1075	1009	1142	1312	1401	1257	1412	1355	17809	13074	13366	20213	9260	18950	18428	13752	18710	10879	26742	1045	1151	1211	1217	1305	1184	1285	1481	1452	1230	1001	296	268	340	366	383	369	366	374	410	363	367	
715.409453100114	95	108	94	98	122	108	105	94	121	97	103	105	104	98	119	108	118	110	110	105	115	107	120	106	115	109	120	122	122	143	97	154	129	141	146	137	133	125	145	135	135	119	126	131	178	163	150	52	146	162	183	189	156	162	182	204	228	246	228	220	202	242	235	227	227	222	425	409	397	422	412	372	435	414	399	422	423	1410	1308	1366	1207	1034	1199	1274	1482	1324	1330	1325	17930	13215	13325	20351	9222	19261	18492	13973	18476	10929	26882	1037	1186	1191	1202	1215	1175	1314	1431	1411	1169	1010	308	338	310	330	333	392	397	395	368	340	317	
717.285937475113	97	80	95	106	106	100	108	118	92	113	126	134	118	133	130	112	86	117	121	123	108	95	121	124	114	107	114	114	128	124	137	131	136	129	134	143	140	131	137	136	148	139	137	137	165	165	158	60	201	169	147	168	168	143	164	249	246	243	211	224	222	208	264	250	250	243	410	425	419	387	337	427	449	457	411	432	460	1353	1320	1374	1081	1045	1173	1225	1403	1244	1377	1319	17927	12985	13178	20222	9237	18912	18270	14092	18660	10826	27026	1100	1155	1212	1209	1235	1160	1217	1517	1382	1230	1077	308	314	313	343	313	356	397	433	401	376	336	
719.161015600113	108	101	96	104	111	95	102	68	86	86	114	107	109	119	104	114	116	112	105	117	112	126	116	128	116	124	150	132	110	116	133	115	119	127	145	129	133	145	133	157	125	135	131	140	151	160	174	61	176	159	133	179	164	170	169	229	229	229	222	235	220	231	261	229	242	223	445	422	422	383	370	367	447	416	421	415	406	1291	1355	1388	1121	998	1266	1325	1491	1251	1301	1355	17828	13005	13417	20235	9187	19251	18560	14119	18655	10954	27242	1069	1124	1271	1226	1207	1158	1281	1442	1400	1188	1022	280	318	309	334	364	352	382	384	394	371	355	
721.035546850115	102	87	99	80	93	107	99	87	94	95	100	94	107	127	113	125	108	124	130	105	112	126	111	128	123	127	116	120	111	117	132	139	136	159	144	127	136	135	127	133	128	128	144	140	151	172	157	58	173	165	185	171	187	167	153	182	227	219	220	219	251	217	222	269	262	237	395	389	413	367	378	446	443	469	393	409	454	1358	1282	1384	1093	1045	1248	1279	1410	1255	1330	1373	18082	13053	13620	20123	9256	19313	18393	14048	18773	10803	27077	1052	1133	1200	1218	1194	1099	1319	1466	1389	1207	1014	320	316	347	376	365	408	364	418	370	382	342	
722.910312475115	97	103	91	111	90	100	91	105	95	105	115	102	102	109	99	102	111	84	114	95	98	116	122	125	126	127	119	122	122	127	136	134	140	131	144	131	140	134	137	161	154	136	161	111	171	158	145	43	192	161	160	167	169	139	138	208	223	234	233	194	233	243	228	195	208	210	417	363	375	348	399	418	402	445	362	401	430	1309	1293	1305	1071	1066	1209	1312	1449	1253	1311	1339	17867	13072	13377	20447	9163	18941	18145	14204	18834	10785	27023	1010	1152	1237	1231	1207	1174	1271	1378	1363	1165	1047	291	314	317	336	371	369	342	396	362	348	320	
724.783671850115	97	101	90	91	115	111	115	100	120	90	92	113	106	107	112	113	130	99	119	128	111	105	113	118	133	132	133	122	122	117	104	102	118	138	108	125	132	143	148	158	142	148	151	113	148	149	185	70	171	157	160	172	181	151	159	229	217	231	219	213	226	230	245	234	259	217	365	385	406	358	403	405	421	429	418	418	437	1285	1263	1347	1104	1021	1165	1278	1391	1194	1217	1332	17984	12971	13771	20271	9050	19233	18425	14210	18809	10706	26839	968	1135	1222	1215	1181	1165	1251	1422	1340	1183	995	324	345	325	315	367	398	369	364	398	357	339	
726.656406225115	99	95	112	134	107	102	114	99	99	95	98	104	125	115	106	105	104	117	118	117	93	105	106	120	119	129	123	122	126	97	137	121	113	119	150	119	128	134	135	121	140	139	129	115	143	143	154	67	157	150	159	164	180	150	180	218	235	227	240	202	231	214	221	223	218	227	387	376	378	366	382	401	427	467	391	390	415	1304	1241	1383	1092	1041	1186	1285	1420	1201	1300	1346	17871	13256	13765	20591	9339	19067	18122	14451	18908	10880	27139	935	1150	1212	1230	1193	1106	1222	1403	1365	1174	1036	291	247	322	322	380	362	362	373	386	381	345	
728.529453100115	102	108	91	97	113	103	99	93	97	96	99	106	115	111	109	112	112	107	115	122	111	104	131	96	119	116	129	129	128	134	121	116	123	137	124	127	155	137	144	153	117	123	129	127	183	147	158	54	169	177	178	170	179	175	157	200	218	213	215	244	229	199	250	227	233	224	384	371	387	363	381	391	416	457	384	426	393	1339	1336	1359	1043	1049	1156	1246	1413	1234	1271	1310	18008	13401	13896	20674	9177	18771	18648	14928	18665	10934	26964	1031	1099	1228	1304	1242	1142	1187	1342	1309	1169	940	291	319	289	313	317	341	365	369	363	355	342	
730.401015600113	105	124	103	101	102	107	113	99	103	98	117	102	112	123	101	109	99	103	101	100	117	117	118	113	121	135	139	114	123	123	126	112	110	131	135	131	114	133	149	128	133	152	124	125	167	154	170	50	158	167	180	161	170	140	158	200	232	217	186	226	223	231	225	232	251	230	432	326	413	356	365	380	421	412	429	417	422	1218	1287	1307	1109	1009	1199	1241	1449	1199	1247	1322	17890	13238	13906	20461	9299	18924	18370	15047	18957	10918	27172	977	1197	1199	1207	1141	1114	1175	1447	1309	1168	1024	291	274	312	364	364	348	419	375	337	371	320	
732.272031225113	77	90	109	90	100	90	96	94	102	108	89	119	105	115	119	117	116	114	109	97	98	120	125	117	115	116	121	113	140	118	118	153	105	105	148	143	135	144	125	109	153	148	121	144	166	161	147	38	160	149	165	188	179	167	191	261	199	226	223	184	237	228	254	243	226	212	382	414	401	362	372	407	398	399	405	442	414	1285	1245	1335	1079	995	1200	1300	1404	1248	1262	1357	17786	13306	14105	20692	9216	19407	18556	15079	19306	11122	27338	1010	1094	1215	1270	1249	1078	1274	1338	1349	1168	1047	277	293	294	340	361	389	364	372	371	371	338	
734.143281225113	101	89	87	97	102	81	96	101	95	99	111	116	92	118	114	105	102	88	106	120	92	97	117	98	120	147	128	121	138	88	117	106	103	144	128	125	137	141	106	157	108	152	140	143	169	157	167	51	167	175	159	170	187	167	171	201	198	199	219	200	239	204	231	248	205	223	402	412	377	339	361	414	424	419	390	384	383	1312	1253	1332	1101	1018	1155	1225	1411	1250	1275	1284	18064	13328	14000	20549	9282	19185	18433	14822	18986	11169	27059	952	1154	1222	1240	1189	1171	1206	1376	1341	1141	1017	329	322	277	347	321	396	367	375	352	364	330	
736.013203100114	114	107	98	104	109	115	95	107	128	104	113	104	130	113	109	111	123	110	116	107	123	109	123	135	110	117	139	103	116	113	123	112	124	128	142	133	122	144	150	143	113	160	137	131	135	146	172	60	161	151	158	170	179	167	171	251	208	215	216	230	246	246	247	215	223	222	395	400	407	391	385	371	451	447	408	418	387	1272	1314	1300	1077	997	1220	1338	1382	1181	1265	1318	17846	13385	13871	20646	9205	18833	18328	14696	19231	10896	27257	965	1188	1178	1144	1212	1097	1227	1406	1336	1194	1024	314	263	308	321	345	351	384	355	368	361	323	
737.882421850114	102	107	104	108	103	111	89	85	90	86	104	128	121	104	108	135	113	113	114	111	109	91	130	110	116	128	101	94	103	147	113	114	113	107	124	120	124	138	139	134	141	150	148	133	140	170	142	59	176	174	151	163	150	153	178	224	220	220	240	206	241	236	230	211	227	236	415	407	425	392	409	376	423	463	405	410	442	1267	1317	1311	1071	1032	1150	1237	1397	1201	1325	1243	17639	13184	13656	20907	9165	18837	18416	14352	19251	11011	26910	987	1147	1153	1226	1188	1120	1257	1382	1372	1100	1019	293	297	328	299	362	349	381	380	390	380	366	
739.751093725114	108	73	108	93	95	107	113	101	112	93	119	118	100	110	108	134	102	85	103	92	114	107	119	119	112	112	139	119	117	139	111	111	122	130	124	122	130	160	146	129	125	120	153	164	137	165	153	75	162	160	139	147	162	161	172	211	202	224	213	197	211	227	243	230	207	214	406	399	434	372	406	410	369	431	416	407	403	1289	1299	1336	1135	1047	1126	1287	1385	1237	1264	1295	18052	13023	13706	20876	9390	18952	18324	14035	18771	10928	26845	1011	1104	1138	1279	1200	1171	1269	1401	1353	1183	1028	306	309	299	330	389	322	378	380	389	367	331	
741.620078100115	117	93	89	87	101	98	107	112	113	82	98	99	103	110	89	114	101	129	110	107	85	115	120	121	139	120	113	113	128	113	109	124	121	121	133	165	135	131	152	125	131	146	111	137	183	167	182	69	161	157	171	171	146	154	172	229	210	230	213	214	215	232	254	237	213	226	445	400	428	382	401	356	404	409	383	387	417	1219	1288	1275	1099	979	1156	1234	1355	1216	1327	1292	17660	13057	13316	20436	9121	18461	18196	13763	18624	10767	26579	990	1170	1148	1276	1233	1120	1184	1407	1349	1120	1037	307	287	338	399	341	384	385	378	359	340	364	
743.487578100114	102	94	97	101	109	111	88	90	81	102	89	118	136	112	133	121	96	99	120	98	103	116	124	115	115	112	110	133	107	127	105	121	109	124	106	156	169	111	137	151	113	126	130	133	160	166	166	55	145	192	179	154	158	164	169	196	228	208	212	208	227	227	254	244	225	233	356	405	384	406	407	412	421	436	409	423	433	1250	1264	1304	1117	968	1194	1235	1390	1282	1312	1372	17380	13024	13191	20479	9132	18584	18138	13495	18531	10806	26537	981	1117	1186	1303	1257	1152	1270	1449	1434	1221	1025	310	298	326	335	347	334	367	388	372	342	313	
745.354531225115	96	98	92	86	111	92	114	110	96	106	99	116	115	118	103	107	111	110	129	116	96	103	124	107	120	112	109	120	128	131	106	130	110	113	123	108	143	115	122	134	120	150	136	136	156	136	164	59	175	165	140	172	158	156	147	223	235	215	225	221	196	237	221	205	243	229	384	357	393	385	399	416	399	384	422	406	459	1233	1241	1273	1103	999	1167	1233	1333	1193	1271	1249	17358	12758	13301	20284	9130	18399	18255	13525	18217	10517	26525	1001	1088	1119	1215	1235	1139	1217	1452	1424	1211	1032	286	304	314	323	348	355	352	362	413	343	369	
747.220859350115	95	106	94	109	92	108	109	87	94	81	106	113	101	125	91	112	120	112	103	120	107	129	105	105	142	124	118	139	116	123	116	128	139	143	163	140	133	130	131	138	143	146	124	113	158	164	161	69	163	171	157	168	152	161	151	215	224	248	213	189	226	240	247	214	281	236	407	386	426	342	381	367	438	394	386	396	403	1291	1272	1362	1116	989	1229	1217	1364	1234	1260	1322	17420	12785	13148	20610	9071	18691	17892	13288	18098	10757	26299	991	1127	1183	1216	1231	1144	1189	1393	1314	1190	988	313	300	309	349	336	358	354	367	377	364	314	
749.086640600115	91	109	97	99	89	93	79	98	87	106	104	114	96	95	99	101	112	85	142	107	109	101	109	135	120	134	101	115	96	105	117	134	124	145	126	134	141	135	143	116	133	136	119	149	161	161	149	60	161	173	183	158	135	172	157	244	234	238	208	222	226	212	268	230	278	212	405	409	408	363	375	403	409	369	411	406	401	1237	1167	1309	1090	1028	1160	1255	1420	1218	1313	1298	17425	12426	13198	20607	8951	18314	18061	13455	18205	10511	26627	981	1134	1113	1277	1150	1128	1244	1396	1385	1169	1010	285	293	327	329	326	388	359	401	351	376	280	
750.951874975113	108	96	111	116	89	99	108	101	95	96	95	118	108	120	107	104	105	95	116	105	122	109	99	100	102	112	113	136	110	105	124	135	125	133	131	125	140	138	117	134	147	122	131	137	146	147	170	65	143	175	137	183	162	160	147	209	214	229	198	193	247	239	226	220	224	216	414	391	412	365	425	389	405	428	427	409	406	1289	1266	1319	1077	982	1218	1269	1433	1241	1249	1262	17330	12755	13105	20509	9070	18256	17940	13341	18279	10435	26572	981	1117	1172	1268	1233	1147	1255	1444	1300	1191	1030	278	322	321	320	339	361	398	377	377	335	345	
752.816484350114	106	113	104	116	86	97	97	99	96	97	79	110	108	111	105	98	113	112	118	117	101	102	126	100	123	129	114	110	128	127	118	110	106	122	129	137	151	133	121	122	145	129	143	136	185	174	153	74	173	168	183	189	172	162	151	243	225	224	243	204	228	240	232	243	233	231	422	406	410	347	404	407	397	456	420	385	419	1277	1360	1330	1136	979	1215	1249	1427	1210	1272	1404	17583	12550	13088	20562	8909	18450	17970	13264	18216	10567	26609	989	1158	1106	1241	1272	1170	1193	1420	1328	1194	1010	330	328	303	341	372	398	352	371	361	367	357	
754.680546850115	92	104	110	99	99	85	99	86	116	103	92	101	109	109	124	101	115	115	112	98	109	105	123	125	121	117	137	142	117	106	124	136	130	143	145	115	139	137	141	124	135	142	130	159	189	172	152	69	168	165	131	153	159	186	181	185	226	249	232	220	237	227	215	247	255	220	378	401	412	396	426	406	422	409	400	427	436	1274	1334	1361	1074	1017	1248	1262	1407	1236	1373	1288	17322	12695	13172	20325	9091	18561	17750	13333	18289	10666	26284	987	1131	1184	1205	1305	1220	1244	1395	1424	1250	1082	302	291	323	315	344	363	370	345	349	368	310	
756.543984350115	94	103	81	99	79	114	91	105	80	85	108	104	106	116	93	94	92	99	116	117	89	117	137	98	117	118	109	131	163	122	138	122	133	118	132	149	121	144	140	103	121	116	140	142	160	168	176	45	183	173	178	163	165	151	162	206	234	220	221	219	215	235	248	216	200	249	406	412	397	369	390	398	452	428	443	444	433	1301	1292	1410	1056	1042	1195	1354	1462	1290	1301	1287	17511	12757	13097	20218	8909	18334	17824	13376	17982	10583	26271	1067	1093	1143	1238	1219	1112	1268	1393	1433	1171	1021	328	278	306	316	349	383	378	362	358	364	353	
758.406874975113	93	100	110	123	112	110	125	105	94	105	110	107	115	97	126	123	121	137	86	129	120	117	128	135	108	105	127	124	137	107	140	117	133	148	141	144	149	136	140	120	154	138	123	136	177	175	178	71	164	159	187	177	173	167	181	239	227	214	185	230	210	233	230	213	245	226	365	415	422	404	421	415	436	457	398	418	433	1308	1305	1428	1133	1063	1303	1343	1501	1300	1319	1318	17413	12824	12939	20665	9093	18573	17967	13298	17876	10546	26283	1046	1168	1169	1244	1316	1146	1320	1456	1416	1186	1062	318	304	302	328	355	410	369	351	382	371	342	
760.269218725114	112	98	109	108	107	100	92	90	89	106	84	119	106	114	112	99	135	101	112	102	121	111	112	124	118	119	105	122	103	105	134	120	125	142	121	125	139	136	137	150	142	149	134	145	168	164	161	46	163	159	159	171	189	176	172	220	207	228	228	215	238	256	252	232	246	206	415	412	405	423	410	422	448	433	414	453	487	1311	1359	1327	1168	1101	1193	1386	1484	1334	1313	1404	17519	12858	13080	20291	9035	18457	17790	13442	18164	10454	26463	1058	1141	1128	1328	1301	1151	1330	1420	1373	1185	1096	318	293	324	366	357	383	383	406	366	356	378	
762.130937475116	110	90	97	100	102	114	108	108	97	92	112	132	114	120	106	107	102	110	103	114	97	89	122	115	139	120	106	121	119	128	150	135	113	139	141	121	116	136	138	169	121	146	145	161	159	168	168	53	177	177	162	187	163	174	154	248	225	235	214	220	268	258	229	238	241	249	424	400	393	386	396	409	448	419	424	433	452	1335	1357	1358	1189	1056	1278	1321	1465	1269	1375	1359	17538	12785	13242	20604	9029	18559	18021	13538	18315	10358	26507	1029	1197	1189	1269	1247	1201	1327	1462	1382	1182	1037	320	314	316	360	356	370	397	393	371	330	343	
763.992109350114	115	115	100	88	92	100	110	90	109	111	105	123	121	77	117	125	125	136	109	118	102	118	112	123	128	121	126	119	116	112	118	120	117	124	147	144	120	144	144	123	157	133	145	99	177	159	174	52	152	156	169	174	191	178	139	233	233	210	235	211	219	238	257	236	236	236	419	421	433	359	402	417	461	480	463	429	459	1340	1324	1373	1171	1080	1213	1353	1437	1260	1347	1369	17481	12562	13193	20377	8911	18660	18021	13374	17989	10636	26485	1035	1133	1159	1272	1303	1142	1318	1417	1387	1161	1069	333	307	337	335	356	397	342	395	390	386	404	
765.852656225115	107	110	121	106	109	109	110	110	98	109	94	122	120	110	138	122	104	107	106	114	117	107	116	119	103	147	118	116	100	126	129	127	128	125	126	133	154	143	143	140	146	132	125	153	176	179	153	57	163	171	173	173	157	148	173	230	229	208	231	229	249	234	265	241	258	230	380	420	431	415	391	409	453	442	414	450	467	1317	1356	1355	1175	1111	1251	1260	1484	1279	1390	1341	17097	12727	12947	20075	9001	18626	18036	13388	18173	10434	26363	1115	1125	1183	1183	1258	1196	1281	1389	1383	1165	1141	290	312	332	335	391	348	339	416	386	361	354	
767.712656225114	116	99	87	105	98	97	119	102	106	119	122	108	109	118	121	110	101	98	120	101	106	129	129	105	131	125	118	121	133	131	129	110	114	117	142	118	133	130	133	149	142	139	121	137	156	171	164	69	165	149	161	165	181	173	169	228	208	236	227	218	232	224	226	253	223	250	436	397	434	407	416	420	409	414	432	428	444	1289	1311	1412	1067	1058	1145	1194	1434	1247	1378	1337	16929	12764	12975	20068	8970	18443	17981	13166	17968	10580	26500	1016	1106	1123	1228	1260	1141	1328	1490	1410	1242	1089	308	336	301	328	335	365	367	391	358	356	327	
769.572031225114	110	115	98	98	87	122	97	101	109	83	105	120	105	107	112	114	126	121	146	112	116	96	124	127	119	108	134	128	109	124	117	112	123	126	121	150	125	144	130	133	128	143	152	143	202	170	180	69	154	166	182	170	147	175	160	216	226	195	243	211	229	240	222	226	199	229	394	375	412	380	391	395	417	465	446	445	415	1289	1270	1388	1082	1055	1189	1312	1433	1213	1315	1319	17002	12593	12754	20295	8815	18234	18119	13337	18087	10433	26407	1074	1113	1161	1243	1208	1164	1274	1379	1327	1182	1045	311	301	304	318	366	401	361	389	369	358	324	
771.430937475114	85	121	109	95	98	101	93	98	110	115	93	109	106	104	130	123	100	109	125	118	96	109	122	121	108	120	117	118	131	127	108	109	108	115	154	141	138	121	135	138	156	125	132	117	198	144	154	44	126	160	161	176	159	162	162	216	246	239	207	229	235	215	229	214	241	207	414	416	420	360	388	372	415	420	400	442	463	1224	1283	1379	1112	1067	1131	1276	1459	1244	1337	1362	17126	12807	12995	20424	8898	18077	17624	12928	17763	10458	26133	1027	1118	1164	1286	1230	1125	1284	1408	1272	1156	1012	301	316	309	302	394	367	396	388	377	368	371	
773.289140600114	109	100	92	91	114	88	117	118	118	126	95	133	103	114	103	113	96	94	105	111	96	89	116	127	137	105	103	133	124	126	122	141	117	133	144	119	119	144	125	140	115	131	145	143	142	177	164	47	170	163	140	171	157	157	182	228	195	204	215	209	231	249	221	245	223	242	415	373	417	365	376	371	442	433	389	408	404	1283	1352	1356	1081	1041	1144	1285	1441	1268	1347	1374	17082	12769	12729	20378	8823	18288	17601	13082	17756	10482	26545	955	1139	1098	1244	1264	1182	1292	1468	1380	1190	1033	313	319	297	351	364	375	365	362	391	352	327	
775.146015600114	100	98	93	87	105	125	101	95	111	89	93	105	98	110	109	127	115	123	114	112	141	133	121	125	121	98	118	112	110	104	140	136	133	131	135	155	119	127	131	135	145	145	135	128	175	165	153	66	166	160	186	179	161	162	183	205	224	251	213	227	239	230	214	218	224	235	429	411	427	363	384	391	407	394	448	439	459	1292	1285	1335	1041	1000	1163	1267	1413	1232	1392	1264	16942	12610	12945	20253	8952	18244	17381	13155	17675	10486	26294	1044	1141	1095	1238	1174	1117	1247	1441	1379	1184	1036	302	281	367	323	355	368	398	423	360	348	330	
777.003124975114	112	102	106	112	105	102	99	96	88	102	105	93	134	117	107	115	127	99	112	133	97	115	111	136	117	119	107	108	125	119	113	120	125	124	133	124	148	139	105	151	115	140	127	145	191	154	156	52	148	158	147	173	150	173	165	202	230	239	234	214	238	238	238	226	240	272	405	438	417	397	374	368	413	426	416	448	427	1315	1309	1327	1117	1011	1158	1367	1531	1244	1374	1289	17168	12622	12556	20349	8862	18207	17740	13219	17852	10575	26490	958	1151	1152	1177	1204	1139	1284	1457	1391	1194	1030	299	327	320	339	363	369	359	400	379	357	337	
778.859687475115	103	91	101	97	117	86	103	114	106	116	99	116	113	130	98	110	113	105	104	111	101	120	130	113	108	134	133	119	116	122	114	119	133	153	136	142	129	142	127	137	133	128	127	130	153	162	162	54	171	171	173	184	158	153	177	221	190	230	207	209	224	257	248	227	232	220	368	413	393	401	393	410	407	435	406	427	413	1294	1267	1309	1058	1019	1129	1353	1488	1283	1278	1323	16948	12816	12871	20109	8802	18540	17710	13088	17525	10604	26588	1067	1075	1142	1269	1231	1181	1247	1426	1379	1164	1056	313	348	313	344	342	385	377	381	370	339	342	
780.715624975115	99	93	110	100	109	114	114	92	92	84	113	116	116	103	103	103	120	128	109	123	109	112	126	131	119	118	111	96	117	148	111	126	97	160	158	142	153	133	154	129	139	128	150	137	172	174	192	50	178	148	145	162	172	202	160	230	220	216	196	233	235	254	245	238	211	217	406	438	392	362	386	368	434	439	415	431	417	1303	1298	1345	1098	1033	1196	1261	1487	1261	1267	1313	16994	12689	13064	20447	8789	18242	17616	13175	17775	10623	26614	1058	1123	1203	1255	1291	1174	1260	1409	1337	1146	1091	312	310	314	341	385	397	359	376	396	358	352	
782.571015600115	82	106	116	118	134	94	88	92	94	110	94	112	118	89	124	128	99	102	129	101	107	90	112	134	111	111	122	124	124	121	128	129	105	134	135	130	143	131	125	142	115	123	133	131	178	151	168	49	139	179	175	193	177	170	180	235	208	207	259	216	234	224	254	249	226	228	386	411	411	363	380	411	403	451	413	426	433	1289	1301	1380	1081	1019	1182	1311	1542	1284	1311	1323	17090	12690	12927	19989	8692	18333	17734	13368	17876	10598	26498	1032	1149	1130	1285	1263	1169	1289	1475	1361	1217	1057	305	324	326	352	341	371	416	403	421	337	368	
784.424999975114	99	72	101	109	107	114	91	92	98	112	112	115	107	118	112	97	111	120	104	105	98	120	124	101	128	131	100	116	125	94	122	114	98	141	145	123	137	149	114	124	127	134	137	144	134	183	159	46	181	183	151	166	167	158	172	199	246	227	208	216	252	261	242	236	236	238	379	399	398	390	391	345	422	410	403	437	455	1337	1323	1341	1087	1029	1161	1354	1442	1310	1365	1372	17175	12880	13099	20385	8859	18463	17898	13447	17944	10948	26511	1046	1116	1109	1221	1253	1185	1290	1451	1391	1250	1081	341	301	347	318	401	377	404	398	384	368	335	
786.279296850114	77	113	102	102	105	94	124	92	92	85	98	108	134	102	108	109	135	105	116	109	112	120	121	115	149	134	106	124	113	142	131	105	124	125	122	149	137	145	148	137	138	150	147	151	172	155	167	65	168	171	180	173	175	176	170	218	231	216	217	212	223	221	236	228	270	245	419	426	428	399	394	454	427	447	410	409	439	1348	1418	1415	1133	1076	1189	1384	1405	1284	1360	1357	17219	12850	13357	20149	8860	18437	18050	13768	18025	10869	26570	1069	1162	1185	1262	1305	1159	1280	1403	1432	1170	1044	323	332	331	335	398	383	354	381	353	370	375	
788.132968725115	107	101	115	119	90	101	98	89	117	104	93	112	101	96	111	114	113	89	114	103	110	121	108	113	138	135	119	123	123	111	122	130	113	165	161	147	169	136	161	142	169	158	144	139	147	178	166	54	173	155	148	187	163	183	163	231	221	207	249	227	235	230	227	252	237	226	406	403	422	409	429	393	425	461	425	451	456	1436	1417	1420	1169	1106	1246	1402	1458	1365	1320	1362	17155	13144	13376	20785	9006	18682	18157	13725	18215	10809	26810	1000	1155	1174	1324	1260	1181	1289	1450	1436	1209	1057	351	330	371	383	347	402	385	363	415	401	376	
789.985234350115	93	96	79	106	102	110	97	108	102	101	75	129	108	135	100	94	115	98	114	127	97	92	112	125	104	108	98	113	121	128	124	124	105	138	124	143	151	140	157	152	137	117	118	141	177	175	177	46	184	171	205	188	159	179	162	242	237	234	224	226	208	258	259	243	226	226	442	434	427	378	388	454	498	453	438	442	450	1382	1466	1435	1197	1121	1222	1400	1471	1382	1423	1456	17539	13333	13420	20829	9144	18758	18298	13969	18313	11035	26855	1052	1205	1225	1323	1264	1199	1297	1502	1442	1210	1076	335	329	358	366	375	421	379	394	383	364	370	
791.837734350114	100	120	102	97	116	108	126	102	106	98	107	108	118	121	111	121	121	110	102	106	122	107	132	121	149	119	148	118	118	114	127	117	136	130	142	151	147	131	128	158	161	134	131	134	181	185	154	55	179	185	160	186	200	192	194	228	249	240	248	230	230	258	221	252	254	250	455	432	419	405	431	446	453	494	464	476	442	1439	1474	1484	1225	1141	1271	1451	1558	1444	1394	1438	17451	13307	13683	20901	9229	19141	18378	13920	18799	11127	26965	1092	1165	1250	1328	1299	1290	1304	1472	1450	1207	1175	303	311	342	365	374	388	394	434	425	391	377	
793.689687475116	107	117	108	124	118	109	91	91	122	113	87	93	132	121	101	117	122	128	144	90	120	118	129	110	128	122	130	112	144	137	142	123	101	153	142	147	143	154	147	137	139	150	130	155	189	164	149	61	158	202	183	174	173	153	186	240	240	220	258	231	269	282	248	253	263	241	477	438	420	441	427	451	473	470	460	465	444	1411	1515	1538	1229	1159	1283	1466	1581	1402	1431	1548	17580	13490	13828	21164	9350	18917	18692	14621	18476	11271	27524	1140	1229	1343	1299	1363	1176	1331	1522	1497	1248	1189	333	313	351	328	386	400	413	392	436	404	389	
795.540234350114	114	89	97	96	97	103	113	95	92	105	109	127	110	103	98	99	123	120	114	116	111	120	138	118	133	115	113	154	124	127	109	108	133	126	133	159	120	144	152	171	153	138	132	154	163	178	157	59	195	172	167	195	171	195	161	244	256	284	248	236	235	265	247	261	255	268	425	435	455	407	421	455	466	479	505	461	446	1495	1487	1511	1281	1205	1301	1476	1639	1498	1498	1518	17818	13629	13804	21332	9337	19174	18586	14311	18709	11409	27427	1200	1290	1355	1375	1382	1250	1401	1490	1525	1262	1207	318	357	368	347	375	391	409	399	412	407	370	
797.391015600113	117	130	100	103	127	110	112	90	104	98	108	97	113	98	119	117	128	123	108	117	109	124	144	109	131	136	157	108	123	133	126	114	124	149	157	166	140	149	187	137	173	145	137	141	172	201	178	61	181	181	177	184	184	203	188	293	261	210	255	252	264	267	270	239	282	270	488	486	456	410	429	433	459	469	495	469	525	1501	1503	1592	1294	1228	1346	1487	1603	1476	1529	1524	17577	13560	13945	21442	9284	18992	18575	14464	18832	11656	27178	1180	1301	1231	1410	1367	1279	1436	1553	1584	1353	1177	389	371	338	354	392	414	450	384	438	435	364	
799.240390600115	117	94	126	114	103	112	106	90	106	110	108	115	121	110	122	117	105	112	123	116	125	118	131	128	124	125	139	114	99	138	128	147	111	168	153	153	152	119	157	136	127	143	133	160	166	195	176	54	169	182	209	169	176	197	191	289	265	217	249	274	253	268	262	260	251	272	464	498	498	460	464	433	459	512	477	486	517	1527	1541	1555	1340	1264	1475	1469	1670	1475	1544	1583	17751	13725	13733	21518	9366	19276	18602	14499	18929	11593	27676	1160	1256	1333	1381	1413	1269	1433	1562	1621	1394	1245	356	344	377	383	409	425	383	443	381	397	403	
801.090078100115	113	97	115	98	101	106	104	115	106	115	85	127	122	127	111	101	121	123	114	92	105	114	141	144	112	134	99	129	149	121	134	139	152	133	141	155	144	128	130	163	149	123	149	137	173	173	155	56	181	182	196	220	194	169	153	254	242	254	257	243	264	291	257	241	275	287	476	464	465	445	450	494	505	521	479	495	500	1582	1529	1555	1310	1199	1319	1490	1690	1480	1582	1565	17698	13651	13832	21637	9207	19227	18310	14599	19147	11372	27685	1203	1241	1324	1370	1357	1246	1435	1605	1577	1336	1213	351	339	371	359	412	414	379	445	409	430	407	
802.938281225115	114	94	98	99	115	113	117	120	106	98	110	108	127	101	114	120	113	114	111	127	125	108	133	130	137	122	141	113	129	125	125	126	114	136	128	149	127	144	138	154	141	172	165	118	199	202	188	62	179	177	174	192	188	204	169	254	268	252	253	257	271	253	241	244	251	245	468	410	451	509	441	484	472	494	466	434	484	1497	1463	1502	1344	1174	1271	1477	1586	1472	1432	1495	17582	13772	13793	21704	9388	18877	18370	14497	18928	11287	27509	1175	1315	1277	1417	1376	1308	1393	1514	1542	1337	1174	348	338	368	406	337	449	441	440	429	424	397	
804.786796850114	100	124	109	99	96	89	95	101	92	97	110	105	110	112	139	130	132	109	107	119	118	99	112	151	107	129	127	137	110	126	129	127	112	134	130	147	150	140	159	142	149	138	147	151	170	167	156	53	178	205	176	200	159	174	226	220	275	245	248	259	247	257	270	270	250	246	444	450	428	457	445	462	461	459	475	471	484	1455	1480	1528	1273	1133	1333	1452	1610	1371	1395	1503	17817	13795	13649	21881	9095	18755	18568	14677	19018	11484	27682	1135	1272	1286	1391	1399	1263	1411	1581	1513	1317	1158	314	371	336	389	352	405	408	399	451	415	402	
806.633906225114	91	112	117	113	107	111	114	117	105	96	113	129	121	122	95	126	125	112	119	93	108	99	146	118	121	132	115	142	133	136	105	128	136	139	133	133	145	150	147	142	140	134	151	138	175	169	160	59	182	177	193	182	192	178	167	230	229	252	244	248	241	262	243	284	249	249	457	470	497	453	444	472	476	514	466	446	466	1453	1434	1424	1275	1169	1310	1435	1545	1384	1430	1487	17857	13761	13721	21596	8989	19013	18431	14626	19057	11492	27578	1184	1244	1280	1346	1366	1262	1358	1550	1481	1301	1142	308	334	336	378	397	432	425	403	431	396	409	
808.481328100115	102	105	107	116	111	119	112	115	111	102	115	124	139	116	116	122	108	113	111	138	123	143	108	126	133	121	120	137	121	116	124	140	109	137	148	129	145	150	165	144	138	150	165	163	184	180	184	66	177	181	177	176	177	183	174	234	255	232	235	240	216	296	250	203	281	269	438	449	432	416	425	463	463	491	431	423	478	1460	1370	1436	1224	1152	1285	1376	1540	1315	1387	1530	17610	13519	13864	21778	8959	18717	18431	14398	18691	11263	27791	1111	1216	1222	1391	1315	1213	1360	1529	1482	1290	1116	357	315	307	344	375	405	411	470	397	378	389	
810.327265600114	86	113	95	108	102	92	79	94	108	95	86	129	101	114	109	114	112	100	121	109	106	100	118	122	112	134	134	116	147	120	114	126	117	143	131	144	129	139	145	151	147	138	131	116	164	199	188	50	143	172	214	165	208	182	189	223	253	246	249	232	246	279	268	263	258	246	453	473	431	424	405	432	424	463	440	441	470	1459	1375	1481	1251	1172	1248	1432	1520	1336	1377	1395	18148	13752	13802	21809	9120	19020	18545	14656	18958	11560	27762	1115	1250	1237	1363	1361	1209	1320	1534	1552	1336	1095	335	316	385	337	391	356	398	398	427	408	372	
812.173515600116	91	95	113	86	97	98	121	115	100	103	101	109	110	107	113	131	108	97	99	105	109	124	121	111	134	101	124	150	141	138	118	125	115	133	136	119	147	153	149	144	167	128	145	142	152	166	189	43	162	178	161	176	180	161	173	213	229	260	233	259	244	244	253	239	237	223	430	457	420	409	434	405	455	462	449	479	478	1416	1380	1461	1216	1082	1178	1397	1505	1367	1419	1392	17719	13820	14087	21571	9065	18614	18401	14537	19351	11735	27379	1106	1216	1293	1349	1314	1246	1333	1542	1505	1256	1120	326	326	315	330	390	400	379	420	424	361	352	
814.018359350113	115	129	105	101	119	115	106	109	88	108	91	110	127	122	108	133	125	132	121	122	117	103	131	128	130	97	138	132	123	129	112	134	95	148	130	135	153	166	149	130	124	164	136	124	175	186	180	64	156	161	192	178	161	184	175	228	241	218	247	235	241	251	262	244	254	240	421	418	417	392	378	433	429	423	436	433	468	1424	1381	1451	1204	1058	1216	1453	1504	1399	1339	1371	17983	13785	13906	21717	9198	18688	18486	14948	18838	11681	27988	1106	1222	1193	1308	1314	1217	1352	1553	1550	1282	1100	345	329	333	362	385	384	396	402	405	415	368	
815.862578100116	107	85	109	92	109	97	97	101	94	104	120	96	129	103	128	110	106	112	121	110	98	125	123	130	121	117	103	120	115	148	135	121	120	145	114	129	154	120	122	175	137	136	137	149	159	181	166	56	144	173	191	153	190	152	155	227	235	230	222	226	238	271	257	258	220	229	423	425	452	408	404	426	467	432	459	476	436	1315	1375	1451	1181	1155	1246	1409	1521	1277	1408	1443	18174	13726	13928	21821	9258	18763	18629	14925	19106	11661	28188	1154	1224	1246	1318	1322	1168	1418	1472	1551	1353	1113	319	327	336	345	363	394	444	424	391	394	407	
817.707109350116	107	111	99	76	106	100	117	107	101	111	117	128	103	123	125	111	112	102	116	95	100	120	137	114	119	109	112	144	115	109	145	113	129	118	134	113	130	134	137	157	134	134	149	127	187	155	159	52	185	152	192	198	177	166	164	232	211	216	235	231	243	225	249	257	267	252	443	427	397	388	406	478	455	495	430	421	431	1358	1381	1515	1183	1124	1228	1356	1470	1376	1386	1426	18278	13659	14004	22021	9007	18674	18495	14912	19521	11682	28330	1068	1245	1273	1306	1209	1201	1317	1583	1556	1282	1067	330	365	342	371	386	402	386	423	427	412	368	
819.550234350114	98	119	107	110	124	117	98	125	119	105	100	95	112	107	119	124	129	123	105	128	119	112	123	110	112	112	128	116	120	129	115	128	125	128	125	147	130	138	144	156	136	149	126	124	155	181	173	58	174	178	183	155	159	170	162	210	245	242	224	227	252	250	235	225	223	262	453	446	428	405	394	400	457	474	419	456	456	1351	1389	1448	1199	1065	1236	1435	1468	1360	1386	1436	18165	13794	14057	22237	9292	18734	18562	15042	19186	11673	28192	1132	1228	1244	1273	1280	1131	1391	1524	1556	1305	1085	327	341	360	351	413	422	407	439	420	395	371	
821.392812475113	99	101	117	117	99	89	103	87	93	99	84	94	115	122	134	110	115	93	110	130	107	110	118	115	135	117	103	135	118	124	114	98	124	151	122	159	144	154	139	146	119	141	115	140	148	155	175	46	182	140	178	181	165	164	179	227	207	218	234	227	221	259	242	216	269	226	433	439	438	404	394	465	428	465	409	447	472	1366	1374	1469	1173	1104	1222	1393	1556	1318	1411	1458	18323	14017	13894	21792	9124	18906	18354	14754	19507	11887	28264	1102	1232	1295	1311	1336	1212	1413	1583	1542	1304	1104	314	337	335	354	405	387	404	424	434	405	386	
823.234765600115	100	107	92	99	105	90	105	103	113	94	103	140	99	132	95	95	114	109	102	95	121	121	127	123	111	110	122	131	127	126	117	126	120	138	151	129	159	140	128	152	140	125	141	142	192	169	168	49	182	171	194	199	192	184	160	211	242	236	215	203	246	254	233	236	254	268	448	423	437	384	393	449	457	468	471	411	451	1446	1310	1416	1238	1072	1174	1399	1485	1236	1354	1474	18183	14067	14023	21791	9123	18820	18590	14987	19294	11708	28118	1120	1203	1267	1362	1304	1229	1354	1583	1519	1315	1109	352	307	362	333	371	398	419	438	398	379	416	
825.076953100113	125	98	101	92	104	129	99	101	90	105	98	115	104	110	127	96	145	125	114	118	131	105	114	115	138	120	137	108	124	139	112	117	143	116	122	141	125	137	124	133	126	131	139	139	185	176	164	51	170	151	181	168	173	177	169	244	237	235	223	232	236	232	237	261	253	265	464	423	408	389	378	402	483	491	424	456	451	1418	1389	1500	1119	1127	1239	1351	1535	1292	1401	1425	18152	14073	13906	21557	9141	18846	18441	15054	19162	11601	28111	1129	1223	1329	1339	1332	1200	1361	1686	1653	1345	1089	330	305	333	379	411	411	410	414	447	399	395	
826.917812475116	123	120	101	98	107	102	106	114	113	115	105	95	104	116	117	112	120	120	126	115	105	87	122	108	121	116	134	126	117	127	118	115	108	142	131	114	122	133	146	150	136	126	135	130	185	157	158	67	172	150	180	191	156	186	178	217	227	226	217	220	224	232	244	242	268	251	432	488	465	396	423	459	441	477	448	470	427	1437	1340	1397	1187	1088	1231	1398	1587	1261	1397	1412	18211	14025	13880	21813	9067	18789	18443	14926	19151	11541	28449	1140	1267	1321	1328	1373	1273	1388	1615	1552	1391	1124	322	320	370	348	371	390	402	439	420	410	377	
828.758124975113	85	114	109	97	87	116	99	119	89	113	104	124	90	119	108	97	112	114	100	110	114	115	127	116	143	133	120	128	146	131	123	133	106	124	128	127	135	147	146	112	124	145	152	142	159	168	167	48	193	187	168	201	154	165	177	237	221	262	239	208	253	243	251	225	222	258	412	424	404	366	415	416	439	426	451	415	419	1451	1313	1471	1189	1131	1259	1405	1469	1248	1339	1397	17953	13723	13818	21684	9233	18741	18361	14730	19282	11769	28051	1111	1253	1226	1367	1369	1248	1350	1601	1663	1321	1101	335	323	345	361	360	411	362	408	420	374	378	
830.597812475115	104	93	109	102	101	106	110	110	97	89	111	111	120	97	96	106	126	103	113	103	122	109	121	115	113	119	133	125	118	119	113	139	116	143	131	157	129	134	129	141	147	140	140	151	170	190	163	47	182	165	179	183	188	191	188	231	217	230	229	232	241	256	278	235	239	253	455	407	424	410	410	431	444	465	441	421	421	1445	1316	1488	1213	1074	1242	1355	1487	1365	1342	1391	17798	13792	13942	21708	9231	18639	18116	14699	19299	11679	28190	1127	1224	1285	1303	1387	1228	1334	1631	1616	1314	1108	364	323	358	359	379	388	431	437	461	417	394	
832.437812475115	117	109	96	97	100	100	101	103	99	95	95	96	115	112	133	116	104	114	107	98	123	133	106	113	127	152	126	105	109	121	113	112	120	143	133	142	130	153	135	143	143	148	125	123	149	151	178	67	179	174	185	171	179	174	182	212	229	235	250	235	222	231	235	251	241	221	408	435	416	401	414	436	479	440	423	425	413	1369	1445	1425	1181	1142	1226	1384	1477	1299	1431	1427	18317	13760	13673	21507	9190	18812	18101	14581	19066	11471	28096	1125	1214	1201	1296	1328	1288	1386	1717	1529	1298	1081	310	317	335	364	354	404	395	425	455	361	378	
834.276328100113	90	113	87	92	115	87	110	113	104	116	98	101	115	125	102	99	109	97	133	121	121	97	136	117	126	128	96	105	114	125	130	110	126	137	124	141	143	136	144	131	127	128	146	159	154	172	164	55	179	181	185	170	173	173	185	225	226	226	264	223	241	257	236	249	229	246	430	455	384	385	424	450	411	483	407	409	461	1426	1393	1436	1166	1166	1305	1360	1516	1298	1447	1420	17988	13782	13677	21334	9165	18778	17960	14464	19079	11590	27978	1094	1216	1271	1338	1339	1237	1378	1607	1589	1296	1082	312	311	314	352	372	438	412	458	383	405	395	
836.114374975115	98	103	87	106	116	99	103	106	117	93	106	106	106	103	111	91	133	101	118	111	119	115	105	136	149	124	158	119	130	119	127	123	114	125	138	165	136	133	144	126	147	134	134	136	171	165	169	51	169	154	194	198	207	164	186	225	244	246	221	245	234	243	235	223	255	235	437	384	442	398	386	416	477	456	447	437	456	1473	1378	1467	1178	1084	1245	1331	1545	1298	1416	1392	17858	13832	13612	21309	9152	18621	18202	14325	19177	11303	27877	1081	1327	1286	1337	1309	1273	1407	1649	1553	1321	1102	338	333	341	361	386	403	428	393	461	437	378	
837.951796850115	99	87	109	107	83	102	76	96	116	89	89	103	106	126	130	109	108	127	128	107	103	101	97	125	112	112	118	122	120	149	118	132	133	153	121	150	162	143	163	161	122	138	120	148	181	155	163	48	177	179	171	173	203	177	161	201	247	220	207	247	237	244	235	235	234	221	402	438	451	446	415	453	465	422	414	451	436	1485	1474	1437	1215	1091	1264	1390	1543	1298	1317	1401	18088	13764	13586	21354	8969	18335	18114	14634	19146	11309	28069	1089	1257	1288	1375	1265	1277	1444	1658	1519	1327	1136	353	334	357	367	386	376	433	453	448	397	363	
839.788671850114	117	95	103	101	83	82	112	105	95	106	111	115	103	108	105	99	105	106	113	102	112	101	143	111	115	113	131	115	119	118	126	111	125	133	119	138	145	146	143	149	127	133	138	141	146	159	170	57	173	177	171	187	164	176	151	239	241	225	247	245	211	238	245	231	240	229	422	426	457	396	409	458	436	422	452	432	438	1456	1423	1493	1187	1113	1289	1396	1539	1396	1458	1400	18039	13952	13593	21459	9034	18405	18003	14481	18772	11435	28025	1090	1275	1238	1342	1296	1289	1435	1647	1521	1287	1109	346	329	340	324	392	402	417	437	422	381	362	
841.624999975114	117	113	108	82	107	115	109	93	115	85	87	105	97	121	104	104	121	117	105	105	102	133	119	130	147	118	123	115	134	118	128	111	104	139	140	128	127	151	139	141	141	174	146	110	175	163	161	56	154	173	152	187	160	188	160	227	240	239	228	262	236	246	269	245	227	245	438	438	444	387	407	404	496	497	451	475	485	1458	1439	1526	1197	1114	1279	1425	1592	1331	1357	1507	17863	13756	13610	21772	9205	18549	18089	14502	18741	11366	27963	1185	1310	1293	1369	1304	1246	1421	1711	1638	1296	1097	304	319	340	409	359	424	439	414	458	410	387	
843.460781225114	106	109	90	94	114	100	90	107	93	101	100	102	103	95	102	114	107	98	109	114	99	105	151	112	129	134	96	140	142	143	133	142	134	133	127	147	146	118	114	144	155	182	131	148	170	186	162	42	166	184	174	181	162	157	189	193	249	240	227	219	268	253	253	253	251	266	427	463	441	414	414	450	464	480	439	434	444	1523	1408	1540	1198	1163	1255	1368	1557	1332	1423	1514	17843	13578	13273	21467	9075	18249	17937	14290	18571	11403	27721	1138	1300	1297	1425	1294	1240	1395	1593	1596	1377	1193	338	324	339	349	365	431	403	446	441	393	367	
845.295937475114	107	114	98	99	102	114	96	113	83	82	117	114	121	116	119	97	113	131	117	111	100	123	130	122	113	129	126	132	147	114	128	111	130	151	150	161	141	171	137	144	139	122	138	149	167	153	158	47	168	155	172	199	158	159	187	234	230	233	208	230	255	253	266	236	228	234	453	471	437	426	433	417	494	455	434	473	461	1533	1460	1530	1210	1179	1335	1481	1623	1367	1445	1518	17773	13735	13609	21316	9296	18166	18167	14636	18532	11294	27564	1195	1263	1280	1365	1410	1238	1441	1689	1579	1344	1148	334	327	354	362	369	430	397	429	402	381	400	
847.130546850114	106	104	118	101	113	116	116	97	86	92	106	119	113	109	120	124	114	125	111	104	127	126	119	142	110	143	146	132	122	123	129	111	118	146	138	131	140	136	139	123	158	151	150	125	177	176	175	51	169	181	180	165	188	186	191	285	236	239	230	229	238	257	221	245	234	261	438	428	432	417	416	431	481	458	448	454	461	1487	1425	1536	1258	1229	1390	1465	1589	1326	1519	1473	17582	13660	13604	21363	8983	18331	17938	14301	18594	11364	27702	1197	1201	1341	1376	1373	1293	1439	1697	1604	1406	1123	350	324	349	397	404	407	427	456	454	406	386	
848.964609350116	99	114	95	122	103	99	89	102	109	113	106	117	116	119	112	116	104	120	117	141	110	112	113	126	130	137	103	139	123	134	138	137	122	128	148	131	153	113	138	132	131	181	138	150	163	189	189	56	174	169	185	152	178	170	168	214	244	245	225	229	247	252	279	283	249	278	441	432	421	422	405	473	476	467	446	482	448	1504	1371	1532	1318	1222	1351	1472	1671	1397	1489	1459	17730	13539	13455	21519	8985	18236	17873	14383	18298	11254	27626	1189	1325	1320	1415	1310	1280	1400	1661	1542	1406	1181	307	341	393	347	383	425	416	417	416	400	372	
850.798046850114	115	89	104	102	97	101	112	109	94	94	105	139	102	113	117	111	128	133	133	112	102	95	129	129	125	111	136	124	116	119	131	115	119	144	162	131	135	126	117	154	145	134	159	129	169	167	162	50	189	191	169	191	197	157	174	217	225	215	256	214	235	236	251	253	236	258	464	455	464	440	419	427	480	475	423	466	486	1529	1442	1534	1289	1195	1288	1402	1631	1375	1442	1475	17138	13481	13319	21351	9050	18223	17904	14279	18512	11261	26999	1194	1244	1257	1360	1349	1273	1426	1656	1543	1286	1124	316	325	342	346	426	414	458	429	428	422	367	
852.631015600115	112	121	118	87	96	120	94	92	107	95	106	105	125	124	134	109	134	121	108	108	109	121	125	121	112	139	137	114	140	122	129	105	115	133	135	159	142	167	153	144	143	137	135	133	173	194	165	53	181	174	165	196	163	172	151	226	247	260	221	255	238	261	256	244	250	259	463	425	439	417	441	447	462	452	451	466	481	1506	1433	1546	1199	1199	1363	1379	1644	1433	1443	1443	17264	13508	13401	21081	8874	18161	17705	14063	18392	10986	27415	1174	1280	1245	1389	1354	1334	1387	1693	1560	1350	1118	315	288	379	353	428	402	426	463	426	428	369	
854.463359350115	89	95	112	120	115	96	109	103	107	98	103	114	121	128	126	120	127	105	134	130	111	110	121	111	143	125	131	122	116	135	111	136	122	121	145	153	142	147	119	145	120	125	136	126	161	161	133	59	184	177	178	186	173	161	178	236	237	207	250	265	277	271	259	261	260	231	435	463	432	394	406	457	436	474	470	460	456	1466	1366	1512	1242	1168	1313	1395	1570	1327	1406	1450	17301	13364	13182	21279	8836	17994	17695	14062	18044	11134	27111	1053	1247	1273	1363	1312	1277	1408	1691	1497	1263	1184	332	345	362	386	382	418	415	467	439	372	361	
856.295156225115	106	112	104	115	109	95	115	96	89	80	100	117	95	112	128	125	131	99	104	115	121	101	122	124	105	144	125	153	143	125	137	113	140	141	155	138	153	135	128	133	143	153	134	131	146	175	159	51	180	166	165	212	182	171	174	228	222	237	218	203	243	228	268	223	246	227	444	406	452	396	433	473	463	431	451	466	461	1414	1457	1524	1218	1163	1239	1410	1556	1306	1423	1485	16996	13078	12887	21317	8870	17925	17657	14087	17807	10870	26885	1131	1281	1229	1379	1408	1291	1464	1698	1510	1364	1126	323	301	344	384	371	371	447	457	393	386	345	
858.126328100114	108	121	97	86	105	115	79	119	87	114	109	106	129	124	117	113	122	121	111	136	123	121	123	125	115	135	128	127	133	121	130	110	118	143	130	138	133	136	152	143	146	156	130	129	173	180	158	65	175	147	210	155	189	163	181	219	262	256	242	227	237	262	227	265	267	260	423	434	457	361	458	412	450	469	455	473	495	1413	1442	1519	1225	1137	1277	1339	1633	1346	1393	1525	17103	13157	12977	21151	8932	17991	17186	13699	18211	11093	27005	1135	1203	1262	1385	1299	1305	1368	1683	1654	1331	1125	304	313	390	382	380	429	410	418	446	381	399	
859.957031225114	95	101	101	114	111	86	99	104	96	84	80	80	122	112	109	128	109	103	108	117	111	97	120	108	141	101	109	133	96	138	97	119	125	140	132	158	149	135	141	160	140	134	130	155	166	178	161	54	169	150	192	177	165	153	163	215	231	228	257	247	233	243	250	254	244	225	408	432	450	408	438	386	414	441	461	445	450	1338	1396	1521	1140	1083	1269	1369	1549	1295	1402	1453	16957	13060	13166	21373	8941	17939	17182	13958	18023	10855	26762	1103	1233	1241	1349	1299	1333	1339	1647	1561	1306	1115	298	325	329	383	381	392	401	444	413	387	352	
861.786328100114	104	114	103	110	109	106	110	118	92	100	90	119	108	110	104	91	99	132	140	121	86	103	140	111	114	119	135	120	111	119	127	112	143	114	134	150	131	144	133	139	168	131	153	134	160	175	179	44	186	172	167	190	171	162	159	211	224	241	247	188	235	224	243	233	241	239	413	441	418	387	410	453	449	481	446	457	451	1400	1377	1478	1200	1153	1225	1403	1609	1369	1312	1461	16855	12913	13113	21047	8824	17945	17539	13768	18046	10920	26924	1136	1207	1270	1373	1369	1212	1409	1673	1538	1303	1097	334	334	322	335	361	412	390	437	408	398	378	
863.615859350113	93	105	113	108	106	84	104	98	108	90	119	111	121	127	123	99	114	108	132	109	122	119	125	144	117	137	119	129	120	118	119	104	112	131	139	151	151	142	165	146	149	147	148	124	183	180	185	67	173	152	177	184	195	169	165	265	221	229	220	219	233	263	238	254	246	230	483	456	439	363	432	400	468	467	404	453	460	1398	1394	1469	1232	1089	1277	1325	1591	1328	1392	1483	16885	12901	12966	21193	8807	17634	17420	13889	17877	10697	26786	1098	1287	1305	1359	1357	1263	1421	1671	1554	1398	1132	284	316	326	369	381	421	397	444	404	390	361	
865.444843725114	98	101	105	101	103	101	85	93	87	121	126	118	106	131	99	143	125	115	129	117	120	104	118	120	114	146	139	110	111	141	103	117	114	135	107	125	138	125	158	150	145	140	159	126	178	155	162	75	153	161	176	189	171	171	162	229	252	226	243	245	236	256	250	238	225	272	427	411	437	388	422	430	407	463	473	437	422	1304	1362	1426	1233	1119	1290	1367	1605	1359	1391	1406	16336	12906	12979	21215	8844	17808	17258	13684	17861	10669	27028	1051	1206	1212	1347	1334	1230	1378	1697	1539	1314	1125	278	306	335	392	339	456	389	450	404	382	353	
867.273203100114	120	112	87	96	103	90	95	98	99	98	105	126	107	116	94	97	108	107	137	99	95	93	133	125	121	112	122	118	111	126	124	108	138	128	138	146	151	128	128	148	156	119	155	151	154	178	186	40	183	162	182	189	166	160	160	207	227	241	218	205	236	244	203	236	206	252	399	429	416	410	388	423	430	472	433	449	432	1411	1395	1465	1172	1060	1221	1318	1549	1368	1416	1418	16412	12783	13146	20755	8689	17713	17387	13745	17795	10656	26813	1117	1179	1232	1349	1382	1234	1373	1659	1645	1319	1087	355	328	332	383	358	426	347	411	446	381	347	
869.101093725114	107	101	126	120	102	83	108	95	120	104	116	109	107	108	124	116	107	108	114	107	105	113	125	143	119	145	120	150	123	126	127	131	120	140	131	143	152	136	142	151	133	130	148	117	163	167	176	49	159	152	159	155	168	181	181	210	233	225	206	247	222	256	254	229	227	236	408	405	443	403	397	422	460	482	454	415	413	1367	1424	1537	1162	1076	1256	1402	1565	1337	1355	1465	16371	12771	12955	20763	8765	17696	17349	13932	17797	10795	26573	1155	1230	1283	1341	1333	1244	1374	1711	1572	1249	1091	332	319	345	390	408	387	400	424	426	415	331	
870.927578100114	112	99	97	97	121	102	95	104	107	108	98	119	104	121	117	109	124	111	118	114	115	108	126	124	112	141	118	142	119	116	122	133	130	146	134	158	147	126	121	134	143	129	157	151	164	143	160	37	170	197	213	181	179	142	146	180	235	227	237	246	225	229	267	249	257	249	464	403	395	384	402	403	421	475	463	449	481	1403	1378	1483	1166	1136	1272	1344	1550	1333	1403	1424	16322	12695	12937	20964	8615	17844	17428	13870	17688	10697	26165	1102	1248	1193	1357	1251	1261	1446	1679	1528	1257	1192	317	334	335	356	331	424	379	417	428	418	358	
872.754296850115	102	106	119	107	100	88	121	130	107	97	124	127	88	102	107	106	126	106	97	101	95	103	129	121	131	157	108	128	136	127	130	148	138	112	131	137	125	126	137	159	134	118	136	134	156	183	145	48	171	179	163	189	175	162	195	206	214	252	216	199	236	223	228	253	230	257	402	407	402	384	400	421	463	473	448	461	462	1392	1453	1461	1104	1134	1209	1381	1536	1358	1330	1543	16519	12942	12948	20569	8667	17861	17170	13534	17440	10624	26258	1078	1197	1182	1302	1301	1234	1343	1628	1492	1280	1126	288	299	337	345	384	400	392	415	414	392	376	
874.580390600115	120	92	108	97	98	113	116	101	102	102	103	109	118	111	108	129	121	122	91	120	108	123	130	130	122	100	142	136	142	126	113	119	107	134	143	139	123	155	155	149	150	150	151	127	167	181	172	61	179	149	177	169	160	168	185	254	225	223	225	229	226	273	262	252	256	217	422	402	453	361	421	430	431	432	455	441	416	1364	1335	1504	1175	1156	1260	1329	1580	1295	1377	1461	16397	12592	13240	20791	8398	17741	17625	13834	17669	10570	26337	1085	1207	1207	1314	1271	1254	1383	1637	1538	1264	1088	297	286	317	357	390	366	413	414	411	418	357	
876.405234350113	93	93	115	116	125	131	110	94	109	109	85	128	124	119	101	118	105	115	120	125	112	129	111	130	132	146	115	127	118	140	143	141	117	157	116	121	141	126	153	145	128	131	139	158	168	174	150	47	168	175	174	157	163	184	166	203	209	232	228	219	233	245	225	255	224	256	437	391	402	415	377	435	418	462	412	450	431	1312	1365	1443	1152	1053	1241	1322	1573	1225	1385	1403	16115	12407	12906	20774	8381	17729	17263	13851	17762	10591	26646	1091	1279	1212	1278	1317	1187	1350	1640	1520	1301	1046	306	318	354	328	400	392	380	410	435	421	399	
878.230234350114	93	84	91	104	98	114	107	125	94	112	113	126	108	115	119	108	115	123	119	124	110	118	152	114	137	142	134	126	117	125	118	111	112	125	139	158	136	136	121	161	129	167	153	145	165	168	163	58	186	190	167	177	164	185	147	213	266	234	230	207	254	258	209	252	244	243	402	395	400	366	413	447	410	460	410	447	444	1362	1375	1499	1139	1079	1189	1298	1496	1289	1375	1417	16293	12454	13007	20773	8525	17481	17372	13819	17562	10580	26162	1113	1171	1121	1306	1289	1203	1375	1698	1508	1266	1087	319	303	354	356	369	380	422	432	447	381	352	
880.054765600116	109	105	96	109	114	112	111	112	118	110	102	99	121	120	128	119	111	144	114	95	117	102	100	127	111	143	125	121	129	130	114	95	117	138	147	151	144	161	130	140	129	140	142	117	153	170	158	72	148	162	198	172	178	168	162	242	246	256	237	245	213	237	262	243	246	223	417	396	400	399	393	443	487	464	431	432	474	1329	1340	1464	1158	1130	1236	1304	1513	1307	1365	1489	16151	12638	13074	20758	8545	17660	17607	13506	17673	10455	26313	1097	1193	1201	1297	1316	1205	1338	1651	1509	1303	1061	297	296	327	381	384	373	399	422	410	416	384	
881.877812475115	100	125	101	98	109	121	100	103	109	105	90	125	126	129	108	106	101	110	99	106	101	112	140	112	128	154	118	123	125	124	147	140	129	123	130	147	138	125	137	150	123	132	145	149	180	157	141	50	175	173	169	163	171	180	179	216	240	239	227	219	264	263	244	238	249	256	419	427	420	373	428	408	413	424	466	425	456	1360	1367	1443	1205	1089	1243	1302	1489	1300	1424	1448	16153	12553	12968	20797	8470	17704	17373	13786	17703	10776	26378	1113	1212	1200	1309	1319	1247	1406	1627	1508	1243	1091	276	313	338	375	353	406	383	393	387	405	358	
883.701171850114	90	103	91	111	94	76	121	124	98	99	111	116	111	93	115	114	113	104	122	101	103	87	137	126	114	145	117	118	144	124	133	123	136	136	164	141	137	161	144	149	140	146	129	154	150	184	189	62	187	139	176	172	189	166	162	238	193	226	240	229	226	236	263	241	247	238	443	397	413	376	439	400	459	468	431	426	398	1298	1305	1478	1198	1105	1233	1290	1540	1284	1372	1423	16135	12569	13000	20665	8510	17545	17566	13575	17568	10566	26536	1107	1255	1187	1336	1274	1256	1385	1659	1611	1313	1057	327	332	310	372	392	430	371	430	449	353	420	
885.523203100114	98	108	94	121	112	124	103	115	129	88	101	111	110	122	110	126	100	111	121	124	123	102	127	134	122	121	127	111	108	104	130	124	107	136	139	158	121	155	159	130	151	150	140	124	181	161	179	49	170	179	188	153	174	179	171	243	207	206	239	255	213	261	260	261	225	258	437	400	451	382	424	415	400	458	437	429	418	1371	1319	1451	1129	1147	1194	1354	1489	1391	1410	1443	16296	12920	12953	20830	8268	17318	17538	13746	17584	10746	26150	1091	1147	1286	1334	1284	1210	1394	1733	1536	1240	1056	290	302	342	336	385	393	385	415	422	411	359	
887.345390600114	110	86	96	112	131	111	105	112	95	96	117	116	113	116	130	106	120	118	133	141	121	117	127	109	114	146	119	136	107	136	117	124	130	137	126	169	148	112	144	154	114	144	142	133	165	172	148	56	170	158	190	185	161	181	161	218	236	219	235	230	221	221	265	239	238	213	416	428	452	415	430	400	462	447	468	436	451	1327	1354	1417	1162	1115	1223	1332	1545	1328	1410	1418	16252	12471	12934	20513	8407	17657	17577	13783	17668	10550	26556	1105	1184	1225	1328	1323	1260	1384	1682	1516	1286	1096	309	333	331	360	358	403	374	427	408	372	386	
889.166328100115	117	93	110	98	118	118	102	125	97	87	124	124	129	117	131	121	112	117	124	126	100	135	106	119	117	134	131	122	116	120	142	104	126	146	145	118	139	150	147	137	169	144	145	115	165	184	159	64	166	173	177	151	186	162	169	215	208	273	227	234	247	245	244	238	233	238	421	462	426	429	394	420	458	475	434	431	418	1361	1363	1484	1116	1053	1205	1332	1483	1257	1334	1357	16105	12471	13120	20425	8508	17762	17716	13884	17540	10792	26465	1063	1137	1214	1322	1331	1216	1373	1732	1576	1265	1101	361	318	316	360	392	421	393	420	408	387	343	
890.987421850114	126	115	113	93	110	108	96	120	101	104	105	112	107	111	107	120	107	112	116	122	118	98	112	108	144	142	121	134	111	117	117	129	128	129	138	159	147	148	124	139	160	131	155	138	190	202	198	67	182	171	186	163	152	150	165	200	240	230	245	197	224	261	249	231	232	224	379	416	441	407	399	429	449	496	435	463	455	1345	1417	1403	1182	1146	1240	1285	1463	1265	1390	1426	15997	12690	12995	20585	8376	17614	17523	13725	17667	10647	26429	1184	1218	1240	1308	1369	1184	1380	1736	1583	1286	1076	305	339	388	338	397	422	397	370	423	408	382	
892.807187475113	93	108	116	107	106	113	109	98	110	93	102	107	103	120	105	115	103	89	128	133	107	120	118	134	141	108	120	121	125	126	112	142	145	156	129	142	133	121	154	154	156	131	121	140	169	161	180	62	169	184	176	187	167	177	170	217	224	209	275	270	236	230	287	242	241	247	407	434	436	389	455	453	428	457	447	447	416	1269	1353	1444	1116	1090	1308	1324	1460	1263	1412	1314	16196	12475	13283	20711	8608	17685	17608	13630	17611	10599	26498	1113	1217	1234	1323	1351	1206	1381	1745	1561	1281	1012	347	328	361	368	356	420	434	413	426	385	331	
894.627187475115	112	85	96	105	95	118	112	117	98	121	103	123	117	113	116	127	103	120	124	102	128	109	124	134	131	128	115	144	126	117	141	112	130	140	134	149	140	142	139	138	156	145	133	150	173	167	185	50	183	195	177	184	163	204	147	237	239	231	234	216	231	249	213	229	227	240	443	414	430	400	399	409	443	456	432	445	439	1325	1292	1465	1190	1089	1230	1288	1542	1290	1394	1408	16007	12427	13021	20490	8577	17613	17538	13951	17359	10713	26492	1088	1231	1206	1329	1317	1250	1392	1676	1544	1247	1082	297	302	328	369	386	395	414	387	398	378	367	
896.445781225115	110	124	99	112	123	119	127	100	110	102	133	114	125	97	100	98	130	140	114	141	112	124	121	118	122	136	122	129	125	128	128	143	118	144	134	159	146	164	146	139	146	134	146	131	173	156	182	75	153	176	175	190	176	178	180	213	256	229	237	223	250	239	253	214	260	268	425	431	433	376	389	406	448	409	438	431	444	1350	1355	1510	1149	1097	1277	1302	1402	1270	1389	1415	15913	12481	13061	20656	8441	17600	17289	13735	17315	10530	26475	1036	1242	1227	1282	1332	1305	1388	1698	1518	1283	1092	299	313	350	340	366	421	431	425	394	383	382	
898.264687475114	105	107	115	125	105	105	108	115	106	104	95	102	117	116	102	109	112	104	136	118	110	121	149	126	141	143	125	130	131	121	118	149	115	133	155	147	139	153	151	146	151	153	123	128	166	179	168	48	172	169	185	173	176	169	167	246	244	244	211	235	221	232	235	243	223	234	422	393	445	411	416	452	420	481	426	433	413	1319	1337	1471	1151	1026	1193	1331	1490	1282	1393	1335	16182	12648	13124	20629	8578	17621	17565	13914	17600	10471	26455	1117	1225	1251	1306	1309	1286	1446	1759	1521	1234	1072	291	319	338	339	350	407	403	408	418	392	350	
900.082187475115	118	121	112	107	109	98	106	118	92	104	89	120	129	136	113	123	101	108	119	118	101	109	134	122	117	125	122	138	130	122	138	124	139	147	132	120	136	175	124	129	149	136	157	146	151	153	208	46	181	189	179	205	193	180	186	243	217	256	228	202	203	267	244	243	231	228	390	460	437	371	409	458	443	440	448	444	434	1335	1383	1432	1161	1113	1289	1298	1449	1261	1400	1353	15751	12362	13140	20595	8413	17427	17309	13775	17382	10304	26391	1096	1254	1224	1340	1345	1317	1441	1769	1481	1269	1063	300	327	330	315	381	380	421	448	403	367	336	
901.899999975114	111	118	95	98	121	113	98	85	121	99	100	116	121	111	104	118	131	130	120	107	106	114	104	136	126	118	140	130	131	128	138	119	127	129	133	154	168	118	162	125	159	144	115	136	168	182	177	33	169	171	181	171	188	194	173	246	226	262	232	241	233	234	270	243	257	254	438	383	422	383	384	431	442	452	431	422	438	1297	1374	1447	1213	1086	1242	1356	1405	1272	1392	1371	15909	12603	13013	20640	8427	17756	17285	13642	17526	10358	26324	1124	1184	1191	1319	1343	1257	1460	1809	1500	1355	1067	294	323	333	357	389	438	412	404	453	411	384	
903.716406225114	106	98	114	114	117	106	123	116	114	123	101	104	116	129	123	113	121	107	129	99	119	139	140	119	138	138	142	127	113	130	127	116	124	144	142	122	161	153	138	158	131	153	116	152	180	178	174	57	156	210	187	161	196	169	176	234	226	227	227	234	231	249	256	233	252	253	404	446	405	404	402	437	469	451	431	434	433	1322	1352	1423	1238	1087	1241	1382	1497	1311	1443	1335	15913	12566	12993	20753	8445	17627	17076	13604	17473	10456	26444	1098	1151	1216	1341	1335	1254	1398	1748	1518	1283	1091	317	295	344	342	392	428	411	418	387	348	389	
905.532265600114	111	98	82	92	117	129	99	102	99	124	94	145	116	125	125	107	109	122	123	124	111	113	146	121	145	150	92	132	159	124	140	129	129	136	153	147	164	135	144	132	148	135	152	151	174	187	156	54	180	200	193	180	195	200	189	193	191	232	239	206	248	247	247	245	261	245	401	405	447	423	419	399	425	470	452	439	444	1417	1370	1387	1242	1191	1209	1347	1444	1365	1376	1359	16162	12598	13156	20594	8529	17650	17353	13398	17007	10522	26070	1097	1189	1228	1362	1337	1296	1427	1714	1493	1328	1041	323	337	316	349	358	425	389	410	411	388	374	
907.347578100114	83	137	107	115	134	126	116	127	118	91	116	117	138	131	122	135	123	117	105	108	132	131	145	132	137	131	155	130	126	129	132	117	128	137	153	161	129	138	162	124	140	158	161	134	161	192	168	69	180	178	187	192	187	156	189	237	229	240	260	225	239	247	231	217	251	248	426	410	447	416	426	425	462	488	442	439	427	1324	1384	1474	1209	1133	1218	1351	1476	1241	1378	1335	15814	12596	12808	20521	8105	17356	16982	13459	17112	10336	26343	1181	1224	1182	1308	1378	1258	1450	1787	1543	1262	1037	347	339	332	325	423	404	416	386	450	372	338	
909.163124975115	115	111	118	130	88	113	113	105	112	107	110	106	95	138	128	123	116	109	133	118	114	118	141	136	129	106	123	149	120	123	114	139	127	161	146	149	149	151	150	176	169	159	146	135	175	184	146	47	168	182	179	167	189	191	189	226	233	227	245	217	250	243	258	252	259	237	427	382	457	424	407	418	464	454	472	472	421	1382	1384	1437	1206	1131	1245	1321	1464	1311	1392	1465	15926	12522	12981	20647	8511	17520	17132	13443	16969	10578	26341	1090	1185	1212	1279	1326	1251	1485	1753	1502	1293	1049	303	316	346	334	395	401	439	457	429	382	350	
910.977265600115	125	108	105	105	95	113	118	120	114	105	96	132	98	132	98	90	126	115	139	107	120	120	109	133	154	130	122	125	141	121	128	116	118	137	137	143	123	150	115	161	160	144	142	172	167	167	181	53	182	198	166	188	189	192	175	228	259	225	246	215	266	221	252	253	246	228	421	452	437	369	403	450	444	477	469	451	482	1388	1325	1432	1187	1101	1130	1333	1510	1309	1363	1328	15913	12540	12813	20544	8332	17414	16907	13540	16892	10510	26216	1116	1151	1297	1294	1298	1266	1449	1746	1613	1253	1043	319	336	373	352	381	411	392	411	419	409	404	
912.790937475114	128	133	106	115	117	123	114	89	125	104	118	109	127	108	131	117	109	120	107	137	131	136	133	126	134	142	141	107	126	125	128	115	127	129	154	156	159	153	131	148	180	169	144	121	189	175	178	48	161	201	183	187	171	153	172	251	234	229	251	241	235	258	269	237	242	267	401	420	451	417	409	454	474	453	456	440	424	1346	1349	1402	1215	1121	1187	1379	1492	1304	1420	1388	15956	12598	12876	20845	8453	17679	17240	13618	16968	10348	26398	1121	1248	1208	1349	1256	1300	1467	1743	1547	1263	1078	355	316	325	344	370	415	393	417	415	425	378	
914.603984350113	118	118	103	111	122	114	106	118	119	121	105	114	96	128	125	131	124	111	143	127	122	116	148	125	136	149	137	139	117	141	116	144	126	150	122	150	176	119	153	133	146	141	140	149	183	175	163	51	175	195	191	180	181	170	171	221	229	239	245	220	271	251	266	254	261	268	418	427	451	421	436	386	466	467	433	473	450	1355	1339	1396	1266	1041	1194	1330	1400	1339	1286	1431	15733	12617	13073	20865	8329	17648	17101	13344	17101	10187	25967	1165	1198	1196	1272	1244	1263	1456	1722	1529	1322	1081	276	312	341	368	344	378	418	411	425	398	379	
916.417265600114	112	110	107	126	106	74	120	120	133	108	121	121	106	114	133	133	113	121	105	125	119	106	130	126	164	125	134	128	128	150	135	142	123	156	141	149	160	153	141	153	129	148	146	121	167	152	153	46	192	167	169	190	176	142	158	271	222	220	236	251	228	245	249	242	226	243	427	431	429	451	411	444	485	436	462	477	451	1342	1339	1456	1236	1061	1181	1353	1492	1279	1360	1442	16047	12720	12937	20661	8221	17552	17071	13333	17241	10476	26342	1074	1244	1221	1303	1270	1306	1421	1685	1481	1184	1041	304	338	353	352	369	404	402	410	397	381	377	
918.229218725113	122	103	125	112	101	112	117	118	138	85	102	140	133	144	113	120	115	127	134	117	127	135	110	138	116	118	143	128	105	136	133	134	137	147	149	144	133	127	146	148	112	134	134	152	166	170	185	68	176	172	191	167	181	197	173	261	259	229	225	233	258	276	270	243	254	261	433	425	473	400	387	455	466	446	471	472	475	1360	1369	1499	1223	1067	1279	1326	1502	1313	1367	1486	15992	12569	13067	20661	8251	17453	17179	13423	17046	10408	25786	1099	1193	1288	1269	1376	1250	1422	1773	1459	1209	1041	314	289	343	356	352	407	413	449	385	410	362	
920.040624975114	119	106	115	113	107	116	108	111	108	130	132	107	129	130	146	125	135	112	121	124	111	123	127	128	110	151	137	115	136	152	129	133	131	155	128	166	151	136	168	143	143	139	156	143	192	167	153	62	157	178	195	173	180	167	188	237	258	243	275	229	258	269	249	242	213	249	425	417	434	378	399	449	463	435	438	446	433	1364	1361	1459	1199	1100	1205	1308	1496	1310	1360	1434	15851	12534	12893	20744	8489	17427	17252	13348	17262	10090	26227	1033	1184	1280	1321	1307	1235	1453	1737	1492	1248	1026	323	311	318	370	376	379	398	473	438	405	353	
921.851484350114	119	126	96	97	103	113	120	121	96	116	117	105	121	110	104	108	122	117	126	118	118	131	152	117	148	140	133	119	137	133	122	112	115	135	162	133	133	141	163	162	150	147	163	135	161	150	169	56	173	194	177	185	177	198	169	250	246	249	243	216	258	255	228	228	213	239	429	420	408	384	419	428	482	446	438	450	429	1383	1345	1436	1211	1138	1192	1356	1490	1290	1383	1375	15869	12790	12757	20533	8281	17321	17092	13288	17392	10157	26105	1104	1186	1220	1319	1299	1174	1432	1751	1516	1280	1020	314	320	316	345	386	431	432	440	434	407	372	
923.661796850114	105	135	126	125	100	122	95	98	112	116	112	116	129	103	103	116	130	135	116	138	140	123	122	141	151	130	132	138	138	122	149	135	100	149	153	160	135	154	141	159	153	138	146	133	162	197	200	55	171	189	181	189	171	182	197	246	259	250	227	235	238	259	268	259	235	264	398	393	466	389	423	442	485	435	438	461	440	1369	1349	1480	1178	1081	1233	1413	1441	1323	1372	1432	15874	12647	13057	20904	8242	17412	17126	13393	17318	10282	26314	1047	1222	1196	1345	1292	1251	1423	1736	1497	1303	1086	339	299	329	362	372	406	402	451	445	375	386	
925.471562475113	119	116	117	128	105	101	99	107	101	122	119	112	128	139	132	133	111	110	126	112	118	122	138	128	123	144	128	135	138	140	137	132	126	154	127	127	150	117	170	131	117	156	127	125	195	155	177	46	155	192	172	181	186	173	185	243	229	218	225	255	234	248	244	257	261	212	455	418	400	393	422	425	501	441	425	441	480	1412	1364	1495	1193	1117	1274	1362	1471	1354	1411	1394	15775	12854	13059	20991	8334	17430	17089	13506	17367	10263	26247	1097	1172	1293	1321	1362	1266	1401	1725	1455	1264	1054	345	334	353	353	377	413	409	465	441	368	398	
927.280703100114	116	97	99	105	101	111	99	131	109	90	128	120	113	124	103	117	115	124	125	105	128	123	115	128	114	118	123	131	131	131	145	128	121	136	163	123	153	155	140	153	139	150	159	128	175	177	178	44	184	178	179	166	179	173	173	227	241	247	225	202	246	241	236	227	249	255	436	397	465	413	409	413	431	453	440	450	438	1392	1304	1441	1173	1104	1219	1311	1495	1305	1433	1391	16122	12843	13025	20591	8271	17393	17140	13485	17378	10148	26573	1118	1170	1271	1280	1315	1243	1383	1732	1488	1309	1120	295	322	339	304	395	402	400	444	404	354	388	
929.089374975114	114	112	108	110	102	109	136	115	100	105	115	112	123	124	133	124	120	128	97	153	120	120	143	130	124	129	108	111	143	140	140	101	123	144	159	145	145	140	146	134	141	148	144	128	184	167	215	57	181	165	167	166	181	174	173	230	239	228	229	214	210	249	257	244	220	247	444	424	450	416	392	471	446	465	430	472	470	1446	1400	1485	1195	1116	1240	1308	1446	1325	1424	1419	16055	12643	12935	20431	8501	17714	17181	13522	17419	10205	26253	1042	1219	1255	1309	1338	1253	1301	1599	1442	1288	1037	336	313	313	331	391	451	395	432	411	431	368	
930.897421850113	112	111	123	104	119	86	108	126	97	113	112	112	137	129	121	142	104	106	133	106	99	123	117	132	115	110	130	138	115	157	107	128	118	140	128	142	135	132	158	165	133	145	154	156	166	181	168	43	175	168	176	158	214	183	183	209	250	224	258	214	255	258	233	215	242	266	441	456	425	410	425	468	425	440	438	492	455	1386	1425	1468	1192	1111	1226	1321	1586	1351	1410	1325	15841	13001	12927	20795	8255	17736	17358	13262	17206	10162	25932	1060	1184	1264	1311	1198	1264	1307	1678	1525	1256	1104	311	322	352	372	380	404	416	419	409	390	342	
932.704999975114	123	131	104	102	97	116	121	97	122	108	119	125	104	107	125	109	104	104	113	103	109	103	120	122	126	117	136	129	151	121	115	142	115	145	156	137	121	141	161	125	138	121	141	152	165	147	189	48	179	188	164	194	179	182	178	245	239	230	218	227	246	245	233	277	247	266	398	418	443	411	427	407	454	479	492	445	488	1379	1339	1414	1223	1068	1273	1308	1581	1335	1401	1352	15918	12877	12843	20777	8248	17410	17034	13410	17185	10199	26082	1132	1237	1273	1322	1287	1292	1315	1533	1544	1279	1039	293	298	332	362	403	440	411	410	460	365	361	
934.511953100115	121	117	114	98	138	110	117	129	117	111	117	128	109	115	121	129	106	112	121	105	123	138	126	129	119	120	139	133	120	149	101	140	119	144	128	149	145	154	150	129	132	162	122	150	167	185	182	57	179	156	186	172	184	162	185	248	251	254	229	237	235	250	243	250	242	261	439	425	415	422	424	439	463	469	428	448	456	1376	1373	1446	1203	1107	1238	1349	1523	1356	1491	1378	15778	12895	12841	20584	8280	17559	17286	13254	17285	10215	25973	1042	1200	1275	1272	1331	1219	1312	1602	1467	1276	1004	312	310	343	360	362	424	435	402	440	434	342	
936.318359350114	80	103	118	130	116	105	101	100	104	123	114	120	113	119	129	132	115	108	117	111	100	102	120	129	125	148	130	133	131	136	124	125	113	134	157	139	139	132	146	153	147	160	152	111	170	156	163	65	156	168	181	193	183	189	169	240	224	214	241	264	234	245	269	270	274	256	415	405	398	429	380	409	442	426	433	459	423	1329	1393	1450	1192	1121	1193	1302	1553	1373	1496	1408	15814	12725	13051	20842	8127	17445	16843	13352	16816	10278	25690	1115	1239	1249	1402	1334	1290	1330	1594	1491	1269	1089	319	309	343	371	385	430	432	429	420	400	352	
938.124296850114	106	111	98	89	101	110	93	137	94	88	96	124	117	115	111	101	102	131	118	129	112	95	146	115	133	118	133	134	131	125	126	114	119	118	143	130	143	153	154	129	159	117	149	135	174	178	162	47	157	178	193	181	155	150	177	243	252	238	234	211	237	260	216	230	221	256	404	438	388	418	434	428	430	421	401	448	461	1319	1374	1470	1183	1072	1276	1370	1561	1339	1565	1384	15918	12693	12876	20938	8226	17209	17343	13315	16738	10472	25875	1134	1205	1209	1304	1294	1278	1400	1611	1420	1275	1066	312	310	306	350	394	427	392	418	417	401	369	
939.929609350114	109	129	103	111	100	122	123	115	124	130	99	114	86	111	113	130	133	123	112	118	128	114	126	124	138	132	141	136	111	125	113	130	130	160	145	142	133	127	144	133	135	145	137	135	191	181	163	59	176	166	182	157	167	167	207	241	231	220	246	222	236	255	252	240	241	240	431	414	430	425	399	432	473	476	492	449	468	1252	1254	1480	1116	1119	1167	1312	1476	1338	1569	1359	15589	12547	12904	20708	8141	17059	16876	13273	17066	10363	25615	1106	1149	1245	1356	1309	1209	1345	1594	1506	1231	1058	328	331	352	378	372	383	443	375	425	387	395	
941.734374975113	113	101	110	117	95	118	89	112	102	92	87	125	117	114	138	124	125	124	116	110	124	107	124	112	107	139	139	123	109	128	138	120	114	135	120	119	145	118	123	158	156	127	129	144	186	168	175	53	177	170	178	180	160	177	174	236	266	228	230	226	246	235	225	254	273	233	442	406	444	430	396	430	453	438	480	423	433	1375	1427	1431	1162	1085	1281	1376	1502	1286	1539	1380	15797	12637	12915	20606	8143	17221	17132	13164	16940	10345	25512	1104	1219	1185	1336	1381	1281	1362	1546	1403	1314	1098	309	340	329	383	357	384	424	407	414	374	386	
943.538593725116	129	112	85	96	122	125	110	108	104	94	101	119	134	125	110	124	137	125	125	114	106	95	147	130	122	110	143	96	142	130	135	118	136	140	151	134	133	159	129	157	153	136	146	136	162	180	187	59	191	185	190	180	194	162	192	229	225	237	234	240	241	250	231	261	262	253	440	412	437	410	393	414	431	455	428	452	431	1415	1430	1414	1196	1114	1241	1360	1560	1317	1447	1400	15624	12660	13067	20662	8237	17027	16927	13248	16811	10323	25360	1098	1273	1270	1290	1275	1255	1351	1542	1522	1276	1074	314	329	339	387	364	408	403	400	444	389	365	
945.342265600115	117	116	112	115	107	106	98	98	107	89	120	117	123	129	110	108	151	140	128	124	130	130	120	145	126	122	128	107	118	147	141	121	124	139	122	149	132	134	168	133	134	158	163	129	189	173	164	72	171	170	169	181	182	182	160	219	231	233	216	226	230	285	259	221	267	230	427	442	474	425	357	442	445	457	482	481	458	1385	1345	1405	1179	1119	1208	1370	1558	1333	1469	1506	15839	12449	13035	20599	8225	17039	17227	13116	16967	10328	25575	1026	1237	1280	1301	1311	1225	1382	1579	1465	1257	1073	339	283	321	372	405	388	416	392	441	399	324	
947.145312475113	114	119	92	112	94	129	92	109	98	100	114	116	122	121	129	119	113	112	124	114	127	112	110	129	133	134	141	130	132	139	131	146	128	143	145	146	147	127	139	151	167	137	151	154	180	149	173	48	186	164	175	183	181	185	191	211	237	230	257	210	277	242	257	240	236	260	431	412	429	387	417	406	440	468	425	442	444	1366	1403	1423	1174	1092	1239	1372	1438	1344	1445	1433	16004	12694	12860	20701	8294	17354	16733	13617	16635	10296	25632	1090	1248	1249	1309	1269	1261	1394	1603	1486	1191	1052	340	344	316	373	383	396	408	446	419	383	384	
948.947890600113	109	127	110	123	85	88	118	111	88	107	119	145	132	124	115	139	108	129	128	132	112	105	119	139	113	105	118	117	131	132	139	126	135	151	139	140	138	149	155	135	137	132	145	132	170	173	176	53	181	168	173	163	206	164	179	231	227	232	247	223	244	230	262	264	247	250	455	442	441	395	386	444	463	513	442	435	430	1364	1373	1449	1191	1106	1321	1440	1542	1389	1465	1477	15836	12821	12866	20602	8239	17263	17458	13455	17000	10095	26055	1122	1189	1239	1359	1287	1198	1400	1634	1515	1231	1062	301	339	312	361	372	409	402	464	419	391	357	
950.749140600115	123	103	117	112	112	128	104	120	122	118	111	103	124	126	93	128	117	127	104	137	113	113	121	125	120	117	126	138	124	128	131	105	106	152	138	121	117	138	142	140	137	148	140	152	185	173	152	62	158	167	171	171	175	165	182	236	257	215	241	263	228	247	265	227	275	253	405	418	443	394	418	410	474	512	462	470	453	1421	1404	1485	1234	1162	1280	1427	1529	1389	1505	1496	15793	12745	12854	20469	8054	17231	17201	13402	16814	10219	25775	1123	1295	1308	1330	1303	1242	1342	1610	1523	1255	1088	293	282	334	391	397	414	394	414	421	417	385	
952.550624975114	123	121	88	104	129	122	80	99	119	97	87	103	116	123	115	109	140	129	132	127	119	117	136	128	129	147	133	119	142	112	148	129	120	171	134	144	175	124	121	162	151	151	137	148	172	175	181	63	184	189	174	180	165	177	195	239	240	226	222	264	269	257	259	243	242	226	451	431	423	406	431	438	426	502	462	437	471	1433	1425	1438	1174	1100	1277	1420	1543	1382	1518	1417	15819	12730	12995	20659	8178	17051	17378	13209	16646	10287	25794	1129	1274	1255	1324	1260	1270	1372	1601	1542	1263	1085	325	308	337	384	373	380	403	428	390	354	385	
954.351484350114	106	85	101	79	97	93	125	113	104	98	109	99	133	107	119	109	112	111	116	101	110	107	120	117	141	126	121	114	137	151	127	119	140	147	161	148	147	157	132	148	155	131	131	121	172	163	188	57	175	171	182	196	172	179	174	260	235	244	251	223	253	257	264	212	237	247	429	413	473	401	444	440	445	546	459	410	471	1406	1404	1455	1223	1176	1266	1445	1551	1452	1496	1454	15920	12724	13058	20242	8189	17041	17285	13233	16824	10108	25760	1135	1269	1323	1339	1285	1201	1399	1596	1558	1330	1030	316	337	349	365	422	431	431	408	461	370	376	
956.151874975114	105	129	99	110	105	141	130	111	104	95	105	127	106	114	134	104	115	118	113	124	119	112	112	140	128	137	139	118	132	132	118	129	125	140	138	188	151	135	157	142	141	141	146	134	178	187	159	55	150	169	172	207	173	203	183	232	235	229	218	213	253	236	265	229	261	278	409	435	431	390	394	412	476	522	437	424	470	1354	1391	1408	1170	1158	1314	1404	1473	1392	1500	1391	15600	12660	12960	20169	7982	17112	17055	13373	16615	9930	25622	1111	1236	1220	1308	1252	1250	1391	1627	1541	1209	1116	319	332	391	384	397	386	437	419	398	413	364	
957.950859350114	107	99	115	101	113	119	98	114	102	116	98	108	114	122	119	114	125	106	119	113	119	117	124	142	111	139	145	142	128	151	94	124	135	129	153	144	155	146	147	141	129	147	133	134	154	150	173	50	166	172	201	182	183	177	203	240	225	257	248	226	226	258	279	254	268	215	424	425	414	398	447	437	463	473	452	463	420	1355	1439	1422	1147	1149	1287	1453	1481	1502	1414	1430	15449	12412	12903	20159	8109	16963	17275	13439	16777	10100	25554	1133	1227	1208	1369	1328	1289	1407	1562	1456	1308	1163	312	344	326	364	347	442	429	448	432	389	397	
959.750156225115	111	82	103	116	124	116	108	121	89	84	110	108	116	115	109	102	93	122	121	104	100	136	141	120	115	150	129	122	132	108	131	122	114	146	167	135	131	150	134	152	150	132	149	143	151	177	182	33	173	177	171	159	182	197	165	220	228	244	240	228	239	227	240	249	239	245	436	429	454	466	428	449	470	457	428	444	437	1284	1410	1453	1259	1111	1237	1362	1494	1482	1411	1436	15342	12376	12918	20019	8210	17192	17057	13145	16642	9979	25336	1108	1251	1296	1357	1308	1196	1328	1612	1472	1271	1118	318	314	313	362	411	412	399	445	445	423	385	
961.548906225114	119	118	99	121	112	126	86	120	130	88	120	114	119	123	121	119	132	108	99	126	101	102	121	143	107	126	135	133	122	115	138	119	129	137	137	125	120	141	172	131	130	125	133	131	162	188	162	52	168	157	159	167	166	183	178	223	240	251	221	239	233	279	263	246	246	250	410	440	412	381	408	438	427	448	447	459	449	1356	1352	1371	1181	1145	1304	1403	1481	1391	1496	1423	15501	12393	12732	19936	8124	16921	16971	13048	16696	9938	25731	1135	1244	1279	1377	1283	1239	1351	1573	1499	1181	1164	331	320	347	377	359	433	407	420	421	404	354	
963.346249975115	106	126	102	136	112	110	99	110	124	127	84	121	109	123	131	123	125	116	108	118	103	111	121	140	127	135	121	112	137	123	98	130	121	137	150	149	143	136	124	145	146	161	125	154	160	165	183	56	166	163	149	194	147	189	210	235	221	257	234	237	239	219	247	267	248	249	408	402	429	412	410	431	469	473	447	433	466	1354	1357	1417	1203	1134	1265	1458	1427	1410	1436	1393	15481	12229	12889	20311	8193	17046	16809	13323	16387	9915	25682	1081	1207	1310	1317	1303	1216	1351	1629	1565	1245	1079	338	340	377	377	387	405	396	417	393	370	364	
965.143906225114	105	112	106	111	120	109	98	116	111	95	85	125	101	94	129	103	92	113	133	112	104	95	111	131	116	83	134	148	142	117	116	126	137	123	140	145	141	142	138	129	175	150	145	138	186	173	156	41	171	191	147	181	181	181	140	213	205	247	231	214	239	231	257	248	206	252	410	380	460	418	405	444	430	451	412	418	447	1315	1352	1362	1181	1098	1273	1416	1420	1463	1403	1398	15466	12188	13016	19981	8172	17176	16790	13219	16615	9912	25389	1157	1245	1224	1331	1342	1236	1312	1569	1516	1242	1026	328	322	312	345	391	409	404	402	400	380	352	
966.940156225113	116	105	102	104	114	127	106	88	91	117	95	122	131	105	113	109	129	110	105	132	114	121	133	102	129	144	123	134	117	132	137	116	124	130	140	146	129	141	128	144	154	167	143	156	188	187	165	51	163	160	176	194	160	185	160	222	252	253	241	228	199	264	283	243	261	247	396	442	411	409	381	406	449	466	418	439	431	1353	1326	1378	1143	1085	1281	1408	1452	1364	1426	1345	15424	12381	12733	19929	7989	16889	16547	13266	16780	9948	25686	1096	1218	1214	1263	1230	1236	1318	1487	1493	1272	1048	307	323	369	376	368	441	401	413	406	379	356	
968.736640600115	79	108	112	108	94	109	91	107	106	97	85	107	128	119	149	114	107	125	133	120	103	107	117	90	128	141	124	115	139	123	95	133	112	149	140	124	136	141	154	145	149	133	139	137	169	151	170	50	170	185	157	155	168	185	202	233	230	235	210	226	246	237	257	219	239	236	407	417	383	417	451	422	434	493	443	427	425	1340	1340	1343	1156	1043	1225	1387	1505	1375	1404	1303	15265	12278	12822	19922	8021	16963	16682	13140	16546	9984	25461	1066	1193	1207	1301	1273	1183	1372	1576	1490	1244	1073	271	307	335	363	380	344	421	391	376	376	331	
970.532656225114	104	113	90	111	94	99	119	120	114	122	93	126	112	106	119	101	101	101	111	126	99	100	127	141	134	123	113	118	121	136	141	125	128	149	140	136	135	149	164	148	144	136	148	153	176	165	169	37	197	183	188	175	178	163	174	215	242	229	215	221	216	242	251	240	211	240	415	395	433	404	421	414	413	471	435	412	406	1355	1370	1368	1220	1058	1195	1313	1438	1321	1370	1329	15132	12237	12771	20162	7879	16706	16822	13157	16517	9884	25552	1090	1154	1277	1331	1327	1149	1313	1583	1432	1254	1071	314	293	319	353	388	405	381	396	407	369	330	
972.327265600114	114	122	95	93	111	105	111	110	107	96	109	123	117	112	118	107	127	122	98	113	110	127	124	138	105	135	132	125	137	115	125	122	127	138	141	126	111	140	123	134	139	141	149	136	163	163	194	76	175	178	176	176	172	171	186	228	240	227	242	243	230	261	264	226	252	212	412	431	429	402	409	400	450	457	380	447	438	1312	1294	1462	1172	1052	1235	1339	1453	1318	1357	1365	15118	12139	12787	19641	8038	16924	16853	12995	16520	9747	25300	1114	1209	1201	1243	1303	1169	1285	1545	1459	1216	1024	320	315	361	350	364	393	351	395	398	374	382	
974.122187475114	111	98	116	111	92	103	108	121	100	132	88	107	116	124	111	113	109	116	125	108	112	111	116	131	122	135	119	120	134	119	129	114	122	144	143	122	160	121	138	149	128	140	162	133	176	170	171	62	146	170	193	178	184	159	176	235	214	228	243	220	253	254	264	275	236	242	414	416	438	393	398	431	469	530	452	437	407	1254	1281	1368	1126	1103	1215	1370	1492	1365	1309	1316	15234	12201	12980	19718	7837	16867	16721	12994	16432	9757	25650	1079	1135	1214	1305	1269	1203	1186	1504	1456	1221	1093	307	298	315	363	342	357	393	415	400	383	350	
975.915703100116	112	92	101	90	108	110	103	120	108	101	99	115	121	139	103	111	119	130	105	125	123	117	135	116	128	100	117	138	122	144	128	117	125	110	128	136	133	136	147	136	151	144	163	123	148	158	158	52	174	174	170	174	180	168	181	255	225	240	244	225	233	241	254	234	252	232	403	386	406	381	376	420	437	457	450	437	419	1351	1348	1364	1142	1096	1242	1298	1475	1314	1356	1343	14930	12094	12990	19746	7868	16872	17041	12936	16324	9644	25458	1100	1169	1085	1263	1216	1176	1236	1519	1415	1248	1077	313	296	285	333	373	382	375	432	391	391	370	
977.709531225115	100	101	106	113	91	111	128	118	101	106	87	117	132	101	118	105	117	102	102	125	117	125	129	120	126	127	144	139	133	134	111	135	107	179	153	125	132	119	140	155	150	157	151	139	153	198	185	60	186	184	165	182	179	178	184	221	222	210	218	230	231	238	253	241	238	217	422	454	410	411	356	432	473	494	417	435	438	1282	1258	1385	1122	1059	1189	1307	1435	1275	1373	1330	15028	11910	13015	19956	7815	16780	16720	12884	16434	9622	25776	1110	1143	1174	1241	1279	1177	1307	1510	1421	1238	1069	325	338	340	333	350	398	396	414	412	372	404	
979.501953100114	116	123	114	119	113	98	93	102	102	91	112	116	115	124	127	123	99	119	132	108	102	114	130	126	101	122	127	119	117	127	108	135	129	134	130	130	152	125	144	139	129	137	132	122	161	159	168	40	173	152	163	177	183	171	163	240	229	213	226	222	240	251	243	235	241	249	393	402	411	381	414	427	433	528	428	417	443	1255	1316	1356	1131	1008	1168	1233	1463	1344	1317	1349	14971	11913	12994	19909	7968	16597	17255	12711	16238	9621	25515	1067	1215	1156	1293	1239	1149	1259	1491	1349	1240	1053	285	319	321	358	369	361	395	397	370	389	341	
981.293828100113	110	111	104	99	105	108	113	108	90	104	110	109	101	90	89	74	88	109	125	112	135	130	146	119	147	112	125	127	117	105	135	101	139	123	120	105	154	132	137	129	125	132	149	123	149	169	160	65	182	199	198	165	167	163	159	198	219	242	233	232	235	256	257	235	225	243	428	424	373	397	406	420	443	511	382	432	421	1252	1323	1357	1143	1070	1149	1268	1430	1309	1371	1356	15214	11918	13249	20237	8092	16739	17535	12848	16568	9756	26025	1046	1215	1189	1241	1279	1111	1243	1528	1444	1202	1001	299	317	311	361	360	391	390	423	419	409	360	
983.086015600114	120	105	88	96	114	107	105	117	113	109	105	113	126	93	117	102	134	106	114	132	120	110	126	115	128	121	141	130	127	117	116	102	115	140	149	148	147	143	148	141	144	126	150	125	175	134	183	64	177	150	166	161	161	186	176	239	223	238	230	222	220	235	251	218	214	286	410	394	426	378	401	382	471	487	437	410	418	1291	1253	1338	1132	1042	1200	1319	1446	1367	1316	1334	15304	12186	13257	20381	8043	16998	17989	12992	16531	9787	26101	1093	1222	1233	1282	1256	1217	1306	1567	1443	1250	975	330	301	340	348	379	394	375	397	438	384	333	
984.876796850114	100	101	101	104	103	107	84	101	96	106	105	119	107	117	131	116	114	121	121	120	112	111	130	141	116	114	120	132	138	114	107	122	132	156	141	129	147	141	144	146	149	133	116	151	161	147	194	48	170	149	177	190	155	184	185	218	245	224	207	213	226	255	221	214	230	227	385	428	413	385	444	415	475	448	408	466	457	1346	1338	1383	1219	1082	1169	1333	1514	1365	1302	1295	15414	12201	13713	20560	8201	17216	18563	13183	17065	10064	26661	1076	1205	1201	1292	1256	1232	1283	1629	1404	1249	1077	318	320	362	359	355	372	410	405	391	397	346	
986.667109350115	95	108	89	88	93	112	95	116	92	99	118	127	112	130	119	127	110	93	107	110	118	101	138	108	141	126	111	130	115	118	113	126	135	136	132	134	141	150	128	148	139	147	137	117	166	194	176	48	181	167	173	174	181	172	167	239	223	224	220	199	239	232	211	223	216	247	394	405	427	360	383	399	412	431	420	439	450	1320	1388	1407	1176	1043	1235	1374	1549	1395	1392	1281	15346	12513	13917	20920	8489	17537	18975	13577	17570	10073	27008	1123	1239	1176	1324	1237	1189	1322	1645	1547	1248	1110	338	317	353	340	408	393	398	379	429	386	350	
988.457578100115	105	101	110	115	123	116	98	98	95	108	105	110	108	131	118	98	121	116	114	97	104	127	126	129	110	134	132	129	131	96	127	111	117	135	152	149	130	133	142	128	158	138	136	117	169	157	177	55	173	167	176	183	164	185	180	228	260	221	231	241	238	265	237	237	241	241	428	435	415	366	421	401	445	469	430	449	457	1314	1381	1434	1218	1144	1241	1374	1591	1386	1394	1363	15690	12725	13911	20942	8371	17650	19246	13784	17433	10432	27174	1124	1192	1237	1300	1313	1192	1377	1624	1544	1322	1135	329	305	380	381	359	397	444	419	398	416	381	
990.246796850115	98	93	112	91	119	112	90	108	105	119	95	113	95	123	97	122	116	115	125	108	106	127	133	121	127	127	119	117	135	133	121	144	119	151	130	146	149	133	123	152	151	127	116	133	151	158	173	51	161	177	185	150	171	170	201	213	246	238	217	206	282	230	223	258	249	221	440	375	429	424	427	436	420	480	409	443	454	1352	1390	1527	1166	1100	1243	1310	1579	1393	1342	1407	15888	12781	14277	21234	8529	17983	19201	13900	17818	10477	27525	1210	1232	1218	1332	1257	1255	1311	1622	1527	1309	1137	338	354	321	351	354	404	417	449	374	402	371	
992.035468725115	114	107	80	122	113	95	103	117	112	90	101	106	97	123	89	118	122	122	118	99	115	132	116	121	157	120	114	129	148	121	119	112	136	138	147	163	140	153	143	133	141	152	145	131	159	159	168	49	181	167	153	184	184	174	175	215	241	252	226	200	228	258	240	234	246	266	433	423	403	434	391	431	431	443	423	457	453	1363	1417	1458	1187	1090	1257	1382	1616	1359	1393	1393	16108	12915	14626	21381	8771	18080	19373	14331	18562	11130	27895	1229	1254	1280	1417	1295	1238	1374	1616	1530	1339	1085	327	331	329	368	385	405	392	429	392	407	376	
993.824296850113	119	115	114	110	103	109	117	108	94	113	96	111	112	135	106	125	120	112	110	113	120	108	139	130	126	112	110	125	137	108	135	121	114	133	136	146	125	144	151	137	129	147	151	140	172	214	172	53	205	176	158	184	157	181	176	227	226	236	197	236	217	238	251	229	230	222	414	466	420	392	406	414	452	449	456	489	449	1376	1351	1502	1223	1128	1302	1400	1590	1365	1430	1435	16662	13569	15590	22519	9307	18720	20080	15540	19325	11405	29214	1272	1281	1318	1423	1290	1271	1471	1611	1583	1373	1134	313	315	366	379	381	385	415	413	419	421	383	
995.611874975115	96	92	129	104	104	99	97	113	110	115	96	109	123	136	114	125	111	89	121	123	114	125	142	117	138	137	123	140	125	134	113	133	137	184	125	156	135	146	110	140	151	169	143	147	169	180	166	53	163	189	169	181	181	173	174	236	238	241	220	231	251	249	241	247	246	259	446	465	466	411	387	414	454	489	452	445	467	1424	1480	1543	1180	1095	1311	1465	1600	1388	1573	1478	18160	15113	17255	24261	10121	20312	22132	17695	21759	12954	31356	1250	1345	1450	1481	1298	1321	1482	1708	1636	1458	1178	291	349	370	404	412	389	405	452	428	395	379	
997.398828100115	117	107	91	95	111	101	110	106	99	103	112	118	112	121	118	113	120	111	102	97	104	130	134	120	120	139	104	124	124	134	117	108	115	125	144	128	142	143	139	131	137	150	153	138	170	158	189	62	168	169	166	184	170	153	168	224	247	211	229	242	239	274	271	246	240	259	425	462	424	394	450	491	479	478	488	428	444	1452	1577	1667	1322	1289	1403	1491	1673	1440	1629	1498	20899	18159	21021	28302	12238	22837	26065	22145	26322	15305	32767	1428	1504	1539	1637	1539	1400	1623	1942	1731	1617	1357	327	351	385	394	424	445	450	466	460	426	391	
999.185312475114	101	102	94	97	125	97	115	118	111	108	98	127	121	112	114	112	107	113	132	127	116	102	127	131	119	132	122	111	133	114	140	112	130	147	128	144	141	147	157	154	140	164	154	118	165	186	163	54	180	178	178	172	173	151	189	217	245	236	258	255	220	259	276	264	256	250	463	427	463	405	431	462	446	505	473	477	480	1558	1662	1817	1419	1459	1557	1612	1903	1646	1808	1733	23399	20761	23819	31296	14139	25550	28749	25223	29207	17752	32767	1569	1798	1817	1825	1669	1672	1744	2083	2049	1860	1602	404	391	390	471	510	517	493	482	502	496	422	
1000.97124997511	81	86	108	117	99	106	93	111	127	104	103	122	90	117	100	131	131	103	112	100	116	103	133	121	132	119	141	134	133	131	113	133	138	149	114	132	142	157	128	155	136	151	146	151	168	184	186	53	178	189	161	174	165	168	192	209	229	214	255	227	235	269	240	249	246	245	459	469	445	469	413	467	506	472	453	480	454	1491	1589	1696	1397	1315	1442	1567	1701	1529	1697	1732	21619	18248	21357	28764	12713	23875	25408	22218	25966	15498	32767	1556	1671	1710	1726	1583	1545	1763	1990	1960	1744	1578	391	406	433	451	472	496	460	469	476	464	416	
1002.75742185011	113	91	105	86	103	93	134	124	105	88	114	141	126	107	105	103	123	88	132	116	107	108	134	121	138	120	124	123	149	121	144	105	109	126	148	150	150	125	127	136	151	137	135	132	152	151	164	54	175	188	181	179	182	169	180	226	243	240	242	224	227	240	232	249	247	264	473	407	399	409	424	408	429	470	411	459	472	1437	1452	1503	1245	1269	1459	1423	1601	1468	1548	1565	18167	14635	16556	24126	9992	20112	20523	16831	21280	12137	30018	1275	1470	1438	1561	1475	1359	1607	1773	1686	1450	1260	386	386	361	374	411	419	408	469	469	457	445	
1004.54226560011	117	120	102	104	114	100	109	117	102	93	125	120	122	109	138	115	107	110	114	117	108	120	113	133	128	144	133	119	123	119	128	110	125	141	138	136	153	125	135	151	185	164	132	146	203	161	151	63	145	187	176	181	187	178	172	266	240	233	209	225	212	267	278	252	253	245	420	427	477	420	436	460	468	459	432	457	443	1352	1409	1482	1214	1106	1270	1301	1551	1349	1441	1487	16429	12973	14618	22059	9049	18631	18572	14417	18781	10706	27163	1183	1293	1332	1370	1308	1224	1367	1639	1535	1334	1117	347	338	347	378	396	403	394	375	434	404	369	
1006.32656247511	97	103	105	111	127	87	99	119	116	93	115	99	103	131	101	123	121	107	126	113	108	110	119	120	120	124	121	128	143	145	107	118	121	134	130	148	147	126	137	137	134	132	140	137	169	140	184	58	171	183	164	163	170	138	178	242	230	246	241	248	233	235	253	238	279	251	405	418	438	381	418	403	429	424	440	422	438	1388	1342	1440	1202	1115	1224	1376	1513	1374	1421	1399	16181	12346	14417	21407	8630	18299	18376	14143	17934	10515	26372	1139	1222	1254	1352	1310	1166	1326	1634	1465	1271	1139	322	345	357	370	384	395	377	434	398	414	389	
1008.11031247511	104	112	110	91	83	96	106	101	103	83	105	128	108	122	129	125	120	130	124	145	105	97	121	128	148	113	96	137	125	131	129	129	115	118	112	140	139	148	119	111	163	131	140	130	152	180	162	50	192	202	174	188	173	180	160	243	240	214	226	211	215	266	237	218	240	236	395	431	433	377	388	418	444	439	404	427	468	1335	1333	1407	1119	1143	1220	1359	1490	1334	1371	1476	16139	12429	14370	21728	8775	18360	18662	14309	18532	10235	26535	1171	1177	1216	1214	1265	1195	1318	1529	1429	1218	1040	365	341	338	351	388	385	352	403	382	407	358	
1009.89351560011	127	108	115	118	105	103	121	106	116	119	116	108	108	109	124	120	123	115	124	133	115	121	103	122	131	109	134	125	116	115	114	126	127	149	126	148	140	133	142	131	139	146	132	122	156	163	153	57	157	132	190	168	171	188	193	226	256	242	251	233	195	265	252	262	253	241	399	425	461	375	460	407	457	485	444	449	447	1384	1383	1430	1192	1153	1203	1332	1489	1370	1394	1352	16448	12714	14922	21738	8905	18684	19047	14818	19007	10561	27120	1174	1227	1281	1274	1246	1215	1369	1582	1449	1216	1087	327	331	337	369	394	372	445	382	418	391	344	
1011.67617185011	109	116	91	114	125	110	97	116	111	90	106	122	105	109	123	120	114	112	115	118	140	98	126	123	127	141	124	125	128	121	128	110	116	141	127	151	140	134	165	160	121	159	142	153	184	149	155	43	195	213	168	181	165	177	144	233	238	246	247	249	222	247	260	258	262	268	414	457	417	424	465	455	511	432	451	480	460	1324	1373	1426	1248	1182	1332	1377	1511	1387	1419	1471	16872	13123	15279	22401	9085	19276	19345	15218	19231	10859	27535	1186	1215	1330	1300	1342	1199	1379	1633	1481	1309	1148	369	321	363	364	380	432	396	418	390	392	363	
1013.45828122511	126	121	99	92	98	111	117	115	79	98	97	136	103	109	109	126	126	114	118	136	114	129	137	121	142	121	119	140	141	126	151	136	137	115	149	146	139	148	156	146	151	171	149	144	179	181	189	58	187	167	185	193	198	180	190	215	261	245	238	230	235	254	242	274	247	291	449	450	432	413	433	490	474	472	446	504	477	1413	1353	1516	1268	1207	1298	1433	1649	1479	1511	1532	17073	13365	15482	22631	9264	19320	19564	15208	19590	11048	28020	1231	1295	1305	1447	1353	1258	1473	1641	1579	1397	1196	355	341	340	381	383	412	368	433	427	387	394	
1015.23984372511	100	98	116	106	107	92	86	94	108	90	115	112	130	104	115	121	128	134	106	124	101	131	143	116	132	140	130	145	141	124	133	108	132	155	147	133	132	141	176	157	153	161	143	124	179	175	188	60	175	152	171	194	191	197	176	209	242	268	248	261	255	234	271	246	254	261	410	431	465	405	424	438	479	520	459	460	492	1429	1449	1526	1292	1209	1397	1401	1546	1457	1502	1569	17020	13550	15713	22900	9395	19439	19970	15222	19448	11346	28698	1235	1286	1334	1400	1420	1239	1360	1644	1569	1372	1227	345	332	398	387	412	403	403	420	439	399	389	
1017.02093747511	110	118	102	111	98	114	120	113	94	117	93	119	109	115	123	131	111	116	124	114	113	117	104	122	142	131	128	147	127	141	146	110	137	154	147	145	147	150	140	171	148	140	149	157	180	169	177	42	179	160	194	176	164	167	180	221	230	229	256	242	260	277	265	237	259	256	400	435	413	416	448	465	427	513	484	486	448	1372	1422	1404	1260	1256	1364	1371	1660	1457	1449	1542	17223	13714	16026	23431	9405	19786	20609	16032	19957	11698	29076	1226	1266	1322	1399	1337	1171	1360	1712	1586	1392	1113	362	364	359	369	370	377	396	396	440	402	383	
1018.80140622511	123	104	106	124	97	114	119	116	97	106	99	100	118	98	122	115	119	113	111	114	97	114	137	123	147	128	110	143	143	136	153	111	112	144	137	141	155	155	139	151	154	132	152	148	173	193	167	52	171	192	190	191	196	162	158	214	212	234	203	233	227	224	245	238	268	269	426	425	411	400	442	425	453	474	442	475	450	1350	1418	1459	1172	1160	1330	1430	1546	1403	1364	1523	18557	14663	17409	24809	10256	20807	21912	17538	21308	12156	30494	1204	1265	1352	1469	1320	1293	1392	1674	1548	1440	1159	339	339	317	401	382	411	389	389	407	398	377	
1020.58132810011	101	116	101	109	98	117	92	117	94	103	111	113	118	132	122	106	128	122	116	104	105	123	114	125	117	137	134	125	119	114	141	109	127	140	138	155	136	122	145	140	151	142	149	144	197	171	187	51	152	173	175	151	165	191	177	203	229	220	258	225	217	236	273	206	239	260	416	410	401	407	431	462	437	448	439	448	430	1313	1399	1485	1249	1160	1340	1403	1537	1404	1500	1522	19801	16418	19683	27085	11315	22018	24386	19932	23734	13669	32767	1183	1351	1392	1446	1379	1286	1428	1749	1599	1413	1290	304	357	377	409	394	414	409	389	444	431	382	
1022.36078122511	90	101	98	117	112	107	111	119	116	113	83	113	116	113	110	114	112	126	120	107	110	116	138	113	135	129	138	128	128	137	118	135	122	163	119	148	153	114	120	165	134	147	151	141	181	189	152	46	172	176	191	156	154	157	187	214	220	235	213	240	242	255	229	263	241	238	401	429	376	413	460	432	461	453	458	473	449	1465	1428	1481	1283	1229	1423	1488	1629	1428	1501	1469	21445	18177	21203	28580	12427	23618	25775	21993	26197	15196	32767	1333	1458	1561	1519	1477	1460	1571	1798	1687	1566	1375	340	339	345	326	412	413	412	472	430	426	401	
1024.13968747512	105	119	108	109	124	116	112	109	112	102	130	134	107	107	125	115	115	128	115	93	111	117	131	106	128	157	120	115	141	128	134	120	128	149	159	136	133	151	157	131	171	128	158	114	159	165	183	58	177	154	183	157	196	174	178	232	226	243	258	212	257	227	242	218	236	224	447	433	409	382	438	427	396	462	422	452	434	1448	1417	1569	1317	1242	1407	1490	1600	1538	1542	1507	21188	17906	20856	28907	12242	23798	25560	21630	25614	14858	32767	1351	1571	1582	1614	1514	1418	1564	1847	1860	1582	1342	389	363	377	416	414	450	419	436	433	415	403	
1025.91804685011	118	111	108	94	106	117	109	113	127	105	96	118	123	123	117	114	108	105	93	117	115	115	112	123	134	141	160	142	140	101	135	123	123	151	134	142	128	155	142	124	139	141	137	155	182	176	170	62	192	168	189	184	179	186	172	260	248	244	228	255	231	254	244	244	261	236	423	444	417	386	374	441	447	503	417	458	509	1402	1418	1463	1334	1183	1399	1402	1528	1419	1486	1455	19601	16231	18887	26557	11144	21873	23411	19234	23204	13695	32630	1378	1386	1464	1589	1424	1346	1546	1846	1682	1438	1311	333	348	400	409	422	427	450	454	429	406	454	
1027.69499997512	102	91	125	106	107	88	117	128	111	107	103	99	105	113	122	117	118	121	134	121	122	113	114	125	104	111	123	109	123	138	131	109	142	140	135	155	149	133	140	143	138	139	119	129	158	183	167	53	174	185	171	187	159	175	206	242	260	239	251	260	250	241	233	278	262	232	457	453	423	433	469	447	432	458	458	448	429	1473	1350	1441	1238	1203	1311	1448	1538	1421	1431	1508	18107	14612	16878	24922	10065	20424	21416	16954	21066	12042	30323	1257	1341	1346	1468	1403	1282	1414	1773	1544	1380	1260	326	350	385	391	362	398	397	383	407	369	383	
1029.47226560012	123	108	90	82	127	109	118	119	96	115	97	92	127	126	99	100	129	120	128	85	107	118	135	118	124	126	118	138	123	147	126	135	142	134	122	124	133	153	135	138	150	146	159	141	183	165	167	50	173	178	167	191	176	171	190	267	222	230	238	224	231	266	269	246	254	253	457	407	411	442	441	426	464	460	429	422	442	1429	1385	1339	1251	1171	1338	1375	1498	1343	1473	1376	17472	13649	15879	23633	9759	19967	20002	16155	19589	11242	28730	1223	1214	1306	1393	1299	1160	1389	1686	1577	1344	1191	337	339	329	387	382	410	382	378	389	414	390	
1031.24898435012	115	127	116	120	117	105	100	120	109	87	132	120	120	145	114	131	117	120	105	136	123	114	140	130	145	108	136	115	138	96	134	117	112	156	146	132	134	129	157	151	141	147	138	133	172	185	197	64	188	172	150	174	163	164	178	258	275	243	272	244	231	256	249	243	245	250	397	405	450	380	413	394	475	436	482	465	491	1360	1361	1496	1196	1093	1297	1366	1458	1418	1510	1407	17198	13441	15644	23222	9559	19323	19542	15321	18970	10924	28329	1208	1299	1321	1325	1277	1256	1442	1704	1512	1312	1088	334	305	347	343	344	401	415	404	409	411	378	
1033.02523435011	112	111	108	124	112	123	108	133	105	119	99	108	126	125	132	114	142	99	138	115	133	117	127	138	110	140	136	132	134	110	118	131	129	150	121	165	132	141	128	139	125	149	135	168	177	156	197	64	183	188	197	172	192	154	183	247	249	247	253	273	265	263	279	247	245	248	447	465	414	418	441	407	498	509	473	484	447	1380	1380	1496	1175	1127	1361	1309	1505	1407	1396	1462	16890	13342	15478	23445	9465	19558	19322	15463	19189	11001	28099	1121	1247	1295	1429	1350	1251	1309	1771	1534	1313	1126	334	310	382	351	352	406	385	415	399	361	361	
1034.80085935011	115	115	118	103	114	92	92	113	109	102	97	131	106	114	108	101	118	117	112	86	136	108	136	110	133	134	138	131	123	136	126	134	129	156	152	128	154	122	160	151	163	151	159	151	202	175	197	62	175	201	203	195	180	177	165	225	253	279	228	239	233	241	285	255	237	250	435	422	477	385	414	452	487	514	460	437	495	1333	1307	1406	1176	1177	1363	1386	1489	1449	1425	1468	16891	13245	15522	23389	9393	19081	19316	15201	18867	10874	28372	1170	1262	1314	1360	1355	1175	1402	1703	1512	1261	1111	347	359	342	371	398	413	407	400	392	398	406	
1036.57515622511	96	116	116	99	126	125	91	110	103	107	102	115	133	120	110	118	121	140	119	133	119	127	122	138	128	155	135	137	134	133	162	129	115	142	148	153	146	128	160	163	151	151	153	136	190	188	178	70	201	162	189	201	179	198	199	237	263	239	265	246	286	270	262	265	262	280	382	442	431	405	426	446	473	473	435	475	455	1376	1405	1487	1166	1138	1273	1326	1530	1370	1474	1458	16678	13042	15507	23285	9443	19325	19359	15511	18855	10897	28237	1164	1262	1311	1345	1377	1216	1403	1699	1500	1307	1129	345	339	326	378	365	391	393	400	400	437	361	
1038.34976560011	107	121	117	103	122	98	114	115	125	122	111	102	99	106	125	118	106	125	117	108	87	102	126	133	109	121	150	121	133	146	123	111	112	160	129	141	134	137	144	146	152	152	149	144	199	181	187	57	183	185	187	165	194	188	183	238	215	224	280	266	268	259	229	268	259	250	478	423	427	413	441	411	479	518	461	470	495	1419	1356	1437	1181	1148	1352	1407	1577	1392	1429	1451	16806	13082	15629	23776	9558	19376	19358	15337	18720	10805	28080	1140	1271	1281	1384	1353	1237	1392	1680	1583	1336	1205	346	365	367	365	375	392	392	440	393	348	367	
1040.12382810011	121	87	109	104	112	101	118	109	82	117	121	130	120	117	115	104	122	137	117	113	110	112	129	130	139	124	108	146	152	116	143	121	115	130	144	147	149	149	145	160	144	137	149	151	176	192	173	43	159	188	187	207	183	187	179	261	262	243	243	236	259	259	275	246	236	251	457	450	487	395	440	453	462	450	475	463	484	1361	1391	1413	1171	1213	1303	1328	1561	1362	1435	1437	16806	13423	15834	23905	9453	19649	19389	15599	18997	10868	28622	1197	1338	1284	1409	1316	1194	1371	1686	1515	1337	1111	372	325	345	367	370	417	406	386	408	350	368	
1041.89648435011	106	119	94	118	121	128	109	108	115	101	108	120	110	113	129	130	121	134	109	135	126	122	107	126	113	133	148	132	119	131	120	129	135	140	162	154	157	140	129	151	144	150	136	130	166	175	204	51	163	176	201	169	182	188	179	245	245	240	244	231	264	271	282	278	282	265	446	407	433	448	464	464	457	486	495	484	455	1385	1397	1466	1244	1164	1373	1336	1524	1454	1390	1534	16889	13352	15660	23505	9654	19591	19639	15814	19288	11041	28378	1158	1269	1361	1425	1323	1183	1340	1693	1565	1357	1161	323	348	352	391	394	442	417	430	400	410	393	
1043.66945310011	120	121	103	124	115	117	89	104	100	99	95	124	130	119	106	111	134	133	121	103	111	109	123	128	148	126	141	127	144	144	136	135	131	156	130	141	164	127	129	139	146	146	154	147	180	173	179	61	186	192	185	159	202	172	190	251	247	247	253	257	255	280	279	257	257	236	435	427	433	422	493	470	488	505	470	500	515	1437	1434	1443	1168	1235	1284	1385	1558	1433	1475	1533	17353	13754	16262	24150	9665	19864	19546	16426	19821	11045	28737	1186	1304	1380	1393	1366	1255	1379	1624	1564	1351	1174	393	360	352	381	381	384	381	415	353	368	355	
1045.44187497511	111	113	101	101	101	127	114	110	110	117	118	116	135	141	92	116	117	113	108	128	104	129	144	155	152	133	112	125	158	122	133	105	117	168	146	138	147	140	153	178	154	144	155	144	160	179	205	53	199	174	198	197	183	200	187	239	224	270	256	255	242	237	286	253	280	292	456	457	442	426	438	455	459	481	447	462	471	1387	1403	1530	1265	1279	1365	1419	1567	1421	1480	1538	17308	13604	16332	24209	9664	20006	20080	16473	19873	11527	28932	1193	1271	1359	1493	1332	1207	1353	1720	1569	1310	1186	354	322	349	351	400	430	391	382	406	364	385	
1047.21296872511	121	106	117	119	128	105	107	103	121	133	88	111	126	120	119	145	132	117	106	123	146	122	135	142	120	128	139	155	143	127	134	135	131	165	163	151	140	150	157	154	163	142	156	151	161	176	213	42	199	190	181	175	204	189	191	249	247	282	256	253	259	285	281	288	282	257	502	461	476	433	477	453	490	513	464	461	483	1380	1454	1508	1267	1214	1309	1389	1626	1507	1539	1580	17583	13804	16659	24505	9998	20286	20163	17176	20317	11468	29495	1204	1328	1365	1419	1373	1273	1394	1645	1511	1402	1161	353	338	380	362	412	455	428	453	399	413	340	
1048.98437497511	102	90	103	117	106	130	125	117	120	103	94	119	119	118	112	119	117	112	153	127	133	108	128	108	139	130	120	146	110	139	130	156	127	176	146	150	167	141	152	169	138	151	154	142	184	179	178	41	202	201	168	181	168	193	180	244	264	227	265	261	280	254	261	273	274	254	439	445	472	439	478	444	470	515	482	457	509	1406	1479	1453	1266	1239	1351	1406	1605	1465	1498	1585	17855	13984	16771	25031	10134	20485	20931	17745	20679	11689	29989	1203	1322	1355	1454	1415	1213	1363	1663	1545	1365	1261	319	353	344	367	367	433	414	402	430	382	401	
1050.75437497511	120	119	105	105	139	118	106	105	90	120	115	131	124	134	119	121	140	107	121	117	114	131	141	145	134	146	138	141	133	131	146	113	138	149	148	114	172	137	153	166	155	141	155	148	158	176	179	65	210	187	199	189	198	199	166	265	290	270	265	247	265	262	248	245	227	286	482	465	455	471	447	460	499	507	486	502	491	1493	1485	1494	1234	1252	1398	1408	1702	1476	1504	1586	18382	14272	17396	25150	10375	21157	21100	18418	21059	11879	30959	1223	1432	1480	1481	1363	1269	1461	1732	1553	1385	1304	344	354	385	392	452	423	385	437	413	419	373	
1052.52468747511	144	102	113	115	101	111	110	90	130	103	109	123	112	110	126	141	121	118	136	140	108	128	156	136	137	137	140	130	145	133	140	118	128	146	154	158	150	134	180	143	152	144	161	147	182	177	190	65	173	185	204	178	174	198	208	260	248	245	278	244	275	306	290	253	268	286	530	489	489	450	445	429	502	505	484	481	546	1439	1443	1537	1331	1203	1399	1442	1673	1502	1556	1589	18831	14781	18038	25961	10738	21440	21814	18894	21917	12237	31456	1269	1376	1462	1531	1384	1266	1437	1749	1582	1404	1317	381	343	365	403	422	458	480	386	406	421	389	
1054.29359372511	118	118	108	121	104	137	128	96	127	107	134	141	117	129	139	127	121	117	120	118	115	128	147	142	139	157	117	141	129	141	144	125	169	158	147	170	191	159	174	153	153	174	145	156	192	180	178	57	209	194	188	221	182	199	182	257	239	265	264	242	321	263	279	261	282	279	494	485	469	451	474	501	495	490	520	535	518	1495	1501	1548	1389	1301	1419	1494	1750	1589	1635	1667	19120	15079	18723	26914	11315	21901	22611	20048	22964	12752	31798	1314	1418	1400	1544	1468	1321	1462	1762	1612	1445	1290	367	365	397	374	422	464	450	409	437	453	433	
1056.06281247511	119	116	120	119	124	104	112	121	104	117	106	139	129	131	129	138	104	109	131	131	132	132	141	133	139	126	127	152	141	137	149	138	136	171	166	138	145	171	157	142	178	161	139	167	210	196	199	49	180	204	197	207	221	187	192	261	216	316	290	242	304	240	317	278	255	279	489	542	496	454	449	495	550	539	494	486	536	1629	1527	1670	1399	1289	1492	1525	1710	1589	1613	1673	19782	15897	19073	27545	11340	22621	22608	20986	23828	13493	32767	1331	1427	1480	1620	1511	1388	1527	1813	1673	1477	1317	394	377	387	437	393	455	441	444	470	459	416	
1057.83070310011	130	127	102	140	117	127	115	105	129	89	97	135	136	133	136	129	139	133	127	138	131	114	109	135	132	117	135	119	133	173	141	128	141	160	147	170	151	163	167	159	179	168	151	157	204	201	190	59	202	208	198	204	177	184	178	291	308	291	277	274	269	295	317	305	272	290	512	511	507	472	478	503	515	523	511	515	551	1614	1613	1712	1398	1381	1540	1569	1788	1559	1722	1744	20350	16236	19797	28425	11878	23306	23839	22284	24847	13960	32767	1401	1546	1573	1548	1601	1362	1589	1851	1764	1542	1366	403	366	428	434	469	439	475	477	490	448	419	
1059.59890622511	116	121	137	122	130	108	92	114	93	131	106	133	127	122	121	106	118	116	125	124	124	117	147	129	117	141	139	154	143	149	148	120	138	153	133	163	162	169	165	166	152	165	138	185	207	197	203	48	231	208	209	185	215	184	201	261	281	245	276	276	287	290	318	298	286	315	500	518	497	506	534	501	545	555	556	567	558	1566	1612	1661	1520	1386	1582	1604	1848	1608	1701	1814	21036	17036	21124	29714	12219	24153	24688	23493	25939	14406	32767	1485	1502	1640	1667	1561	1497	1620	1870	1780	1690	1424	373	424	392	468	436	490	457	442	476	487	435	
1061.36570310011	116	124	102	122	115	108	127	124	104	124	127	145	130	132	127	138	107	136	120	125	128	132	158	140	129	169	145	155	150	163	141	149	136	194	167	170	177	181	158	168	170	181	179	157	180	204	213	42	207	210	197	199	229	191	201	303	268	287	296	281	289	313	298	289	282	312	579	506	526	518	525	533	555	613	576	526	576	1699	1684	1847	1580	1518	1602	1637	1983	1740	1710	1878	22418	18030	22327	31013	12933	25416	26456	25280	27111	15593	32767	1489	1673	1615	1703	1572	1502	1661	2006	1842	1586	1442	383	434	425	462	471	500	449	514	522	465	439	
1063.13273435011	121	130	112	107	143	137	122	104	128	103	94	144	128	127	131	141	147	152	136	141	140	154	145	174	158	133	174	148	123	145	127	145	148	163	183	171	158	148	194	148	178	147	168	151	192	234	208	53	197	215	211	222	182	205	205	284	286	274	314	323	325	352	333	290	317	318	537	596	570	508	546	556	602	590	591	585	617	1803	1770	1884	1592	1553	1754	1739	1865	1830	1852	1972	23573	19415	24115	32767	14095	26987	28025	27435	30016	16834	32767	1576	1724	1783	1811	1729	1588	1835	2131	2001	1743	1591	439	438	448	438	496	485	479	495	489	509	443	
1064.89851560011	126	110	137	139	124	109	120	119	115	122	118	151	141	150	147	139	141	129	134	134	137	110	156	142	142	163	158	169	149	161	137	157	163	183	177	176	158	171	185	173	182	178	148	192	228	211	234	44	218	237	231	241	208	214	244	321	309	333	289	301	375	343	345	344	345	341	613	607	619	549	569	628	653	640	639	621	713	1977	1937	1991	1745	1737	1916	1992	2098	1948	2080	2222	25467	21285	26953	32767	15207	28693	30920	29958	32624	18385	32767	1752	1876	2010	2004	1764	1680	1987	2210	2104	1823	1760	485	500	486	518	558	559	533	556	558	540	543	
1066.66374997511	135	125	119	145	140	141	151	131	126	122	129	157	154	148	144	142	130	146	149	135	147	164	152	159	180	161	130	164	192	152	182	127	178	180	188	163	189	182	205	204	187	161	190	182	215	230	265	57	249	204	253	247	227	272	253	381	371	375	305	333	338	393	322	374	341	354	665	667	646	600	631	669	691	735	692	721	739	2223	2180	2303	2041	1952	2066	2163	2278	2182	2291	2505	27634	23744	29942	32767	17382	31471	32767	32767	32767	20389	32767	1969	2104	2161	2288	1983	1868	2092	2523	2268	2188	1924	501	501	578	550	589	625	578	619	598	565	552	
1068.42921872511	141	143	144	99	161	137	122	125	132	139	154	152	160	150	149	164	163	163	147	143	147	156	172	170	181	183	144	152	204	169	173	181	184	201	202	220	186	187	171	178	191	222	214	199	286	236	253	51	268	261	266	272	303	279	299	384	362	437	381	398	401	418	387	424	458	427	745	740	762	691	754	753	796	766	761	827	858	2556	2527	2750	2396	2336	2509	2502	2698	2526	2693	2952	30845	26889	32767	32767	19472	32767	32767	32767	32767	22727	32767	2258	2455	2567	2551	2286	2171	2374	2765	2491	2448	2278	624	588	635	609	678	671	675	724	684	640	685	
1070.19335935011	123	137	123	138	144	132	138	140	153	137	137	150	185	149	170	155	159	143	137	156	155	142	196	170	186	194	176	194	201	206	171	167	205	219	240	206	234	231	222	228	235	222	223	238	292	278	301	54	307	299	296	310	272	325	302	449	460	480	488	454	487	453	439	489	468	475	953	874	906	905	912	908	918	980	970	911	1033	3155	3008	3221	2900	2736	3008	3209	3280	3156	3310	3485	32767	31067	32767	32767	22857	32767	32767	32767	32767	26339	32767	2781	2999	3156	3208	2721	2618	2928	3277	3066	2998	2841	709	734	777	789	725	770	745	731	775	751	787	
1071.95703122511	181	131	150	162	146	142	147	160	153	136	149	215	178	188	159	173	194	196	207	175	192	190	200	204	203	195	191	243	221	198	216	214	215	217	278	226	273	276	279	264	271	252	261	274	328	331	352	40	373	344	347	376	356	375	370	548	534	498	543	544	562	603	577	595	614	574	1139	1122	1070	1074	1136	1155	1162	1221	1190	1206	1282	3779	3917	3979	3701	3555	3753	3821	3945	3808	4245	4389	32767	32767	32767	32767	25683	32767	32767	32767	32767	29474	32767	3544	3671	3834	3804	3312	3087	3592	3977	3755	3789	3520	969	909	920	917	990	969	897	954	971	917	932	
1073.72007810012	162	170	166	170	182	174	185	147	169	150	191	186	197	167	225	218	212	205	207	213	219	223	240	257	238	235	269	241	241	241	229	207	241	307	282	292	275	318	305	314	323	300	321	291	395	449	405	67	404	415	448	435	418	437	423	695	693	669	674	683	731	749	691	691	715	787	1410	1441	1401	1324	1382	1402	1458	1496	1520	1591	1558	4867	4872	5069	4675	4399	4797	4828	4978	4889	5448	5728	32767	32767	32767	32767	29103	32767	32767	32767	32767	32767	32767	4448	4648	4684	4861	4123	3855	4384	4657	4561	4683	4452	1102	1116	1220	1219	1196	1237	1169	1134	1139	1213	1212	
1075.48343747511	195	182	188	210	219	171	188	173	210	214	204	220	220	251	211	213	242	235	258	223	255	218	270	277	272	291	271	290	292	282	251	296	279	339	352	353	329	350	359	372	342	360	394	344	437	513	526	61	525	494	513	529	567	537	522	810	873	858	829	795	904	880	859	884	862	952	1737	1699	1768	1747	1748	1772	1797	1874	1778	1910	1964	6181	6045	6212	5800	5561	5958	5877	6038	5929	6671	7264	32767	32767	32767	32767	31702	32767	32767	32767	32767	32767	32767	5435	5517	5776	5559	4885	4562	5139	5595	5537	5587	5564	1419	1417	1401	1467	1461	1471	1373	1334	1404	1375	1455	
1077.24546872511	195	197	203	230	193	212	198	202	208	218	215	245	238	265	300	251	252	279	237	272	280	280	319	293	337	287	303	326	302	321	335	333	313	408	410	423	400	428	399	398	433	396	398	402	579	561	566	55	592	618	579	597	623	654	590	972	936	983	960	957	1007	1007	1011	1066	1041	1099	2106	2058	2086	2007	2071	2035	2130	2259	2158	2290	2360	7157	6964	7097	6873	6557	6868	6999	7203	7053	7809	8335	32767	32767	32767	32767	32434	32767	32767	32767	32767	32767	32767	6235	6213	6525	6294	5553	5220	5843	6256	6209	6244	6197	1673	1691	1663	1610	1596	1596	1537	1500	1608	1599	1697	
1079.00695310011	208	222	213	217	215	254	227	219	244	224	201	268	283	274	284	291	302	296	260	268	290	298	327	322	342	317	336	322	346	355	317	330	352	453	458	428	407	439	464	436	455	484	445	423	616	613	619	72	676	616	667	667	690	662	649	1082	1053	1072	1001	1071	1069	1115	1170	1148	1120	1192	2271	2239	2272	2214	2225	2277	2317	2452	2374	2536	2512	7634	7393	7585	7201	7117	7378	7595	7634	7405	8197	8941	32767	32767	32767	32767	30960	32767	32767	32767	32767	32767	32767	6431	6522	6954	6771	5772	5389	5956	6473	6341	6486	6457	1817	1753	1855	1769	1688	1738	1706	1595	1724	1715	1740	
1080.76789060011	193	203	228	237	211	234	232	220	197	243	227	290	280	285	270	253	276	247	252	248	283	233	350	329	320	340	359	342	321	358	320	358	314	405	418	441	450	433	443	403	449	456	420	437	642	637	614	51	670	634	641	616	627	651	634	1021	1058	1014	1092	1039	1104	1111	1084	1074	1175	1096	2191	2125	2186	2045	2072	2264	2307	2229	2321	2433	2466	7335	7002	7085	6996	6677	7042	7029	7283	7173	7951	8563	32767	32767	32767	32767	27621	32767	32767	32767	32767	31752	32767	6033	6157	6458	6361	5330	5157	5583	5888	5778	5986	6141	1698	1680	1771	1685	1673	1682	1596	1617	1670	1678	1702	
1082.52835935011	200	203	201	239	195	228	229	222	237	205	221	251	246	238	276	233	300	272	238	267	260	243	310	267	330	285	320	319	306	313	296	334	312	341	365	412	382	385	382	401	425	390	368	381	553	526	593	62	551	593	531	557	579	576	556	879	899	934	872	911	939	961	971	960	993	1016	1876	1868	1903	1813	1800	1843	1894	2047	2025	2120	2142	6121	6012	6065	5764	5611	5911	5947	6113	5913	6620	7186	32767	30943	32767	32767	22746	32767	32767	32767	32767	26705	32767	5093	5152	5311	5236	4699	4310	4785	5106	4966	5002	5047	1488	1463	1377	1380	1467	1446	1361	1405	1393	1498	1495	
1084.28906247511	166	176	183	191	202	160	162	174	210	177	154	217	224	209	249	257	219	197	201	226	215	221	253	249	233	248	231	244	268	258	250	258	273	331	313	336	327	312	356	327	329	352	298	320	451	445	456	64	443	466	498	448	458	493	458	727	692	660	704	684	727	733	797	726	765	804	1452	1396	1447	1386	1405	1405	1504	1520	1546	1568	1617	4666	4644	4683	4397	4265	4541	4528	4673	4454	4990	5358	30573	25900	30804	32767	18814	32767	32767	32767	32767	21976	32767	3933	3918	4073	4032	3621	3386	3711	4101	3886	3854	3733	1127	1090	1096	1109	1193	1143	1072	1037	1079	1142	1109	
1086.04835935011	159	138	166	165	150	179	139	179	191	152	154	175	192	192	205	187	212	161	188	185	180	197	211	186	209	200	219	222	208	215	219	224	217	265	260	263	274	255	256	250	241	284	249	262	356	373	346	47	367	361	356	356	349	391	366	505	509	539	565	529	539	578	535	575	629	600	1059	1102	1049	1035	1103	1088	1045	1171	1132	1213	1232	3375	3339	3448	3208	3020	3363	3340	3539	3286	3643	3975	26535	21879	26514	32767	16087	29747	30453	28702	32239	18386	32767	2888	3059	3104	3077	2768	2571	2858	3227	3047	3069	2818	880	876	820	892	839	869	889	855	828	844	835	
1087.80726560011	144	129	155	142	149	142	152	167	136	124	141	171	153	159	145	146	160	163	177	150	169	162	212	182	192	176	211	172	194	195	189	211	178	206	208	216	211	224	226	226	233	207	215	229	284	286	299	55	288	267	281	315	280	292	312	399	435	404	446	396	442	470	474	452	447	441	871	793	827	769	765	857	872	858	856	916	864	2585	2550	2692	2458	2323	2585	2546	2686	2569	2768	2913	23775	19597	23808	32767	14112	27119	28022	25266	28984	16550	32767	2269	2309	2418	2473	2230	2067	2421	2558	2534	2332	2227	623	659	629	678	682	686	663	658	696	639	718	
1089.56554685012	134	125	153	125	139	149	116	122	123	130	140	164	151	135	154	167	136	177	151	162	161	139	168	181	157	170	157	181	171	159	166	177	176	190	192	178	207	196	196	169	181	196	198	188	255	254	244	63	251	249	263	227	236	232	238	344	379	315	376	400	350	379	387	378	356	398	648	659	683	645	653	678	693	695	668	712	737	2111	2207	2219	1959	1862	2089	2181	2242	1992	2160	2408	22163	17941	21716	31289	12589	25533	25912	22655	26581	15046	32767	1833	1989	2019	2061	1852	1765	1984	2287	2139	1981	1866	540	510	519	563	554	584	537	597	626	563	618	
1091.32335935011	113	133	107	113	135	141	130	124	125	149	111	141	128	145	143	133	157	135	158	137	126	135	177	143	172	178	168	146	161	134	159	159	155	165	160	187	179	162	162	181	195	162	195	175	232	200	234	76	238	219	229	239	218	215	230	298	311	344	304	296	343	336	344	354	335	331	560	586	563	536	564	603	618	569	637	593	670	1829	1831	1953	1600	1570	1837	1794	1945	1724	1835	1981	20980	16771	20498	29828	12009	24225	25024	20592	25386	14029	32767	1586	1659	1772	1783	1607	1577	1828	2146	1956	1729	1585	431	480	462	432	502	536	501	475	521	532	497	
1093.08054685011	121	137	105	111	121	118	128	146	131	113	129	146	138	128	145	144	147	130	147	146	153	114	149	160	165	156	159	169	147	145	135	144	152	159	172	151	173	182	190	199	182	146	159	175	214	227	211	53	213	207	216	204	235	200	238	298	277	297	306	272	310	282	323	293	280	317	522	591	583	541	511	538	581	585	548	528	561	1621	1695	1753	1563	1391	1598	1631	1751	1631	1722	1840	20245	16090	19582	29003	11287	23456	24013	19665	23992	13486	32767	1486	1524	1674	1661	1580	1419	1747	1970	1784	1565	1426	396	418	423	468	443	481	466	491	517	447	456	
1094.83726560012	119	102	113	127	147	123	123	125	130	125	131	123	130	125	144	140	122	127	137	132	139	137	123	153	143	129	148	143	137	129	139	150	146	174	167	179	171	169	170	144	162	160	178	177	218	168	214	46	215	216	212	224	211	204	209	283	275	283	281	275	304	301	278	273	308	270	464	556	503	474	469	530	515	507	506	510	515	1518	1561	1794	1472	1314	1533	1536	1698	1518	1552	1659	19628	15631	18855	28470	11009	22735	23393	18879	23302	13166	32767	1356	1458	1535	1635	1486	1364	1565	1855	1759	1422	1319	356	408	408	440	434	423	473	465	458	433	428	
1096.59351560011	118	110	111	132	127	106	108	131	115	117	112	135	112	135	159	122	139	127	131	140	140	128	135	148	151	145	141	151	169	151	143	138	143	177	163	163	171	138	172	179	152	178	152	171	199	197	187	38	206	217	211	193	212	208	200	248	277	265	248	246	243	313	282	307	263	287	471	503	462	457	475	473	481	520	496	496	499	1478	1550	1641	1378	1292	1485	1489	1539	1447	1451	1611	19308	15006	18639	28253	10451	22657	22887	18383	23075	12727	32767	1334	1426	1452	1568	1489	1369	1581	1823	1714	1527	1290	357	360	362	429	445	405	416	416	468	466	413	
1098.34914060011	135	121	109	126	137	131	124	117	105	125	130	121	116	128	120	137	131	144	129	125	153	131	134	127	130	145	134	128	150	162	157	145	152	153	160	148	145	155	150	173	165	158	175	169	173	191	203	56	180	209	194	206	206	197	191	282	239	264	222	263	277	289	261	253	253	290	476	443	475	439	482	434	468	486	465	499	488	1494	1457	1618	1330	1160	1499	1395	1573	1384	1469	1564	19428	15043	18154	27914	10437	22145	22622	17727	22357	12583	32767	1204	1378	1445	1532	1382	1349	1465	1753	1637	1381	1291	382	349	412	405	427	429	372	469	453	396	386	
1100.10429685011	116	107	141	124	111	134	111	129	117	109	115	132	144	128	109	137	136	127	137	146	145	93	137	173	137	155	144	147	147	153	129	146	131	165	163	167	175	169	173	159	163	158	157	164	202	179	188	46	199	199	210	186	180	187	199	250	254	234	251	264	262	279	268	242	270	250	477	477	487	427	428	448	487	475	457	497	480	1442	1393	1552	1305	1157	1434	1405	1493	1322	1459	1482	19320	14850	18024	27572	10357	22262	22332	17472	22338	12692	32752	1212	1346	1417	1464	1413	1239	1450	1715	1661	1384	1187	362	358	388	361	439	433	425	439	433	443	396	
1101.85890622511	117	131	112	130	131	108	121	122	111	142	128	118	121	134	131	145	124	143	139	127	118	122	143	133	147	159	147	163	140	129	151	145	147	166	165	178	152	175	162	156	160	141	168	169	189	195	174	47	194	187	169	194	187	206	194	238	258	223	246	235	259	284	269	273	274	261	438	445	464	427	477	444	508	458	471	515	489	1362	1398	1569	1263	1171	1377	1343	1465	1383	1386	1451	19215	14938	17828	27880	10209	21916	22388	17368	22285	12397	32532	1183	1335	1443	1546	1428	1280	1470	1716	1581	1364	1218	323	381	389	387	374	421	453	416	435	422	378	
1103.61218747512	123	127	103	106	109	142	119	117	116	118	121	146	124	138	125	123	139	125	117	148	143	144	132	141	160	147	152	149	137	159	142	132	121	168	183	163	135	153	155	143	156	171	175	162	203	187	194	50	199	196	196	196	192	191	197	260	241	251	254	237	242	279	280	253	245	252	426	432	494	454	421	417	447	506	447	467	489	1360	1432	1507	1282	1139	1403	1321	1435	1295	1460	1387	19144	15025	17893	27956	10262	21975	22473	17576	22295	12569	32767	1209	1322	1385	1507	1371	1295	1465	1728	1595	1391	1200	348	327	351	332	428	439	398	461	441	372	383	
1105.36570310011	149	116	129	139	127	118	125	131	113	113	132	153	133	135	129	125	120	153	125	136	154	140	142	151	139	140	173	125	149	125	167	148	143	152	150	159	165	149	157	155	161	156	159	164	170	210	180	51	177	212	214	210	200	192	185	258	244	267	255	269	266	284	264	261	288	285	462	445	474	431	461	433	459	472	459	464	462	1310	1413	1547	1254	1136	1445	1345	1541	1316	1427	1476	19052	14934	18074	28104	10291	21884	22597	17522	22606	12700	32767	1231	1341	1359	1454	1350	1244	1418	1724	1625	1375	1235	327	348	389	385	433	422	438	427	430	424	381	
1107.11874997511	125	115	117	127	148	106	124	113	123	128	123	133	134	133	143	139	157	120	130	134	100	149	149	132	126	165	167	156	134	155	146	148	134	169	159	162	178	156	166	159	162	175	172	177	185	184	177	48	181	179	189	173	176	179	184	246	243	244	262	222	284	248	272	253	276	249	458	470	442	397	446	439	459	456	440	470	455	1382	1330	1529	1243	1114	1357	1367	1452	1290	1431	1429	19160	15164	18082	28559	10355	22016	22725	17685	22862	12698	32767	1233	1329	1367	1513	1362	1314	1468	1734	1663	1420	1219	316	357	369	401	399	435	421	411	422	399	373	
1108.87124997511	118	124	100	120	121	126	131	118	146	116	119	160	111	114	152	151	134	150	126	122	136	140	159	158	159	136	133	137	154	136	159	152	147	153	185	181	159	184	181	154	172	157	166	192	197	234	190	68	221	195	182	202	197	205	197	281	253	274	237	255	271	287	274	251	270	262	455	471	434	415	452	432	465	474	480	470	462	1373	1405	1591	1274	1166	1453	1445	1464	1297	1370	1503	19301	15544	18196	28994	10576	22072	22968	17768	22972	12908	32767	1239	1322	1438	1465	1408	1317	1476	1786	1661	1432	1148	334	362	382	371	401	452	402	458	442	426	387	
1110.62320310011	115	123	126	132	156	133	118	132	114	131	106	132	141	139	134	121	130	121	159	127	123	120	140	114	133	164	150	154	151	144	161	124	123	148	161	153	162	133	155	169	172	171	165	177	199	208	169	59	215	182	193	198	187	204	189	242	257	258	237	267	222	267	263	245	290	253	475	469	463	433	421	446	483	490	469	497	469	1357	1437	1558	1326	1097	1359	1369	1485	1355	1403	1437	19506	15651	18855	29006	10489	22185	23261	17990	23171	13178	32767	1291	1362	1393	1529	1440	1323	1509	1745	1654	1492	1167	368	353	376	395	425	427	436	449	418	416	391	
1112.37468747511	135	121	137	120	129	109	123	124	128	113	119	134	118	135	136	131	125	157	124	133	128	125	153	144	139	132	169	161	130	157	134	142	159	153	136	156	169	166	157	190	177	173	168	159	191	190	191	48	191	191	204	195	197	182	201	270	256	251	245	285	281	267	263	276	266	275	432	486	434	416	461	483	430	480	483	495	458	1304	1425	1573	1229	1124	1407	1375	1494	1331	1408	1509	19389	15843	18655	29256	10595	22387	22838	18290	23409	13285	32767	1164	1299	1401	1451	1429	1346	1490	1778	1672	1470	1237	325	348	383	396	423	422	455	448	437	435	393	
1114.12476560011	133	120	118	114	129	138	151	127	110	118	113	159	124	115	110	144	121	150	146	133	142	154	145	151	161	131	114	119	143	148	145	155	125	169	154	178	153	166	161	145	169	163	194	166	177	202	192	66	179	197	185	199	188	201	189	254	271	250	259	231	281	246	265	252	245	254	450	415	430	419	420	454	494	406	477	451	486	1369	1361	1520	1267	1113	1323	1416	1538	1333	1448	1436	19654	15849	18633	29487	10583	22266	23266	17885	23493	13362	32767	1247	1401	1426	1527	1443	1380	1547	1819	1657	1469	1205	338	372	395	348	438	450	441	438	428	411	407	
1115.87515622511	97	133	123	123	149	143	128	123	143	97	135	131	130	132	129	142	142	118	143	127	135	151	120	145	134	125	143	144	156	160	113	138	127	160	162	170	144	159	167	167	178	157	160	129	175	194	207	76	189	197	205	209	197	186	194	256	244	234	260	240	278	284	308	284	280	269	436	472	470	447	446	464	486	444	442	461	472	1394	1411	1493	1271	1205	1397	1412	1492	1322	1416	1415	19600	15818	18795	29583	10274	22164	23066	18006	23230	13363	32767	1193	1335	1379	1523	1454	1349	1492	1829	1792	1378	1251	319	307	356	413	414	445	451	437	436	440	396	
1117.62499997511	122	114	116	113	111	135	123	146	136	142	124	121	127	156	150	141	134	140	141	112	135	128	151	143	130	177	149	126	162	154	143	164	127	174	155	160	206	171	162	170	159	163	154	159	182	191	196	59	176	210	195	188	211	189	200	260	252	252	228	298	292	270	271	238	272	272	427	450	421	431	423	447	477	525	474	453	463	1365	1387	1529	1341	1169	1385	1432	1510	1282	1393	1456	19339	15746	18390	29559	10476	22063	22984	17971	22909	13413	32767	1233	1349	1411	1487	1460	1345	1541	1795	1676	1456	1175	348	318	363	405	397	428	486	444	457	406	411	
1119.37359372511	115	124	121	113	140	131	143	113	122	130	117	125	134	113	94	131	162	138	139	115	139	130	168	139	154	125	128	138	164	147	145	143	137	167	187	183	170	157	147	149	171	157	153	165	197	205	183	65	185	198	212	201	208	187	182	272	264	269	245	215	258	277	256	257	252	265	461	458	441	443	441	457	465	437	425	467	469	1408	1397	1555	1205	1161	1353	1411	1510	1366	1432	1425	19198	15752	18261	29657	10206	22047	22323	17747	22879	13162	32767	1255	1312	1409	1522	1455	1405	1576	1811	1664	1376	1171	346	355	344	379	410	463	419	456	475	444	399	
1121.12242185011	122	128	122	116	139	142	129	128	136	121	129	137	135	119	148	132	141	133	111	126	132	148	131	146	151	149	166	148	135	138	140	141	125	177	157	170	160	170	163	150	172	177	194	151	172	171	186	50	196	191	180	198	214	204	176	262	257	253	219	284	261	275	254	266	264	236	433	431	447	446	453	409	463	480	453	473	445	1294	1422	1572	1261	1140	1334	1451	1569	1260	1404	1393	19456	15489	18326	29684	10308	22051	22455	17868	22573	12816	32767	1216	1306	1483	1486	1464	1472	1477	1816	1725	1409	1168	359	354	367	410	409	464	441	413	474	421	380	
1122.87070310011	123	131	117	119	136	133	122	133	117	131	130	139	135	124	113	137	136	135	159	157	152	115	146	157	158	152	143	152	143	160	111	176	163	166	158	163	144	167	154	190	166	156	160	151	212	182	174	53	184	198	193	203	203	197	190	256	278	262	263	244	273	275	259	270	257	258	419	453	437	428	445	441	440	470	437	462	473	1280	1373	1669	1295	1169	1383	1416	1578	1333	1341	1424	19225	15500	17991	29478	10055	21883	22086	17524	22467	13015	32767	1231	1287	1497	1496	1485	1308	1533	1908	1671	1458	1220	354	340	375	389	413	420	411	486	445	449	387	
1124.61765622511	126	119	121	144	122	139	121	146	119	116	127	155	135	152	128	150	143	137	151	150	140	132	159	158	162	151	139	173	144	140	131	155	155	176	154	153	150	172	144	164	154	161	174	154	172	179	183	48	203	189	184	195	220	216	212	261	250	260	269	286	257	251	233	253	266	262	455	473	465	454	440	451	491	451	417	452	478	1317	1447	1641	1260	1148	1368	1401	1502	1321	1406	1345	19098	15559	17615	29703	10088	21760	21757	17416	22091	12823	32767	1162	1304	1426	1475	1461	1335	1538	1825	1695	1364	1126	372	348	347	370	431	461	422	437	453	456	396	
1126.36492185011	134	135	113	130	122	143	138	105	136	124	108	141	130	146	138	125	155	155	146	115	147	158	117	152	117	145	141	155	145	149	126	134	150	198	161	192	161	163	181	152	171	163	179	166	207	172	195	47	217	164	194	175	215	203	202	247	269	238	283	264	253	263	311	229	243	271	424	504	448	446	437	473	510	459	463	479	470	1333	1445	1666	1273	1135	1417	1400	1556	1298	1410	1441	19498	15321	17499	29480	10000	21690	21425	17399	22262	12833	32767	1219	1292	1459	1473	1507	1330	1498	1849	1720	1432	1146	321	341	378	388	373	451	442	503	469	420	423	
1128.11085935011	124	124	137	137	129	121	130	115	127	131	148	154	105	141	144	144	149	138	171	143	146	133	152	152	153	167	143	155	139	157	119	171	154	189	163	153	155	182	174	165	166	166	136	170	207	214	191	55	207	199	192	189	207	197	181	253	261	251	233	223	255	289	303	255	277	265	425	460	454	433	446	463	450	451	482	450	518	1307	1435	1671	1235	1167	1446	1406	1543	1275	1373	1421	19201	15389	17616	29354	10029	21808	21588	17701	22291	12617	32767	1187	1375	1397	1524	1493	1436	1664	1901	1718	1441	1158	331	336	368	373	429	423	481	487	437	472	400	
1129.85703122511	114	123	105	106	88	139	133	132	127	121	136	143	139	150	115	151	137	134	130	140	127	154	142	127	158	158	134	138	148	141	144	143	121	170	182	160	143	170	140	157	157	151	168	152	206	184	206	50	188	190	183	190	177	190	191	265	257	233	230	261	267	293	280	283	296	279	443	443	421	442	458	451	498	463	464	451	461	1335	1370	1613	1270	1138	1401	1421	1520	1332	1375	1405	19410	15366	17760	29714	9985	21949	21440	17300	21948	12620	32767	1295	1359	1384	1510	1479	1428	1509	1901	1837	1460	1145	304	382	388	404	414	448	471	481	433	445	408	
1131.60187497511	122	121	110	136	137	116	140	127	136	96	122	135	125	138	156	135	141	124	121	154	129	151	163	165	165	146	166	130	158	127	149	152	146	149	161	179	166	169	156	175	179	156	164	162	186	172	180	51	183	206	211	189	215	198	203	265	248	224	252	279	253	267	261	292	257	267	441	480	480	453	422	473	475	462	475	484	489	1344	1495	1634	1285	1125	1478	1379	1538	1362	1428	1417	19361	15494	17928	29359	9976	22019	21462	17830	22314	12968	32767	1232	1409	1506	1465	1569	1445	1548	1855	1678	1449	1135	368	347	392	414	392	421	444	514	482	457	405	
1133.34703122511	117	122	132	132	109	111	141	145	122	142	119	128	137	152	130	132	145	116	157	146	146	149	154	133	165	151	145	149	155	159	136	148	141	160	172	162	178	155	146	177	151	182	157	171	198	201	191	44	206	195	196	198	202	197	205	285	279	264	255	258	252	289	269	262	250	267	450	448	504	457	431	472	459	460	455	485	532	1464	1506	1647	1255	1177	1542	1440	1553	1365	1376	1441	19705	15715	18022	29862	10139	22044	21261	17542	22305	12968	32767	1232	1357	1536	1515	1529	1390	1582	1923	1789	1487	1200	324	353	402	400	423	493	456	497	435	433	408	
1135.09085935012	123	134	119	118	119	156	134	134	134	123	139	138	144	139	113	125	129	153	140	123	144	144	162	133	162	147	150	165	157	159	155	147	157	179	167	173	160	180	176	171	171	183	187	150	192	188	193	46	207	219	170	190	209	217	176	237	269	274	266	269	255	270	246	237	255	280	457	465	467	429	415	442	457	523	454	448	475	1401	1563	1631	1276	1173	1475	1484	1526	1391	1365	1443	19686	15778	18229	30012	10075	22246	21445	17665	22496	12857	32767	1253	1365	1556	1506	1518	1385	1640	1905	1786	1496	1197	384	372	359	403	419	476	453	499	498	443	412	
1136.83492185011	143	149	110	131	146	129	112	133	120	121	108	152	139	138	127	114	129	130	145	133	135	137	148	149	144	153	144	141	140	149	156	168	130	154	206	173	145	159	173	179	184	187	173	163	185	210	199	60	183	201	207	220	191	230	228	237	298	268	269	275	237	283	305	236	281	242	445	465	448	456	449	429	464	511	463	481	501	1429	1498	1643	1266	1162	1504	1501	1588	1403	1441	1520	19645	15758	18497	30108	9966	22131	21720	17585	22487	13205	32767	1233	1362	1423	1511	1522	1369	1650	1920	1745	1573	1218	359	339	391	382	455	484	435	514	497	460	403	
1138.57773435011	121	113	114	134	149	110	142	134	148	135	111	134	134	128	151	138	141	126	125	157	132	129	160	153	154	136	132	179	173	159	123	161	161	172	149	182	166	172	161	169	156	167	172	159	183	195	194	51	204	215	209	199	192	202	204	272	237	300	284	240	274	277	269	272	263	244	469	479	491	463	442	492	508	509	459	454	492	1433	1542	1637	1235	1147	1517	1547	1567	1419	1384	1379	20293	15933	18259	30330	10198	21915	21888	17742	22805	13233	32767	1247	1375	1544	1545	1519	1389	1729	1996	1801	1549	1205	333	367	389	403	403	456	482	474	495	480	460	
1140.32078122511	122	139	123	130	140	150	146	141	129	122	118	162	124	155	121	124	117	135	131	141	147	128	140	143	132	137	154	149	162	133	154	159	131	167	172	176	153	171	143	163	177	162	203	169	173	192	198	39	208	199	205	222	203	197	192	310	246	261	233	235	292	275	265	269	263	281	461	460	481	414	442	457	529	489	442	468	444	1436	1570	1612	1298	1206	1540	1445	1650	1455	1415	1519	20288	16011	18301	30333	10388	22601	21781	17769	23170	13317	32767	1250	1396	1523	1572	1631	1462	1754	2051	1859	1549	1221	345	375	404	442	438	486	485	470	514	440	436	
1142.06249997511	116	139	134	132	121	135	153	158	124	107	133	125	134	127	150	143	157	136	172	127	134	140	163	149	157	146	199	142	149	167	164	144	159	171	166	176	142	176	165	172	173	176	149	149	210	205	179	60	209	194	202	182	198	215	196	280	277	254	259	267	266	312	274	273	293	259	481	464	485	474	435	451	512	500	507	443	479	1490	1523	1609	1220	1202	1492	1542	1624	1418	1450	1504	20419	16047	18312	30437	10473	22601	22249	18122	23368	13210	32767	1310	1413	1528	1606	1609	1468	1816	1973	1827	1561	1223	347	364	365	432	450	459	457	533	511	446	457	
1143.80374997512	123	133	129	125	122	126	137	131	146	120	131	148	148	156	150	138	121	118	163	152	156	124	164	141	159	170	150	144	171	169	153	176	160	162	179	189	172	179	162	179	177	177	165	165	217	193	201	47	214	202	202	189	211	174	197	274	248	308	238	267	232	279	283	269	279	283	473	465	485	422	478	457	492	521	492	457	523	1420	1554	1645	1354	1238	1544	1564	1701	1452	1486	1508	20638	16033	18367	30791	10506	22553	22223	18371	23459	13470	32767	1299	1491	1509	1681	1563	1400	1869	2168	1880	1560	1254	341	379	383	414	476	483	420	508	536	487	429	
1145.54515622511	132	154	101	131	114	126	133	142	119	115	138	163	143	146	142	147	116	142	139	122	134	135	174	165	170	146	149	137	176	147	174	144	151	157	174	173	170	178	174	161	179	177	175	178	200	222	214	41	217	186	193	212	173	219	212	282	266	272	258	278	281	279	277	289	252	299	464	513	494	464	433	469	520	537	470	468	460	1464	1484	1641	1302	1211	1476	1420	1723	1472	1452	1439	20581	16303	18191	30873	10757	22827	22670	18306	23361	13562	32767	1265	1470	1553	1647	1743	1486	1806	2116	1874	1511	1278	378	373	385	441	444	511	467	493	520	481	405	
1147.28539060011	117	121	132	156	135	142	123	129	123	140	125	139	136	119	149	154	150	155	159	131	151	127	140	151	141	146	179	149	136	166	140	151	140	181	179	185	177	185	150	189	182	186	173	195	206	229	208	56	220	214	216	227	220	233	191	260	286	273	289	281	250	334	296	261	288	268	462	431	525	494	471	507	507	542	509	507	542	1465	1572	1604	1330	1185	1543	1560	1746	1518	1452	1515	20465	16417	18373	31085	10666	23218	22508	18546	23631	13788	32767	1308	1482	1569	1669	1679	1439	1826	2273	1870	1544	1247	331	355	416	440	441	497	440	521	524	497	422	
1149.02499997511	128	127	116	134	116	131	139	145	136	115	97	161	111	161	151	137	133	149	155	138	127	144	157	155	137	143	141	150	161	150	147	179	152	170	175	183	178	159	166	180	163	206	166	180	193	196	199	68	204	221	239	180	218	211	208	277	276	291	306	279	288	316	281	338	283	253	470	492	454	486	459	504	508	539	514	481	500	1525	1555	1652	1311	1211	1525	1519	1657	1449	1500	1583	20822	16370	18643	30958	10644	23320	22690	18918	23666	13574	32767	1322	1440	1523	1653	1676	1444	1853	2273	1843	1578	1235	336	359	404	433	416	481	479	511	560	509	453	
1150.76492185011	158	123	121	134	119	142	136	147	119	131	157	162	142	124	138	143	130	157	131	150	159	151	172	146	166	158	143	138	164	150	178	142	145	201	161	168	182	173	183	186	173	177	173	173	204	226	221	60	188	187	229	219	218	192	188	265	263	306	264	293	261	307	286	267	277	282	483	479	522	491	492	497	526	546	480	450	491	1497	1583	1705	1303	1236	1564	1565	1665	1434	1454	1620	20918	16608	19014	31460	10838	23813	22687	19224	23985	13830	32767	1321	1473	1580	1693	1685	1494	1752	2159	1857	1517	1210	399	390	429	440	492	497	463	504	548	482	434	
1152.50351560011	130	128	126	121	141	148	129	128	157	107	117	166	138	156	145	148	147	168	146	155	152	127	141	165	145	150	157	139	161	165	137	136	140	175	188	170	167	174	153	179	190	155	181	168	175	228	227	55	214	193	214	211	202	179	238	275	288	275	274	290	268	281	288	261	284	272	444	480	581	452	467	506	489	496	490	505	524	1468	1537	1686	1362	1165	1525	1478	1622	1371	1402	1593	21073	16784	19005	31837	10946	23775	23196	19238	24029	13866	32767	1337	1495	1576	1720	1634	1545	1738	2308	1829	1545	1291	366	377	420	435	488	474	501	526	549	474	448	
1154.24164060011	123	125	116	133	108	149	132	125	146	106	104	147	155	151	165	135	145	132	165	136	145	136	162	168	147	158	147	151	166	157	154	161	156	175	179	169	186	187	160	171	169	177	178	178	208	178	223	53	219	226	210	225	211	234	227	260	264	299	265	258	287	288	295	311	274	270	482	459	558	491	476	486	530	513	525	491	530	1485	1537	1704	1419	1313	1580	1610	1642	1449	1544	1579	21663	16984	19563	32503	11179	24069	23382	19574	24210	13817	32767	1343	1581	1559	1728	1635	1544	1761	2239	1877	1635	1326	378	383	387	486	468	475	500	516	570	480	434	
1155.97921872511	130	124	128	121	133	138	144	140	105	107	115	173	130	145	145	121	168	139	128	147	141	156	145	139	159	181	146	164	168	165	153	154	162	155	180	179	169	170	177	191	166	158	171	172	198	187	219	66	203	201	216	213	228	192	206	275	248	299	264	277	272	288	271	278	303	286	484	467	529	480	472	515	540	537	492	483	530	1514	1596	1752	1408	1310	1532	1524	1671	1446	1448	1594	21533	17147	19891	32638	11337	24495	23651	19950	24351	14169	32767	1341	1586	1687	1731	1725	1457	1733	2206	1984	1614	1324	366	385	418	418	471	521	528	553	521	479	480	
1157.71624997512	124	160	146	142	132	129	153	148	120	128	128	112	152	126	155	161	143	144	131	160	147	142	150	153	133	142	172	135	153	159	157	133	159	177	186	180	212	190	194	177	179	173	182	169	228	195	213	58	182	222	206	231	205	230	216	306	293	300	269	290	287	278	292	273	284	271	510	458	560	493	503	469	523	528	513	474	511	1447	1567	1784	1353	1281	1567	1592	1718	1413	1561	1632	21531	17257	19711	32653	11674	24711	23855	19947	24640	13951	32767	1370	1547	1657	1726	1724	1495	1759	2238	1970	1631	1356	361	389	384	428	468	526	495	499	536	475	426	
1159.45351560011	118	143	126	137	137	121	125	134	124	136	138	131	130	153	135	152	156	164	155	140	149	147	159	147	159	179	139	168	173	181	157	161	160	169	175	187	188	160	177	151	164	155	169	169	204	198	213	44	195	246	200	233	209	199	214	253	264	297	284	264	286	310	273	304	262	300	451	492	534	501	513	472	494	537	545	509	530	1556	1541	1730	1383	1279	1538	1621	1634	1420	1555	1727	21877	17204	19873	32767	11521	24655	23773	19810	24765	14103	32767	1382	1590	1684	1700	1710	1552	1685	2264	1940	1717	1355	378	425	407	421	470	517	515	530	569	497	466	
1161.18953122511	121	136	142	150	139	155	143	147	121	133	141	137	142	150	151	133	147	151	121	157	119	157	157	165	171	152	181	172	148	159	141	157	129	176	211	173	169	189	185	178	211	192	177	170	208	215	234	58	218	195	202	225	219	222	208	291	271	315	285	268	310	291	291	260	285	291	485	477	592	496	525	508	532	544	540	484	521	1493	1600	1724	1377	1296	1537	1611	1707	1480	1534	1737	21920	17216	19678	32767	11518	24924	23550	19899	24622	14014	32767	1413	1537	1588	1728	1825	1562	1684	2195	1879	1714	1355	386	380	405	466	485	502	497	497	573	504	448	
1162.92507810011	142	137	146	133	134	147	162	139	143	136	134	145	134	143	160	163	176	163	134	129	141	157	158	158	147	148	145	148	153	155	139	153	172	177	165	178	181	167	176	153	198	173	214	199	197	231	230	64	225	204	224	208	205	230	210	268	312	309	272	272	296	325	312	287	268	308	476	544	575	501	485	498	555	579	498	525	582	1515	1600	1709	1469	1358	1504	1589	1609	1458	1524	1740	21894	17283	19666	32767	11479	24562	23838	20077	24796	14213	32767	1341	1575	1665	1682	1782	1613	1791	2197	1984	1711	1335	400	369	438	472	474	518	507	527	510	493	445	
1164.65999997511	134	140	141	149	127	127	131	146	136	122	131	140	146	198	123	135	163	160	164	134	129	133	161	164	146	184	159	175	170	172	174	162	169	191	169	187	163	156	149	195	193	177	192	186	187	209	195	37	226	239	227	221	218	214	224	266	295	271	305	296	303	302	327	301	307	268	501	533	565	533	499	556	531	550	507	541	574	1527	1571	1887	1519	1318	1542	1580	1794	1531	1582	1726	21760	17400	20024	32767	11593	24936	24081	19663	24926	14156	32767	1386	1570	1688	1763	1807	1576	1764	2209	2028	1725	1337	370	364	436	463	526	520	499	550	563	541	466	
1166.39445310011	135	146	148	149	136	154	163	142	145	145	151	140	146	139	148	156	173	155	136	146	159	149	150	160	172	166	162	134	136	153	149	172	164	196	204	165	159	200	160	193	167	201	194	204	208	237	227	54	236	220	225	213	234	232	207	272	281	314	292	293	293	310	281	288	298	335	532	529	564	491	520	513	575	569	539	500	537	1624	1729	1796	1486	1405	1523	1680	1773	1529	1542	1730	21953	17741	19769	32767	11797	25211	24195	20066	24652	14456	32767	1464	1625	1636	1811	1767	1644	1786	2185	1997	1692	1393	394	386	427	475	500	508	518	569	543	547	468	
1168.12835935011	146	158	133	148	137	128	129	141	162	125	126	161	151	155	118	149	172	151	185	178	161	144	152	164	170	180	165	161	186	146	167	169	170	179	184	188	178	187	222	183	190	204	189	166	230	221	233	58	231	232	224	226	220	236	239	256	276	314	293	274	312	319	293	275	320	290	561	546	589	531	497	573	586	587	565	572	582	1610	1711	1905	1503	1436	1635	1644	1724	1652	1683	1789	22058	17804	20210	32767	11903	25628	24230	20240	24676	14518	32767	1482	1625	1712	1831	1813	1609	1843	2130	2046	1769	1454	381	449	466	500	491	527	511	556	555	545	451	
1169.86179685011	122	135	136	121	152	137	121	133	147	153	154	169	137	146	158	144	140	157	178	171	143	152	174	167	158	191	166	180	174	178	141	177	170	191	181	221	176	168	171	195	183	185	186	212	215	238	241	55	244	213	218	256	244	209	230	291	289	317	306	302	332	323	292	352	331	341	539	542	586	541	553	556	593	579	587	566	632	1739	1720	1947	1620	1412	1603	1787	1868	1671	1733	1788	22505	17774	20352	32767	11978	25665	24418	20313	25505	14708	32767	1498	1681	1730	1838	1979	1698	1929	2248	2127	1758	1443	451	409	464	490	519	534	547	516	574	539	466	
1171.59468747512	144	137	147	121	121	148	154	160	129	138	152	177	138	173	157	144	167	162	169	131	170	139	160	160	157	168	170	190	173	171	178	183	175	170	178	183	210	198	201	201	213	210	226	196	232	207	219	64	240	226	223	229	247	250	232	297	296	335	318	341	339	323	320	327	344	373	591	543	618	506	540	603	565	615	624	592	600	1795	1906	1926	1592	1511	1751	1835	1957	1710	1883	1886	22596	18454	20767	32767	12373	26347	25050	20810	25732	14766	32767	1555	1686	1765	1950	1931	1734	1977	2332	2098	1791	1513	432	428	498	511	539	553	555	554	606	561	489	
1173.32703122512	154	169	142	124	149	138	133	145	150	157	149	150	160	149	171	174	156	142	142	161	161	148	164	190	163	188	166	204	168	171	137	146	156	189	197	201	184	211	183	193	200	197	187	165	223	258	191	65	227	254	233	224	254	231	246	346	350	336	372	349	346	359	377	346	360	365	610	621	646	582	572	621	641	645	603	633	688	1810	1922	2041	1723	1618	1838	1893	2046	1804	2004	2065	23303	18932	21373	32767	12764	26691	25775	21491	26354	15363	32767	1638	1871	1880	2001	1966	1786	1994	2405	2196	1925	1720	434	524	500	554	529	536	568	607	583	560	521	
1175.05890622511	128	151	134	145	140	166	131	127	136	153	133	165	156	159	159	160	155	169	162	176	145	131	195	151	165	167	174	204	182	212	159	197	184	219	199	176	196	184	217	194	201	209	206	190	194	232	217	41	280	251	234	246	246	228	253	339	319	361	334	358	345	384	402	357	368	323	660	675	635	622	634	631	629	691	646	666	704	2008	2087	2165	1852	1723	2029	1987	2085	1918	2029	2220	23771	19493	22072	32767	13026	27441	26220	22318	27378	15676	32767	1720	1892	1974	2167	2064	1970	2112	2422	2292	2002	1817	461	453	569	562	576	617	582	627	649	616	555	
1176.79023435011	159	160	148	154	160	135	144	155	134	147	156	160	156	132	146	165	179	173	170	151	179	153	172	195	184	169	165	169	189	183	202	196	173	215	205	222	197	201	205	206	217	201	209	207	216	284	298	60	255	243	249	294	244	266	251	359	360	345	343	343	364	385	353	371	358	401	650	693	681	615	615	656	730	717	689	719	757	2054	2125	2232	2001	1779	2018	2073	2241	1979	2123	2334	24107	19789	22920	32767	13704	27967	27164	22957	28120	16113	32767	1855	1987	1964	2204	2186	1866	2191	2557	2384	1989	1835	513	510	536	537	641	615	629	649	588	579	599	
1178.52109372511	169	142	181	176	162	168	153	150	130	179	132	153	173	173	164	159	194	163	161	200	172	163	174	192	179	193	202	191	173	181	193	159	166	190	185	224	215	197	209	194	207	188	215	216	262	243	256	70	285	286	265	265	284	278	265	350	370	327	373	364	373	406	372	367	398	380	710	765	736	645	699	689	727	723	709	721	751	2065	2177	2288	2022	1793	2060	2184	2311	2140	2289	2395	24292	20227	23315	32767	13803	28085	27218	23169	28864	16346	32767	1867	2030	2146	2249	2223	1973	2239	2613	2534	2067	1881	518	501	598	577	602	649	664	651	658	621	593	
1180.25140622512	154	143	145	155	164	161	150	165	142	145	139	180	169	171	157	156	159	146	176	153	158	148	184	146	164	193	174	189	190	184	187	167	180	227	207	190	210	200	204	229	190	207	220	226	258	240	268	66	238	271	276	248	270	267	266	379	351	380	349	366	418	378	413	389	409	377	681	706	666	630	692	733	669	772	719	708	746	2108	2156	2358	2025	1813	2024	2144	2351	1975	2190	2326	24493	20234	23322	32767	13996	28531	27500	23325	28236	16225	32767	2016	2053	2075	2267	2188	1917	2324	2484	2418	2153	1939	547	555	550	596	606	631	624	675	634	632	622	
1181.98039060011	161	159	133	170	137	167	165	148	134	161	149	168	152	167	151	148	156	189	159	165	178	159	205	199	186	176	175	182	208	185	177	204	165	223	222	198	232	206	216	193	223	182	203	199	280	253	259	52	275	276	279	275	263	249	270	370	360	370	336	338	403	409	385	385	359	384	679	685	692	654	648	716	700	700	658	698	753	2057	2155	2261	1978	1822	2048	2099	2288	1970	2199	2263	24218	19441	22987	32767	13720	28398	27302	22336	28377	15968	32767	1819	1945	2081	2227	2159	1985	2145	2448	2408	2003	1810	538	557	550	532	640	631	632	607	666	611	620	
1183.70968747511	134	167	125	162	160	169	135	137	129	128	133	155	170	174	153	181	187	129	163	126	164	172	180	187	178	194	174	185	171	172	169	184	169	217	224	230	204	184	212	205	211	196	193	207	254	233	249	58	235	263	232	250	226	230	263	337	319	330	348	330	344	382	354	398	393	338	648	659	662	605	662	604	710	691	634	718	678	1970	1992	2105	1840	1652	1879	1998	2158	1854	2093	2188	23161	18679	22184	32767	13103	27493	26170	21842	27256	15468	32767	1654	1882	1916	2165	2022	1874	2035	2387	2344	1881	1666	509	481	500	584	583	579	614	627	614	594	591	
1185.43843747512	133	134	147	154	135	142	132	143	140	140	143	178	146	147	183	159	180	158	175	135	148	167	205	183	181	180	174	182	172	164	170	182	189	211	195	201	205	190	194	193	195	209	201	204	252	234	216	55	246	231	239	250	259	264	242	281	300	349	332	311	328	381	342	358	321	354	585	585	565	594	576	621	610	607	598	619	637	1758	1863	1935	1754	1545	1768	1859	2073	1731	1920	1981	22840	18125	21363	32767	12717	27094	25841	20568	26686	14595	32767	1541	1693	1866	2006	2059	1747	1939	2348	2213	1881	1555	455	457	485	480	537	544	505	575	567	566	565	
1187.16664060011	128	146	136	152	136	147	153	141	135	142	149	134	149	153	169	158	155	152	164	160	151	148	185	163	176	171	177	176	188	150	163	170	162	193	169	185	171	200	202	171	180	193	208	197	215	214	214	63	235	223	212	236	258	238	246	302	312	310	323	334	316	289	328	318	341	310	601	546	562	538	505	545	575	597	573	563	596	1667	1728	1890	1505	1401	1636	1765	1927	1636	1848	1777	22204	17165	21000	32767	12316	26636	25138	19833	25802	13815	32767	1468	1565	1689	1886	1862	1680	1841	2146	2067	1787	1459	444	411	439	492	508	551	527	539	564	515	488	
1188.89437497511	131	146	158	199	155	137	130	144	150	136	139	134	159	161	161	173	159	156	168	163	150	154	177	185	167	197	163	177	182	152	175	176	156	190	194	219	178	194	199	192	214	194	220	169	212	209	245	59	212	203	207	220	230	224	219	310	313	300	315	289	286	343	340	299	328	324	527	508	510	498	499	544	510	505	563	553	581	1612	1576	1809	1509	1352	1536	1674	1803	1434	1712	1659	21628	16965	20290	32767	12007	26212	24662	18924	25376	13611	32767	1386	1570	1673	1833	1805	1661	1772	2072	2083	1632	1387	371	406	414	466	481	534	487	515	520	522	432	
1190.62078122511	137	130	135	139	149	152	165	163	134	150	130	164	145	160	153	144	172	163	157	138	155	140	161	146	183	154	162	165	172	176	175	166	193	180	185	162	187	179	168	184	179	147	175	186	230	229	216	44	221	221	207	227	226	187	239	298	284	284	284	272	312	334	316	335	288	265	501	527	533	487	509	546	493	539	522	536	570	1572	1542	1736	1387	1244	1495	1597	1717	1516	1599	1617	21405	16765	19852	32767	11647	26394	24529	18543	24803	13446	32767	1350	1428	1659	1808	1692	1568	1729	1993	1993	1654	1323	374	413	406	453	451	524	492	569	519	511	441	
1192.34749997511	137	149	152	138	159	131	151	164	139	143	142	185	154	155	155	153	140	166	149	147	145	159	179	177	160	161	172	176	182	178	184	165	157	162	203	179	187	187	193	180	172	176	192	179	231	215	221	47	231	226	200	225	227	228	228	304	283	276	296	282	302	320	295	284	300	298	495	531	478	484	487	526	547	543	495	540	531	1497	1494	1608	1399	1268	1495	1501	1732	1442	1590	1627	21172	16273	19982	32767	11543	25954	24470	18007	24715	13454	32767	1287	1449	1519	1735	1644	1633	1655	2051	1801	1628	1298	362	370	393	453	440	468	473	533	502	482	437	
1194.07367185011	138	137	146	149	147	137	139	111	149	130	133	173	166	152	160	153	149	169	162	147	129	134	168	160	158	159	176	158	159	174	174	171	164	190	188	192	195	172	184	174	167	201	193	165	224	214	194	61	204	241	214	223	227	227	236	260	282	292	279	268	308	315	309	274	309	321	467	504	546	434	511	487	565	532	506	492	528	1474	1569	1635	1295	1230	1380	1528	1725	1417	1504	1611	21099	16344	19827	32767	11506	26160	24630	17945	24607	13371	32767	1271	1492	1563	1674	1755	1554	1668	2005	1895	1614	1259	367	363	426	409	507	474	522	475	540	484	436	
1195.79859372511	112	144	137	134	149	142	118	148	135	139	126	158	154	139	136	140	123	141	174	158	154	153	168	163	156	162	177	166	173	188	167	171	173	181	185	190	223	174	183	209	177	181	183	202	222	247	188	54	209	240	208	208	227	213	243	266	297	266	294	263	292	289	313	330	304	308	469	489	484	442	479	469	517	491	537	521	535	1508	1505	1599	1277	1166	1410	1508	1739	1407	1527	1555	21081	16302	19822	32767	11491	26278	24390	17440	24544	13282	32767	1304	1417	1544	1679	1656	1579	1701	1943	1855	1577	1347	390	399	402	395	457	475	466	491	463	451	480	
1197.52367185011	131	133	155	139	160	131	150	147	139	135	151	157	169	137	168	139	157	156	160	157	171	160	156	174	155	166	161	176	178	161	191	143	163	164	208	178	194	182	193	186	193	163	196	183	210	224	213	51	213	221	206	239	237	192	229	284	264	259	293	284	306	303	305	281	276	292	496	478	489	480	483	458	530	568	485	500	511	1462	1536	1641	1247	1152	1472	1511	1705	1397	1561	1482	21074	16037	19772	32767	11300	26174	24521	17473	24962	13206	32767	1246	1460	1530	1675	1697	1529	1662	1962	1832	1603	1289	362	348	379	446	452	461	515	489	466	464	431	
1199.24835935011	138	165	128	149	146	129	151	155	158	137	140	143	149	151	171	166	167	148	153	161	151	146	152	191	156	169	159	174	153	137	174	169	167	172	182	189	191	189	208	214	190	180	189	195	231	204	228	50	217	194	220	207	222	227	221	257	293	268	262	274	275	314	330	290	290	279	476	479	476	490	476	511	488	521	525	518	548	1477	1520	1564	1317	1206	1407	1546	1737	1491	1479	1485	21207	16272	19614	32767	11278	26503	24672	17160	24745	13208	32767	1254	1440	1522	1647	1649	1537	1634	1936	1879	1603	1333	345	340	381	397	494	464	482	461	464	494	438	
1200.97164060011	122	144	126	139	147	128	137	160	149	134	149	160	167	156	142	136	141	135	179	144	161	167	171	179	170	151	165	170	191	187	148	163	167	178	183	182	195	167	154	222	180	197	194	191	217	211	187	26	236	258	240	240	227	217	253	304	273	280	305	303	324	323	334	304	327	292	471	532	477	513	489	476	515	552	502	516	526	1482	1478	1599	1281	1231	1413	1458	1773	1517	1564	1582	21244	16292	19833	32767	11441	26207	24723	17523	24559	13301	32767	1246	1439	1486	1525	1761	1558	1624	2011	1912	1578	1324	382	359	396	401	448	472	466	525	483	466	428	
1202.69531247511	132	148	157	151	130	156	157	162	131	118	152	137	177	150	150	153	154	150	149	139	145	148	178	166	161	166	148	178	161	179	176	164	166	173	179	178	178	204	211	177	198	213	180	170	201	187	210	56	212	214	220	223	226	220	223	278	296	277	286	283	328	296	295	302	285	311	475	476	479	471	519	488	563	529	496	538	525	1445	1473	1586	1291	1202	1438	1505	1738	1418	1519	1560	21253	16351	19875	32767	11295	26776	25018	17054	24776	13072	32767	1245	1489	1517	1642	1652	1530	1662	2009	1872	1629	1334	374	395	411	395	486	488	468	507	511	452	468	
1204.41757810011	135	145	130	153	153	159	155	132	163	160	143	153	165	160	168	156	172	155	163	173	171	153	184	168	195	182	164	180	176	171	164	136	150	197	169	182	197	197	177	187	195	192	208	165	225	243	219	53	227	239	242	214	220	223	217	294	278	296	282	295	257	312	276	299	299	292	503	508	503	407	506	513	515	496	557	503	517	1497	1493	1507	1227	1225	1480	1595	1753	1435	1527	1544	21173	16428	20059	32767	11620	26673	24605	17342	24727	13104	32767	1317	1393	1523	1729	1758	1568	1553	1972	1913	1535	1325	375	406	409	429	467	484	487	478	457	460	426	
1206.14015622511	162	129	130	158	167	157	159	160	135	142	137	152	148	144	156	169	128	145	176	144	152	157	169	167	148	180	169	177	186	166	160	175	159	179	182	205	191	187	193	187	195	187	204	206	215	206	237	47	225	225	226	228	243	219	212	290	260	297	286	278	301	299	309	304	298	305	482	502	465	438	490	517	506	556	527	536	534	1472	1512	1589	1246	1264	1466	1589	1725	1407	1486	1567	21408	16447	19741	32767	11387	26792	24681	17115	24517	13145	32767	1284	1511	1558	1764	1737	1481	1676	1947	1881	1588	1347	407	403	418	406	465	504	472	551	510	473	412	
1207.86148435011	161	135	134	146	141	149	165	141	147	135	153	181	162	157	149	169	159	131	152	160	173	168	141	183	154	159	183	184	170	168	165	147	159	190	189	179	186	185	173	190	174	210	200	170	204	213	227	47	203	253	272	263	193	231	225	303	263	287	279	287	302	290	294	305	291	337	510	511	482	475	492	511	531	550	471	515	560	1548	1570	1525	1312	1244	1477	1513	1655	1453	1538	1610	21372	16104	20044	32767	11478	27126	24785	17053	24509	13224	32767	1295	1385	1586	1657	1717	1484	1623	2026	1931	1591	1384	385	339	401	433	487	456	454	485	534	447	430	
1209.58296872511	126	176	137	185	149	171	139	153	145	136	140	155	162	162	171	171	160	139	179	151	148	149	156	160	174	170	176	163	178	153	171	162	149	200	207	235	194	197	206	198	200	203	193	204	242	236	194	65	210	226	234	208	229	232	225	295	289	279	320	281	285	327	314	305	299	301	495	482	452	488	441	471	535	527	495	520	533	1515	1495	1611	1284	1201	1404	1522	1769	1465	1545	1563	21362	16301	19965	32767	11463	26686	24786	17119	24537	13109	32767	1258	1483	1558	1702	1653	1496	1616	1996	1845	1571	1299	385	418	376	438	453	494	464	501	481	470	447	
1211.30328122511	137	145	147	175	154	150	154	160	153	144	142	153	172	171	165	163	167	190	174	165	163	147	175	160	152	175	163	194	179	180	179	169	165	160	187	193	187	207	163	181	225	223	219	210	253	227	213	47	209	235	238	237	222	205	218	295	268	259	319	301	268	294	300	293	306	293	495	535	522	483	499	513	533	554	523	566	509	1489	1510	1607	1329	1217	1419	1472	1715	1370	1557	1584	21268	16107	19555	32767	11361	26889	24741	17427	24021	13159	32767	1293	1456	1544	1716	1641	1528	1603	2029	1895	1548	1353	387	389	391	426	459	479	497	493	501	496	436	
1213.02374997511	143	130	140	144	143	173	127	142	143	146	142	172	187	157	141	146	165	150	157	155	137	140	168	170	171	169	181	171	183	146	182	184	166	178	215	183	214	220	203	182	191	182	154	185	236	228	220	50	238	233	201	265	241	204	256	286	302	291	244	278	298	337	332	288	314	303	485	517	488	453	469	496	575	502	501	529	522	1547	1502	1552	1339	1142	1374	1560	1613	1428	1519	1612	21174	16115	19852	32767	11285	27114	25031	17042	24450	13020	32767	1283	1449	1544	1628	1702	1535	1641	2077	1909	1610	1419	372	369	401	441	442	493	474	500	485	436	451	
1214.74304685012	134	155	143	149	152	150	153	125	146	146	141	124	172	176	149	164	170	160	159	173	168	177	175	192	165	185	181	153	169	156	177	160	170	216	190	194	174	201	199	177	191	239	180	204	236	209	211	55	210	237	263	249	216	238	237	307	301	265	294	280	288	322	311	325	323	330	461	490	512	463	487	518	499	553	511	463	504	1518	1506	1570	1254	1174	1385	1481	1642	1417	1572	1551	21034	16080	19653	32767	11264	26955	24499	17046	24048	13120	32767	1298	1452	1491	1657	1784	1617	1623	1959	1855	1533	1376	347	342	411	443	449	500	496	453	484	470	441	
1216.46171872512	151	128	157	167	153	150	138	153	166	131	148	163	159	167	134	157	126	158	182	138	179	157	161	151	156	190	162	198	165	171	172	171	181	183	185	198	196	186	185	195	187	194	194	176	225	231	229	50	224	241	227	233	243	211	245	312	283	291	304	259	324	322	307	322	313	294	503	472	499	481	505	493	532	505	505	540	530	1443	1481	1530	1333	1236	1384	1532	1639	1425	1542	1615	21402	15953	19812	32767	11337	27109	24586	16793	24116	13174	32767	1332	1446	1565	1657	1750	1478	1682	2033	1896	1576	1409	362	371	402	415	439	479	468	494	498	515	419	
1218.18070310011	150	151	137	148	159	157	136	167	144	149	153	169	154	155	153	153	155	165	136	152	150	178	175	166	194	185	166	178	182	190	185	173	176	177	204	177	187	205	189	173	204	198	196	178	225	239	204	59	245	241	226	260	218	231	226	299	314	255	296	270	317	337	319	297	304	306	520	460	503	496	502	505	580	544	485	500	549	1509	1533	1511	1330	1189	1434	1549	1609	1476	1539	1560	21465	16063	20210	32767	11667	27738	24586	17052	24106	13317	32767	1346	1462	1566	1587	1730	1635	1655	1991	1950	1671	1359	358	404	393	422	462	512	498	489	481	470	432	
1219.89843747511	131	165	138	160	155	156	151	149	193	130	141	169	162	161	170	161	172	175	156	143	163	156	177	186	162	167	165	175	162	174	169	173	177	190	191	189	184	173	192	180	191	196	213	165	245	233	244	47	212	231	231	257	205	235	239	292	281	292	286	300	325	325	326	304	310	289	507	472	514	488	479	486	513	539	536	536	502	1557	1578	1596	1334	1211	1403	1531	1686	1379	1528	1503	21833	16149	20054	32767	11655	27448	24773	17157	24313	13276	32767	1344	1438	1570	1706	1821	1540	1720	1969	1889	1619	1404	358	381	412	443	465	484	461	495	516	515	447	
1221.61562497511	149	139	125	157	156	133	156	145	125	137	110	167	167	162	163	150	152	155	134	127	172	167	193	177	143	164	174	187	189	168	173	151	150	176	182	209	193	176	203	202	171	200	172	203	229	205	207	55	244	215	249	242	238	235	201	276	304	278	295	300	319	319	344	328	349	319	553	512	528	488	485	540	522	511	533	579	584	1549	1609	1603	1287	1218	1404	1607	1762	1483	1550	1574	21549	16605	20131	32767	11896	27913	25018	17246	24345	13113	32767	1314	1510	1620	1719	1805	1548	1740	2084	1907	1625	1408	402	414	407	407	465	498	498	484	513	521	467	
1223.33304685012	164	158	150	160	152	142	162	138	136	140	136	173	147	151	161	142	180	197	162	169	166	164	186	204	201	176	186	170	179	185	195	155	174	182	185	184	194	180	176	194	189	181	194	182	223	242	207	54	243	221	235	235	291	250	234	311	281	301	300	297	305	263	296	353	339	345	503	512	521	520	496	525	553	548	562	523	535	1470	1546	1664	1345	1298	1540	1522	1705	1543	1622	1660	21880	16466	20236	32767	11829	28173	25264	17350	24654	13164	32767	1419	1515	1575	1741	1799	1577	1718	2051	2015	1637	1400	390	379	390	460	491	528	505	517	525	485	435	
1225.04921872511	158	143	163	154	148	185	133	139	156	138	138	175	173	155	164	185	178	172	157	176	169	192	170	173	172	185	207	195	173	154	182	187	191	159	203	208	191	166	199	193	220	200	201	191	249	213	233	47	209	217	253	241	229	238	257	284	285	282	315	308	339	316	320	359	316	311	506	500	591	522	495	503	564	556	526	516	541	1558	1623	1661	1362	1272	1443	1572	1721	1561	1578	1647	22180	16595	20389	32767	11874	28270	25370	17422	25063	13247	32767	1358	1547	1611	1716	1791	1487	1737	2024	1996	1698	1370	365	412	462	467	467	529	525	503	519	505	437	
1226.76492185011	139	138	165	134	189	161	141	157	173	159	145	181	168	178	175	159	169	146	175	157	179	147	182	164	186	176	153	170	187	186	185	179	188	181	186	186	231	201	186	200	196	214	189	210	260	229	255	53	233	268	239	219	258	239	243	309	283	312	287	296	323	312	322	311	321	290	549	524	511	508	529	549	551	557	567	536	584	1557	1618	1602	1417	1333	1431	1580	1739	1517	1715	1607	22138	16536	20601	32767	11939	28407	25520	17498	25127	13515	32767	1382	1487	1616	1718	1797	1617	1680	2070	2034	1676	1344	347	403	447	437	475	497	524	521	479	516	435	
1228.48007810011	141	157	160	139	159	155	140	164	151	160	160	162	157	158	180	166	169	156	166	185	169	167	188	177	174	166	172	191	177	181	189	176	190	226	187	204	201	213	179	214	206	218	211	220	212	265	231	42	253	225	220	256	257	234	235	317	311	290	341	306	278	312	342	315	335	313	537	578	524	496	548	544	575	556	553	558	579	1534	1605	1680	1384	1303	1430	1550	1646	1550	1612	1624	22662	16864	20607	32767	12138	28642	25923	17595	25281	13380	32767	1427	1597	1657	1752	1846	1562	1827	2076	2029	1639	1419	430	398	408	441	505	515	528	521	549	492	436	
1230.19546872511	171	155	175	173	167	193	171	141	179	143	136	167	141	160	171	182	195	158	172	158	193	184	189	188	188	158	192	183	181	184	196	207	172	234	182	208	201	194	208	214	217	202	203	196	251	213	255	55	245	210	235	263	248	253	257	302	312	281	286	331	315	328	333	329	334	317	520	539	524	518	499	559	584	601	548	543	560	1571	1665	1646	1477	1271	1472	1550	1763	1584	1652	1619	22901	16833	20914	32767	12323	29151	25962	17645	25486	13580	32767	1424	1572	1691	1800	1810	1585	1789	2115	2034	1666	1488	387	422	431	506	471	532	493	486	525	527	473	
1231.90953122511	169	170	164	140	162	149	162	168	144	178	166	168	173	179	178	136	180	155	163	147	169	162	174	169	165	193	184	185	173	192	165	205	171	188	208	210	228	205	209	197	209	217	184	175	224	240	230	56	228	239	237	258	239	251	226	323	330	331	306	287	346	346	345	321	326	349	592	540	524	521	540	579	513	568	479	544	553	1649	1644	1740	1428	1333	1415	1579	1778	1625	1672	1677	23090	16936	20910	32767	12428	29405	25928	17871	25497	13535	32767	1430	1621	1642	1807	1930	1631	1867	2100	2010	1693	1439	374	422	414	475	487	521	528	527	536	488	478	
1233.62320310011	191	157	132	157	153	161	154	167	153	156	175	149	176	167	153	176	168	184	156	186	178	163	186	163	191	192	181	163	171	177	183	141	184	213	205	225	196	236	204	193	209	233	221	205	240	239	242	50	225	234	245	260	236	247	226	345	334	323	296	309	324	310	307	311	324	346	510	538	600	531	514	537	584	578	573	495	577	1594	1615	1671	1441	1356	1465	1650	1826	1630	1688	1764	22843	16663	20854	32767	12565	29396	26412	17748	25501	13692	32767	1445	1604	1675	1852	1863	1657	1778	2149	2009	1732	1424	393	411	427	501	481	534	504	543	518	510	475	
1235.33632810011	134	179	159	146	147	174	142	155	163	153	153	156	168	171	167	178	192	184	193	177	164	176	193	197	185	195	196	169	168	185	202	178	190	217	216	209	181	195	210	205	208	211	209	201	219	231	229	46	234	265	257	244	259	255	266	322	324	301	303	330	336	305	349	334	291	341	518	529	562	543	531	574	611	607	530	563	614	1641	1694	1754	1476	1353	1418	1660	1823	1615	1791	1763	22907	16858	21349	32767	12680	29582	26661	17720	25879	13603	32767	1454	1629	1641	1899	1978	1644	1818	2173	2083	1753	1515	413	419	469	437	477	529	532	522	539	506	438	
1237.04890622511	175	127	162	155	124	144	165	180	141	160	140	170	175	176	179	174	171	171	191	159	158	173	172	174	182	197	182	202	186	197	186	191	179	224	197	226	229	181	208	203	183	203	212	229	214	227	248	51	236	252	283	247	259	213	227	315	342	345	288	282	352	351	331	331	356	320	512	530	563	515	519	598	593	616	585	590	592	1738	1721	1725	1493	1322	1533	1661	1844	1674	1695	1709	23002	17011	21345	32767	12634	29822	26656	18013	25705	13646	32767	1457	1712	1763	1827	1878	1745	1929	2154	2013	1807	1462	410	440	469	455	451	561	541	569	563	507	458	
1238.76101560012	165	174	157	152	157	155	157	151	150	147	146	183	167	185	181	150	175	183	169	153	168	185	182	187	179	188	185	198	194	178	197	178	164	217	198	184	210	227	207	211	224	213	213	224	243	212	244	46	244	283	260	265	231	252	240	315	299	307	300	312	321	313	359	337	351	386	570	551	580	551	537	557	596	611	616	569	605	1654	1666	1680	1472	1281	1474	1638	1887	1694	1696	1727	22974	17166	21486	32767	12476	29804	27114	17849	25785	13572	32767	1454	1654	1715	1874	1999	1685	1955	2168	1941	1710	1469	401	430	449	488	534	545	548	530	559	516	482	
1240.47257810011	166	148	164	157	163	162	126	165	177	151	155	170	166	181	158	164	173	165	200	177	154	197	188	177	181	204	184	164	186	202	198	190	197	187	208	221	201	184	246	165	194	224	201	185	257	260	252	59	238	255	262	261	248	241	253	309	340	331	338	318	345	337	327	323	356	344	548	589	599	561	538	567	569	621	607	558	579	1643	1723	1726	1467	1385	1492	1641	1889	1613	1750	1785	23140	17194	21792	32767	12520	30044	26880	17930	25886	13645	32767	1515	1635	1740	1914	1875	1681	1889	2189	2080	1754	1408	435	397	494	480	540	549	542	525	532	541	493	
1242.18359372511	143	137	146	157	160	169	127	146	177	159	153	159	152	169	166	157	185	156	170	187	155	171	189	192	184	197	175	204	192	192	180	194	163	218	195	213	224	192	210	202	221	232	199	206	250	259	252	43	260	275	261	277	221	221	249	321	336	340	322	290	317	337	340	341	359	337	564	604	587	527	547	585	595	627	597	600	568	1669	1709	1821	1567	1372	1561	1632	1943	1658	1727	1721	23113	16911	21325	32767	12915	29799	27320	18077	26143	13871	32767	1472	1688	1805	1878	1915	1681	1899	2148	1993	1881	1494	396	403	479	477	527	521	552	525	557	532	451	
1243.89421872511	187	159	152	147	150	153	140	174	152	141	172	177	155	190	159	179	176	185	176	155	188	167	183	189	193	202	175	172	215	181	204	190	182	201	193	208	223	214	211	191	216	213	203	207	260	239	246	56	227	237	252	271	243	282	256	312	318	354	314	313	332	347	336	322	323	329	551	585	604	519	551	611	587	626	580	633	647	1663	1769	1856	1553	1387	1536	1681	1938	1687	1717	1761	23040	17040	21740	32767	12776	30074	27202	18272	26528	13691	32767	1503	1723	1808	1934	1870	1759	1992	2253	1981	1807	1492	430	419	485	502	539	563	543	505	566	507	489	
1245.60421872512	160	169	170	179	166	181	173	157	179	161	162	183	183	167	180	155	173	152	176	155	196	169	182	187	204	230	203	180	202	190	208	185	173	209	186	249	221	217	202	212	198	230	208	221	261	260	248	56	249	279	252	245	248	271	236	329	342	341	312	358	345	340	381	339	341	331	571	537	583	543	563	597	600	628	614	603	646	1637	1804	1790	1615	1407	1622	1680	2022	1711	1824	1824	22955	17123	21525	32767	12786	30114	27462	18310	26365	13633	32767	1527	1694	1771	1871	1886	1724	1980	2225	2051	1694	1504	441	404	473	477	500	513	547	505	550	558	463	
1247.31382810011	166	177	157	157	181	168	143	159	162	161	140	182	186	174	196	153	176	162	192	155	166	166	185	177	193	195	183	206	215	200	189	192	189	190	205	215	205	188	202	217	226	209	206	225	255	261	252	53	246	253	253	265	239	255	233	337	353	343	318	303	340	330	302	336	375	353	570	606	630	605	572	620	636	623	614	598	645	1720	1801	1792	1694	1370	1652	1671	1942	1734	1685	1759	23472	17093	21417	32767	12794	30505	27162	18229	26248	13945	32767	1462	1660	1833	1986	1982	1720	1921	2313	2111	1789	1549	409	452	448	502	537	584	532	577	538	577	460	
1249.02281247511	168	158	138	171	189	142	159	154	177	149	150	208	175	200	180	189	174	195	167	162	178	207	216	201	198	181	183	202	215	194	220	205	201	176	216	197	203	204	204	211	226	216	206	221	234	265	260	57	230	247	266	283	254	253	262	340	346	352	320	325	347	355	356	354	327	364	557	585	599	558	569	584	569	662	608	612	589	1580	1802	1919	1659	1419	1607	1681	2022	1721	1730	1836	23494	17150	21889	32767	12917	30880	27401	18470	26882	13952	32767	1466	1786	1852	1929	2011	1809	1974	2193	2122	1806	1463	428	467	454	481	516	551	540	531	592	549	497	
1250.73132810012	146	182	174	149	189	194	185	161	149	138	124	178	185	171	174	195	176	163	205	194	180	188	212	170	188	205	199	201	179	173	178	190	183	221	218	223	215	216	192	233	250	256	230	232	263	282	277	61	245	219	221	256	304	250	275	340	337	372	301	346	306	382	361	353	341	341	562	601	669	560	543	600	680	674	625	603	591	1636	1793	1982	1603	1431	1640	1795	2023	1761	1753	1807	23418	17481	22030	32767	13017	30778	27631	18833	27085	14005	32767	1513	1709	1851	1922	2046	1821	2010	2207	2186	1849	1552	427	428	474	491	530	557	541	535	554	520	457	
1252.43937497512	136	169	159	175	150	167	149	191	189	154	163	187	164	189	206	191	174	167	181	172	189	177	183	191	191	187	192	193	216	194	189	195	216	219	200	206	249	228	217	207	198	212	207	235	245	233	250	64	277	283	254	266	268	252	225	333	331	327	388	336	361	335	350	387	357	356	614	599	596	624	609	616	641	604	610	605	640	1682	1781	1854	1606	1452	1682	1765	2071	1824	1757	1896	23544	17175	22070	32767	13075	31229	28347	18909	27065	14039	32767	1564	1688	1843	1981	2038	1723	1912	2269	2152	1895	1557	418	473	457	490	517	580	542	537	516	514	480	
1254.14687497511	182	147	174	151	184	167	170	155	154	155	178	202	189	188	187	171	217	193	165	184	159	204	195	178	175	195	209	203	188	213	211	194	208	211	217	225	257	228	217	214	248	215	214	189	260	285	281	60	281	265	249	243	286	250	248	314	356	351	344	352	345	367	349	348	397	354	590	612	633	587	626	561	657	641	599	626	643	1751	1865	1954	1592	1440	1712	1744	2027	1764	1793	1931	23810	17486	22313	32767	13244	31241	28098	18810	27064	13980	32767	1579	1795	1865	1983	2076	1765	1941	2258	2122	1847	1511	428	462	457	465	516	539	557	542	605	538	494	
1255.85390622511	173	139	161	171	181	196	172	159	184	168	159	167	194	187	210	188	205	170	208	201	194	184	198	173	191	195	191	187	202	220	212	208	190	234	243	207	211	231	219	203	218	222	206	223	268	245	258	58	249	271	260	240	253	311	264	344	328	332	367	318	368	405	387	352	372	374	594	637	647	553	590	584	636	644	596	597	650	1695	1823	1902	1606	1485	1620	1712	2054	1738	1760	1887	23678	17809	22410	32767	13403	31837	28377	19084	27270	14049	32767	1547	1680	1920	2045	2123	1799	2026	2389	2115	1807	1570	447	458	459	535	552	608	544	550	560	562	494	
1257.55968747512	166	175	146	164	177	171	141	175	185	186	150	185	188	179	183	196	189	185	201	198	194	178	203	205	215	197	197	210	231	191	209	194	203	219	214	229	231	220	213	222	233	210	230	221	255	257	271	42	265	254	266	245	307	293	266	320	327	375	357	372	350	386	379	353	383	351	600	634	638	572	593	599	599	616	662	595	653	1683	1704	1921	1614	1506	1680	1734	2028	1782	1829	1887	23751	17750	22835	32767	13214	32097	28289	18917	27158	14111	32767	1524	1795	1871	2041	2103	1820	2035	2402	2138	1848	1512	442	451	455	505	523	543	528	618	581	534	511	
1259.26562497511	178	181	155	167	176	174	170	195	159	138	170	189	159	180	184	185	179	162	204	195	182	210	194	219	213	194	187	201	192	215	229	193	191	227	217	233	195	234	226	230	229	214	233	212	267	252	292	62	279	281	278	276	261	291	263	338	335	338	350	349	344	359	371	364	342	348	599	595	627	614	598	607	671	661	611	608	661	1751	1814	1945	1641	1478	1671	1776	2104	1737	1760	1991	24079	17994	22979	32767	13754	32444	28738	18871	27535	14311	32767	1555	1844	1886	2067	2063	1777	1982	2422	2283	1896	1569	457	468	467	492	542	595	579	568	580	545	521	
1260.97117185011	185	200	169	180	169	178	181	156	167	181	179	186	192	178	205	197	179	189	182	207	204	180	216	200	199	199	184	196	199	190	221	191	231	233	221	254	246	233	273	205	230	226	229	216	277	279	258	59	239	251	296	266	267	279	268	359	355	332	361	377	391	372	376	373	397	361	615	607	630	596	569	633	653	635	639	629	664	1761	1807	1923	1675	1478	1710	1769	2047	1775	1890	1960	23901	17927	22924	32767	13515	32364	29115	18997	27802	14374	32767	1601	1757	1874	2054	2191	1789	1907	2303	2174	1920	1515	428	455	494	522	518	542	594	584	555	585	529	
1262.67609372511	170	188	169	174	192	161	183	175	173	165	155	191	169	193	194	166	198	170	181	184	188	190	213	191	217	189	203	205	219	214	191	198	204	214	229	227	209	224	217	241	228	223	242	240	274	254	248	50	268	252	256	273	236	280	279	353	335	347	314	336	367	372	393	371	382	398	608	608	646	526	660	649	635	650	631	647	649	1762	1753	1879	1681	1503	1699	1828	2121	1680	1848	1913	24255	17971	23313	32767	13640	32604	29727	19086	27744	14288	32767	1545	1770	1912	2028	2036	1788	2016	2393	2188	1801	1591	458	459	494	507	569	589	551	571	572	565	510	
1264.38062497512	159	186	169	172	172	170	168	167	204	168	178	195	192	176	174	183	176	175	181	198	191	206	218	225	202	191	233	197	199	235	204	198	215	216	242	245	229	227	236	243	228	195	241	194	262	287	280	53	261	265	270	289	255	261	272	356	372	339	356	369	359	377	329	382	349	367	602	610	671	570	593	635	631	640	588	640	673	1743	1834	1964	1621	1570	1753	1733	2015	1741	1791	1927	23935	17674	23610	32767	13677	32758	29800	19239	27571	14176	32767	1574	1845	1891	2048	2150	1785	2021	2356	2236	1845	1573	460	474	506	519	564	609	588	603	577	552	505	
1266.08382810011	175	196	171	167	195	203	178	185	179	175	179	176	193	202	201	201	219	189	203	209	173	196	198	201	190	229	200	213	181	222	177	190	200	232	221	255	244	214	242	220	238	267	232	229	266	278	277	55	262	260	314	284	268	305	284	390	332	378	379	340	370	395	409	353	347	383	624	614	647	562	613	620	634	628	639	627	667	1804	1858	1951	1618	1529	1781	1785	2068	1753	1823	1945	24663	17964	23482	32767	13826	32767	29588	18985	27843	14233	32767	1635	1821	1950	2041	2147	1833	1956	2374	2158	1860	1609	465	423	540	535	553	609	575	621	588	566	530	
1267.78726560011	144	152	173	173	181	186	156	177	170	141	182	196	189	210	194	181	183	186	199	183	187	188	216	218	197	208	197	200	209	221	193	191	223	242	215	233	237	215	235	237	217	209	203	233	234	250	285	57	260	269	269	260	286	260	277	391	359	375	366	313	381	358	372	333	372	383	611	624	657	581	626	636	645	640	613	659	636	1833	1816	1986	1677	1595	1725	1755	2093	1721	1867	1968	24516	17971	23657	32767	13799	32748	29546	19354	27996	14145	32767	1659	1811	1977	2073	2127	1819	2046	2377	2193	1866	1617	457	463	493	548	562	564	615	590	545	537	520	
1269.49023435011	157	171	178	173	180	179	187	185	159	182	185	198	204	200	192	188	206	199	201	173	189	193	214	216	226	226	201	199	218	204	208	213	194	261	229	233	249	210	231	237	237	222	236	235	298	285	270	57	281	275	284	265	314	258	251	347	378	328	373	364	408	377	379	360	366	396	606	564	627	608	604	623	685	637	651	634	635	1829	1802	1917	1675	1570	1795	1788	2085	1711	1844	1974	24329	17945	23436	32767	13882	32767	29894	19474	28686	14578	32767	1641	1795	1952	2113	2140	1882	1958	2350	2236	1930	1630	441	457	507	570	595	605	595	587	558	534	537	
1271.19195310011	172	172	191	171	197	204	181	174	201	166	184	178	223	198	194	205	207	197	187	214	193	214	244	229	210	217	201	192	198	207	211	228	199	243	227	253	201	212	228	235	249	200	239	215	270	266	288	55	264	281	275	286	261	289	258	366	387	371	386	388	378	414	378	389	388	385	614	644	612	599	595	611	635	642	674	657	655	1800	1891	1991	1654	1558	1759	1740	2020	1690	1824	2000	24571	18219	23832	32767	14095	32767	30386	19601	28568	14682	32767	1593	1812	1992	1992	2129	1915	1942	2300	2261	1920	1587	481	469	461	554	622	608	637	616	535	609	563	
1272.89390622511	175	175	175	197	195	156	176	181	178	161	176	180	200	169	203	202	182	189	195	194	199	193	213	213	197	231	207	262	245	232	198	217	214	247	226	234	244	229	237	259	241	256	240	253	270	285	293	45	265	283	305	288	279	263	288	339	371	378	388	359	353	385	374	382	374	392	637	648	655	601	636	602	655	657	623	662	678	1885	1786	2070	1638	1548	1818	1829	2049	1747	1994	1990	24230	18045	23913	32767	14027	32767	30395	19950	28652	14456	32767	1597	1855	1843	2056	2134	1893	2036	2470	2350	1929	1597	459	514	534	549	558	611	587	592	638	527	508	
1274.59460935011	189	186	186	191	183	201	208	171	189	183	183	197	204	195	213	219	215	207	201	215	208	199	197	231	219	188	208	191	224	214	206	228	230	223	229	227	236	227	244	230	225	258	257	262	297	271	281	45	277	259	284	281	294	316	278	343	389	368	406	363	393	409	362	381	387	374	596	643	650	601	591	637	682	686	675	619	632	1851	1882	1985	1652	1534	1873	1848	2086	1794	1871	2004	24472	18023	24239	32767	13899	32767	30683	19890	29034	14571	32767	1677	1874	1924	2130	2168	1944	2050	2340	2224	2015	1656	476	476	505	570	566	620	607	589	607	562	547	
1276.29554685011	180	195	225	204	203	184	173	188	175	166	186	199	197	186	233	229	214	194	204	223	198	206	213	217	206	229	227	196	224	208	216	214	243	237	239	236	256	231	248	252	262	243	235	238	277	283	260	49	293	306	279	278	329	312	287	358	353	346	378	387	396	380	416	401	401	399	619	649	641	641	604	589	703	642	677	629	693	1830	1904	1971	1651	1516	1744	1843	2131	1778	1934	2003	24448	18197	24322	32767	14308	32767	30931	20407	29068	14559	32767	1663	1863	1915	2094	2150	1886	2074	2366	2241	1920	1635	470	484	482	540	561	609	631	635	566	601	548	
1277.99523435011	172	165	174	192	183	197	193	190	170	208	165	204	182	237	192	247	224	209	221	200	222	202	220	214	212	225	205	237	247	225	232	227	237	234	229	208	244	245	236	236	239	244	250	257	297	264	283	53	267	279	288	309	279	243	281	375	357	369	377	375	361	399	419	385	377	362	637	640	611	598	656	674	692	639	649	671	675	1817	1943	1957	1754	1542	1786	1800	2200	1714	1869	1963	24388	18256	24164	32767	14269	32767	31494	20498	29293	14250	32767	1634	1889	1952	2130	2121	1845	2009	2443	2286	1927	1565	475	475	521	544	569	606	602	595	594	552	535	
1279.69515622511	218	175	179	183	197	183	194	189	176	187	183	199	171	188	207	223	176	199	215	233	217	207	198	237	238	218	234	215	204	233	226	215	214	241	267	248	231	257	247	235	246	251	270	235	285	290	266	52	306	309	291	307	292	278	274	400	388	377	375	359	382	390	388	416	392	399	615	650	676	584	631	628	640	661	691	637	666	1839	1879	1993	1759	1583	1772	1815	2070	1804	1825	2021	24562	18356	24481	32767	14217	32767	30954	20318	29051	14685	32767	1616	1838	1999	2082	2203	1849	1999	2376	2216	1923	1638	441	471	480	488	585	635	603	602	600	553	565	
1281.39382810012	183	225	211	192	199	189	189	161	194	187	193	172	231	194	205	167	216	212	223	204	164	189	200	187	227	238	221	223	215	236	192	210	206	242	248	231	259	250	287	246	232	280	236	246	310	259	266	56	310	282	286	318	302	309	302	386	339	373	397	376	374	386	407	416	413	371	651	653	649	550	586	644	650	707	677	712	716	1775	1900	1906	1578	1677	1741	1868	2127	1783	1861	2003	24702	18576	24743	32767	14025	32767	31178	20252	28844	14279	32767	1599	1819	1942	2025	2086	1893	2109	2370	2230	1934	1604	480	484	501	553	563	599	597	582	629	562	534	
1283.09273435011	175	196	193	175	194	181	198	186	199	192	195	199	182	197	224	206	205	210	229	192	209	203	243	215	241	238	221	219	224	225	210	219	219	238	260	240	269	243	254	275	259	275	245	278	290	292	263	44	294	323	291	296	296	283	278	353	346	394	394	351	414	391	367	394	375	367	586	662	659	641	621	654	642	687	636	697	690	1838	1861	1982	1699	1573	1713	1801	2063	1742	1873	2005	24411	18313	24649	32767	14389	32767	30957	20403	29283	14329	32767	1642	1852	2002	2085	2159	1896	2072	2370	2204	1939	1602	432	467	486	466	559	615	598	574	571	597	504	
1284.79046872511	191	205	163	175	186	198	207	220	159	163	224	230	203	195	183	212	213	212	214	217	217	196	217	218	243	201	231	238	223	239	226	235	241	234	255	261	224	245	263	210	254	247	262	264	300	309	283	56	308	301	301	312	297	279	282	369	382	375	393	369	388	393	436	381	397	389	665	636	651	608	678	628	697	695	650	641	672	1795	1843	1958	1658	1528	1731	1827	1954	1771	1855	1883	24790	18391	24188	32767	14230	32767	31104	20140	28969	14482	32767	1647	1857	1911	1999	2242	1930	1983	2477	2245	1915	1690	461	490	449	545	569	637	587	569	597	568	550	
1286.48835935011	206	192	197	198	218	186	202	216	191	210	191	217	219	196	245	221	208	194	190	230	199	207	218	214	219	239	229	201	234	239	211	209	224	277	259	254	254	282	270	263	284	267	260	264	309	306	281	70	275	286	290	329	321	286	310	374	387	421	374	382	417	418	391	405	399	348	653	629	609	614	631	683	673	653	642	672	667	1892	1811	1954	1682	1479	1708	1742	2021	1803	1876	1900	24488	18235	24796	32767	14135	32767	30778	19994	28591	14338	32767	1659	1811	1993	1997	2145	1913	2004	2383	2285	1990	1641	459	487	506	510	555	631	607	607	609	568	540	
1288.18499997511	190	194	187	199	193	197	183	214	201	220	162	219	191	232	236	240	194	213	204	213	199	205	228	224	223	232	229	242	245	239	228	233	217	254	234	253	273	238	270	287	226	258	274	270	272	284	314	40	322	297	328	302	273	285	319	331	355	390	361	374	363	421	414	438	358	377	599	652	623	622	653	625	663	656	653	641	671	1879	1829	2011	1593	1505	1762	1781	1983	1695	1888	1913	24208	18148	24407	32767	14368	32767	30441	19722	28477	14373	32767	1577	1830	1902	1971	2140	1877	2062	2393	2243	1911	1605	437	511	451	485	561	592	563	561	569	540	516	
1289.88195310011	216	238	199	192	187	201	199	220	189	197	210	214	199	226	200	202	232	209	196	218	219	240	221	247	235	224	248	239	236	247	240	229	226	267	243	273	244	217	244	278	277	271	264	286	301	286	304	56	270	279	299	325	316	320	289	342	373	375	399	405	403	412	393	388	433	432	593	617	668	624	629	668	681	690	646	674	700	1779	1729	1995	1623	1513	1702	1891	1983	1672	1818	1903	24041	17673	23999	32767	14157	32767	30244	19762	28696	14250	32767	1623	1858	1947	2134	2175	1859	1980	2355	2213	1993	1609	431	452	462	550	558	646	550	618	586	567	522	
1291.57757810011	201	183	239	190	203	208	208	201	208	185	193	223	227	211	230	236	246	210	213	231	242	232	229	210	225	247	235	233	215	247	244	220	225	246	250	244	257	268	263	245	275	279	226	244	337	285	303	63	259	323	287	312	309	290	306	364	381	353	393	362	378	410	382	408	410	406	656	619	687	663	631	685	664	670	669	667	653	1821	1800	1893	1610	1518	1820	1838	2041	1672	1837	1885	23760	17687	23880	32767	13791	32767	30347	19516	28433	14105	32767	1591	1809	1861	2063	2204	1771	2056	2354	2215	1921	1530	441	450	502	509	533	633	638	609	604	540	473	
1293.27281247511	187	200	202	202	200	205	205	220	179	208	186	207	217	252	222	239	226	207	236	217	200	233	234	219	237	234	214	235	230	241	259	247	255	235	273	268	267	254	276	252	264	256	260	264	298	277	302	51	315	292	295	276	303	303	327	383	391	418	390	379	407	416	390	399	378	415	602	623	668	605	616	656	702	678	693	675	669	1811	1776	1850	1530	1510	1736	1812	1974	1676	1798	1906	24017	17679	23741	32767	14009	32767	30140	18955	28107	14166	32767	1585	1836	1969	2077	2169	1825	1943	2286	2214	1920	1573	440	457	462	490	553	629	579	611	580	564	505	
1294.96742185011	222	199	203	214	208	214	217	197	185	194	204	231	221	222	221	238	218	218	194	235	210	213	230	257	238	244	225	237	229	243	244	217	228	295	268	270	276	261	275	263	256	259	257	258	318	323	284	59	307	299	303	334	311	337	290	384	393	400	366	359	422	425	374	356	416	403	606	646	620	600	624	653	645	698	649	689	725	1752	1776	1898	1542	1533	1769	1794	1996	1728	1798	1893	23756	17532	23820	32767	13990	32767	29929	18825	27457	14003	32767	1535	1745	1897	2041	2144	1824	1988	2280	2245	1922	1597	425	439	478	513	548	657	548	666	592	551	538	
1296.66234372511	216	212	203	221	237	238	225	201	225	199	213	237	239	240	242	222	229	211	249	226	265	206	240	246	203	261	264	230	242	232	260	233	227	277	244	233	250	259	292	258	262	297	255	257	301	298	297	51	283	330	315	300	323	349	319	386	370	377	359	349	377	389	412	408	425	406	640	640	656	580	629	634	636	685	636	651	692	1802	1713	1834	1594	1485	1707	1800	1965	1688	1813	1850	23578	17437	23832	32767	13712	32767	29791	18573	28029	14055	32767	1580	1784	1842	1956	2151	1849	1980	2388	2103	1841	1557	463	443	466	499	523	590	601	619	610	566	483	
1298.35601560011	191	237	175	233	212	199	224	207	197	221	193	246	226	251	237	252	237	219	228	209	219	205	252	257	259	260	246	237	236	239	236	242	224	273	266	250	266	259	249	259	272	279	284	299	297	302	292	47	277	330	279	297	327	325	311	409	371	369	412	388	418	419	406	417	397	417	611	662	600	634	622	703	650	669	633	686	719	1732	1714	1876	1577	1446	1760	1754	1993	1695	1801	1806	23763	17373	23122	32767	13871	32767	30156	18854	27859	14234	32767	1606	1649	1818	1976	2112	1799	1973	2389	2178	1944	1520	413	472	499	503	533	601	565	599	564	519	456	
1300.04914060011	225	219	200	217	202	213	197	185	213	233	252	222	243	231	267	245	227	267	231	233	224	266	232	249	237	250	246	240	242	241	236	253	255	247	302	268	293	257	278	253	262	256	255	260	327	300	303	54	285	329	305	310	310	314	297	409	403	381	382	381	395	411	389	387	398	446	614	637	638	587	674	678	651	668	656	606	674	1731	1728	1854	1523	1458	1667	1736	1982	1596	1780	1868	23666	17309	23380	32767	13762	32767	30054	18762	27618	14022	32767	1495	1692	1816	2066	2115	1903	1973	2396	2161	1831	1608	459	452	468	478	546	634	559	573	605	542	537	
1301.74179685011	226	215	233	222	213	219	198	204	219	201	203	244	242	229	236	244	230	224	224	235	229	238	243	233	262	243	261	267	267	281	269	242	269	259	260	252	266	287	270	276	246	287	284	278	343	308	314	54	297	296	346	323	324	316	285	370	422	410	402	379	391	423	412	397	419	433	608	648	655	594	633	659	639	676	649	641	656	1736	1730	1831	1585	1437	1630	1670	2008	1693	1781	1860	23844	17294	23505	32767	13743	32767	29659	18637	27364	14003	32767	1556	1732	1807	1947	2110	1860	1903	2317	2201	1891	1522	451	447	459	528	543	597	562	619	592	544	506	
1303.43476560011	177	236	191	245	236	242	238	237	232	231	208	262	236	209	251	245	241	229	227	223	215	256	264	246	260	251	264	233	228	244	225	250	253	274	274	253	271	243	258	294	261	280	264	318	303	312	328	44	312	311	328	308	311	315	343	386	378	395	397	374	407	439	403	408	447	393	630	633	627	617	625	661	670	662	612	668	671	1709	1788	1897	1549	1474	1637	1718	1970	1620	1735	1769	23611	17359	23455	32767	13435	32767	29614	18415	27172	13841	32767	1513	1681	1864	2061	2112	1812	2046	2358	2239	1861	1519	448	432	461	522	569	650	549	567	553	565	519	
1305.12640622512	197	223	218	237	204	237	242	191	205	172	209	261	249	245	257	271	243	262	244	217	231	240	273	242	248	252	231	220	270	236	272	249	262	301	274	309	245	304	261	277	291	279	290	289	333	316	318	47	310	311	287	328	320	332	290	389	374	412	379	361	425	401	402	406	391	432	615	650	689	594	597	652	655	695	659	662	707	1687	1740	1926	1557	1364	1693	1739	1910	1647	1752	1888	23505	17106	23104	32767	13715	32767	29479	18335	27175	14007	32767	1582	1770	1827	2039	2129	1822	1993	2328	2131	1797	1539	447	459	502	480	555	635	557	599	620	553	517	
1306.81757810011	211	236	240	213	235	227	234	224	229	247	213	256	291	238	284	250	244	233	259	233	264	249	254	242	251	279	240	254	249	266	253	291	257	274	274	299	279	274	306	290	287	284	273	291	308	317	300	60	321	356	314	325	344	310	324	384	389	378	404	402	399	397	436	431	399	418	633	636	631	670	655	659	675	688	657	645	689	1604	1724	1802	1558	1468	1649	1719	1972	1734	1816	1865	23417	16977	23130	32767	13690	32767	29307	17900	26832	13717	32767	1523	1738	1796	1959	2131	1798	1998	2286	2163	1921	1450	428	451	492	525	530	561	567	566	575	560	533	
1308.50820310011	212	231	221	241	226	213	252	224	227	247	190	214	249	243	256	260	240	246	231	217	242	262	272	248	271	242	242	268	251	256	281	251	287	271	295	282	297	269	266	274	298	270	270	318	337	341	316	48	351	304	309	317	349	306	333	395	366	433	391	389	427	431	428	399	428	434	603	636	622	650	636	660	656	662	677	653	655	1696	1642	1814	1545	1410	1642	1721	1990	1692	1767	1828	23402	16906	22885	32767	13557	32767	28891	18075	26805	13794	32767	1518	1735	1787	1982	2147	1798	1876	2334	2143	1882	1497	454	454	455	503	542	599	528	547	598	531	499	
1310.19835935011	237	223	237	227	230	244	255	229	241	241	237	231	246	240	266	270	263	271	246	258	250	252	266	267	275	235	253	269	285	261	257	271	286	291	311	296	299	289	290	273	295	270	277	322	305	332	326	49	344	329	314	322	315	321	346	408	420	393	423	422	427	404	405	407	391	462	607	676	639	644	599	681	675	690	657	677	678	1737	1753	1816	1481	1450	1685	1801	1911	1702	1748	1817	23086	16960	23245	32767	13321	32325	29025	18265	26531	13462	32767	1493	1690	1801	1950	2195	1763	1867	2395	2202	1856	1486	471	422	457	509	543	606	571	559	565	558	518	
1311.88796872512	233	215	229	253	248	244	236	249	222	200	228	239	256	241	242	245	272	218	259	257	248	256	249	271	269	263	264	252	280	265	275	264	237	289	259	310	276	289	290	278	269	320	284	306	346	335	328	45	344	337	340	325	372	326	332	406	373	409	422	426	432	431	412	436	431	401	645	698	680	627	657	629	687	723	659	655	669	1676	1739	1785	1493	1430	1634	1666	2022	1730	1787	1799	23108	16985	22677	32767	13387	32624	28913	17873	26778	13480	32767	1500	1684	1798	2000	2066	1745	1906	2334	2122	1837	1461	433	443	495	461	514	614	545	545	582	587	507	
1313.57718747511	221	236	231	239	245	234	212	255	215	257	247	262	259	263	252	251	261	257	278	228	250	264	298	242	256	261	268	281	271	258	255	292	293	291	307	297	303	297	304	281	275	277	299	295	336	317	326	55	341	332	334	344	297	286	310	410	382	369	409	413	431	449	442	412	423	414	639	606	630	630	673	642	703	690	664	695	678	1700	1675	1744	1513	1404	1610	1689	2003	1733	1750	1808	22968	16635	22699	32767	13253	32140	28921	17993	26421	13513	32767	1446	1675	1776	1985	2099	1840	1924	2322	2181	1819	1494	424	457	464	477	538	605	572	570	542	531	494	
1315.26578122511	237	243	205	223	227	269	216	233	261	245	243	264	234	263	241	309	266	254	270	243	273	229	284	258	270	276	265	268	282	278	271	266	252	276	314	302	286	295	281	301	299	296	303	281	339	334	339	66	316	330	344	347	310	349	358	418	447	405	406	400	439	433	397	424	416	448	613	662	604	610	649	685	694	713	680	648	643	1689	1687	1809	1531	1448	1611	1669	2041	1669	1725	1792	22841	16323	22772	32767	13039	32077	28681	17785	26129	13301	32767	1501	1689	1766	2026	2099	1683	1877	2331	2159	1799	1390	431	456	481	481	533	575	523	565	600	542	472	
1316.95390622511	229	264	242	261	256	232	245	244	229	264	274	253	253	263	263	267	283	285	261	280	265	246	261	281	280	286	293	250	315	288	280	271	295	315	300	291	313	321	297	298	331	302	302	327	306	323	336	54	315	338	351	369	333	342	334	420	430	396	440	407	424	483	450	389	412	439	580	660	626	608	639	645	731	711	667	643	651	1680	1615	1755	1505	1447	1606	1684	2023	1698	1669	1836	22915	16054	22410	32767	13068	31744	28339	17274	26163	13046	32767	1452	1646	1727	1946	2141	1803	1922	2252	2089	1727	1469	452	447	478	475	521	585	559	630	554	583	474	
1318.64171872512	259	232	237	241	230	232	236	228	232	234	257	272	272	262	253	252	249	255	306	265	281	247	315	248	248	278	265	291	284	313	292	305	297	320	297	304	301	267	304	322	301	252	315	327	297	321	329	35	390	345	344	332	348	320	357	410	383	413	441	418	434	471	440	424	429	426	629	659	665	636	653	676	660	695	667	689	676	1668	1657	1764	1497	1413	1603	1674	1945	1666	1689	1822	22484	16094	22341	32767	12948	31621	28321	17471	25793	13172	32767	1473	1552	1747	1875	2139	1657	1891	2381	2106	1839	1493	421	452	454	465	483	559	594	568	563	541	479	
1320.32890622511	268	267	229	257	287	229	248	236	212	257	274	261	263	291	259	262	275	268	273	271	293	269	283	301	296	286	285	274	295	261	325	277	287	286	302	304	288	289	304	321	322	330	310	316	372	347	343	52	357	345	357	365	345	354	362	394	413	396	396	401	397	425	426	428	417	429	651	618	614	608	625	699	701	691	655	656	672	1741	1615	1716	1501	1425	1658	1673	1936	1655	1717	1770	22585	16321	22278	32767	12942	31744	28065	17028	26030	13135	32767	1493	1647	1733	1928	2080	1696	1829	2217	2089	1804	1504	450	409	473	544	563	589	522	547	551	546	489	
1322.01546872511	247	234	249	258	249	250	267	226	262	282	248	246	247	263	265	308	293	288	281	257	259	251	292	272	300	293	268	310	297	279	290	298	258	294	285	308	263	269	343	298	281	316	298	298	344	343	328	59	350	337	357	338	336	344	358	403	425	409	426	429	459	468	472	444	455	460	640	645	621	604	671	672	713	675	732	725	680	1730	1649	1711	1485	1308	1630	1705	1988	1600	1684	1830	22324	16056	22144	32767	12718	31645	27990	17205	25791	12923	32767	1429	1575	1721	1950	2099	1784	1809	2241	2053	1766	1507	400	435	432	489	491	568	525	558	558	530	545	
1323.70171872511	242	253	250	243	241	288	234	265	248	246	263	271	266	247	271	267	270	248	258	262	304	283	302	281	289	268	301	293	284	256	292	279	293	305	302	294	296	291	311	313	310	290	330	302	330	333	333	46	361	359	384	332	391	349	343	427	436	420	432	417	425	431	441	415	438	395	594	664	641	630	679	650	711	678	655	601	679	1589	1653	1769	1475	1319	1599	1744	1942	1645	1704	1744	22142	15821	22203	32767	12639	31454	28305	16908	25769	13183	32767	1412	1589	1663	1888	2015	1715	1877	2320	2027	1813	1419	406	434	479	469	534	553	537	570	572	502	469	
1325.38734372511	256	257	254	275	258	270	250	253	232	240	239	245	257	273	240	263	293	279	244	313	293	253	270	297	307	278	291	305	309	313	311	308	292	295	312	346	349	283	306	297	316	302	299	309	357	359	341	48	339	343	401	371	324	328	341	426	450	389	401	429	437	428	445	437	453	440	617	673	623	656	650	644	710	726	657	684	658	1660	1668	1807	1444	1377	1568	1705	1924	1586	1628	1741	22037	16116	22543	32767	12747	31455	28135	16829	25417	12912	32767	1443	1613	1725	1917	2066	1683	1811	2249	1987	1750	1412	456	435	462	478	533	570	545	556	555	485	505	
1327.07171872511	242	247	260	288	252	267	241	270	239	242	234	280	285	300	266	269	257	289	280	266	288	272	280	306	277	298	290	285	295	300	318	283	278	333	308	313	307	292	291	301	312	305	315	335	375	343	365	57	353	366	394	358	385	387	324	416	409	416	418	429	441	473	438	454	429	435	657	658	644	624	665	615	681	721	675	655	691	1683	1655	1813	1473	1356	1551	1664	1974	1607	1685	1732	22199	16113	22479	32767	12819	31208	27803	16466	25407	12828	32767	1411	1603	1752	1846	2093	1709	1867	2141	1981	1708	1462	414	471	454	501	499	578	560	532	578	513	498	
1328.75640622511	266	258	227	277	278	286	242	254	268	243	258	280	274	297	286	268	285	281	278	252	309	271	317	272	272	312	284	277	296	269	290	301	299	308	302	295	298	304	351	332	326	304	330	367	350	327	378	58	351	370	335	352	345	342	361	433	425	435	435	432	459	440	435	471	433	400	655	639	643	640	647	670	685	701	695	670	660	1702	1635	1723	1371	1409	1444	1635	1846	1613	1672	1758	22327	15983	22200	32767	12471	31028	27505	16306	25317	12755	32767	1509	1583	1688	1936	2084	1708	1784	2144	1987	1719	1420	442	427	438	488	494	633	556	533	552	536	473	
1330.44062497512	272	261	266	256	283	291	291	274	260	251	292	306	295	298	267	288	289	313	275	280	268	287	332	307	309	280	311	321	319	307	281	295	311	315	348	334	313	344	345	325	330	360	309	335	360	332	403	58	360	322	364	368	367	339	351	452	416	399	413	403	429	438	466	437	480	439	672	672	664	561	657	691	672	703	668	671	713	1724	1706	1756	1512	1373	1503	1641	1775	1653	1698	1729	22118	16176	22136	32767	12419	30595	27566	16217	25133	12625	32767	1432	1608	1659	1949	2027	1697	1843	2135	1928	1623	1393	427	427	441	484	523	603	531	523	570	517	506	
1332.12437497511	244	270	274	274	284	251	308	246	254	247	247	296	285	259	285	311	302	269	322	277	259	290	306	294	289	308	321	305	315	275	307	333	305	379	320	349	303	289	315	303	333	342	321	332	382	328	381	40	344	346	377	383	340	351	354	457	456	417	454	415	470	458	457	463	424	467	639	626	666	621	631	676	679	691	681	665	699	1749	1681	1702	1423	1371	1490	1592	1854	1572	1717	1703	21823	15808	21662	32767	12019	30236	26888	15977	24745	12673	32767	1413	1580	1773	1860	2064	1673	1864	2121	2012	1640	1368	415	434	451	488	483	575	553	498	536	521	446	
1333.80749997511	272	257	277	246	272	261	265	308	280	282	275	278	260	287	303	268	299	278	309	264	262	268	309	301	323	305	293	303	300	296	269	297	322	310	327	324	351	320	318	385	311	352	312	339	375	357	365	57	370	399	388	380	391	379	374	429	445	431	432	466	497	444	466	452	473	459	655	625	633	664	632	695	678	727	635	657	700	1746	1653	1661	1422	1365	1488	1639	1821	1618	1664	1705	21702	15492	21573	32767	12266	30164	26828	16097	24736	12710	32767	1457	1558	1663	1831	2162	1639	1824	2117	1954	1682	1398	436	415	482	469	492	588	530	516	534	528	474	
1335.48953122512	295	283	270	267	263	262	275	271	263	287	287	281	330	285	321	280	282	297	296	295	309	304	301	298	317	312	315	331	309	294	297	337	303	318	325	314	336	318	323	334	367	352	353	313	373	350	345	69	377	399	372	373	358	381	345	426	452	450	422	432	428	495	452	433	455	442	635	616	666	616	601	638	717	726	615	706	659	1756	1673	1702	1409	1339	1508	1566	1768	1578	1620	1728	21753	15520	21413	32767	12206	30083	26870	15672	24500	12445	32767	1442	1564	1735	1876	2097	1666	1856	2118	1958	1696	1424	395	406	430	481	533	603	529	539	549	493	474	
1337.17171872511	253	294	267	244	281	275	250	259	274	251	251	285	314	302	318	284	288	276	299	313	285	293	312	336	305	306	337	319	338	293	314	313	293	306	322	343	319	335	324	328	313	328	355	318	376	384	377	48	365	371	350	365	408	357	385	451	483	445	447	445	472	469	480	442	445	448	636	675	625	592	683	692	707	662	678	687	669	1699	1670	1672	1477	1363	1526	1610	1817	1589	1719	1728	21590	15498	21274	32767	12173	29646	26982	15850	24405	12545	32767	1343	1586	1732	1871	2117	1694	1792	2100	1893	1655	1403	440	439	447	470	525	608	525	564	569	499	510	
1338.85328122512	292	261	278	259	249	264	263	312	263	302	287	313	309	277	301	282	305	246	318	312	304	315	288	315	335	307	314	318	289	343	313	321	338	339	342	354	330	301	328	346	322	314	306	333	373	364	354	52	347	389	371	386	371	366	375	450	462	443	482	445	487	421	468	423	470	451	690	654	665	649	620	646	636	715	683	637	717	1712	1693	1653	1451	1366	1545	1649	1846	1608	1654	1679	21660	15355	21111	32767	12031	29709	26858	15815	24011	12573	32767	1430	1586	1721	1889	2109	1616	1812	2153	1985	1669	1406	409	439	437	469	542	542	542	559	555	498	470	
1340.53374997511	294	256	289	287	262	328	272	260	288	325	296	303	288	295	282	264	331	312	313	297	304	278	300	294	309	298	296	313	324	307	331	315	304	330	355	345	329	333	367	342	326	351	336	349	394	366	365	52	365	386	391	405	363	397	374	479	464	459	442	434	451	463	447	458	451	455	668	674	651	613	640	675	671	744	685	633	674	1675	1581	1701	1464	1361	1510	1619	1869	1611	1641	1781	21541	15337	21183	32767	12174	29430	26531	16071	24021	12694	32767	1445	1635	1694	1920	2058	1676	1902	2129	1942	1617	1374	441	426	451	479	502	615	549	579	576	546	504	
1342.21453122511	237	254	272	279	295	283	277	236	293	271	282	319	311	312	272	331	298	310	306	313	274	346	304	331	308	322	323	303	340	333	354	336	333	369	336	359	324	325	328	338	311	363	349	357	369	377	401	57	388	383	373	390	398	384	427	491	424	424	449	419	457	487	467	441	419	507	663	650	656	636	656	653	677	702	696	704	692	1685	1674	1675	1408	1413	1562	1642	1907	1683	1725	1809	21391	15343	20964	32767	12140	29716	26891	15909	24174	12297	32767	1369	1552	1633	1919	2180	1753	1804	2145	1960	1643	1399	398	469	417	479	501	585	523	552	533	533	507	
1343.89468747511	243	291	283	276	304	278	293	309	294	313	308	283	300	321	325	288	316	311	299	344	322	313	279	313	325	314	331	354	325	339	333	329	340	313	353	331	345	377	386	313	316	347	329	333	368	398	382	46	395	393	377	388	402	382	390	444	468	473	423	449	438	444	467	472	446	468	676	669	691	638	672	647	729	717	712	703	658	1763	1705	1726	1436	1346	1446	1661	1897	1663	1662	1829	21225	15255	21214	32767	11966	29663	26822	15902	24148	12759	32767	1503	1625	1725	1960	2154	1629	1837	2186	1992	1656	1408	450	442	445	489	491	571	573	558	526	508	470	
1345.57374997511	285	296	269	271	286	248	307	287	289	286	275	341	309	345	307	300	324	321	289	295	306	282	306	308	358	296	342	310	337	313	338	303	336	358	336	362	325	377	352	376	354	353	381	337	365	376	398	57	389	394	391	406	388	387	401	460	436	475	458	449	444	447	437	446	468	493	656	697	669	632	633	681	701	716	697	665	730	1775	1671	1793	1488	1459	1516	1633	1872	1669	1737	1756	21182	15423	21066	32767	12033	29253	26950	15991	24011	12595	32767	1425	1619	1650	1926	2062	1708	1851	2089	2051	1745	1369	458	435	474	485	500	592	539	557	534	474	462	
1347.25296872512	261	232	287	302	289	295	277	290	286	257	326	304	298	321	287	314	322	291	325	305	296	323	290	356	345	354	319	313	338	328	323	326	328	349	355	316	368	336	379	308	329	379	367	350	401	390	373	57	376	399	371	438	396	369	385	456	450	475	458	447	504	532	482	484	470	464	643	641	697	666	701	658	713	684	747	691	691	1731	1668	1733	1435	1450	1567	1667	1946	1653	1732	1880	21470	15301	21161	32767	12241	29665	26237	16006	23933	12682	32767	1443	1553	1701	1907	2136	1588	1828	2119	1971	1672	1433	421	453	447	509	520	577	509	572	507	537	453	
1348.93093747511	271	300	314	314	264	273	288	275	300	314	309	308	313	324	334	303	314	322	335	329	318	343	322	330	328	351	317	333	333	338	344	327	339	341	319	362	363	326	353	358	364	359	372	365	400	386	395	45	412	401	401	369	379	395	389	446	456	444	488	455	470	484	489	487	482	471	707	661	698	668	735	730	722	711	645	710	683	1749	1724	1649	1525	1418	1596	1673	1937	1682	1765	1782	21434	15545	21162	32767	12041	29198	26559	15725	23906	12702	32767	1452	1585	1814	1985	2054	1673	1798	2148	1901	1636	1420	395	441	484	463	545	564	486	554	535	518	489	
1350.60921872511	280	297	275	310	297	320	271	268	304	269	288	323	312	331	308	313	351	319	301	306	320	310	345	331	340	337	323	369	362	316	341	323	337	306	402	356	369	372	342	330	350	321	353	338	364	410	353	48	355	395	402	417	396	387	375	461	510	499	464	437	437	492	459	471	499	487	677	667	703	630	694	690	689	728	685	695	686	1715	1674	1725	1545	1448	1550	1698	2048	1737	1635	1770	21241	15623	21101	32767	11887	28910	26128	15737	23730	12575	32767	1434	1573	1786	1927	2079	1694	1866	2087	1909	1667	1424	438	447	473	478	533	572	565	550	556	543	481	
1352.28624997512	269	310	277	301	299	320	268	291	278	312	265	319	320	292	326	336	350	314	340	310	307	312	341	326	339	361	324	326	328	343	332	332	342	345	349	380	368	356	365	338	362	355	353	327	406	366	428	59	414	388	419	379	340	395	403	482	434	509	501	476	457	496	485	522	461	481	729	684	701	642	662	705	733	774	705	698	752	1677	1720	1684	1490	1394	1576	1663	2001	1736	1733	1757	21335	15629	21072	32767	11914	28665	26231	16095	23788	12603	32767	1442	1618	1765	1886	2077	1690	1806	2061	1992	1694	1406	467	426	481	490	504	550	551	545	537	544	471	
1353.96343747511	293	273	308	284	322	326	306	310	273	288	300	327	322	301	320	322	327	291	312	300	307	339	323	314	338	356	328	365	342	334	326	352	348	333	355	345	375	325	362	342	341	359	368	378	388	380	413	45	401	417	420	431	436	384	367	484	475	483	443	465	467	466	488	480	497	446	657	713	709	639	690	695	713	733	667	725	742	1686	1698	1779	1461	1409	1562	1683	1992	1752	1760	1824	21759	15558	21234	32767	11794	28263	26036	16018	23757	12393	32767	1513	1605	1835	1899	2063	1675	1866	2157	1907	1699	1449	399	478	479	488	505	543	517	572	531	516	527	
1355.63953122511	340	337	296	293	322	331	311	280	286	305	300	352	301	325	318	287	322	309	321	317	333	354	358	324	323	339	364	358	339	316	338	345	322	363	396	381	327	335	384	381	347	336	383	336	405	406	431	51	390	383	388	419	381	413	412	486	491	486	480	464	477	452	499	476	488	470	689	715	713	658	651	692	774	715	707	710	700	1776	1746	1707	1480	1390	1536	1670	2075	1784	1755	1738	21662	15689	21288	32767	11766	28322	25667	15987	23696	12672	32767	1471	1692	1860	1854	2143	1665	1797	2120	1988	1684	1483	437	448	467	529	550	568	548	506	549	519	514	
1357.31499997511	313	269	278	297	297	288	311	275	301	312	308	324	332	301	343	365	329	333	311	344	310	332	317	352	341	329	339	342	321	351	377	360	344	387	341	373	333	363	395	350	350	339	394	364	402	382	411	66	416	410	424	408	404	410	400	485	481	461	435	477	501	483	506	540	467	492	699	704	706	663	702	711	705	701	658	720	712	1766	1607	1803	1503	1484	1511	1652	2128	1775	1771	1774	21421	15504	20881	32767	11609	28066	25880	15951	23313	12447	32767	1514	1691	1771	1831	2041	1709	1774	2143	1965	1651	1433	438	435	502	517	498	538	507	529	539	536	460	
1358.99078122511	325	318	253	285	306	354	284	284	321	299	312	321	327	344	316	317	320	322	314	288	289	307	356	323	354	354	339	361	364	344	318	344	319	353	367	370	351	364	364	344	386	366	317	365	385	392	409	53	403	398	368	396	401	402	424	498	505	486	465	441	521	509	490	488	470	454	697	693	719	698	662	703	737	733	695	732	707	1763	1650	1757	1493	1474	1539	1747	2141	1913	1657	1833	21333	15568	20424	32767	11809	27829	25925	16057	23519	12458	32767	1497	1610	1754	1944	2030	1730	1855	2152	1980	1695	1571	425	466	487	477	523	586	527	555	570	524	507	
1360.66531247511	314	285	296	302	312	302	292	289	275	320	319	379	362	319	323	320	321	325	316	326	314	339	303	338	329	347	353	362	344	334	361	373	364	398	341	365	326	352	371	398	385	377	384	337	422	420	426	52	378	350	415	400	376	409	429	499	470	495	490	458	478	464	506	479	489	511	714	653	741	686	706	716	719	753	727	777	741	1667	1727	1773	1447	1362	1513	1637	2000	1838	1770	1748	21428	15491	20780	32767	11632	28050	25554	15932	23314	12588	32767	1474	1693	1763	1936	2062	1699	1776	2197	1979	1728	1423	414	412	466	484	545	558	569	556	563	538	457	
1362.33937497512	312	281	285	308	333	300	311	302	299	299	311	359	344	341	309	336	344	318	347	316	330	325	342	327	335	339	329	328	329	354	324	332	360	385	356	350	363	356	381	354	390	350	351	361	408	395	386	58	434	404	441	413	400	413	459	486	494	502	460	443	514	512	518	478	532	493	664	665	691	698	674	737	702	759	684	738	666	1692	1676	1701	1426	1404	1559	1649	2124	1808	1790	1836	21190	15673	20645	32767	11359	27899	25389	16017	23651	12713	32767	1479	1617	1752	1928	2083	1707	1867	2252	2002	1736	1458	455	435	512	505	521	568	576	572	544	525	501	
1364.01359372511	307	294	281	315	334	316	291	286	322	291	309	302	333	344	324	327	344	306	357	336	339	358	351	327	320	343	333	334	335	328	322	341	337	388	394	333	394	382	383	379	378	402	380	389	437	414	395	50	402	399	406	423	431	412	415	488	482	471	463	481	503	509	500	498	513	516	723	671	691	729	690	716	690	699	697	736	719	1729	1669	1736	1467	1440	1564	1692	2054	1858	1782	1804	21375	15551	20699	32767	11517	27318	25589	16019	23280	12818	32767	1475	1687	1701	1977	2059	1657	1845	2144	1965	1720	1496	415	488	461	472	500	556	543	560	546	545	477	
1365.68671872512	312	300	326	283	323	316	285	300	301	318	283	333	331	336	325	340	352	330	315	324	321	379	360	353	329	350	357	329	331	342	346	356	322	374	364	347	343	379	369	372	369	383	384	374	387	378	396	46	396	407	413	410	400	422	410	482	498	473	490	456	495	495	493	480	524	482	767	691	701	643	691	683	697	766	694	702	679	1773	1669	1835	1450	1408	1518	1705	2052	1874	1790	1837	21123	15652	20644	32767	11318	27190	25517	15959	23582	12663	32767	1543	1598	1789	1872	1995	1603	1878	2200	2041	1717	1423	476	488	464	517	530	530	511	504	588	481	521	
1367.35921872511	289	294	289	312	323	317	304	332	323	333	304	340	310	364	341	342	329	312	340	347	320	324	328	366	348	338	328	337	360	311	321	357	354	355	361	369	343	367	383	378	365	353	365	387	409	412	396	53	429	421	425	394	418	420	411	484	494	440	436	515	516	485	503	479	476	490	659	691	694	689	682	684	705	768	736	702	719	1722	1669	1773	1521	1377	1589	1661	1995	1812	1817	1862	21091	15378	20423	32767	11350	27173	25375	16050	23253	13010	32767	1509	1652	1747	1959	2055	1679	1918	2191	2018	1730	1474	456	425	478	494	556	555	562	540	553	512	485	
1369.03203122512	288	288	278	302	314	285	306	292	305	309	316	365	279	322	330	308	323	322	326	347	319	349	352	351	335	361	343	396	361	391	346	362	380	385	369	357	376	367	390	361	335	391	372	362	431	417	367	50	403	434	396	392	437	445	423	470	448	444	458	477	510	501	495	547	508	514	685	707	680	691	649	688	735	785	751	714	735	1755	1654	1727	1479	1416	1522	1742	2040	1919	1805	1781	21253	15483	20489	32767	11464	27186	25309	16128	23368	12952	32767	1495	1638	1691	1848	1988	1718	1833	2154	1983	1701	1524	440	457	480	500	497	566	533	537	633	513	496	
1370.70359372511	290	285	306	330	282	308	303	331	296	307	291	321	334	311	297	333	308	333	339	331	316	325	339	372	371	361	325	368	338	361	331	330	338	367	357	388	350	384	338	383	393	404	370	356	437	405	398	69	391	455	441	432	415	451	386	451	444	445	434	466	489	504	511	503	520	519	698	749	741	651	675	690	701	744	710	735	751	1695	1716	1698	1540	1484	1564	1673	2013	1817	1850	1766	20821	15678	20695	32767	11408	26771	25071	16428	23465	13004	32767	1569	1599	1735	1955	1997	1666	1869	2114	2098	1748	1489	444	455	441	497	550	564	571	560	587	533	524	
1372.37468747511	333	302	274	299	297	319	285	285	321	302	346	313	310	333	313	323	352	333	319	328	336	340	335	328	342	355	359	382	319	327	342	377	355	361	339	323	416	387	355	400	366	405	362	350	425	404	414	57	399	424	439	417	409	442	408	480	484	447	455	506	505	499	520	506	531	480	696	691	721	690	703	773	795	729	713	758	776	1717	1684	1767	1522	1458	1628	1685	2059	1854	1787	1864	20931	15716	20356	32767	11478	27008	25006	16523	23593	13078	32767	1492	1579	1801	1931	2089	1712	1817	2285	2008	1676	1454	440	435	451	484	522	535	549	572	588	553	473	
1374.04531247511	302	338	289	333	319	279	315	314	315	324	280	322	323	324	336	329	361	328	357	329	284	317	355	359	371	384	350	391	343	323	338	337	330	377	374	393	417	400	391	391	409	351	384	360	370	409	389	43	367	420	436	404	437	416	410	483	490	471	481	448	485	491	493	498	491	496	725	717	667	660	747	709	721	788	759	736	719	1709	1637	1810	1516	1456	1506	1697	2057	1816	1832	1863	20927	15481	20322	32767	11433	26816	25009	16121	23210	12837	32767	1456	1592	1669	1945	2062	1703	1981	2215	2099	1715	1513	435	445	474	506	513	544	539	582	569	552	457	
1375.71546872511	314	296	304	328	298	310	323	295	301	304	304	335	363	330	332	351	313	355	310	365	317	342	361	349	345	370	354	333	317	351	378	344	358	412	359	374	391	393	387	389	379	399	373	371	402	395	392	37	389	360	468	432	388	438	437	486	409	470	481	497	531	480	541	480	504	531	688	680	713	650	721	717	790	735	721	736	753	1730	1724	1753	1523	1455	1634	1756	2046	1818	1778	1839	20744	15440	20359	32767	11386	26608	24890	16270	23246	13094	32767	1476	1615	1741	1957	2079	1680	1822	2202	1974	1776	1450	421	438	482	485	525	562	560	582	586	532	499	
1377.38515622511	338	319	297	315	329	309	313	306	298	306	329	324	358	318	324	316	329	338	330	338	323	322	348	357	361	359	342	347	369	373	338	337	326	394	376	401	366	374	391	373	369	395	380	375	392	420	432	42	395	437	403	451	406	419	434	453	476	467	491	480	468	508	508	504	514	468	701	720	705	651	716	700	747	781	759	793	777	1735	1696	1805	1535	1533	1651	1741	2074	1737	1755	1838	20944	15868	20651	32767	11426	26554	24437	16290	23044	13034	32767	1393	1510	1760	2000	2060	1745	1906	2163	1987	1749	1438	419	444	460	471	495	549	546	552	541	521	476	
1379.05421872511	316	326	292	328	311	312	309	329	301	307	321	323	337	341	338	332	348	335	341	323	330	311	342	321	340	369	330	366	351	369	350	366	356	352	389	365	341	311	394	372	393	386	381	383	395	390	416	54	436	419	401	385	432	442	417	473	470	479	489	479	462	496	493	517	481	480	732	709	701	679	648	721	729	745	717	713	735	1784	1791	1825	1588	1465	1567	1649	2085	1655	1752	1845	20971	15736	20402	32767	11397	26187	24352	16235	23308	12958	32767	1469	1582	1747	1937	1952	1689	1804	2173	1938	1748	1490	429	460	455	459	517	602	546	566	554	517	469	
1380.72296872511	358	305	305	297	308	326	303	292	309	308	306	357	319	329	305	351	322	379	345	327	326	311	326	336	352	336	344	362	354	337	352	394	352	376	397	360	359	392	368	382	360	360	370	374	379	444	417	48	458	400	393	491	426	404	443	487	492	496	477	498	502	468	512	476	496	525	668	685	711	656	727	713	774	718	726	722	765	1726	1768	1834	1528	1403	1621	1729	2083	1755	1772	1817	21207	16043	20457	32767	11180	26139	24039	16030	22712	12959	32767	1504	1628	1709	1839	2081	1647	1819	2178	2025	1752	1400	462	442	457	466	522	571	575	525	513	512	484	
1382.39171872512	303	319	314	306	328	305	341	313	294	313	316	324	300	324	322	338	354	327	359	318	361	340	364	363	359	377	324	347	364	346	356	338	336	339	374	375	393	382	378	421	357	366	354	388	425	424	405	48	414	414	395	434	433	399	399	497	471	474	479	512	507	572	471	469	531	493	699	720	763	750	736	744	773	757	706	758	713	1744	1731	1796	1456	1480	1577	1770	2028	1699	1711	1794	21161	15708	20107	32767	11094	25751	24005	15916	22767	12863	32767	1517	1656	1801	1929	1932	1700	1827	2169	1961	1651	1431	450	452	472	456	484	565	576	503	549	544	486	
1384.05937497512	324	297	308	293	305	309	326	323	273	278	303	380	320	368	356	311	325	334	327	320	356	343	369	369	347	365	338	354	320	334	368	377	332	375	380	347	375	358	390	378	349	395	362	407	387	443	394	49	391	418	420	388	405	427	389	494	476	520	457	431	500	479	524	509	493	502	730	710	723	688	704	747	780	731	688	676	732	1715	1719	1789	1494	1488	1600	1647	2110	1719	1788	1759	21006	15869	20054	32767	11110	25469	23713	15927	22604	12864	32767	1466	1590	1814	1805	1987	1653	1811	2132	1877	1748	1501	454	479	473	505	504	548	537	529	549	509	459	
1385.72656247511	324	314	296	296	323	313	313	307	270	319	301	358	358	321	317	278	338	340	359	327	354	328	333	359	316	369	355	341	379	373	360	332	350	380	368	395	359	386	367	384	403	361	380	392	435	420	401	58	407	430	399	428	398	436	412	491	467	510	475	494	496	516	484	510	485	463	700	717	745	672	657	659	766	733	695	722	730	1730	1775	1807	1483	1432	1533	1722	2016	1625	1773	1786	21006	15935	19862	32767	10998	25332	23778	16049	22409	12679	32767	1462	1585	1703	1859	1959	1638	1815	2183	1949	1723	1436	455	490	461	486	558	576	537	579	555	519	523	
1387.39265622511	313	312	316	304	295	297	317	293	312	329	305	336	355	326	354	336	346	369	305	350	318	335	359	341	345	375	342	333	365	355	296	342	348	372	402	376	361	408	363	398	396	374	379	372	404	433	376	71	424	419	401	402	397	438	404	479	498	516	516	527	496	489	485	475	501	525	686	682	698	656	720	713	727	779	732	735	683	1671	1692	1726	1463	1520	1545	1694	1940	1650	1803	1820	21103	15764	19957	32767	10816	25062	23313	16067	22795	12514	32767	1465	1539	1736	1865	2013	1655	1877	2074	1958	1690	1458	439	428	460	491	489	554	532	534	532	492	472	
1389.05874997511	311	295	297	301	301	280	295	317	301	291	278	332	331	360	311	328	349	308	329	340	306	330	338	358	348	349	312	347	328	358	348	372	381	387	379	362	371	377	397	372	389	395	361	393	430	390	400	43	419	416	391	430	435	428	424	475	465	478	477	458	507	490	507	492	488	523	680	692	683	665	709	736	721	711	678	704	729	1702	1667	1763	1415	1455	1561	1705	1975	1621	1704	1776	20709	15663	19995	32767	10723	24901	23338	15611	22450	12786	32767	1496	1653	1650	1809	1886	1658	1850	2154	1925	1762	1415	446	443	464	475	515	580	538	531	507	538	477	
1390.72453122511	332	287	300	308	297	300	324	318	317	299	337	338	305	315	333	331	325	346	335	355	358	320	347	368	370	376	352	359	331	353	348	344	333	361	357	346	330	350	348	372	386	407	365	409	433	441	463	50	430	409	405	368	412	406	403	480	464	473	474	498	485	487	515	475	529	507	710	678	724	710	667	657	716	756	748	693	745	1623	1667	1739	1487	1501	1525	1677	1964	1684	1716	1843	20741	15881	20141	32767	10716	25173	23435	15911	22805	12634	32767	1464	1552	1757	1840	2025	1645	1862	2154	1939	1715	1484	482	436	455	473	521	533	536	556	538	517	475	
1392.38968747512	331	304	329	290	298	291	310	270	326	308	266	310	354	348	324	332	349	328	353	341	348	342	316	329	323	363	388	341	325	385	339	355	362	360	379	389	356	337	375	354	343	365	352	361	384	393	414	47	393	405	416	432	399	418	434	469	477	448	453	435	522	454	515	488	530	533	695	696	716	646	675	642	694	745	716	749	745	1744	1629	1750	1479	1412	1478	1679	1901	1646	1760	1813	20923	15836	19707	32767	10640	24789	23458	16222	22508	12552	32767	1505	1574	1741	1782	1911	1695	1943	2125	1993	1743	1455	466	410	459	485	530	569	581	516	549	549	509	
1394.05437497511	298	273	277	265	281	331	320	276	305	328	302	317	353	335	329	310	316	316	337	357	319	333	361	320	361	352	344	341	335	364	319	368	364	330	377	373	363	361	376	391	345	371	370	368	395	372	378	45	413	428	395	437	404	394	403	482	415	505	477	467	473	495	556	526	467	528	687	714	690	728	661	666	706	754	712	742	741	1644	1580	1702	1506	1391	1498	1732	1971	1632	1781	1806	20698	15835	19864	32767	10791	24771	23211	16005	22757	12784	32767	1481	1595	1689	1872	1998	1653	1838	2138	2042	1721	1428	452	451	424	479	547	579	539	540	565	543	475	
1395.71874997511	314	333	287	274	304	302	300	320	306	343	314	325	300	331	313	275	342	334	303	361	318	357	349	334	339	356	342	340	363	357	330	335	349	415	376	379	370	374	383	374	358	368	445	319	386	384	421	51	416	408	438	390	403	443	406	477	444	496	456	506	486	526	496	494	481	497	690	699	711	703	663	692	747	797	682	694	754	1712	1645	1783	1519	1466	1580	1707	1924	1718	1773	1783	20741	15846	19857	32767	10797	25118	23446	16457	22764	12945	32767	1401	1622	1736	1855	1961	1689	1875	2066	2084	1721	1517	450	434	447	512	487	576	539	580	556	499	499	
1397.38249997511	290	328	315	269	297	292	308	309	289	288	306	329	350	330	324	331	306	333	354	296	338	329	341	345	324	352	369	377	361	331	356	352	329	365	362	406	354	322	359	379	351	391	360	356	424	393	415	69	396	399	457	404	391	432	405	457	508	467	451	494	493	531	486	488	502	485	722	749	782	669	695	695	699	789	723	774	722	1640	1610	1737	1503	1501	1583	1644	2009	1734	1805	1832	20695	15917	20290	32767	10700	24657	23416	16443	22882	12895	32767	1493	1654	1711	1837	1960	1701	1825	2135	2074	1751	1549	438	410	525	497	537	583	529	527	568	530	528	
1399.04578122512	287	280	312	306	330	280	327	311	291	331	303	310	305	339	337	323	345	322	342	344	316	336	361	317	345	351	338	346	361	381	334	373	350	392	356	360	357	391	370	351	377	392	367	378	406	398	444	50	381	403	452	406	401	422	411	504	461	489	476	513	486	481	530	509	514	485	678	688	709	732	695	753	704	792	751	724	767	1685	1613	1735	1501	1415	1555	1744	1979	1675	1773	1843	20896	16228	19981	32767	10838	24940	23383	16367	22843	13233	32767	1517	1574	1824	1937	2099	1728	1868	2201	2101	1823	1490	405	432	417	508	559	564	549	604	526	512	499	
1400.70781247511	323	315	297	284	301	287	307	289	305	282	325	325	343	321	301	322	327	358	333	320	346	318	359	367	337	319	356	341	360	332	376	346	338	359	365	367	364	386	359	356	368	377	384	327	434	424	405	57	363	414	435	427	395	425	384	498	485	491	453	485	488	513	515	467	516	457	704	693	716	664	658	724	764	764	736	738	742	1677	1718	1804	1576	1456	1600	1683	1897	1655	1775	1811	20703	16174	19900	32767	10864	24613	23279	16319	22584	12947	32767	1518	1609	1785	2017	2045	1694	1839	2146	1984	1748	1446	432	427	457	485	519	560	558	529	559	506	512	
1402.36999997511	301	337	274	341	329	312	273	316	299	310	303	337	354	351	345	351	317	339	319	357	319	312	332	380	358	377	337	336	359	392	363	362	357	387	382	369	398	369	382	393	354	354	398	379	380	404	407	47	374	409	420	381	413	431	415	472	514	489	469	513	473	495	495	498	485	465	697	729	697	686	711	702	710	754	726	732	748	1637	1703	1775	1564	1397	1494	1650	1941	1766	1735	1705	20930	16174	19971	32767	10965	24682	23241	16335	22459	12841	32767	1512	1670	1775	1838	2075	1674	1850	2131	2037	1704	1464	492	444	488	502	512	552	585	542	557	521	496	
1404.03187497511	278	320	304	276	334	303	295	333	280	315	308	328	314	336	336	318	321	312	350	334	310	320	330	337	348	338	344	380	348	326	345	359	313	397	380	374	392	381	374	370	326	374	369	379	385	368	391	56	431	391	383	398	360	386	443	476	441	491	490	453	504	501	519	472	494	494	677	729	706	689	691	714	719	702	717	700	732	1683	1625	1779	1564	1426	1452	1645	1889	1646	1741	1776	20728	16170	20057	32767	10783	24227	22824	16491	21990	12772	32767	1503	1557	1707	1873	2056	1634	1811	2196	1985	1654	1454	429	403	496	434	506	567	543	526	568	491	492	
1405.69249997511	307	271	278	289	286	349	331	311	317	267	314	336	305	339	320	324	320	307	359	332	335	309	332	345	347	315	322	335	330	332	346	315	344	369	363	393	362	376	359	332	361	356	372	361	406	392	431	55	387	416	436	393	378	436	365	443	473	499	448	485	527	487	511	516	489	507	720	685	713	696	713	675	721	682	694	717	749	1656	1690	1749	1558	1369	1414	1645	1858	1648	1718	1760	21128	16246	19970	32767	10722	24067	22952	16471	21911	12579	32767	1413	1617	1740	1846	1995	1617	1749	2118	1912	1599	1475	436	438	444	481	534	529	517	526	503	501	492	
1407.35328122511	297	297	307	300	307	288	278	285	299	297	329	311	317	337	296	349	368	344	345	304	329	331	330	358	343	371	326	296	314	336	348	342	349	363	369	374	349	367	328	356	366	386	367	380	418	392	375	65	388	413	407	409	402	401	400	454	466	471	456	486	476	497	463	500	492	488	729	714	685	677	687	674	704	707	688	678	721	1748	1629	1711	1487	1393	1507	1669	1892	1591	1657	1696	20952	16068	20006	32767	10663	23649	22254	16616	21665	12721	32767	1434	1619	1739	1916	1951	1671	1753	2125	1862	1675	1470	461	454	462	466	485	533	525	501	529	547	419	
1409.01359372511	269	276	303	280	306	325	271	305	283	296	287	330	303	319	329	322	327	324	315	335	328	314	371	317	346	327	316	359	338	346	329	329	318	360	352	362	338	350	346	347	344	331	368	380	410	404	430	49	377	393	381	391	417	418	420	452	487	460	505	447	455	478	464	481	469	451	686	751	699	624	688	670	732	682	672	665	690	1692	1760	1736	1543	1435	1448	1687	1829	1631	1666	1713	21024	15885	19852	32767	10425	23536	22126	16377	21942	12633	32767	1453	1540	1736	1760	1909	1618	1791	2142	1936	1653	1413	434	447	462	492	483	565	508	539	536	513	479	
1410.67281247511	319	287	265	304	301	328	268	303	317	313	310	322	310	298	332	342	314	322	313	311	341	287	321	343	317	333	331	328	336	342	333	366	324	374	380	367	340	340	360	391	375	368	348	364	384	364	399	46	416	386	383	395	393	379	376	466	473	467	473	453	481	497	467	502	463	493	707	677	658	619	626	673	703	697	672	673	688	1705	1696	1622	1425	1332	1487	1635	1796	1643	1710	1784	21014	15976	19753	32767	10359	23354	22237	16329	21561	12756	32767	1449	1613	1696	1928	1965	1615	1646	2163	1983	1678	1366	390	406	468	429	499	551	539	526	505	483	483	
1412.33218747511	271	284	302	306	287	292	304	293	308	299	305	295	309	306	288	345	301	318	305	310	304	318	336	374	364	327	329	341	349	346	335	345	339	368	363	387	383	357	351	351	349	356	344	334	370	409	398	43	393	390	409	423	412	395	419	482	448	439	448	423	463	456	482	464	474	481	672	678	741	654	643	626	671	716	684	708	740	1649	1651	1692	1404	1318	1415	1552	1800	1579	1563	1695	20925	16273	19803	32767	10532	23460	22035	16424	21568	12868	32767	1439	1557	1672	1846	2023	1618	1759	2167	1856	1665	1453	425	460	476	461	499	541	562	493	488	526	470	
1413.99109372512	277	275	283	315	292	282	320	284	302	297	308	340	340	316	306	295	319	312	303	316	295	350	361	343	305	300	341	349	330	298	328	363	323	363	346	341	345	366	323	397	334	387	353	391	359	392	404	48	380	366	369	368	391	416	392	461	470	438	464	422	467	475	483	493	456	462	680	715	661	677	661	705	674	713	672	677	696	1616	1638	1650	1433	1342	1501	1592	1769	1566	1654	1756	21098	16051	19695	32767	10267	23088	21761	16637	21706	12827	32767	1464	1542	1693	1795	1898	1590	1723	2147	1980	1719	1365	423	448	455	454	489	533	529	554	518	528	440	
1415.64874997511	289	283	271	304	288	300	303	309	271	290	307	311	328	317	328	339	334	291	328	316	316	329	376	320	343	337	307	326	341	315	335	325	322	346	379	353	378	375	309	353	342	349	340	362	383	417	369	51	416	381	368	397	390	398	381	448	440	479	447	460	467	477	457	473	491	474	690	665	667	657	666	671	669	734	669	689	658	1646	1647	1678	1442	1350	1445	1564	1816	1539	1652	1731	20966	16079	19698	32767	10258	23073	21860	16534	21783	12907	32767	1522	1637	1720	1855	1935	1633	1758	2122	1961	1675	1427	426	435	457	431	521	558	538	550	501	555	475	
1417.30671872511	287	286	287	312	296	288	308	310	310	309	283	337	334	304	333	310	301	317	329	315	284	340	325	299	319	357	333	311	375	353	331	329	309	349	350	373	356	365	363	359	336	326	352	333	367	356	378	55	364	382	390	408	402	418	390	480	458	462	443	418	431	480	461	488	446	469	668	702	624	696	679	732	671	753	681	712	695	1654	1685	1735	1397	1323	1503	1564	1802	1559	1688	1694	20458	15915	19743	32767	10294	22702	21596	16449	21857	12935	32767	1381	1589	1629	1931	1980	1629	1726	2211	1881	1639	1421	411	421	471	476	503	521	525	536	516	517	498	
1418.96343747511	303	251	278	283	265	304	313	317	307	298	287	321	307	316	333	300	310	318	341	302	300	327	338	319	367	332	329	355	361	339	353	379	357	352	333	365	351	322	335	360	371	356	380	357	399	385	387	39	388	386	391	407	403	403	354	437	453	448	445	450	483	501	463	440	482	487	611	691	619	658	624	661	688	702	687	663	719	1723	1606	1672	1410	1313	1473	1594	1788	1498	1608	1675	20457	15933	19557	32767	10487	22915	21497	16817	21851	13129	32767	1423	1619	1632	1830	1870	1583	1758	2149	1962	1615	1425	410	426	446	444	491	533	533	545	536	456	448	
1420.62031247512	289	327	291	268	266	297	283	268	267	264	287	331	325	313	310	292	353	307	295	310	309	330	329	353	350	342	332	345	338	343	312	327	329	361	344	360	387	372	339	337	364	349	356	396	377	405	395	50	365	409	394	405	384	385	383	449	452	460	436	402	449	442	479	487	468	500	690	629	678	654	685	640	726	689	706	708	686	1647	1637	1664	1374	1347	1487	1589	1751	1572	1607	1730	20265	15968	19477	32767	10208	22530	21460	16642	21901	12988	32767	1353	1592	1649	1810	1931	1607	1751	2100	1950	1692	1436	438	410	479	435	490	559	495	522	524	498	492	
1422.27609372511	302	278	273	307	291	290	273	286	310	298	287	330	297	330	304	317	329	291	335	318	322	344	329	337	347	324	331	302	361	329	341	328	300	350	384	337	356	355	349	356	344	355	349	325	379	387	397	73	411	371	389	408	399	383	404	472	461	431	479	442	459	470	476	474	468	475	667	688	674	637	673	661	675	708	636	705	739	1696	1618	1640	1431	1269	1534	1611	1849	1625	1674	1755	20439	15909	19547	32767	10171	22757	21488	16746	21811	13195	32767	1394	1592	1641	1892	1927	1615	1683	2195	1974	1688	1460	401	407	473	472	525	593	546	527	526	517	463	
1423.93124997511	317	280	306	274	290	278	288	287	276	282	302	287	289	345	311	318	315	304	317	303	300	306	336	332	339	334	326	351	348	332	351	322	359	360	384	354	347	377	389	337	346	333	354	337	372	411	377	40	387	394	402	431	385	385	365	458	448	494	457	434	464	461	492	458	473	507	671	669	659	638	672	693	686	725	668	691	681	1620	1576	1639	1339	1305	1456	1615	1770	1550	1590	1753	20502	15828	19795	32767	10201	22615	21723	16802	21887	13095	32767	1481	1592	1693	1847	1949	1665	1737	2244	1993	1626	1386	349	468	474	501	486	572	543	576	526	498	476	
1425.58687497511	287	310	296	302	297	299	305	306	298	269	289	309	307	325	300	310	309	303	297	346	301	309	319	366	322	333	332	327	348	325	337	311	354	360	367	385	365	372	341	332	355	339	334	356	385	395	409	50	397	393	390	379	431	411	432	460	457	438	420	485	481	474	472	468	424	493	697	671	649	647	672	693	680	694	647	703	706	1620	1561	1696	1398	1343	1501	1570	1767	1570	1583	1755	20333	15896	19516	32767	10116	22513	21703	17171	22014	13218	32767	1391	1602	1650	1898	1950	1561	1731	2196	1903	1729	1506	428	415	466	451	534	541	549	535	584	520	447	
1427.24109372512	303	262	276	302	285	309	272	280	310	343	267	309	343	335	261	303	326	294	316	351	296	332	337	304	313	316	351	342	328	321	326	331	333	393	354	357	325	359	356	364	356	351	333	366	380	346	382	50	371	377	401	349	370	400	401	434	452	442	463	473	467	464	483	442	479	481	658	638	701	654	641	741	682	690	671	679	708	1635	1558	1761	1397	1292	1506	1637	1720	1635	1677	1747	20407	15881	19330	32767	10357	22440	21499	16861	21994	13189	32767	1413	1581	1625	1860	1964	1577	1763	2315	1907	1710	1421	410	417	457	505	520	583	556	520	575	553	481	
1428.89562497511	293	296	283	289	313	317	300	289	300	310	278	292	312	297	324	308	304	304	327	288	314	317	330	314	329	338	271	353	339	301	351	304	307	318	319	348	370	359	344	362	337	341	344	366	402	371	377	42	414	411	365	400	435	385	391	434	478	408	446	465	491	442	467	490	492	450	656	677	674	643	688	703	683	685	664	686	723	1629	1606	1715	1412	1312	1496	1640	1738	1661	1605	1764	20106	15744	19454	32767	10341	22588	21698	17108	21747	12967	32767	1447	1637	1668	1844	1946	1681	1718	2175	1932	1700	1477	385	421	398	485	483	567	533	550	519	530	471	
1430.54890622511	285	281	272	263	277	284	295	313	269	314	288	304	285	324	263	306	327	296	308	323	276	321	316	328	320	332	325	309	326	336	346	359	303	355	342	320	343	367	367	328	356	321	366	352	411	349	364	59	419	390	366	356	365	378	406	422	448	460	430	435	442	456	455	431	456	401	647	632	667	606	625	663	688	721	651	646	730	1622	1562	1692	1406	1311	1472	1636	1785	1515	1648	1653	20318	15880	19471	32767	10316	22446	21849	17003	21924	12979	32767	1382	1593	1709	1837	2018	1629	1722	2226	1968	1637	1412	437	413	442	476	531	597	492	490	534	544	423	
1432.20187497512	310	275	309	279	294	290	278	292	274	275	284	318	324	326	289	322	305	300	327	322	300	311	337	308	316	345	325	305	299	311	324	331	320	369	325	376	347	324	357	329	363	354	344	323	400	390	381	53	408	386	385	361	371	405	383	436	473	458	433	415	459	447	446	478	467	482	672	647	709	571	662	677	669	709	662	701	679	1638	1658	1657	1411	1308	1501	1601	1746	1541	1575	1743	20440	15894	19635	32767	10266	22347	21436	16710	21776	12893	32767	1448	1633	1646	1901	2038	1686	1705	2158	1892	1657	1390	385	456	431	465	525	570	548	510	512	520	434	
1433.85421872512	279	281	306	312	283	292	266	284	284	265	289	291	288	297	306	302	323	289	306	303	289	280	343	310	345	330	331	316	338	307	317	345	326	365	340	351	353	325	300	348	355	329	303	380	381	368	398	48	370	345	358	383	413	374	335	457	470	437	451	445	421	439	434	428	462	447	651	629	640	636	628	706	613	656	675	659	693	1609	1616	1708	1387	1288	1445	1544	1776	1549	1632	1703	20725	16442	19899	32767	10363	22023	21371	16836	21686	12901	32767	1464	1650	1723	1926	2015	1623	1779	2264	1861	1603	1409	435	439	455	420	527	533	531	504	537	514	445	
1435.50671872512	324	280	259	287	301	275	283	301	265	287	280	289	308	311	323	326	303	320	322	323	332	324	325	296	345	321	313	352	309	314	334	334	299	302	371	358	341	339	342	349	338	351	328	331	379	397	395	51	379	365	346	388	375	375	373	486	477	456	447	454	433	482	482	436	444	469	649	601	646	641	642	685	660	713	642	664	702	1607	1624	1756	1448	1353	1456	1567	1680	1569	1649	1757	20542	16322	19820	32767	10198	22204	21357	16962	21513	12902	32767	1457	1622	1717	1854	2060	1608	1681	2206	1838	1639	1471	410	429	438	473	502	548	521	573	517	509	491	
1437.15812497511	280	287	273	268	273	285	283	271	311	287	268	311	329	308	321	311	293	319	300	313	297	315	304	311	313	309	303	316	331	337	306	312	310	367	348	359	332	344	343	376	364	325	334	354	416	351	379	57	368	336	337	379	409	386	370	416	449	467	455	439	443	453	505	432	442	452	704	670	627	631	687	618	674	695	675	685	657	1610	1609	1721	1420	1342	1488	1616	1704	1539	1638	1809	20367	16225	20035	32767	10388	22006	21386	17090	21827	13003	32767	1437	1622	1753	1918	2050	1681	1776	2245	1879	1667	1417	405	406	472	485	543	578	532	552	536	483	502	
1438.80906247511	252	257	272	304	273	260	295	270	273	290	240	283	289	291	330	328	286	269	292	283	306	269	334	308	285	318	291	312	314	306	328	322	337	343	336	339	302	327	314	333	314	332	352	335	378	364	353	53	373	362	356	393	414	376	415	444	469	451	416	397	448	455	460	456	470	449	697	659	655	625	655	719	678	709	588	673	685	1639	1601	1709	1418	1366	1408	1569	1805	1590	1667	1674	20562	16363	19964	32767	10210	21493	21295	16958	21725	13091	32767	1448	1645	1714	1892	2092	1633	1779	2105	1965	1617	1501	420	432	420	506	512	532	519	509	543	538	455	
1440.45953122511	273	251	297	257	275	286	292	291	290	252	262	315	317	286	286	289	293	296	285	333	310	279	314	315	332	340	303	325	313	329	313	310	318	319	348	358	348	345	322	352	328	319	349	352	359	394	366	47	397	374	354	368	339	393	339	457	444	439	397	469	448	428	461	440	450	455	629	663	635	639	614	621	679	670	645	639	687	1662	1611	1704	1426	1337	1521	1596	1767	1567	1720	1663	20454	16218	19870	32767	10316	21935	21291	17123	21760	13286	32767	1416	1621	1722	1882	1976	1687	1776	2195	1900	1685	1370	411	415	457	445	520	562	576	540	553	572	493	
1442.10937497511	252	287	281	296	256	299	252	279	286	252	266	291	290	294	301	278	292	292	318	297	332	293	295	324	286	297	286	319	310	328	304	358	313	333	318	315	309	333	364	346	353	341	336	343	386	392	351	66	380	383	372	363	388	349	367	430	430	413	418	441	437	409	420	492	455	472	664	641	655	620	677	677	670	653	713	676	720	1542	1601	1726	1404	1334	1418	1608	1779	1557	1674	1741	20375	16355	19617	32767	10097	21791	21293	17087	21772	13058	32767	1446	1631	1729	1880	1994	1714	1811	2103	1871	1624	1455	401	399	413	470	488	531	560	557	557	468	494	
1443.75968747512	266	287	278	239	285	295	258	270	288	278	258	306	306	294	312	312	302	318	310	301	293	307	319	295	295	286	317	341	325	343	306	307	329	318	338	344	346	348	351	335	307	302	339	310	342	356	327	45	377	377	368	342	361	336	364	428	424	429	396	429	454	492	441	442	453	461	622	647	662	633	604	667	692	689	614	697	717	1617	1602	1617	1447	1340	1420	1624	1765	1584	1655	1706	20377	16171	19633	32767	10150	21882	21360	17096	21925	13184	32767	1389	1703	1775	1909	2019	1688	1731	2156	1959	1653	1361	408	417	418	472	518	552	539	571	559	529	480	
1445.40859372511	269	262	265	272	268	274	285	279	279	287	297	294	296	296	288	282	271	315	298	321	317	319	318	317	311	310	303	331	333	330	335	300	357	317	359	337	339	320	356	357	355	351	358	325	339	396	353	61	391	370	380	398	369	402	360	450	464	447	394	409	465	443	443	413	425	462	622	600	627	587	649	672	711	708	699	671	705	1520	1554	1670	1380	1351	1392	1598	1825	1592	1668	1628	20199	16311	19579	32767	10190	21803	21391	17476	22011	13375	32767	1410	1599	1711	1936	2101	1721	1792	2105	2005	1662	1401	407	423	463	491	516	557	554	539	602	485	482	
1447.05703122511	280	300	288	308	312	262	262	282	327	275	258	273	291	294	302	269	289	309	259	311	281	292	334	302	313	329	339	322	320	315	318	328	336	314	339	338	336	342	323	339	335	345	328	307	389	396	383	50	342	369	366	383	371	372	384	458	448	446	403	445	468	455	469	449	483	466	610	661	640	615	610	649	667	653	670	641	699	1528	1570	1711	1495	1279	1484	1562	1804	1582	1700	1662	20387	16333	19960	32767	10291	21921	21742	17424	21887	13257	32767	1417	1637	1773	1812	2074	1751	1807	2197	2012	1667	1469	392	387	476	501	502	576	552	562	585	489	460	
1448.70515622511	255	264	279	261	267	280	293	273	263	279	271	260	273	302	304	325	282	302	283	285	301	295	316	338	327	295	305	343	311	336	310	308	308	322	299	331	367	344	321	347	339	328	347	344	380	363	369	56	398	368	376	362	380	379	363	375	414	445	437	395	426	411	432	470	440	491	595	650	654	640	690	668	665	641	646	652	662	1563	1620	1702	1399	1291	1369	1569	1795	1590	1701	1707	20603	16451	19827	32767	10360	22161	21434	17711	21607	13165	32767	1415	1614	1669	1949	2189	1725	1886	2198	1942	1661	1480	402	424	449	472	542	509	542	563	563	518	483	
1450.35265622512	299	256	295	258	308	262	267	256	293	265	267	275	288	289	268	291	318	281	306	319	300	305	285	310	282	313	323	318	309	318	313	323	309	333	307	349	357	299	330	325	337	315	341	333	370	360	352	51	404	346	383	375	353	354	370	463	390	419	399	437	397	436	425	426	482	456	642	625	665	641	621	673	685	709	669	699	717	1599	1563	1780	1457	1319	1412	1606	1742	1521	1600	1668	20715	16519	20143	32767	10267	21827	21450	17482	22177	13243	32767	1345	1612	1779	1959	2147	1696	1906	2125	1980	1680	1419	374	397	420	476	533	585	543	511	564	540	467	
1451.99968747511	281	284	273	281	297	286	277	283	271	294	261	276	289	324	281	326	279	291	288	309	288	290	326	282	310	314	340	307	321	306	315	305	282	348	312	306	327	322	324	358	324	325	338	336	354	364	389	65	377	351	374	375	383	376	366	439	434	466	423	402	426	492	447	422	453	436	619	630	666	592	664	649	647	694	588	651	682	1581	1506	1821	1437	1306	1462	1561	1757	1563	1717	1676	20699	16660	20045	32767	10461	21993	21621	17577	21839	13441	32767	1332	1618	1855	1899	2085	1741	1929	2159	1876	1632	1424	431	447	448	456	539	549	586	574	619	521	457	
1453.64624997511	285	280	261	268	248	239	245	283	280	282	255	314	282	305	264	258	273	272	308	276	326	291	281	302	336	308	319	326	314	301	314	304	302	322	319	326	312	329	322	314	326	288	337	336	354	397	367	48	372	373	369	370	373	344	377	421	427	437	413	441	438	438	490	448	449	457	595	614	628	651	599	638	655	730	645	685	616	1556	1492	1735	1448	1348	1457	1551	1689	1546	1628	1652	20889	16956	20206	32767	10517	21856	21267	17347	22113	13414	32767	1365	1614	1770	1963	2172	1790	1884	2128	1944	1602	1461	388	415	433	504	562	555	578	574	568	518	459	
1455.29234372511	294	268	269	274	286	262	259	287	277	266	271	304	315	296	269	287	294	321	267	327	288	309	336	303	330	301	310	313	305	302	298	319	337	336	339	333	328	331	307	315	345	307	360	315	370	332	365	53	368	368	355	374	399	351	379	434	449	394	431	422	420	486	458	440	476	450	669	624	675	585	629	629	668	665	631	639	633	1539	1562	1876	1480	1294	1451	1529	1759	1573	1693	1719	20872	16710	20304	32767	10492	22098	21190	17682	22138	13443	32767	1407	1650	1787	1924	2195	1761	1965	2123	1842	1732	1416	430	370	437	479	553	568	574	558	615	549	480	
1456.93796872511	283	303	253	263	261	257	264	255	279	268	284	315	281	276	312	267	293	285	286	231	295	291	304	290	318	326	353	309	309	319	327	311	285	343	345	327	341	356	354	278	310	320	345	318	377	367	347	48	353	366	385	376	387	379	373	395	416	426	438	452	419	463	482	442	446	422	634	644	675	647	658	657	651	723	652	710	734	1533	1598	1792	1414	1300	1408	1615	1820	1521	1693	1758	21202	17265	20635	32767	10381	21899	21440	17920	21838	13660	32767	1431	1540	1887	1972	2226	1761	1889	2105	1905	1653	1414	411	403	500	479	512	569	562	575	525	514	461	
1458.58312497511	248	274	276	282	261	293	231	273	263	262	251	287	253	303	312	285	304	292	279	296	279	282	297	322	313	303	295	313	331	327	318	303	308	308	328	331	329	341	305	326	334	341	313	318	366	381	352	41	355	366	387	367	345	375	351	408	423	427	431	427	459	427	421	475	466	457	624	657	685	605	615	639	682	730	635	635	673	1628	1512	1853	1436	1324	1398	1536	1801	1640	1613	1680	21029	17150	20370	32767	10570	22022	21099	17944	21975	13490	32767	1410	1594	1824	2028	2251	1730	1894	2106	1901	1595	1385	412	418	444	450	538	600	536	576	568	556	474	
1460.22703122511	260	297	264	277	287	288	288	262	281	274	304	326	314	285	300	299	302	257	286	286	288	298	346	303	313	323	344	297	310	301	311	311	333	339	336	328	341	351	324	311	345	351	349	323	383	321	371	48	359	357	349	373	372	377	358	438	388	443	416	403	466	392	432	426	414	496	649	630	655	640	594	675	643	646	639	596	651	1566	1587	1793	1465	1286	1368	1552	1827	1560	1684	1663	21078	17305	20747	32767	10489	21964	21285	18105	22173	13731	32767	1429	1652	1775	2008	2167	1668	1911	2115	1947	1612	1435	441	386	454	487	490	561	524	595	565	552	481	
1461.87124997511	259	264	251	264	297	259	270	274	290	275	258	253	336	293	298	282	312	286	270	309	305	288	289	333	263	280	328	294	300	287	292	314	298	328	337	302	292	327	351	327	312	333	309	320	363	361	326	54	351	368	370	368	324	326	361	423	437	385	438	444	469	446	448	427	457	476	623	614	666	586	569	630	624	637	623	656	693	1590	1634	1825	1415	1349	1481	1544	1768	1582	1645	1727	21234	17274	20561	32767	10275	22063	21405	18329	22750	13930	32767	1394	1679	1837	2055	2207	1699	1982	2178	2012	1678	1411	378	425	490	463	528	614	563	543	554	542	443	
1463.51499997511	245	270	272	261	261	313	270	287	245	273	251	309	261	289	299	279	267	271	287	284	285	284	294	293	305	258	330	305	305	299	280	311	322	326	300	330	321	315	327	334	340	333	321	338	357	348	389	38	333	402	344	348	354	370	341	401	441	441	421	439	434	431	414	423	414	461	686	655	651	624	606	700	659	622	701	645	648	1564	1510	1727	1388	1341	1447	1608	1832	1633	1681	1728	20864	17193	20787	32767	10586	22012	21227	18445	22576	13997	32767	1422	1754	1873	2041	2140	1777	1994	2219	1982	1641	1485	421	409	455	457	517	565	515	545	564	522	469	
1465.15828122511	258	269	274	258	270	272	232	255	243	212	284	271	318	296	293	290	292	276	253	306	297	309	274	284	317	312	332	313	300	330	295	323	298	310	319	300	301	332	358	276	337	354	329	319	345	356	396	45	335	349	345	373	383	349	363	475	432	413	414	383	426	399	472	431	440	483	645	640	646	624	606	622	667	661	629	691	674	1603	1654	1823	1443	1297	1426	1534	1796	1577	1641	1713	21408	17471	20817	32767	10467	21827	21315	18502	22621	13878	32767	1366	1683	1828	2075	2198	1748	1877	2176	2021	1726	1466	407	400	450	454	563	605	566	570	565	529	459	
1466.80093747511	310	254	241	253	252	282	249	293	250	261	273	289	281	285	288	301	265	285	272	271	289	280	304	298	294	271	297	320	298	306	301	301	294	320	329	334	323	307	355	314	315	300	315	323	349	389	328	62	327	377	371	334	369	346	412	472	396	440	401	407	445	478	452	429	448	439	597	683	658	635	609	580	614	685	626	704	655	1554	1630	1806	1480	1322	1421	1539	1799	1558	1568	1687	21238	17350	20796	32767	10450	21968	21125	18637	22575	13797	32767	1330	1665	1795	2040	2136	1761	1946	2134	2034	1772	1435	406	424	479	509	534	589	569	546	556	547	528	
1468.44249997511	237	278	278	264	282	257	233	272	257	266	267	299	273	276	266	256	272	281	257	281	290	271	295	283	286	312	298	309	297	289	296	313	300	332	331	305	324	320	349	300	306	309	319	312	337	357	360	39	345	345	351	374	361	344	381	408	440	422	409	429	433	411	476	429	447	441	634	631	625	609	656	648	633	688	640	680	659	1526	1592	1832	1495	1309	1490	1603	1810	1579	1628	1644	21580	17737	21179	32767	10729	21893	21334	19366	22959	14212	32767	1480	1638	1900	2069	2212	1779	2043	2186	2058	1713	1407	441	422	453	477	561	598	541	561	557	535	438	
1470.08437497511	256	270	241	260	237	265	259	255	290	260	292	308	285	289	270	255	303	274	279	269	301	296	272	319	291	268	285	290	285	296	300	286	312	266	319	300	317	322	349	309	310	296	320	313	387	359	304	64	370	358	351	357	324	337	336	428	404	392	422	391	432	428	438	441	434	460	662	597	652	601	584	619	621	677	640	640	632	1608	1492	1736	1427	1333	1497	1489	1736	1602	1660	1695	21614	17744	21136	32767	10816	22157	21760	19429	22919	14027	32767	1430	1617	1877	2137	2288	1749	1990	2227	2080	1691	1439	411	397	437	505	557	583	551	540	618	496	499	
1471.72562497511	285	246	274	253	254	258	260	257	267	252	266	287	265	284	265	278	279	306	303	267	301	284	293	296	297	299	289	291	285	312	306	304	306	303	360	347	310	328	323	316	317	318	333	308	349	332	347	45	371	387	384	358	362	346	367	410	417	422	456	432	444	411	443	442	496	452	654	627	608	653	596	629	640	665	628	646	701	1546	1592	1824	1414	1294	1454	1661	1931	1584	1631	1666	21586	17980	21411	32767	10933	22285	21938	19813	23386	14227	32767	1466	1750	1924	2088	2217	1735	2054	2294	2099	1737	1464	427	448	426	467	576	594	560	601	595	549	457	
1473.36640622512	250	274	264	257	257	253	251	290	269	256	272	267	288	261	268	278	263	256	295	298	256	303	327	271	311	277	283	295	290	297	308	310	307	325	301	349	337	329	329	342	319	334	326	303	352	369	338	50	354	339	362	389	388	349	355	391	405	418	408	417	440	492	442	408	413	425	583	603	666	616	579	632	674	697	622	655	589	1603	1531	1752	1487	1340	1495	1625	1814	1538	1664	1707	21728	18287	21703	32767	11128	22097	21904	20469	23884	14707	32767	1555	1688	1849	2115	2258	1862	2135	2356	2056	1798	1515	457	432	475	527	524	591	566	582	586	540	483	
1475.00609372511	265	270	243	240	264	250	249	276	264	251	307	274	296	269	282	256	278	274	305	298	287	291	297	296	317	309	287	311	268	284	320	316	293	330	323	326	335	322	362	298	316	328	326	340	319	355	363	54	353	342	333	366	363	347	345	414	414	429	373	428	418	414	463	438	434	439	594	615	689	607	585	640	632	668	647	659	681	1677	1633	1776	1515	1354	1578	1646	1846	1487	1624	1755	22044	18303	21747	32767	11172	22770	22413	20440	24031	14818	32767	1547	1644	1942	2152	2283	1849	2215	2353	2151	1787	1504	424	445	465	507	543	578	584	602	614	584	497	
1476.64593747511	265	237	266	242	242	261	259	258	278	278	274	274	295	292	293	272	292	252	308	309	264	271	255	322	318	339	321	285	298	292	281	303	304	317	301	325	321	312	313	274	305	346	351	312	353	309	326	62	357	366	386	346	337	337	366	405	405	404	448	427	435	465	450	502	413	465	619	604	582	605	698	658	659	660	652	707	704	1688	1678	1853	1480	1398	1553	1668	1842	1567	1651	1739	22023	18478	21726	32767	11291	22813	22351	20380	24235	14678	32767	1509	1707	1885	2187	2342	1922	2190	2421	2214	1810	1455	405	428	505	507	554	565	576	578	600	584	523	
1478.28468747511	255	300	247	256	268	253	289	259	254	263	262	282	285	279	273	283	272	297	306	295	301	273	295	271	319	277	284	309	276	306	285	289	315	325	310	309	327	302	332	288	367	316	330	354	372	329	331	48	360	350	352	368	385	365	357	387	412	457	434	426	464	435	444	422	426	466	633	643	627	615	633	658	696	683	689	629	707	1663	1609	1862	1519	1390	1535	1619	1891	1559	1705	1791	22215	18665	22145	32767	11170	22613	21953	20463	24153	14833	32767	1522	1747	1892	2213	2264	1957	2205	2387	2235	1850	1545	455	481	489	514	575	579	580	650	638	569	500	
1479.92359372511	306	267	243	262	289	264	257	263	259	267	273	312	289	313	232	308	293	289	303	280	262	274	315	298	312	305	297	288	290	284	284	298	304	327	303	323	301	340	335	297	327	334	349	297	363	379	327	51	358	361	347	388	334	347	373	447	424	441	420	408	434	463	447	442	424	416	651	717	657	649	688	649	681	723	660	715	719	1663	1769	1942	1523	1441	1513	1690	1913	1691	1670	1805	23045	18674	21955	32767	11262	22712	22125	20663	24014	14792	32767	1608	1757	2031	2233	2244	1948	2301	2466	2194	1881	1541	469	457	451	521	556	605	608	593	632	560	522	
1481.56203122511	232	253	279	276	288	239	244	252	263	276	246	265	296	275	313	274	299	270	275	282	285	275	300	284	340	313	314	307	281	284	278	300	333	310	348	315	313	329	349	320	337	332	347	292	341	359	377	45	350	361	346	323	355	370	356	437	425	469	450	428	418	456	465	491	456	460	652	654	670	653	668	679	717	702	687	709	750	1768	1764	1922	1601	1479	1600	1711	2016	1674	1712	1800	22441	18796	22244	32767	11376	22750	22394	20767	24470	15182	32767	1598	1813	2085	2346	2368	2009	2288	2475	2194	1960	1580	464	475	492	526	632	670	621	626	644	575	569	
1483.19921872511	261	278	241	272	281	250	255	279	232	239	284	271	267	286	254	282	298	277	290	249	293	297	305	284	289	285	310	308	329	273	295	300	309	309	302	357	339	352	327	315	322	313	345	327	361	361	404	49	370	374	367	366	359	382	379	429	460	481	467	470	465	487	485	429	480	452	647	661	737	658	674	707	696	730	742	724	676	1808	1900	2018	1603	1571	1682	1802	1995	1679	1809	2050	22925	19175	22580	32767	11582	23058	22456	21144	24129	15213	32767	1614	1827	2104	2243	2319	1985	2408	2577	2284	1985	1655	482	476	481	541	584	641	640	660	699	586	583	
1484.83671872512	258	267	262	261	250	282	283	268	236	281	293	319	266	303	251	284	298	278	287	276	282	284	316	279	269	298	309	309	306	259	337	304	298	327	313	311	335	348	337	340	374	312	346	314	398	344	366	53	373	419	387	359	377	375	408	443	450	481	441	474	502	462	499	495	450	497	682	710	688	627	740	718	734	778	745	741	742	1841	1977	2105	1730	1598	1676	1852	2137	1837	1925	1982	22879	19338	22722	32767	11633	23013	22748	21319	24510	15449	32767	1678	1874	2139	2290	2407	1993	2375	2565	2419	2021	1697	457	485	506	553	661	671	628	673	658	635	545	
1486.47312497511	264	275	256	284	283	247	258	264	302	286	268	311	281	308	266	290	287	273	281	271	282	292	316	295	300	328	298	305	327	327	273	302	315	320	293	345	330	324	350	311	349	332	329	332	371	362	372	33	337	362	394	334	364	357	400	485	441	428	471	449	474	487	504	485	495	430	642	683	752	693	684	712	768	754	739	703	770	1837	1888	2131	1799	1576	1700	1907	2141	1805	1909	2075	23060	19094	22454	32767	11595	22836	22487	20750	24198	15399	32767	1693	1939	2155	2207	2459	2155	2339	2548	2323	1992	1778	472	522	519	553	637	633	665	683	666	610	569	
1488.10890622511	260	235	277	255	260	257	262	277	248	256	245	290	285	287	286	314	263	248	297	265	298	305	323	281	299	293	276	299	281	313	314	287	304	313	338	301	312	365	329	317	316	356	322	343	354	361	368	38	363	391	370	368	372	391	365	449	419	470	435	441	487	455	463	459	444	463	691	711	725	671	685	696	697	757	692	742	768	1832	1831	2098	1779	1551	1673	1912	2057	1805	1826	1955	22363	18890	22038	32767	11285	22494	22316	20954	24227	14833	32767	1651	1906	2110	2317	2391	2025	2280	2585	2325	1993	1666	442	488	522	524	597	620	649	680	672	641	548	
1489.74499997512	263	260	259	274	264	275	279	281	243	241	265	291	275	258	282	283	305	283	286	297	310	274	266	297	307	265	302	310	315	289	305	314	271	336	319	324	338	344	335	326	314	309	318	306	400	355	363	69	347	386	362	368	378	366	356	427	456	437	416	453	440	454	441	450	442	433	676	682	696	661	690	697	742	735	685	705	690	1740	1782	2022	1658	1527	1580	1774	1977	1687	1897	1840	22249	18620	21729	32767	11183	22223	21963	20758	23592	14938	32767	1577	1843	2069	2080	2320	2022	2190	2393	2339	1970	1595	453	456	496	550	630	652	645	666	664	633	502	
1491.37984372512	286	261	296	265	270	281	272	255	265	243	261	261	298	283	269	287	288	284	297	268	272	298	327	288	286	289	314	309	286	300	280	312	301	288	317	311	290	322	348	362	305	316	284	293	366	339	349	62	352	383	391	376	356	356	381	413	431	439	456	421	429	434	443	422	461	450	625	682	669	604	658	692	695	696	703	731	695	1719	1777	1916	1557	1401	1583	1695	2017	1651	1758	1760	22105	18285	21838	32767	11066	21945	21615	20081	23100	14776	32767	1465	1808	2016	2110	2345	2010	2202	2430	2230	1870	1494	463	449	450	528	548	623	624	627	695	582	566	
1493.01499997511	249	266	250	251	257	263	265	255	259	250	255	298	283	275	253	262	296	255	303	253	269	287	321	281	284	308	295	267	302	281	282	293	326	295	318	304	344	330	294	333	312	317	362	307	335	345	338	68	361	350	357	328	374	364	355	428	451	413	430	421	447	409	406	434	441	444	640	595	613	614	639	661	656	706	677	661	678	1659	1705	1869	1543	1385	1511	1703	1929	1684	1706	1795	21975	18163	21641	32767	10958	21780	21453	20090	22819	14618	32767	1472	1718	1934	2088	2250	1941	2165	2324	2225	1810	1536	437	457	482	531	576	607	613	583	566	553	517	
1494.64890622511	251	272	249	248	256	269	278	259	275	240	258	268	297	253	258	256	277	277	298	284	260	267	268	287	283	303	298	283	308	275	264	307	310	323	317	326	300	333	309	277	332	304	330	271	358	372	348	60	354	350	321	369	327	326	340	425	372	435	431	416	419	435	454	422	478	457	633	643	658	600	591	617	666	677	690	640	662	1625	1692	1860	1537	1416	1428	1724	1905	1584	1607	1665	21704	17973	21430	32767	11013	21769	21325	19861	23280	14536	32767	1450	1773	1966	2193	2272	1925	2232	2343	2212	1769	1452	460	421	476	480	584	610	591	634	583	519	521	
1496.28234372512	232	278	265	276	271	271	251	254	269	229	254	287	293	267	268	308	271	258	290	277	286	267	303	285	275	263	292	295	321	291	283	277	278	280	306	315	333	339	299	296	355	317	336	303	360	333	341	50	365	353	351	337	329	355	341	429	425	422	445	391	424	455	451	457	449	434	643	611	656	584	642	639	686	691	641	635	643	1655	1643	1782	1522	1429	1426	1646	1869	1602	1631	1679	21790	18315	21794	32767	11078	21668	21642	20261	22980	14556	32767	1418	1771	1964	2031	2264	1907	2096	2351	2178	1811	1474	410	425	464	491	546	643	595	573	568	572	540	
1497.91609372511	259	238	281	267	245	260	278	271	222	242	238	286	299	257	296	281	319	272	272	270	261	275	295	270	281	270	310	292	294	297	262	292	287	325	299	318	319	299	288	296	302	294	304	295	319	336	362	57	325	368	333	367	362	349	352	434	388	403	447	435	466	467	448	443	425	465	579	638	639	633	646	652	640	623	659	636	626	1694	1667	1853	1537	1376	1430	1675	1969	1575	1625	1685	22024	18729	21190	32767	10848	21554	21696	20008	23065	14533	32767	1506	1755	1922	2123	2304	1982	2008	2350	2243	1805	1508	412	420	467	525	555	589	634	645	602	592	503	
1499.54859372512	270	280	253	267	252	262	249	256	264	230	260	265	267	253	282	258	295	258	271	313	312	284	318	310	270	316	281	308	274	287	301	273	288	317	329	352	311	295	308	301	294	301	307	314	376	359	378	52	353	377	330	334	357	373	351	404	429	413	420	400	400	437	433	414	419	415	593	598	656	645	591	654	659	642	654	605	671	1666	1719	1916	1551	1426	1454	1685	1987	1599	1602	1720	22418	18630	21842	32767	11005	21629	21600	20165	23304	14859	32767	1469	1777	2031	2101	2268	1929	2079	2371	2333	1852	1497	457	478	461	491	570	614	629	631	625	541	518	
1501.18062497511	254	258	253	265	291	265	245	258	224	281	258	273	297	286	266	280	260	251	259	286	283	270	305	285	287	317	252	286	305	274	279	307	300	293	294	321	306	294	301	296	334	340	315	317	330	352	345	59	367	339	339	344	308	350	347	399	410	442	444	418	416	455	454	467	442	457	619	608	632	610	634	657	643	652	656	640	683	1697	1710	1861	1617	1387	1522	1697	2009	1608	1637	1679	22004	18939	21881	32767	10923	22141	21898	20314	23426	14880	32767	1446	1739	2046	2143	2337	1939	2132	2516	2242	1823	1533	441	407	433	534	569	649	596	589	585	586	508	
1502.81218747511	259	245	245	241	212	239	270	259	263	264	275	259	281	275	286	270	248	282	290	264	295	275	293	283	294	274	293	304	296	273	290	283	287	309	311	319	293	312	323	315	321	354	313	333	342	349	359	55	409	356	364	318	344	370	345	447	411	447	419	435	437	419	451	423	464	443	576	620	670	626	630	617	750	656	660	666	665	1675	1654	1928	1554	1386	1519	1675	1984	1632	1672	1676	22280	19186	22203	32767	11045	22002	21886	20549	23746	14989	32767	1543	1818	2024	2167	2370	1965	2085	2489	2243	1903	1480	461	450	488	531	548	642	591	619	619	566	506	
1504.44390622511	263	246	253	240	248	253	220	247	258	241	275	294	280	308	285	270	276	279	263	272	293	298	293	306	289	297	266	262	290	315	273	274	273	306	292	320	314	331	311	300	327	301	361	308	338	358	356	57	342	366	362	346	347	387	354	414	413	434	412	416	404	435	410	446	390	435	653	641	652	595	614	651	660	650	650	672	656	1701	1734	1960	1540	1380	1528	1697	1911	1628	1598	1681	22542	19300	22468	32767	11028	22081	22089	20775	23731	14856	32767	1509	1864	2092	2169	2390	1916	2158	2535	2373	1883	1504	445	467	501	522	593	587	592	634	602	567	559	
1506.07453122511	265	253	252	248	298	226	227	247	247	253	265	274	257	251	284	309	261	264	287	286	320	284	303	270	269	345	317	318	276	279	291	256	254	332	329	342	301	343	311	321	331	357	311	293	342	365	342	55	331	366	356	367	341	348	345	460	419	450	449	417	419	453	425	428	439	427	600	621	640	641	634	691	690	710	665	656	626	1675	1714	2016	1535	1439	1492	1722	1965	1597	1655	1771	22473	19218	22320	32767	11135	22249	22080	20893	23693	15303	32767	1564	1808	2088	2207	2406	2020	2185	2502	2335	2005	1579	435	452	499	534	572	660	645	591	639	555	513	
1507.70468747511	237	267	236	243	240	251	266	253	255	263	286	294	267	275	297	273	270	304	262	257	269	292	256	265	297	315	284	325	281	288	320	274	279	313	326	319	330	332	304	308	317	306	313	294	367	365	336	43	367	339	311	383	358	337	352	427	405	406	470	410	421	413	476	459	485	414	627	600	692	647	649	647	673	690	638	636	634	1665	1726	1949	1580	1392	1598	1774	1979	1606	1597	1825	22684	19616	22432	32767	11233	22146	22072	20924	23928	15132	32767	1520	1855	2065	2248	2477	1974	2090	2505	2361	1935	1575	457	465	532	535	597	630	642	657	619	586	536	
1509.33437497511	252	288	225	258	260	261	242	238	251	246	252	238	268	244	291	259	292	299	291	295	264	246	300	312	272	250	287	253	297	278	284	282	297	304	325	333	313	319	325	325	307	301	309	317	330	336	389	53	346	343	336	370	327	371	389	413	445	414	435	367	436	440	440	398	456	429	571	611	689	631	634	621	689	657	673	675	673	1652	1703	1901	1561	1433	1587	1692	1958	1624	1651	1819	22605	19680	22401	32767	11257	22293	22360	21002	23881	15188	32767	1590	1913	2088	2216	2361	1968	2111	2578	2370	1914	1593	425	431	497	550	598	644	576	580	585	589	553	
1510.96359372512	252	270	301	269	249	289	246	262	264	242	247	302	261	290	291	267	289	295	277	245	258	277	292	303	303	300	261	302	290	307	285	324	274	314	329	334	295	323	355	324	326	334	309	327	358	329	347	43	344	393	372	348	359	341	379	411	428	414	428	415	435	427	463	424	472	457	643	674	681	600	649	741	687	726	679	710	652	1688	1753	1949	1582	1375	1628	1778	1942	1734	1676	1786	22981	19731	22379	32767	11255	22410	22470	21113	23969	15498	32767	1554	1955	2093	2274	2504	1992	2154	2535	2453	1948	1546	454	448	553	531	591	623	671	597	659	605	527	
1512.59234372511	232	237	234	260	253	234	276	244	239	237	264	276	297	290	288	265	279	291	292	275	241	274	302	302	282	303	281	297	294	271	304	304	296	292	313	304	336	314	294	285	315	296	297	328	357	329	332	50	348	366	356	345	356	368	375	416	467	377	431	435	432	434	421	427	438	425	622	564	698	689	640	700	679	725	684	685	702	1599	1763	1961	1581	1362	1634	1694	2012	1671	1697	1698	23042	19959	22530	32767	11365	22493	22811	21409	24217	15613	32767	1511	1871	2078	2193	2399	1965	2224	2599	2435	1942	1603	428	427	503	550	623	646	663	653	663	558	543	
1514.22046872511	230	278	253	255	275	290	266	221	261	270	276	288	273	312	277	274	262	270	269	269	276	285	291	266	266	281	293	283	256	297	295	273	299	324	319	333	310	300	347	301	316	292	304	331	334	373	331	62	317	376	351	370	344	333	384	413	413	390	389	414	420	449	487	425	454	482	618	626	698	633	636	658	677	692	655	659	715	1688	1685	2011	1594	1352	1627	1766	1991	1641	1718	1779	23123	19947	22495	32767	11436	22269	22639	21490	24175	15695	32767	1658	1876	2135	2320	2478	2026	2163	2648	2435	1977	1597	448	391	522	580	604	679	647	620	636	578	525	
1515.84828122511	247	258	247	258	292	251	289	280	253	272	246	283	256	283	290	284	281	254	278	258	271	271	300	271	286	275	284	288	294	289	281	293	286	298	305	296	307	300	323	311	295	310	292	331	366	358	337	47	329	353	326	365	338	358	366	443	385	406	416	441	422	456	429	466	453	434	569	610	642	567	629	710	682	695	693	679	710	1688	1690	1946	1603	1360	1628	1752	1920	1623	1661	1766	23086	19867	22630	32767	11119	22050	22685	21378	24190	15470	32767	1547	1850	2135	2217	2417	2034	2223	2652	2470	1996	1639	420	448	505	501	541	629	673	618	642	617	507	
1517.47562497511	231	252	250	267	242	257	236	256	251	242	229	271	262	267	283	278	252	288	264	261	257	259	311	254	283	284	245	268	304	297	272	296	301	303	321	339	344	307	312	313	287	305	304	322	316	360	382	47	358	404	351	354	363	347	352	405	404	457	418	430	439	394	453	419	418	393	614	615	705	609	581	680	687	624	597	636	666	1688	1643	1943	1637	1415	1641	1730	1904	1615	1659	1755	23309	20031	22795	32767	11299	22242	22391	21207	24177	15387	32767	1590	1876	2151	2242	2423	1984	2136	2542	2402	1908	1571	430	440	515	521	572	624	568	666	643	631	524	
1519.10249997512	246	226	237	231	272	266	245	261	238	223	271	300	274	255	273	268	262	292	284	246	276	293	305	308	297	277	282	286	259	276	283	290	294	304	316	329	271	308	345	290	308	299	329	313	390	357	349	48	322	343	354	353	325	367	373	437	424	425	398	426	432	422	430	416	450	441	620	647	651	555	629	617	723	727	647	616	700	1630	1729	1874	1501	1397	1570	1798	1862	1574	1668	1731	23185	19779	22684	32767	11097	21875	22893	21140	24405	15475	32767	1531	1837	2093	2210	2433	2026	2143	2578	2461	1953	1552	460	454	466	509	575	637	605	667	648	583	511	
1520.72874997511	253	235	236	253	270	230	257	234	252	237	245	237	278	269	294	303	262	277	289	262	264	245	300	277	274	307	303	267	283	263	293	251	304	284	293	297	306	287	306	310	320	302	289	314	368	353	340	45	345	339	360	357	336	334	338	362	399	422	406	415	439	460	427	457	446	463	621	654	615	646	648	646	688	691	652	664	695	1611	1682	1853	1562	1398	1573	1691	1940	1574	1600	1710	23138	19980	22599	32767	11087	22077	22806	21176	24159	15572	32767	1535	1795	2091	2177	2494	2048	2133	2612	2538	1995	1605	438	429	497	521	599	668	613	599	643	624	566	
1522.35468747512	267	277	231	215	225	224	237	241	231	255	242	303	269	274	251	283	264	245	300	279	255	282	300	282	265	274	272	310	281	278	279	290	277	299	313	322	322	322	294	307	282	303	299	287	347	295	331	49	328	319	369	368	348	311	350	387	410	417	449	386	430	416	477	468	389	424	637	585	621	577	650	655	699	673	662	664	697	1625	1703	1975	1601	1385	1682	1777	1851	1632	1646	1785	23263	20168	22458	32767	11289	22116	22592	21423	24522	15616	32767	1562	1860	2108	2201	2359	2038	2194	2502	2482	1935	1621	437	463	484	479	568	642	619	677	630	613	536	
1523.98015622511	243	260	239	258	254	240	249	237	260	207	241	278	262	250	239	234	282	259	263	261	282	269	316	251	262	290	265	281	313	249	275	266	295	313	308	323	316	328	300	317	326	296	332	313	310	302	370	48	381	318	319	331	330	356	355	432	392	433	373	386	433	434	448	408	454	412	661	628	679	608	661	694	729	664	671	634	679	1685	1726	1917	1560	1462	1629	1819	1863	1641	1641	1754	23438	20321	23196	32767	11319	22678	23083	21423	24913	15773	32767	1614	1877	2056	2306	2394	1991	2222	2574	2436	2002	1656	449	468	517	507	595	639	671	651	643	652	551	
1525.60499997512	216	260	258	274	253	247	260	248	257	229	235	260	275	266	278	287	269	292	255	272	263	253	252	283	289	295	306	291	285	278	274	305	261	300	317	333	300	320	299	332	270	301	302	324	382	327	342	31	334	310	352	343	332	361	354	401	426	427	426	390	431	468	459	451	391	426	670	635	680	598	639	663	679	679	685	675	672	1736	1746	1911	1607	1484	1621	1783	1918	1595	1662	1821	23503	20488	23623	32767	11355	22759	23260	21750	24953	16030	32767	1618	1880	2029	2283	2441	2105	2241	2709	2426	2002	1645	429	421	511	511	580	666	684	637	645	606	553	
1527.22953122511	232	237	274	254	226	235	214	257	222	225	253	267	282	289	247	253	268	264	251	261	279	260	282	271	282	304	260	281	304	302	286	294	289	308	292	321	344	326	302	348	300	337	329	326	322	325	350	48	379	332	391	340	348	348	376	422	418	400	408	398	415	449	426	431	415	420	647	638	687	631	680	649	661	647	648	667	724	1697	1724	1963	1605	1430	1631	1743	1956	1705	1668	1835	24114	20764	23697	32767	11434	23072	23760	21812	25015	16008	32767	1637	1907	2114	2346	2403	2105	2192	2631	2513	1997	1637	448	449	492	541	603	631	636	678	691	637	565	
1528.85281247511	272	273	263	250	256	226	281	242	245	246	240	269	258	274	247	257	284	282	270	253	266	259	245	296	306	278	276	296	244	287	316	290	277	304	314	307	335	295	325	318	304	268	313	279	350	316	356	49	335	367	345	320	321	322	360	428	386	405	401	428	391	411	460	441	466	440	689	635	677	616	637	694	705	725	661	668	698	1718	1777	2033	1590	1464	1636	1725	1968	1620	1768	1830	24185	20678	23923	32767	11709	23269	24179	22338	25545	16070	32767	1593	1967	2095	2391	2443	2106	2173	2756	2556	2049	1652	490	477	496	558	572	630	661	678	638	622	569	
1530.47640622511	273	264	242	280	240	260	250	221	251	271	252	275	286	290	283	245	274	273	271	270	276	279	278	275	302	272	304	262	324	284	265	309	297	295	333	337	307	302	311	309	295	317	303	319	348	347	312	60	342	324	366	360	336	348	357	409	369	420	406	395	466	455	464	461	477	425	608	681	674	607	699	632	685	740	672	700	690	1743	1729	2018	1641	1449	1613	1823	2017	1699	1706	1843	24355	20782	24130	32767	11556	23184	24507	22570	25700	16114	32767	1715	1999	2148	2416	2562	2076	2354	2655	2575	2101	1697	462	455	465	569	579	605	679	689	678	621	566	
1532.09937497511	250	270	244	240	229	264	224	225	221	246	249	261	275	293	266	255	275	269	253	265	250	241	307	276	269	286	303	322	315	278	255	271	278	299	310	303	300	304	304	333	297	295	311	328	338	371	333	53	327	315	375	332	386	344	341	415	444	431	410	395	438	454	464	411	475	444	658	656	704	651	651	657	712	720	699	668	729	1797	1775	2044	1593	1457	1673	1813	2017	1722	1769	1803	24599	21094	24257	32767	11906	23518	24805	22698	25739	16344	32767	1633	2015	2154	2388	2444	2156	2308	2878	2502	2076	1722	450	472	492	574	591	684	660	665	690	625	583	
1533.72203122511	254	269	238	249	244	276	247	227	262	238	238	279	258	277	240	301	275	310	279	274	301	317	275	291	306	267	301	305	315	293	291	318	306	290	343	317	302	279	314	321	300	309	309	322	313	365	343	56	398	371	360	349	337	348	340	443	436	413	391	425	424	425	459	450	448	438	667	652	687	648	658	673	746	708	691	717	747	1735	1837	2003	1638	1413	1679	1781	2000	1753	1761	1920	24829	21524	24512	32767	12025	24037	24849	23096	26225	16413	32767	1652	2159	2242	2395	2405	2021	2419	2788	2574	2076	1753	466	479	512	592	573	695	643	679	710	629	560	
1535.34343747511	261	258	258	258	275	254	257	222	268	248	260	265	287	273	264	262	284	286	261	256	261	293	278	278	282	280	298	289	280	282	269	302	263	316	309	345	315	293	299	316	291	324	281	291	380	344	351	57	333	344	365	333	389	328	369	451	418	470	465	462	415	457	474	454	441	432	665	663	698	697	699	651	706	701	728	704	758	1780	1848	2033	1684	1484	1664	1745	1993	1727	1835	1964	24992	21189	24587	32767	12081	24211	25422	23414	26330	16267	32767	1621	2104	2192	2467	2445	2136	2420	2784	2504	2151	1664	474	475	507	573	617	675	677	705	695	664	567	
1536.96515622511	280	245	277	227	245	241	251	271	258	270	244	229	246	262	255	295	310	259	284	279	281	304	284	290	280	315	262	282	296	282	289	293	290	307	282	336	315	305	301	307	327	325	291	315	336	356	327	51	335	365	366	379	348	330	377	431	416	407	414	401	444	452	478	466	479	425	685	657	690	637	691	736	722	720	690	709	688	1725	1849	2056	1668	1366	1653	1793	2004	1677	1781	1922	25206	21561	24925	32767	12293	24430	25603	23731	26317	16397	32767	1667	2004	2237	2393	2527	2102	2469	2863	2549	2096	1739	469	497	501	587	601	671	722	694	722	645	591	
1538.58624997511	271	270	210	251	256	276	282	258	266	229	236	264	279	279	259	281	285	257	256	299	253	297	264	290	287	249	279	293	271	306	280	266	274	301	310	306	324	312	298	314	332	275	314	334	350	335	374	58	372	343	342	390	374	386	340	442	422	443	444	444	422	481	477	402	437	500	664	665	751	661	716	670	727	745	681	735	783	1720	1885	2116	1722	1461	1682	1894	1948	1666	1748	1942	24994	21881	25357	32767	12526	24371	25803	24183	26433	16189	32767	1693	2069	2332	2383	2516	2171	2502	2785	2538	2053	1677	474	516	561	564	656	647	661	714	727	679	569	
1540.20624997512	234	267	260	263	253	270	262	256	248	260	244	290	268	245	277	256	273	263	272	297	242	271	301	292	276	275	287	284	293	306	269	258	268	339	303	307	310	317	346	317	311	304	305	319	344	378	342	41	370	356	349	341	367	370	375	429	407	416	424	430	435	443	467	438	457	438	643	676	764	685	663	654	713	718	715	730	737	1741	1902	2016	1663	1501	1627	1873	2070	1696	1746	1936	25394	21976	25324	32767	12280	24620	25636	24201	26710	16416	32767	1756	1997	2281	2410	2559	2097	2456	2741	2598	2123	1772	470	514	564	579	573	673	675	731	684	655	570	
1541.82656247511	250	246	252	263	265	253	271	231	243	231	240	262	260	247	258	240	273	275	262	260	248	281	282	277	239	290	293	299	282	297	299	263	292	319	289	292	290	310	303	332	314	323	297	322	357	358	322	56	341	326	357	341	352	314	334	433	450	425	422	424	494	423	480	421	474	454	688	631	712	687	654	683	783	688	701	667	700	1764	1875	2095	1679	1475	1747	1837	1965	1725	1778	1963	25645	21812	25305	32767	12465	24570	26187	24546	27094	16950	32767	1753	2080	2249	2316	2618	2131	2425	2854	2541	2134	1689	482	487	550	589	665	652	668	667	701	646	611	
1543.44640622511	246	244	238	246	220	242	251	255	257	259	253	257	267	261	254	261	274	274	277	272	266	280	270	273	297	299	276	280	291	302	283	319	263	281	311	305	291	334	312	302	284	306	311	300	312	345	339	54	365	326	329	356	371	336	376	442	439	403	439	436	403	454	486	454	421	457	656	656	687	598	687	668	719	708	733	690	692	1761	1799	2090	1763	1493	1759	1848	1965	1790	1788	1846	25245	22025	25220	32767	12598	24869	26113	24990	26923	16608	32767	1773	2058	2363	2467	2573	2151	2366	2757	2398	2085	1745	468	523	536	564	626	681	688	655	670	680	563	
1545.06499997511	256	260	224	258	251	233	209	240	237	248	258	265	268	283	263	265	268	273	274	285	245	281	301	284	261	277	269	303	301	290	271	283	264	290	303	316	290	306	321	315	305	341	309	325	329	335	337	56	364	330	340	347	329	346	382	434	410	393	454	420	441	452	434	394	432	437	610	698	702	661	671	706	707	723	671	715	704	1771	1786	2050	1794	1534	1750	1850	1941	1683	1769	1868	25664	22363	25682	32767	12477	24974	26265	24786	27208	16725	32767	1832	2067	2367	2448	2520	2164	2445	2759	2499	2075	1754	465	509	557	541	608	706	678	654	674	610	599	
1546.68374997511	249	233	263	214	227	240	251	254	251	268	253	269	261	252	286	254	269	277	253	273	276	257	301	273	280	263	284	315	307	283	275	274	290	314	327	309	294	290	303	360	290	317	314	325	339	333	334	42	347	361	341	368	326	339	322	457	411	473	412	401	440	433	453	405	441	427	649	675	648	684	660	725	662	707	657	717	665	1807	1849	1989	1680	1477	1648	1764	1965	1654	1786	1871	25564	22604	25818	32767	12311	24782	25689	24967	27235	16516	32767	1763	2105	2328	2482	2553	2228	2385	2781	2406	2153	1780	493	504	551	577	588	653	690	723	674	650	562	
1548.30156247511	237	261	219	254	245	268	253	246	235	241	262	283	269	244	242	251	247	267	251	285	292	260	248	277	278	290	287	291	259	267	302	310	279	282	301	313	298	316	276	329	325	291	329	307	325	362	357	66	350	329	358	380	381	362	286	416	392	432	415	415	454	502	429	435	443	443	621	636	655	698	629	682	717	691	707	689	689	1823	1897	2060	1724	1533	1618	1808	1945	1673	1863	1916	25434	22541	25601	32767	12465	25117	26106	25332	27425	16863	32767	1855	2145	2267	2432	2563	2187	2495	2732	2541	2104	1705	466	480	503	609	637	731	677	692	701	633	567	
1549.91937497511	248	219	242	237	270	244	220	230	229	242	252	269	249	255	269	295	267	256	296	274	249	253	269	289	260	279	280	294	255	269	280	268	309	308	292	330	275	301	309	297	285	296	319	282	339	341	347	47	353	333	348	360	334	347	329	402	407	380	400	435	438	490	467	418	463	434	628	676	690	691	658	707	660	749	695	691	712	1865	1965	2053	1720	1535	1753	1822	1983	1775	1808	1920	25596	22464	26103	32767	12782	25431	26291	26207	28029	16757	32767	1765	2128	2367	2479	2645	2286	2581	2697	2521	2119	1785	466	467	544	613	612	722	707	678	694	633	592	
1551.53609372511	222	267	235	240	263	246	249	257	229	232	223	290	268	283	260	266	271	263	297	252	261	245	258	285	258	249	252	288	311	278	278	281	281	307	267	289	309	300	277	316	283	294	309	336	360	341	343	36	353	353	354	378	325	308	333	416	399	400	415	425	449	452	431	426	422	446	669	685	691	651	670	726	709	722	671	695	770	1858	1885	2093	1722	1438	1734	1819	1925	1776	1829	1891	25941	22646	26323	32767	12854	25920	26789	26211	28674	17040	32767	1821	2127	2381	2464	2691	2232	2451	2823	2541	2080	1816	519	482	528	585	664	708	665	678	709	636	602	
1553.15312497512	239	237	238	243	240	253	253	236	242	255	240	280	267	240	283	241	292	277	234	283	290	263	293	284	289	320	257	308	281	279	265	272	264	313	323	292	313	307	297	271	306	280	306	308	344	374	370	50	337	352	355	352	355	364	342	422	418	388	399	435	456	450	432	453	431	480	654	676	723	651	680	715	696	706	738	683	714	1987	1984	2121	1692	1494	1716	1835	1986	1751	1884	1907	26109	22820	26893	32767	13052	25667	26657	26890	29020	16875	32767	1848	2206	2415	2520	2696	2215	2505	2718	2576	2091	1767	497	481	571	582	652	704	685	701	695	658	607	
1554.76890622511	252	248	265	240	236	240	214	268	244	236	250	253	282	260	290	251	285	271	269	282	253	250	283	300	265	280	300	288	290	274	290	286	267	299	346	356	302	288	282	275	286	324	296	313	407	341	327	48	345	337	363	359	361	330	349	457	397	409	396	431	449	467	479	483	448	454	660	675	752	686	687	674	703	724	734	707	746	1909	1911	2083	1733	1527	1670	1871	2082	1781	1911	2005	26448	23025	27392	32767	13201	26288	27102	27601	29069	17307	32767	1846	2129	2351	2567	2675	2272	2461	2707	2497	2186	1866	483	527	490	589	633	722	709	731	683	670	574	
1556.38421872511	259	208	232	224	244	255	247	263	220	246	265	284	254	265	262	265	262	259	262	242	265	255	272	281	300	292	273	275	271	286	281	270	297	300	297	319	342	312	307	303	304	310	307	313	328	371	342	56	359	341	384	353	388	380	357	419	444	480	436	408	463	457	444	438	424	464	717	655	706	642	680	736	698	770	679	662	729	1936	1957	2193	1772	1553	1779	1883	2076	1731	1921	1932	26210	23179	27695	32767	13410	26656	27589	28138	29724	17426	32767	1835	2196	2503	2563	2757	2424	2526	2741	2673	2169	1793	486	519	546	581	613	764	692	774	703	674	544	
1557.99984372511	276	253	224	256	264	235	235	240	239	226	269	276	275	262	274	257	272	286	253	271	240	273	296	281	282	268	296	291	270	293	271	294	268	282	321	295	325	315	329	309	322	305	348	284	346	315	346	53	383	370	379	358	335	367	347	434	443	394	421	418	451	468	448	433	420	461	654	672	734	697	739	745	716	726	682	725	729	1902	2005	2159	1760	1549	1729	1877	2083	1772	1944	1983	27015	22984	27890	32767	13840	27060	28437	28896	30119	17829	32767	1905	2251	2450	2627	2762	2323	2596	2826	2729	2360	1877	533	534	574	612	642	728	731	701	776	682	623	
1559.61421872511	247	231	237	227	256	244	233	238	258	267	218	255	310	256	251	249	281	242	296	264	265	242	282	286	303	283	284	287	321	279	302	281	272	307	265	314	295	298	328	312	329	317	315	299	375	329	367	49	359	353	377	362	353	350	371	429	424	461	417	396	394	482	467	444	464	449	652	727	752	654	693	754	765	749	738	719	741	1987	2070	2173	1737	1526	1736	1963	2184	1729	1973	2013	27316	23976	28454	32767	14038	27776	28469	29286	30689	17997	32767	1959	2263	2399	2621	2779	2439	2586	2831	2657	2334	1856	500	537	591	582	709	733	726	746	721	694	625	
1561.22812497511	238	266	269	257	231	270	263	234	225	241	258	272	262	268	263	252	247	267	278	244	265	255	257	262	286	300	285	264	308	284	266	258	287	327	297	299	325	296	321	294	286	291	289	283	350	361	361	33	396	329	358	373	329	368	398	421	457	443	441	441	467	449	434	461	464	461	655	744	748	688	720	719	758	730	729	679	732	2083	2059	2149	1724	1657	1772	1871	2166	1797	1942	2140	28105	24235	28853	32767	14130	28206	29224	30323	31731	18281	32767	1936	2307	2482	2628	2865	2384	2703	2877	2859	2373	1919	511	536	537	584	627	732	735	748	702	750	616	
1562.84234372511	259	220	226	239	241	244	275	238	239	217	232	278	277	276	258	262	281	282	277	277	261	301	269	316	275	273	305	286	252	293	294	275	255	315	338	289	326	319	310	275	304	320	310	323	351	337	345	50	298	353	351	366	343	339	366	415	439	429	436	441	446	462	504	443	473	490	668	705	748	681	685	692	716	734	694	717	748	1957	1992	2099	1802	1667	1752	1973	2174	1796	1964	1939	28384	24792	29184	32767	14484	28444	29536	30843	32471	18431	32767	1921	2279	2505	2708	2814	2417	2677	2941	2659	2420	1895	540	505	561	603	635	718	728	743	723	738	611	
1564.45531247511	254	212	246	232	266	237	243	225	232	261	258	258	297	296	281	240	272	278	238	290	259	293	287	274	278	299	258	295	277	311	281	285	260	294	304	326	299	325	336	331	306	297	308	297	333	355	361	54	366	341	361	319	333	346	349	402	410	419	442	427	454	472	492	476	462	424	707	728	765	683	709	731	721	738	789	718	737	2083	1994	2217	1776	1625	1826	1989	2125	1799	1981	2058	28343	25292	30141	32767	14856	28908	30329	32127	32767	18692	32767	1932	2314	2460	2585	2704	2402	2783	2976	2712	2409	1921	549	545	558	655	662	728	730	726	735	710	584	
1566.06796872511	212	215	235	208	258	239	269	271	230	235	233	283	257	290	247	269	232	227	266	251	252	268	275	277	279	265	277	306	265	273	272	243	265	273	328	277	300	330	299	266	288	294	307	310	334	339	352	29	371	367	369	353	353	362	361	435	404	463	432	428	469	444	430	466	458	401	712	700	696	697	689	755	741	736	716	721	704	2170	2018	2120	1721	1597	1866	1931	2113	1807	2004	1993	29232	25420	30864	32767	15343	29210	31195	32767	32767	18881	32767	1943	2358	2492	2675	2730	2471	2705	2994	2783	2372	1960	528	510	541	638	687	728	724	772	745	688	615	
1567.67999997511	226	244	221	265	223	244	246	235	227	201	234	282	274	282	253	231	251	264	266	275	287	254	286	271	272	261	290	267	282	292	301	246	261	319	332	325	314	317	303	318	316	304	291	284	343	349	341	46	357	363	351	379	341	370	311	447	469	434	418	422	423	419	476	459	460	486	716	669	731	732	681	741	753	725	730	703	737	2118	2028	2304	1759	1667	1858	1932	2161	1833	2047	2017	29673	26429	32179	32767	15987	29706	32300	32767	32767	19314	32767	1967	2415	2574	2754	2900	2426	2770	3061	2790	2335	1942	537	537	582	627	674	739	673	734	737	692	638	
1569.29234372511	249	220	237	255	265	239	240	230	235	236	239	237	242	253	283	247	279	246	250	265	267	256	265	274	254	285	280	273	288	275	293	294	302	327	297	315	310	304	324	318	312	293	276	315	316	318	350	51	347	348	328	362	361	331	358	434	459	420	446	441	453	457	491	482	480	454	675	720	749	690	705	716	759	718	727	721	769	2145	2091	2288	1827	1699	1847	1981	2130	1903	2137	2055	30551	27288	32767	32767	16572	30106	32767	32767	32767	20370	32767	2015	2375	2675	2711	2761	2538	2883	3076	2854	2465	2064	532	524	598	617	622	757	770	786	739	738	646	
1570.90343747511	214	217	257	264	209	238	223	237	227	234	232	254	266	264	256	265	242	242	243	263	226	262	296	258	307	289	297	277	311	286	300	285	272	322	300	300	292	300	281	300	325	307	269	278	316	355	346	45	376	361	361	338	384	357	313	429	427	441	429	411	456	450	470	423	425	415	691	720	768	689	732	736	786	739	687	754	723	2049	2104	2232	1835	1782	1813	1973	2154	1956	2089	2093	31309	28456	32767	32767	17291	31010	32767	32767	32767	20843	32767	1963	2466	2732	2831	2830	2548	2895	3107	2899	2568	2072	538	561	625	636	735	819	728	793	740	715	662	
1572.51421872511	243	231	217	246	233	221	238	255	260	217	238	260	290	237	281	287	264	258	277	303	270	252	259	272	284	270	286	294	283	285	271	286	288	294	322	307	277	329	299	311	340	296	299	332	346	358	341	60	361	395	340	378	345	333	348	436	442	430	430	430	433	503	498	435	439	443	743	736	819	713	684	765	748	756	721	723	760	2136	2191	2323	1885	1829	1838	2092	2227	2030	2220	2205	32355	29257	32767	32767	18073	31939	32767	32767	32767	21845	32767	2156	2493	2908	2948	3017	2630	2958	3280	3076	2768	2223	603	557	596	662	749	823	744	741	780	767	711	
1574.12437497511	233	217	250	216	254	259	221	232	236	261	238	259	234	259	251	272	260	266	252	247	234	262	257	270	266	260	283	304	296	283	284	285	294	291	330	330	311	313	315	325	312	306	289	304	348	352	365	51	347	364	370	334	364	332	368	455	428	440	425	411	472	444	491	460	479	431	711	789	774	729	741	787	801	795	756	762	747	2175	2293	2535	2035	1979	2012	2278	2421	2124	2237	2153	32767	30940	32767	32767	18802	32767	32767	32767	32767	22455	32767	2204	2732	2996	3029	3058	2715	3119	3296	3136	2853	2402	575	596	614	687	735	810	842	805	802	722	692	
1575.73421872511	244	237	232	259	240	228	241	240	230	245	264	279	253	290	269	276	279	263	271	252	259	273	284	263	285	266	267	298	229	293	284	256	317	320	322	318	313	289	333	323	312	325	322	304	350	358	339	37	423	359	373	369	363	354	363	423	447	420	449	416	471	507	493	467	501	489	779	745	821	740	772	777	807	766	838	820	719	2310	2323	2534	2085	1993	2100	2273	2489	2104	2294	2430	32767	31444	32767	32767	19743	32767	32767	32767	32767	23052	32767	2402	2803	3247	3240	3290	2821	3163	3530	3359	3000	2533	578	634	652	723	826	876	815	837	825	766	756	
1577.34343747511	245	234	243	222	246	215	256	249	279	241	253	271	272	268	239	242	265	304	297	253	270	283	274	299	309	287	278	272	308	297	273	273	265	243	273	303	308	322	336	310	319	328	312	306	355	362	371	67	366	343	348	372	351	380	381	445	438	508	480	441	473	488	516	480	491	525	793	794	827	760	788	830	820	894	835	814	829	2448	2490	2679	2103	2117	2255	2394	2515	2251	2468	2480	32767	31211	32767	32767	20143	32767	32767	32767	32767	22677	32767	2557	3023	3271	3309	3360	2898	3315	3469	3407	3073	2752	654	677	708	747	813	957	870	837	803	763	731	
1578.95218747512	248	246	264	233	253	245	230	247	274	272	254	226	282	262	283	292	268	259	264	235	266	238	255	287	263	301	262	303	291	294	272	283	251	337	328	322	316	336	324	291	306	319	327	295	376	356	376	60	343	388	377	383	376	386	355	486	492	431	507	476	479	527	551	480	505	492	874	891	833	770	824	832	888	910	866	859	859	2537	2663	2795	2388	2256	2292	2431	2754	2301	2494	2611	32767	30733	32767	32767	19637	32767	32767	32767	32767	22407	32767	2603	3092	3360	3371	3379	3006	3198	3522	3465	3139	2756	680	712	746	786	870	885	870	842	843	868	716	
1580.56062497511	218	251	228	244	227	240	240	222	263	228	192	270	274	258	243	266	284	258	296	247	267	246	274	294	319	267	274	306	298	289	294	304	285	304	312	336	329	315	322	330	348	321	346	332	389	397	389	37	395	383	375	421	364	397	397	499	456	512	489	482	532	548	505	544	531	538	818	901	934	846	879	923	912	903	889	922	939	2643	2617	2877	2365	2206	2436	2670	2784	2404	2588	2930	32767	30746	32767	32767	19767	32767	32767	32767	32767	22422	32767	2771	3149	3376	3490	3347	3108	3336	3710	3655	3296	2943	725	708	800	824	881	922	898	861	873	882	808	
1582.16859372511	253	244	232	237	251	258	266	283	245	264	241	262	244	256	252	264	275	275	261	284	288	269	292	298	297	270	308	306	300	309	326	300	312	365	323	352	359	316	303	331	324	347	336	324	370	385	396	59	418	396	437	408	432	443	420	570	514	481	495	505	543	557	600	546	572	569	969	930	1023	868	890	947	967	1014	990	951	952	2823	2857	3167	2688	2466	2572	2959	3057	2768	3017	3167	32767	31226	32767	32767	19946	32767	32767	32767	32767	23112	32767	2965	3405	3665	3681	3596	3262	3505	3740	3617	3515	3129	774	771	824	871	900	966	959	937	907	909	885	
1583.77593747511	237	282	266	269	250	254	223	285	276	255	237	260	293	291	250	284	262	292	292	290	279	264	282	304	321	300	310	333	327	310	317	305	308	365	336	361	361	331	379	350	341	344	333	353	405	420	382	52	447	411	425	415	479	429	407	534	533	540	557	580	601	623	633	601	624	598	1021	1019	1023	1025	1054	1036	1059	1138	1066	1169	1136	3211	3234	3495	2973	2781	2929	3170	3446	3038	3297	3524	32767	32767	32767	32767	21165	32767	32767	32767	32767	24000	32767	3337	3662	3980	3998	3947	3396	3775	4182	3927	3761	3419	824	863	890	973	1005	1056	1045	1030	967	944	956	
1585.38296872511	291	268	244	249	259	284	260	273	218	276	250	300	309	318	270	272	303	294	298	286	306	314	342	303	339	338	321	322	346	320	333	322	350	390	384	352	357	341	355	379	411	371	380	367	445	454	433	55	453	504	427	432	438	423	481	665	654	645	641	594	652	682	689	636	684	698	1190	1258	1161	1134	1208	1199	1177	1221	1228	1178	1233	3741	3828	3906	3432	3188	3251	3705	3824	3503	3803	4047	32767	32767	32767	32767	22711	32767	32767	32767	32767	25283	32767	3554	4045	4419	4481	4367	3817	4280	4400	4331	4245	3855	931	1057	1012	1082	1081	1148	1156	1140	1031	1023	1116	
1586.98953122511	300	271	272	257	270	285	257	282	247	278	268	274	308	278	301	333	328	271	304	294	304	324	340	370	352	383	354	321	338	323	352	341	335	416	425	402	389	442	396	385	399	405	408	343	493	520	527	59	488	509	501	532	499	510	506	760	721	706	722	717	743	700	803	744	746	789	1376	1383	1337	1316	1343	1457	1421	1434	1464	1493	1469	4285	4312	4539	3995	3727	3895	4070	4502	4118	4416	4686	32767	32767	32767	32767	24255	32767	32767	32767	32767	27466	32767	4298	4757	4941	4984	4840	4333	4672	5037	4870	4717	4429	1117	1157	1158	1201	1264	1288	1178	1194	1273	1189	1229	
1588.59546872511	251	270	298	310	294	265	285	276	302	292	271	329	307	327	314	360	312	329	327	299	333	312	368	380	363	362	384	351	357	351	393	353	355	410	442	418	448	418	416	448	445	428	413	438	575	590	569	61	517	555	598	519	566	588	617	909	856	792	801	805	887	845	883	864	877	848	1648	1567	1628	1534	1598	1587	1639	1623	1673	1713	1794	5128	5248	5288	4667	4417	4586	4919	5128	4845	5272	5595	32767	32767	32767	32767	25647	32767	32767	32767	32767	29238	32767	5052	5286	5738	5827	5394	4899	5357	5631	5321	5401	5170	1395	1300	1362	1433	1485	1450	1405	1352	1441	1406	1367	
1590.20046872512	287	327	281	282	299	273	291	294	300	298	342	378	357	366	357	343	329	357	325	344	357	347	420	387	403	402	372	359	379	422	370	398	390	474	435	487	493	480	461	458	434	490	480	452	613	615	629	61	648	635	605	650	655	641	633	891	919	899	901	870	969	935	977	966	971	951	1824	1771	1931	1775	1781	1753	1859	1999	1920	1994	1983	5782	5844	6042	5343	5124	5276	5647	5916	5522	6025	6558	32767	32767	32767	32767	27082	32767	32767	32767	32767	31025	32767	5676	5954	6476	6509	5933	5451	5844	6304	5979	6135	5987	1504	1446	1576	1610	1595	1669	1535	1536	1622	1525	1566	
1591.80546872511	360	315	284	297	308	307	313	291	327	300	317	358	364	353	360	382	348	382	373	344	317	306	387	409	428	413	405	418	391	372	425	418	382	509	512	492	492	530	543	508	511	526	494	470	683	693	703	70	666	712	688	683	708	665	688	1020	1051	992	1005	1015	1095	1025	1067	1031	1081	1074	2140	2010	2025	1973	1951	2006	2051	2123	2070	2209	2169	6498	6458	6774	5933	5620	5960	6102	6359	6118	6655	7429	32767	32767	32767	32767	27292	32767	32767	32767	32767	30768	32767	6188	6508	7070	6999	6351	5855	6451	6721	6377	6656	6576	1749	1689	1724	1752	1805	1729	1825	1724	1798	1667	1767	
1593.41015622511	313	308	332	331	338	317	291	307	342	307	297	337	394	374	390	379	374	368	358	325	342	340	455	395	424	406	427	398	406	416	409	447	416	542	520	532	531	485	510	504	538	560	488	515	680	708	673	68	652	653	739	651	663	675	701	1021	1022	1062	1026	1058	1085	1090	1091	1137	1112	1079	2186	2053	2119	2053	2003	2052	2177	2216	2095	2300	2255	6636	6593	6523	6040	5830	5909	6276	6291	6246	6791	7340	32767	32767	32767	32767	24905	32767	32767	32767	32767	28237	32767	6262	6514	6963	6960	6368	5860	6368	6654	6340	6528	6315	1771	1680	1760	1731	1791	1853	1743	1746	1683	1806	1729	
1595.01437497511	304	314	303	291	293	317	332	328	340	298	272	362	343	344	376	354	364	372	354	330	313	373	429	409	400	398	465	408	394	397	413	410	400	488	508	511	471	511	468	513	463	476	476	537	623	625	659	63	584	611	703	643	639	649	629	1015	964	985	942	938	1029	976	1019	982	1054	1036	1905	1833	1911	1810	1812	1839	1941	1964	2015	1977	2018	5710	5560	5700	5159	5066	5082	5495	5700	5439	5727	6356	32767	31233	32767	32767	21676	32767	32767	32767	32767	24913	32767	5324	5679	6170	6027	5664	5232	5576	5903	5506	5616	5470	1486	1560	1591	1551	1632	1663	1525	1525	1527	1536	1586	
1596.61812497512	306	289	291	283	315	308	293	317	290	274	271	326	333	300	339	328	324	330	335	310	338	295	357	356	346	378	363	351	356	363	367	373	354	431	415	419	423	408	430	412	451	440	416	439	541	559	517	58	552	586	538	570	539	534	539	759	790	792	793	766	819	815	883	828	839	853	1535	1574	1490	1479	1412	1543	1547	1481	1546	1547	1570	4371	4507	4547	3950	3829	3933	4194	4373	4296	4505	4808	30428	27282	32639	32767	18438	29742	31493	32256	32767	21302	32767	4252	4399	4755	4827	4602	4233	4375	4732	4554	4452	4285	1178	1138	1244	1270	1322	1274	1224	1247	1183	1270	1237	
1598.22078122511	271	253	251	268	278	243	260	261	261	275	261	307	311	282	315	330	295	281	298	293	272	305	279	335	306	312	300	304	304	330	317	345	296	390	371	376	378	348	355	405	363	398	374	374	420	451	431	38	444	430	485	478	437	479	466	654	665	668	637	623	711	664	666	686	710	661	1207	1161	1155	1162	1164	1141	1177	1213	1265	1296	1227	3303	3366	3521	3064	2886	3086	3215	3479	3247	3587	3787	27731	24509	29117	32767	16082	27027	28583	28048	30017	18964	32767	3163	3562	3854	3923	3767	3513	3661	3874	3737	3584	3356	903	923	981	1029	1057	1017	1024	999	1036	993	1012	
1599.82359372511	239	230	245	241	269	241	276	267	256	240	261	260	283	275	285	277	284	263	274	261	256	261	309	290	294	286	324	327	310	320	298	310	277	329	342	320	326	356	299	334	342	352	352	317	387	379	418	41	452	389	429	414	415	375	432	559	565	560	520	559	523	514	599	588	579	567	947	942	940	920	946	1012	1008	1047	1054	1043	1024	2797	2739	2934	2425	2328	2534	2693	2853	2775	2947	2968	25320	22237	26493	32767	14697	25118	26381	25922	27815	17004	32767	2669	2988	3214	3281	3275	3055	3226	3367	3374	3071	2729	740	764	766	843	872	949	859	924	891	849	735	
1601.42593747511	249	251	238	245	205	252	199	241	266	217	258	268	254	239	265	244	238	261	268	261	306	293	278	308	270	271	269	299	326	257	295	283	298	301	297	366	333	339	348	335	309	301	360	313	405	379	358	32	376	382	349	400	387	409	365	512	507	521	479	484	512	512	518	560	523	530	862	866	866	790	845	869	888	894	889	900	878	2290	2448	2631	2268	2025	2188	2376	2526	2429	2537	2589	23702	20981	24989	32767	13437	23866	24908	23676	25819	15855	32767	2382	2740	2866	2924	2924	2703	2764	3126	2895	2672	2453	618	640	729	807	754	869	803	803	796	803	751	
1603.02703122511	223	219	252	226	246	217	231	231	234	230	242	245	241	253	264	239	245	261	272	281	249	252	296	262	264	285	294	297	283	281	305	250	287	297	343	315	285	306	292	338	323	303	299	308	373	353	343	40	393	395	399	366	377	346	343	465	490	458	458	467	489	464	506	538	482	512	780	784	889	835	741	762	891	786	853	839	860	2219	2267	2419	1995	1941	2061	2224	2353	2264	2321	2504	22496	19947	24057	32767	12749	22151	23426	22185	24172	14715	32767	2178	2404	2766	2779	2746	2509	2617	2850	2766	2557	2172	612	636	675	662	683	765	747	771	757	672	680	
1604.62859372511	236	230	248	244	225	222	245	239	238	225	241	262	246	269	234	251	226	247	295	225	241	235	284	234	272	264	249	285	289	289	288	266	278	291	281	307	284	309	289	303	254	307	332	318	351	329	332	24	353	362	352	325	348	385	344	436	429	456	428	424	475	431	491	497	433	443	709	772	782	716	723	757	790	810	775	745	813	2033	2062	2293	1871	1823	1929	2017	2298	2108	2197	2264	21567	18679	22921	32767	11872	21645	22556	21382	23010	14381	32767	1967	2308	2504	2578	2690	2420	2501	2797	2651	2341	2039	579	566	567	661	670	700	680	743	653	650	630	
1606.22874997511	225	244	246	208	235	237	222	237	205	212	234	211	239	247	242	242	282	265	239	250	243	230	274	246	278	263	268	257	265	269	281	273	247	287	316	295	328	274	305	275	318	272	292	289	329	340	345	49	310	339	354	336	338	347	355	397	442	435	418	421	464	432	465	423	421	397	713	718	758	688	679	728	753	769	781	768	786	2001	2043	2107	1833	1669	1785	1923	2076	2053	2029	2086	20866	18226	21685	32153	11404	20734	21582	20513	21888	13633	32767	1919	2192	2486	2454	2552	2396	2415	2638	2523	2288	1983	537	527	551	605	676	721	695	663	671	634	626	
1607.82937497511	193	238	222	216	216	239	222	225	243	221	211	245	250	251	265	255	226	229	267	245	259	252	253	266	269	289	241	253	284	246	292	251	251	334	286	302	262	272	284	299	289	277	266	309	348	308	341	39	346	331	354	333	355	312	341	428	426	398	433	430	434	486	427	413	433	429	695	713	760	695	640	707	755	763	718	724	747	1898	1959	2057	1741	1644	1743	1989	2068	1877	1997	2097	20216	17539	21153	31020	10906	19806	20668	19324	20982	13097	32767	1895	2120	2268	2485	2460	2138	2345	2598	2455	2145	1996	498	527	569	617	610	646	683	659	649	637	609	
1609.42937497511	218	230	225	240	228	232	231	241	216	217	251	252	221	237	238	252	243	275	255	243	253	260	271	246	242	244	256	266	247	235	260	245	283	303	299	281	301	309	284	269	293	274	301	293	333	339	325	52	309	333	364	306	324	333	299	428	402	393	417	436	427	421	449	450	457	446	666	704	653	670	647	637	692	757	726	694	743	1932	1834	2018	1847	1633	1683	1906	1992	1886	1962	1981	19766	17093	20511	30115	10799	19142	20180	18437	20303	12848	32767	1890	2085	2245	2388	2435	2150	2383	2435	2423	2128	1897	522	510	554	596	618	669	616	687	643	677	600	
1611.02828122512	233	245	206	223	251	241	230	231	202	234	229	212	255	250	242	226	256	268	220	230	268	252	245	253	267	265	288	226	260	242	251	249	258	297	282	281	314	272	296	281	294	320	308	300	353	343	329	59	319	328	326	325	337	331	325	406	434	419	368	449	403	413	387	422	416	425	706	682	729	639	643	678	702	666	674	725	717	1865	1819	2020	1671	1586	1683	1864	1896	1813	1972	1984	19461	16901	20115	29440	10643	18892	19710	18100	19661	12411	32629	1783	2075	2228	2326	2387	2095	2288	2457	2337	2026	1817	491	518	538	591	579	694	633	609	615	603	563	
1612.62749997511	226	265	212	267	228	253	219	209	241	238	203	243	247	243	265	239	205	241	234	207	226	247	282	243	262	265	272	259	237	261	279	255	223	283	270	270	294	299	279	280	302	326	283	276	362	315	321	45	336	352	359	327	337	330	334	413	403	459	442	426	427	419	406	407	433	445	674	692	724	633	644	667	713	703	709	727	680	1811	1835	2056	1705	1551	1625	1845	1959	1923	1921	2065	19091	16937	19914	29126	10383	18436	19269	17813	19246	12419	31893	1788	2030	2119	2254	2338	2107	2206	2335	2217	2007	1788	479	458	518	586	585	636	634	645	623	640	557	
1614.22546872511	239	224	202	232	215	229	209	222	201	198	206	260	250	239	250	240	225	248	260	246	264	240	285	261	291	235	225	256	296	290	268	242	284	287	320	303	289	291	294	304	294	279	260	293	345	348	301	31	334	330	282	347	342	321	306	395	432	431	403	375	416	455	443	373	425	429	629	637	729	647	620	663	724	705	673	696	661	1817	1816	2011	1674	1535	1609	1792	1889	1864	1906	2007	18612	16567	19600	27985	9966	18253	18608	17070	18747	12076	31744	1734	2038	2120	2274	2434	2034	2148	2417	2242	1953	1763	489	486	496	540	621	617	617	582	621	631	534	
1615.82296872512	224	244	217	239	214	221	212	228	220	195	237	256	260	213	263	244	258	238	229	270	270	263	279	227	261	278	268	260	256	265	246	266	260	252	327	283	303	306	302	283	307	309	281	293	309	345	365	64	344	337	339	340	323	322	354	444	427	387	405	431	407	422	396	439	437	438	664	684	716	627	617	677	668	673	655	688	667	1750	1774	1868	1596	1518	1581	1877	1919	1824	1748	1956	18631	16043	18885	27602	9847	17745	18297	16779	18383	11965	31000	1714	1981	2110	2174	2324	2010	2105	2323	2126	1960	1822	472	474	496	577	606	621	601	638	628	612	527	
1617.42062497511	225	235	219	213	223	217	211	229	243	213	231	258	245	253	236	227	252	262	261	239	222	243	251	231	240	287	266	239	271	242	225	266	249	296	294	307	290	272	303	298	309	288	267	283	350	293	329	35	325	317	316	317	296	354	331	423	436	379	442	403	421	431	439	461	419	411	687	647	649	629	626	637	661	649	658	714	694	1766	1763	1906	1557	1497	1564	1823	1905	1785	1871	1955	17700	15939	18654	27098	9595	17542	18311	16413	18225	11668	30277	1701	1944	2072	2183	2307	1992	2112	2313	2094	1961	1767	460	496	519	537	571	651	612	612	603	545	548	
1619.01734372511	231	223	214	221	238	203	238	220	216	222	239	250	269	248	228	243	241	231	249	214	238	248	293	266	269	250	251	238	259	259	271	263	263	280	264	314	290	269	299	297	281	313	288	279	309	309	323	35	340	339	314	320	313	327	335	402	427	406	384	361	388	400	409	383	435	423	667	654	706	650	628	707	649	681	680	691	608	1756	1759	1890	1574	1510	1498	1764	1918	1736	1755	1841	17432	15323	18417	26252	9473	17097	17509	16128	17523	11556	29453	1719	1872	2099	2085	2304	1890	1971	2248	2073	1837	1742	450	471	495	541	584	621	590	602	589	527	567	
1620.61421872512	216	235	217	234	214	230	229	229	235	236	229	242	261	226	212	285	235	261	224	250	224	269	266	260	263	270	263	253	255	227	279	244	274	317	325	294	292	283	305	300	287	283	307	290	284	345	359	61	345	305	307	318	309	330	335	413	403	380	354	389	378	411	423	383	411	417	652	642	651	597	623	597	658	668	639	686	711	1654	1785	1888	1565	1504	1511	1687	1743	1741	1734	1765	16999	15217	17907	26025	9298	16793	17199	15576	17569	11266	28738	1657	1920	2017	2122	2189	1910	1951	2182	2098	1869	1670	482	473	482	525	575	641	606	572	596	564	523	
1622.20984372512	235	212	239	225	202	200	216	231	256	222	190	225	230	249	244	226	234	243	233	244	237	262	262	248	279	253	280	267	262	267	262	272	263	284	277	290	295	285	288	270	290	254	260	279	301	327	302	39	317	299	288	316	293	380	307	388	386	405	396	358	413	434	463	378	405	378	634	637	649	618	608	644	646	673	640	652	673	1699	1665	1833	1522	1504	1458	1648	1806	1689	1689	1792	16421	14692	17364	24941	9041	16535	17015	15296	17028	11140	28078	1619	1847	1933	2042	2102	1979	1971	2223	2035	1893	1632	434	493	458	511	574	611	566	532	531	565	542	
1623.80499997511	218	210	223	216	229	211	217	190	254	240	238	228	229	237	204	208	221	229	249	235	202	281	260	263	251	240	251	279	281	280	260	265	248	293	282	268	281	282	245	274	272	261	272	273	309	308	291	44	318	338	297	340	304	329	305	396	414	396	391	401	384	401	382	386	420	402	630	635	691	605	591	633	638	636	676	667	639	1667	1681	1750	1537	1396	1503	1648	1778	1653	1810	1780	16136	14303	17016	24607	8795	16007	16729	15078	16640	10867	27625	1642	1833	1979	2071	2090	1867	2006	2125	1882	1771	1610	451	486	489	508	537	575	564	588	530	511	531	
1625.39984372512	220	243	203	218	234	241	204	201	215	217	239	243	276	231	239	233	253	225	251	225	246	247	263	238	271	267	264	281	264	213	258	258	230	277	269	263	292	303	277	275	312	305	302	304	313	303	311	43	293	344	291	323	307	325	331	399	400	375	400	392	388	395	412	413	410	391	617	605	640	558	606	651	663	632	623	621	671	1621	1602	1825	1506	1353	1475	1641	1753	1600	1707	1771	15945	14289	16708	23916	8590	15731	16449	14721	16395	10645	27162	1602	1802	1967	2097	2098	1928	1849	2090	1909	1814	1553	451	419	478	539	523	567	564	580	576	506	513	
1626.99484372512	224	227	220	230	210	201	208	218	230	206	203	237	250	243	254	267	235	178	255	236	240	219	275	268	233	249	251	273	250	277	256	239	250	269	261	291	258	278	282	281	272	279	259	270	317	304	336	50	316	317	339	312	311	336	317	371	390	369	429	413	383	387	407	397	387	375	600	635	640	588	627	597	668	607	658	610	652	1596	1605	1746	1461	1403	1394	1679	1770	1621	1684	1765	15368	14058	16193	23241	8378	15392	16000	14477	15750	10401	26727	1524	1730	1876	1974	2065	1845	1865	2072	1901	1745	1555	407	437	483	487	533	601	570	553	539	539	450	
1628.58874997511	176	228	248	195	219	224	219	241	205	198	228	224	241	232	224	226	227	238	227	269	229	237	272	267	284	239	248	300	271	252	261	249	265	287	267	267	281	289	251	299	269	270	299	263	291	306	305	39	325	294	309	314	333	320	286	387	375	404	382	408	425	411	383	386	413	366	613	609	633	600	590	615	660	682	628	619	591	1547	1563	1731	1402	1346	1409	1604	1751	1522	1629	1771	14851	13590	15993	22586	8125	14865	15859	13939	15565	9985	26178	1497	1787	1857	1934	2040	1744	1865	2019	1868	1816	1545	453	447	456	510	519	503	507	561	524	526	475	
1630.18218747511	218	212	211	195	214	197	221	237	205	194	207	225	235	221	247	239	231	230	239	251	248	223	214	247	238	249	263	258	231	244	245	226	250	242	303	269	283	293	306	268	314	302	278	262	313	298	283	52	289	309	332	319	307	303	335	377	362	371	378	391	392	408	434	420	393	355	611	605	627	589	559	588	636	669	612	579	604	1584	1591	1654	1435	1339	1388	1559	1575	1484	1592	1640	14793	13499	15498	22447	7878	14887	14985	13448	15163	9997	25594	1477	1674	1886	1926	1909	1797	1791	2057	1834	1659	1529	428	422	449	491	503	558	535	516	549	510	479	
1631.77499997511	229	229	225	204	234	192	209	198	216	224	230	232	223	263	239	226	255	233	235	224	257	241	280	270	240	252	235	267	269	288	243	249	268	276	244	301	284	258	252	267	263	248	270	317	371	285	303	59	284	293	330	293	318	319	322	376	356	353	389	387	382	389	443	384	386	408	574	596	618	605	580	585	639	607	623	641	622	1515	1493	1660	1430	1310	1403	1560	1644	1472	1531	1666	14409	13204	15180	21661	7643	14244	14731	13136	14813	9611	24533	1480	1744	1834	1888	1872	1757	1745	1815	1793	1680	1438	433	419	454	463	498	523	498	516	504	495	419	
1633.36749997511	237	217	245	208	211	209	214	230	223	207	210	253	253	233	222	245	208	239	247	214	250	229	221	226	246	234	223	280	229	254	231	277	235	253	248	266	264	280	278	258	266	251	277	263	302	301	277	54	289	317	300	304	292	269	307	374	344	365	377	391	392	416	365	366	361	337	589	617	583	564	582	584	585	603	598	576	642	1514	1535	1647	1437	1332	1366	1621	1638	1407	1559	1681	13935	12489	14898	21216	7556	13913	14216	12653	14368	9500	24033	1443	1584	1799	1817	1837	1653	1732	1867	1757	1633	1520	417	454	468	494	496	495	494	513	513	490	471	
1634.95953122511	217	206	207	221	197	192	219	211	227	194	192	239	220	241	226	242	242	212	236	228	235	219	202	255	255	244	245	238	245	265	242	241	238	257	273	265	275	247	299	273	270	291	276	257	308	291	331	41	323	316	321	329	294	304	327	359	374	355	346	378	357	425	405	360	370	390	622	610	639	528	602	525	644	629	591	614	613	1554	1535	1626	1410	1319	1321	1510	1602	1425	1558	1649	13766	12444	14818	20603	7511	13686	14035	12530	13968	9126	24128	1437	1675	1740	1839	1854	1698	1673	1791	1692	1531	1465	446	410	438	472	457	477	504	505	493	494	463	
1636.55187497512	205	230	211	217	236	194	201	211	230	217	221	269	235	247	208	233	265	239	231	223	223	265	273	216	235	243	250	255	262	217	249	275	249	282	262	288	276	267	261	296	283	299	252	250	298	288	329	50	271	325	309	282	281	314	321	364	366	398	383	352	389	401	356	409	404	384	590	591	621	554	568	594	607	628	580	605	587	1533	1567	1605	1385	1269	1379	1522	1582	1413	1525	1574	13752	12288	14479	20398	7437	13547	13616	12400	13804	9316	23262	1529	1558	1807	1807	1814	1645	1633	1798	1675	1601	1438	431	387	479	453	505	487	490	489	509	491	447	
1638.14296872511	226	198	215	208	231	210	225	229	223	202	209	233	232	237	231	237	223	221	261	214	251	231	242	213	291	263	249	255	236	242	260	269	304	265	281	264	282	301	270	279	266	278	285	252	303	302	288	46	285	328	289	336	288	312	284	373	382	362	360	377	393	396	381	382	395	399	605	601	612	544	573	582	579	628	626	586	609	1537	1565	1571	1376	1314	1405	1556	1563	1462	1516	1647	13337	12316	14288	20203	7226	13372	13840	12079	13711	9131	22923	1475	1619	1739	1813	1804	1609	1587	1735	1665	1575	1452	431	412	454	473	481	526	494	475	493	461	427	
1639.73359372511	232	225	205	216	215	239	229	177	195	200	217	234	225	220	209	239	245	233	252	257	221	268	253	255	244	238	247	241	257	243	246	219	257	242	253	247	260	269	265	285	304	289	259	274	290	317	297	51	324	309	300	313	279	319	294	357	378	381	368	341	387	363	385	340	374	387	610	605	609	582	562	589	658	634	586	578	590	1530	1546	1633	1430	1237	1362	1454	1567	1404	1521	1606	13468	12127	14059	19778	7263	13513	13560	12150	13500	8957	22572	1416	1589	1773	1884	1800	1604	1594	1799	1712	1495	1354	429	422	470	426	475	451	500	524	444	431	418	
1641.32390622511	197	219	191	207	228	208	203	219	237	230	207	234	239	237	227	250	243	216	249	230	248	207	231	250	236	246	240	254	230	268	248	242	245	275	265	275	286	274	236	292	271	260	269	257	282	285	287	37	314	324	314	285	300	310	304	339	386	360	368	395	397	379	398	396	392	360	579	601	621	523	570	598	602	639	602	582	630	1512	1534	1554	1349	1256	1457	1506	1557	1410	1522	1593	13267	11941	13916	19303	6999	13210	13420	11771	13287	8812	22170	1386	1632	1759	1840	1788	1594	1537	1785	1681	1588	1320	429	451	426	452	461	529	486	452	453	480	440	
1642.91359372511	230	211	210	213	200	228	219	221	189	201	213	235	211	230	208	226	219	229	205	230	191	218	241	237	251	243	251	276	229	263	258	198	220	261	256	274	282	281	290	295	264	312	275	279	294	296	324	48	324	312	324	309	298	286	284	367	348	390	359	365	349	358	367	417	402	348	623	601	595	574	578	549	614	581	545	596	640	1518	1551	1547	1334	1249	1384	1511	1474	1428	1520	1638	12899	11893	13965	19177	7174	13073	13176	11463	13012	8673	22062	1385	1627	1713	1730	1872	1588	1618	1787	1602	1536	1391	409	428	485	457	480	463	486	460	454	414	447	
1644.50296872511	221	217	228	222	242	214	211	210	217	206	202	253	232	244	259	238	241	266	243	262	225	240	261	279	253	238	250	234	249	222	238	281	225	264	261	291	251	263	281	271	274	273	262	296	315	307	314	59	291	326	289	312	307	290	313	343	377	379	383	364	366	343	388	382	375	419	593	578	604	514	603	592	651	623	587	590	636	1536	1461	1562	1360	1260	1383	1441	1509	1381	1485	1635	12625	11586	13561	19109	6835	12832	12982	11427	12948	8610	21664	1376	1547	1704	1738	1766	1561	1582	1761	1631	1486	1349	400	406	431	431	465	492	477	473	487	445	455	
1646.09171872511	199	235	216	220	210	236	207	201	233	210	189	227	220	246	231	253	255	222	252	187	250	241	259	229	238	253	248	247	258	254	244	253	244	270	248	253	279	255	293	228	276	268	264	252	323	277	321	41	291	294	314	301	311	284	315	360	360	348	366	343	370	362	360	376	380	345	579	584	601	592	562	581	554	629	608	586	611	1458	1539	1567	1367	1315	1265	1452	1528	1427	1487	1637	12736	11341	13574	18500	6914	12817	12810	11223	12716	8213	21507	1405	1504	1662	1771	1744	1514	1557	1758	1559	1512	1333	408	389	420	427	449	473	471	491	487	419	432	
1647.67937497511	214	205	181	213	191	225	188	215	211	227	204	243	261	253	239	243	235	238	267	229	238	221	249	223	243	211	246	238	254	260	257	251	260	253	249	241	277	252	267	256	281	267	275	281	341	302	282	47	321	332	314	310	337	300	316	405	342	379	357	340	400	375	388	376	367	392	524	612	585	528	545	581	561	611	581	604	595	1456	1450	1609	1286	1269	1338	1478	1607	1380	1454	1671	12219	11244	13156	18179	6662	12353	12450	11011	12458	8315	21239	1469	1523	1719	1675	1742	1534	1539	1633	1518	1495	1345	424	407	388	460	488	460	453	480	433	409	457	
1649.26734372511	216	229	233	192	197	209	217	216	215	213	216	244	206	225	237	240	229	217	217	241	221	195	247	247	239	220	273	257	243	232	260	257	255	271	244	285	251	269	292	249	264	272	259	250	323	288	295	46	281	305	299	285	315	309	322	352	369	357	359	392	386	371	417	368	371	356	540	541	597	568	560	603	631	590	587	610	565	1499	1394	1582	1271	1234	1392	1471	1536	1447	1427	1639	12019	11085	13214	18014	6662	12282	12519	10838	12434	8160	20919	1299	1530	1604	1731	1665	1458	1529	1676	1530	1505	1287	435	424	404	443	441	479	446	455	454	431	415	
1650.85484372511	224	201	207	248	205	221	215	229	222	183	241	222	225	240	238	257	225	217	245	213	249	225	238	241	250	251	251	238	217	254	278	241	241	266	259	249	250	244	274	270	254	260	279	278	300	263	297	50	287	310	320	288	269	296	291	340	401	353	397	354	404	388	396	365	378	352	544	614	595	525	557	583	597	596	590	610	585	1446	1413	1557	1320	1194	1291	1450	1481	1355	1526	1611	11766	10947	12772	17838	6630	12110	12210	10792	12619	8103	20827	1302	1447	1631	1706	1692	1492	1484	1629	1509	1404	1263	399	390	421	425	453	457	476	436	441	429	442	
1652.44187497511	215	193	231	241	182	217	228	196	189	229	217	218	204	235	251	210	224	233	239	238	216	201	237	251	239	218	257	255	246	267	246	248	266	237	259	256	282	237	266	271	260	249	259	261	291	334	299	31	309	314	299	316	313	295	281	381	415	374	355	375	375	378	360	373	373	373	589	583	595	551	571	559	516	591	564	575	614	1489	1474	1532	1264	1170	1305	1409	1448	1388	1450	1550	11638	10946	12747	17641	6662	11891	12045	10744	12317	7973	20140	1337	1448	1502	1627	1635	1455	1508	1622	1460	1416	1336	397	393	412	408	411	476	438	450	435	431	356	
1654.02843747511	211	191	219	205	225	204	203	229	221	191	224	208	236	230	176	233	237	243	211	251	219	217	228	252	276	257	242	265	239	260	252	239	238	252	283	272	260	272	262	279	285	289	271	251	300	297	310	54	285	283	276	299	307	284	307	375	389	343	341	384	363	371	384	357	350	387	548	639	582	498	571	550	568	604	549	588	617	1421	1434	1459	1304	1170	1333	1326	1416	1341	1406	1565	11371	10698	12267	17253	6418	11772	12200	10514	12071	7912	20060	1272	1384	1480	1579	1591	1389	1503	1541	1538	1443	1292	385	404	402	426	477	470	458	463	466	411	413	
1655.61453122511	221	209	226	207	233	213	212	228	217	209	200	245	245	224	232	226	197	227	238	256	245	222	245	271	250	255	241	224	229	243	270	207	229	261	257	261	256	269	261	239	256	258	264	251	314	289	284	55	301	304	311	305	289	287	269	363	341	323	364	329	349	372	386	364	393	341	566	577	514	544	572	587	560	594	609	563	556	1398	1417	1517	1251	1190	1295	1346	1437	1305	1410	1555	11146	10378	12238	16883	6337	11635	11810	10547	12209	7709	20175	1234	1449	1489	1592	1541	1450	1457	1590	1448	1398	1266	393	391	391	409	446	460	437	471	458	467	382	
1657.19953122511	215	213	210	223	194	215	213	221	196	189	236	232	232	228	224	228	247	232	216	217	251	220	261	268	226	273	259	250	264	268	243	259	243	241	279	282	274	284	246	241	271	242	297	272	259	282	312	44	304	300	319	302	317	281	303	366	344	372	377	311	341	339	396	365	371	383	572	582	571	516	530	585	569	620	588	580	563	1463	1351	1465	1244	1207	1186	1370	1482	1282	1435	1513	11168	10327	11903	16486	6340	11577	11743	10327	11946	7722	19848	1250	1434	1535	1525	1551	1356	1471	1556	1513	1371	1282	384	362	380	398	411	414	444	429	425	375	389	
1658.78468747511	190	210	196	222	217	214	209	215	235	218	218	260	214	206	229	227	216	246	241	226	236	254	203	250	225	212	258	242	240	232	269	213	262	226	271	219	269	307	287	270	268	293	268	255	308	299	314	58	297	311	301	325	292	292	289	335	377	387	329	351	327	344	367	360	342	387	503	550	581	533	539	533	549	569	581	569	598	1326	1343	1481	1248	1202	1179	1385	1459	1244	1378	1554	10802	9915	11763	16272	6069	11502	11460	10265	11782	7535	19646	1243	1309	1458	1540	1536	1371	1425	1595	1481	1333	1223	360	398	398	430	450	427	471	437	451	401	409	
1660.36953122511	189	211	206	218	205	206	208	212	193	210	207	200	221	218	188	285	193	246	215	229	216	200	227	225	238	246	244	213	223	249	246	273	213	252	242	253	261	238	277	287	241	267	267	244	303	300	310	44	308	259	312	283	280	300	297	356	346	349	357	336	378	376	371	379	339	355	602	548	539	498	528	534	582	562	546	597	563	1327	1299	1431	1195	1086	1212	1315	1443	1202	1389	1579	10770	9892	11565	16021	5895	11252	11295	9861	11447	7451	19128	1245	1455	1470	1493	1561	1250	1377	1543	1425	1303	1205	381	388	375	395	398	454	419	456	389	398	365	
1661.95312497511	192	218	201	202	182	205	207	221	217	229	229	201	211	212	207	229	235	219	230	213	201	224	258	216	209	251	240	252	232	238	258	227	253	269	282	253	271	280	261	254	262	253	247	260	249	282	297	46	326	326	263	305	290	305	289	362	310	363	356	340	353	343	389	355	358	356	535	591	529	473	522	534	573	520	560	589	591	1376	1303	1416	1202	1150	1194	1303	1412	1268	1330	1495	10351	9562	11212	15634	5815	11056	10996	9685	11242	7173	18491	1194	1309	1459	1514	1491	1309	1334	1519	1360	1299	1235	374	364	390	366	407	404	435	402	406	381	381	
1663.53703122511	209	224	176	175	183	216	211	185	200	183	210	242	239	223	192	255	206	247	223	218	228	221	245	255	239	243	237	232	215	220	235	227	234	232	264	272	250	267	291	275	265	265	274	266	282	273	309	24	269	278	280	280	306	294	284	349	370	346	321	311	366	326	347	332	350	374	500	553	484	496	467	535	528	518	516	546	547	1354	1310	1442	1175	1064	1138	1325	1365	1209	1302	1405	10378	9502	11156	15212	5761	10693	10877	9451	11089	7164	18302	1148	1351	1384	1511	1398	1269	1322	1414	1346	1349	1186	385	370	400	374	429	452	438	419	419	399	392	
1665.12046872511	214	201	198	216	195	189	210	221	204	186	206	207	213	223	229	247	213	229	224	216	223	208	231	241	237	231	239	237	235	221	231	240	226	257	227	249	261	238	245	264	250	282	253	263	288	257	293	57	273	280	294	272	297	334	274	338	346	326	371	342	332	373	389	336	331	380	554	533	514	463	530	518	535	541	527	546	581	1328	1311	1421	1179	1066	1206	1243	1347	1226	1321	1420	10236	9341	10908	15006	5749	10593	10551	9312	10703	6941	18044	1142	1314	1372	1475	1447	1315	1309	1399	1335	1289	1172	355	341	352	397	421	441	429	418	394	416	370	
1666.70265622511	211	192	204	218	208	208	201	214	201	194	238	215	226	230	233	209	202	255	228	199	192	236	250	227	230	237	222	255	231	213	236	220	231	223	260	276	235	269	247	266	275	248	243	243	287	268	278	43	259	290	243	262	274	283	280	346	332	333	315	327	365	346	345	337	336	370	531	529	509	484	503	546	531	532	531	558	532	1317	1299	1337	1146	1105	1122	1206	1323	1212	1260	1415	10200	9249	10892	14873	5659	10642	10405	9182	10645	6799	17727	1232	1225	1357	1455	1388	1283	1287	1452	1289	1239	1161	368	363	362	354	410	383	406	388	384	357	379	
1668.28515622511	213	227	201	187	233	190	197	213	224	202	205	237	227	205	187	226	213	205	214	222	230	200	234	252	252	235	260	217	240	251	234	244	225	239	243	238	227	249	248	267	268	243	278	258	278	280	283	47	275	289	286	307	287	282	290	350	326	336	354	336	306	348	377	364	370	375	514	543	482	477	492	538	515	575	560	570	531	1298	1389	1392	1142	1125	1180	1250	1252	1156	1341	1395	10327	9391	10871	14726	5608	10444	10481	9094	10518	6739	17492	1193	1253	1446	1405	1372	1256	1266	1392	1292	1253	1119	370	326	366	360	444	429	391	385	369	376	369	
1669.86656247511	220	216	183	216	222	179	180	192	202	196	216	214	208	206	244	206	213	222	225	220	217	185	237	218	231	235	205	231	225	243	236	239	241	241	272	244	261	251	219	254	239	262	223	260	259	271	282	54	286	269	301	295	300	281	281	349	337	352	341	329	376	328	323	334	378	315	528	536	508	513	499	507	549	523	508	476	570	1319	1289	1352	1157	1099	1146	1178	1295	1209	1273	1371	10200	9268	10872	14586	5595	10300	10431	9077	10500	6649	17312	1244	1376	1338	1491	1362	1296	1346	1393	1255	1233	1187	336	369	390	378	419	445	373	427	360	353	366	
1671.44812497512	207	205	208	204	206	215	207	204	214	214	206	225	223	249	222	229	216	233	233	205	203	196	233	214	219	251	240	267	258	223	239	226	219	258	250	239	272	244	254	261	246	248	259	256	255	267	298	42	286	282	269	280	281	300	288	374	330	367	353	334	346	365	371	352	331	351	527	549	549	488	518	519	528	527	560	555	527	1390	1296	1353	1168	1106	1114	1175	1292	1210	1211	1329	10120	9304	10816	15115	5685	10488	10408	9207	10569	6492	16799	1213	1327	1400	1519	1389	1228	1296	1406	1282	1171	1167	380	345	410	432	383	386	409	400	430	363	364	
1673.02859372511	182	195	194	228	214	202	196	213	197	197	204	202	200	219	207	194	245	217	251	238	197	229	228	237	226	224	238	225	229	210	241	230	246	230	245	233	269	249	243	261	248	263	247	220	310	301	303	75	265	285	276	299	256	267	297	339	339	364	353	341	345	371	381	350	327	357	558	532	549	529	482	498	544	464	546	477	526	1289	1308	1362	1202	1102	1161	1242	1318	1181	1272	1373	10054	9281	11022	14947	5599	10348	10296	8973	10522	6543	17157	1264	1346	1351	1400	1374	1317	1408	1373	1280	1255	1095	347	348	352	437	418	420	375	417	374	361	393	
1674.60921872511	195	212	196	196	215	227	208	183	214	212	175	213	219	214	236	205	224	200	261	205	206	222	226	239	214	216	243	237	224	244	191	207	223	242	247	261	270	231	266	242	271	264	225	233	309	271	250	55	293	276	276	266	265	281	262	357	333	366	365	341	350	296	346	341	352	355	543	517	524	527	506	509	532	531	514	523	515	1301	1282	1365	1228	1125	1177	1307	1252	1160	1255	1410	10093	9241	10845	14847	5684	10443	10312	9090	10586	6565	17111	1140	1287	1403	1403	1394	1335	1317	1395	1333	1209	1170	415	351	350	376	395	404	386	425	379	377	370	
1676.18874997511	173	210	176	199	211	176	228	208	198	224	219	206	214	229	202	227	171	230	238	220	216	210	221	250	256	226	210	246	261	230	246	220	257	254	260	240	255	267	254	258	236	256	264	254	295	267	310	40	315	293	297	274	261	257	265	406	356	375	349	331	323	352	351	336	351	353	532	496	528	475	459	510	517	504	543	512	559	1348	1285	1327	1200	1089	1165	1230	1320	1278	1315	1381	9950	9190	10840	14838	5588	10638	10326	8957	10626	6590	16967	1219	1315	1424	1436	1391	1281	1297	1370	1296	1220	1177	361	358	368	393	393	442	389	381	407	384	359	
1677.76859372511	222	207	214	187	197	227	219	222	205	191	207	238	192	193	227	234	225	228	205	212	229	251	232	242	256	237	257	243	220	239	223	205	230	254	243	241	228	246	273	259	262	278	251	249	284	297	306	60	294	309	269	275	274	295	295	343	354	346	330	369	344	359	358	368	346	329	488	544	549	532	495	475	513	566	520	491	560	1277	1324	1371	1216	1120	1122	1194	1309	1231	1316	1376	9651	8953	10699	14749	5572	10361	10262	8826	10627	6424	16735	1231	1328	1356	1415	1398	1291	1337	1455	1299	1212	1148	363	360	361	357	416	389	416	414	406	389	384	
1679.34718747511	190	208	197	189	202	220	184	210	178	187	172	210	227	240	192	215	229	213	257	222	232	206	224	236	202	235	239	237	222	244	221	250	247	242	244	250	260	263	241	240	246	227	259	252	287	274	282	51	262	250	260	289	292	282	268	335	349	314	319	339	363	352	353	347	342	356	507	497	572	524	531	517	550	543	546	559	571	1315	1220	1333	1180	1084	1204	1248	1299	1222	1342	1409	9711	8903	10351	14412	5532	10348	10176	9098	10751	6599	16755	1202	1277	1345	1386	1352	1297	1338	1424	1297	1270	1178	368	348	367	345	383	409	412	390	397	353	347	
1680.92546872511	191	184	182	213	225	191	198	190	207	223	201	215	215	246	210	204	217	202	232	206	211	210	241	239	215	250	243	247	246	233	267	234	231	217	255	233	249	256	262	263	274	253	237	242	254	271	275	57	276	282	293	287	264	271	282	342	328	334	368	329	366	382	352	361	349	369	535	538	537	476	481	536	510	551	544	564	547	1223	1323	1290	1171	1156	1146	1223	1366	1208	1340	1427	9497	8764	10302	14314	5558	10393	10010	8886	10606	6589	17055	1207	1239	1350	1382	1461	1332	1404	1377	1354	1251	1199	370	385	366	358	409	382	415	423	408	409	362	
1682.50390622511	219	186	181	188	215	202	214	200	197	184	220	221	220	195	195	215	209	232	221	221	241	246	225	217	245	258	247	227	227	263	248	224	215	240	253	240	222	243	251	239	235	271	272	245	306	263	293	58	286	262	309	246	273	287	289	363	362	316	288	317	362	356	374	350	354	370	528	517	520	515	498	526	542	571	510	548	540	1307	1311	1324	1188	1075	1187	1233	1365	1272	1323	1421	9355	8785	10451	14135	5413	10039	10162	8876	10526	6800	17072	1188	1223	1408	1396	1357	1239	1354	1414	1367	1320	1183	394	393	361	398	381	456	393	395	419	386	397	
1684.08109372512	201	205	197	199	216	209	193	209	198	197	189	212	227	210	261	218	215	196	238	205	231	207	199	218	242	243	226	243	236	258	237	250	237	245	240	250	269	241	245	252	246	262	213	278	301	245	283	33	298	287	286	299	285	269	275	329	315	343	329	341	346	352	351	369	358	332	512	520	552	491	504	557	548	567	560	551	596	1250	1293	1305	1196	1145	1178	1202	1362	1271	1343	1512	9559	8923	10144	14132	5460	10092	10405	8914	10341	6714	16935	1170	1274	1354	1425	1379	1302	1318	1367	1252	1338	1227	378	366	412	381	376	399	411	397	404	397	380	
1685.65796872511	182	209	178	189	165	203	214	190	193	191	220	209	215	191	226	202	217	185	192	211	236	214	251	188	204	213	238	235	239	234	216	234	231	220	243	265	227	251	261	252	242	225	266	249	269	282	279	47	268	287	282	297	299	268	302	346	314	362	360	301	378	351	320	330	385	355	496	481	532	496	469	515	501	518	499	557	569	1316	1317	1319	1184	1103	1129	1245	1311	1271	1355	1434	9434	8649	9887	13796	5544	9932	9915	8761	10360	6644	16956	1211	1242	1398	1447	1369	1217	1318	1421	1271	1273	1204	358	365	346	368	386	413	388	444	404	345	381	
1687.23437497511	239	193	193	194	201	221	205	184	221	197	203	206	210	219	234	216	219	237	220	223	231	230	188	203	194	228	241	220	238	227	244	214	240	237	251	261	210	227	254	231	265	254	271	218	268	283	279	48	268	275	258	269	293	290	306	386	333	317	364	349	343	352	342	353	316	352	543	497	568	482	487	505	509	550	536	518	561	1296	1256	1298	1123	1096	1184	1200	1254	1221	1342	1383	9481	8663	9955	13630	5490	9834	9798	8727	10330	6651	16595	1193	1294	1355	1413	1343	1250	1320	1330	1278	1279	1241	405	351	375	400	421	413	356	407	424	387	414	
1688.81093747511	194	192	196	189	209	199	179	189	177	197	199	222	221	217	214	196	228	226	239	199	226	197	241	199	208	213	205	212	243	248	224	218	239	253	246	249	251	247	250	230	255	259	242	232	284	262	259	38	265	290	287	270	283	287	298	300	346	325	364	322	347	320	351	355	375	343	514	522	549	484	528	517	488	528	556	553	567	1324	1316	1409	1158	1069	1162	1203	1276	1277	1392	1409	9527	8690	10018	13930	5352	9805	9926	8609	10316	6725	16505	1165	1307	1371	1401	1357	1257	1270	1405	1358	1284	1208	355	360	393	386	387	389	389	414	392	369	369	
1690.38656247512	207	208	182	208	201	214	186	193	167	197	227	216	208	224	229	210	217	208	215	176	217	200	229	230	236	222	242	227	215	238	240	231	234	239	251	243	245	274	236	252	235	262	232	243	241	262	289	49	261	258	256	305	300	300	283	332	340	344	339	361	352	356	361	349	347	325	551	481	550	483	496	522	504	549	511	515	561	1307	1302	1367	1160	1080	1175	1230	1351	1229	1323	1454	9395	8917	10084	13764	5477	9891	9709	8659	10210	6679	16406	1266	1291	1408	1437	1300	1280	1317	1381	1291	1307	1273	369	346	381	393	405	392	391	415	391	348	406	
1691.96156247511	198	196	180	175	175	217	196	217	188	167	181	228	223	208	200	214	209	211	215	199	209	215	206	237	196	232	209	204	241	220	242	207	213	270	236	231	254	247	236	248	242	246	242	260	296	292	264	38	292	274	287	304	272	303	277	361	328	322	334	357	344	374	353	341	358	335	538	532	551	492	509	489	514	521	562	511	534	1336	1330	1368	1230	1147	1139	1169	1285	1207	1368	1453	9692	8841	10194	13622	5514	9816	9866	8721	10232	6494	16067	1297	1291	1373	1436	1339	1229	1320	1410	1282	1247	1218	403	364	387	383	408	406	405	385	411	386	352	
1693.53609372511	198	179	182	214	202	175	179	181	203	198	192	233	218	191	212	208	194	203	205	208	208	222	255	229	218	241	246	220	209	230	226	231	242	244	258	221	239	246	251	244	230	235	257	244	288	267	253	59	255	289	276	256	279	275	245	357	344	351	328	313	336	347	348	350	337	339	517	506	561	533	519	516	560	526	489	541	536	1299	1308	1379	1170	1100	1241	1253	1355	1259	1350	1386	9749	8912	10235	13671	5477	9671	9833	8654	10071	6637	16130	1295	1293	1451	1419	1405	1238	1287	1363	1288	1254	1226	420	408	388	397	390	430	383	409	384	371	395	
1695.11031247512	199	200	189	187	215	210	173	209	203	207	163	203	233	228	218	219	209	191	218	220	203	211	213	228	219	229	220	233	230	198	218	225	219	234	255	252	243	236	221	235	224	222	242	261	293	255	291	44	277	286	264	242	275	272	312	341	350	345	313	301	389	327	335	337	336	354	525	544	583	489	504	531	552	526	585	546	564	1362	1346	1384	1193	1114	1197	1274	1280	1246	1359	1432	9818	9055	10319	14022	5440	9771	9934	8731	10318	6693	16224	1286	1297	1445	1445	1393	1240	1337	1342	1279	1253	1256	377	384	400	355	388	400	401	404	369	365	375	
1696.68406247511	166	211	187	204	213	177	197	194	217	183	191	214	216	193	224	200	237	218	219	204	221	245	225	222	209	237	250	214	226	225	211	221	220	221	232	248	255	240	230	236	229	241	261	240	265	281	247	45	272	267	271	294	284	275	260	329	369	358	340	335	345	356	380	313	331	327	536	556	570	479	533	553	575	525	541	550	573	1333	1393	1390	1189	1176	1202	1251	1330	1282	1315	1437	9760	9165	10421	14106	5605	9867	9985	8704	10221	6565	16134	1290	1401	1438	1515	1401	1308	1378	1405	1275	1280	1255	406	374	378	377	405	427	406	375	397	391	357	
1698.25718747511	206	240	212	219	214	191	194	212	203	184	189	208	221	210	225	219	238	214	240	215	226	215	229	223	224	214	222	236	217	214	221	234	218	264	248	225	266	220	260	248	255	220	219	233	260	306	283	40	274	277	250	268	296	278	273	346	343	312	351	310	390	365	323	282	341	355	518	555	525	541	504	532	518	556	511	595	501	1391	1378	1395	1275	1239	1281	1295	1318	1252	1338	1383	9693	9156	10393	13992	5683	10007	9901	8535	10323	6502	16150	1272	1393	1497	1511	1502	1258	1361	1437	1321	1280	1238	391	412	412	387	408	417	410	384	392	396	405	
1699.82999997511	220	205	188	191	158	210	188	207	210	180	192	199	217	221	199	240	207	203	221	192	210	191	210	226	249	208	237	232	231	208	214	222	231	259	240	261	260	244	239	222	244	247	232	244	271	271	281	38	277	293	273	261	289	263	272	366	382	362	341	314	345	351	329	333	361	345	592	535	541	505	557	528	561	568	510	487	501	1398	1408	1369	1255	1161	1277	1260	1391	1289	1327	1484	9944	9083	10542	14117	5754	9826	10015	8833	10395	6481	16035	1345	1412	1472	1478	1486	1285	1453	1466	1278	1300	1182	390	386	403	407	411	467	389	386	380	389	366	
1701.40249997511	201	206	215	192	179	222	178	213	204	197	207	214	224	241	192	195	223	193	222	218	204	196	242	252	237	224	235	204	202	221	229	187	218	238	269	242	259	257	262	259	250	233	262	224	291	309	281	48	289	291	285	287	292	282	308	334	311	377	336	343	313	396	383	326	367	365	585	525	560	530	532	533	526	546	544	541	587	1390	1349	1424	1306	1187	1232	1301	1397	1257	1369	1448	9864	9185	10444	14001	5756	9797	9999	8959	10493	6705	16088	1295	1375	1460	1488	1425	1308	1400	1409	1378	1304	1248	402	375	409	380	412	442	409	428	429	397	379	
1702.97437497511	195	200	180	209	209	207	171	185	183	165	173	182	222	205	229	226	201	203	226	205	185	207	196	193	219	225	251	250	186	234	204	249	220	252	241	225	247	234	224	251	258	230	226	262	266	259	283	42	286	260	289	264	299	285	290	332	334	341	303	353	359	329	343	330	397	324	534	506	562	587	542	556	533	544	543	557	608	1378	1396	1440	1259	1226	1267	1347	1381	1318	1425	1459	9683	9057	10452	14162	5958	9979	9948	8817	10340	6650	16363	1284	1358	1468	1525	1414	1268	1458	1428	1407	1340	1274	336	399	419	423	422	427	400	385	400	372	413	
1704.54578122512	222	185	160	195	181	188	211	209	192	210	185	200	195	211	216	199	203	224	218	216	195	216	231	244	240	245	220	238	233	250	235	240	228	247	263	254	241	239	260	254	235	254	250	227	300	264	275	37	268	297	264	283	291	283	265	364	363	357	331	316	315	380	352	379	305	358	514	528	571	547	535	525	541	573	587	517	559	1431	1432	1441	1266	1174	1274	1295	1405	1289	1442	1510	9851	9095	10384	14062	5797	10068	9996	9194	10575	6949	16244	1286	1421	1495	1527	1541	1333	1434	1466	1310	1384	1280	400	398	380	395	405	458	371	404	416	388	391	
1706.11687497511	190	204	189	197	189	210	191	176	184	207	179	220	245	217	206	226	221	230	214	222	209	204	227	215	242	202	236	246	217	220	226	211	229	241	243	261	237	255	233	250	251	264	265	232	309	272	291	58	271	249	297	277	267	298	291	342	321	319	313	360	316	346	360	342	357	343	513	531	531	523	489	545	566	580	550	577	595	1388	1423	1426	1247	1169	1305	1368	1377	1321	1424	1503	9964	9033	10250	13759	5851	10001	10238	8913	10531	6918	16436	1301	1389	1513	1456	1446	1327	1375	1469	1371	1379	1283	395	397	373	401	424	431	415	419	407	391	378	
1707.68734372511	164	179	212	191	206	199	197	196	210	221	204	212	208	175	190	222	203	187	190	198	215	204	199	225	219	213	231	230	222	236	192	203	235	279	256	217	259	240	225	254	249	242	245	226	279	266	242	49	261	267	270	254	274	285	263	349	322	349	315	348	363	335	365	357	393	327	525	535	537	556	517	527	548	586	532	587	567	1402	1386	1458	1225	1180	1278	1379	1412	1314	1401	1491	9557	9068	10239	13764	5749	10194	9958	9073	10457	6895	16291	1301	1415	1495	1469	1442	1329	1406	1439	1317	1321	1323	383	368	394	406	428	386	383	418	417	354	373	
1709.25749997512	218	171	160	180	188	194	199	197	174	183	218	200	194	215	232	183	219	202	186	225	208	203	214	204	239	235	213	178	242	245	239	222	212	240	214	237	223	256	229	221	258	228	229	249	274	257	286	47	283	292	284	269	279	268	253	353	323	349	322	330	344	353	346	361	366	307	525	535	562	514	502	505	480	541	546	549	561	1331	1329	1342	1245	1155	1185	1304	1352	1361	1379	1465	9458	8809	10149	13712	5737	10026	10102	9045	10479	6905	16371	1235	1361	1478	1475	1459	1271	1385	1465	1347	1273	1310	389	420	373	365	433	434	384	404	420	391	381	
1710.82718747511	169	205	179	171	224	191	190	177	201	204	203	187	186	174	197	206	203	205	201	220	209	191	210	240	245	206	212	240	235	234	232	206	223	223	241	237	244	260	256	230	235	262	274	233	245	267	291	50	263	251	250	292	278	268	265	308	320	318	318	327	320	352	349	329	359	359	526	514	549	489	479	503	561	557	537	521	566	1325	1317	1419	1158	1114	1273	1320	1443	1292	1409	1462	9273	8859	10116	13453	5599	9886	9974	8929	10281	6854	16195	1235	1366	1407	1475	1355	1296	1248	1383	1371	1325	1228	375	381	374	389	390	418	382	381	394	384	388	
1712.39640622512	172	193	178	205	178	225	184	199	211	200	195	227	203	213	196	199	183	232	209	195	195	199	191	229	196	225	234	208	229	218	204	220	235	237	235	248	229	241	252	236	263	245	245	275	249	230	249	57	280	251	296	281	275	290	303	308	297	317	304	326	334	344	353	367	372	345	522	511	466	498	483	482	545	528	514	567	526	1277	1265	1302	1154	1135	1177	1290	1345	1225	1374	1491	9037	8654	9883	13363	5527	9706	9963	8901	10347	6913	16255	1215	1292	1378	1405	1373	1312	1337	1451	1318	1288	1282	377	371	394	386	397	397	386	402	407	383	360	
1713.96453122511	176	182	194	180	172	207	212	174	199	199	169	230	184	218	196	184	206	204	197	222	205	222	203	222	210	208	227	232	208	207	205	225	210	225	223	236	252	249	220	240	234	242	234	249	263	269	263	41	265	288	283	284	258	275	267	335	291	314	323	320	320	366	329	307	323	346	515	494	507	463	466	521	499	495	508	533	561	1257	1247	1369	1120	1165	1146	1202	1232	1179	1344	1432	9205	8669	9845	13216	5490	9603	9780	8652	10072	6630	15931	1201	1258	1344	1481	1320	1221	1277	1362	1259	1265	1221	356	358	350	379	349	420	375	386	370	403	405	
1715.53281247511	187	179	186	184	184	204	177	188	194	178	195	190	212	184	175	214	214	186	178	216	205	207	221	215	186	235	204	225	198	219	212	197	213	214	247	200	199	269	233	239	202	240	229	255	268	247	266	52	259	255	223	276	239	274	289	272	329	309	307	297	292	318	311	316	293	364	487	447	509	467	465	449	503	518	493	524	491	1233	1242	1313	1132	1072	1108	1205	1252	1157	1233	1341	9014	8521	9736	13154	5459	9361	9482	8591	9839	6597	15847	1205	1222	1341	1341	1280	1167	1245	1408	1281	1211	1193	356	320	348	372	397	413	371	343	404	349	362	
1717.10078122511	182	184	182	172	215	187	153	154	196	174	169	173	184	211	205	182	218	190	211	201	203	195	205	200	209	195	199	192	202	230	190	226	211	227	230	213	232	247	222	210	231	223	197	235	257	269	255	64	260	271	309	263	260	254	297	287	303	289	317	279	331	334	338	333	340	337	457	482	490	478	481	496	480	459	491	495	514	1243	1147	1233	1140	1066	1077	1163	1217	1181	1169	1314	8905	8545	9661	12994	5261	9141	9213	8271	9716	6440	15498	1112	1269	1289	1398	1232	1175	1332	1329	1242	1239	1112	352	357	360	357	367	362	358	374	387	368	388	
1718.66812497511	206	184	181	199	179	176	209	201	201	178	201	207	178	198	170	199	200	179	181	219	181	202	230	197	217	188	205	195	247	211	201	200	186	231	196	221	242	237	228	203	221	217	242	207	247	250	261	36	273	268	257	266	276	236	241	310	298	330	303	310	290	317	299	322	295	294	458	466	484	488	443	475	472	477	455	470	479	1292	1159	1217	1084	997	1067	1056	1141	1145	1183	1335	8963	8463	9782	12772	5264	9234	9391	8277	9442	6129	15476	1217	1256	1288	1312	1288	1165	1254	1273	1159	1201	1160	328	363	367	333	378	376	376	366	357	350	349	
1720.23453122511	209	175	210	184	213	191	190	191	176	164	170	198	191	192	216	191	202	205	206	201	205	199	224	197	198	226	217	190	221	189	198	201	215	213	232	227	243	226	232	210	213	245	217	211	268	237	256	45	261	269	275	249	254	270	255	303	312	310	293	304	339	291	288	302	327	330	477	495	463	417	443	440	462	433	490	476	490	1195	1123	1188	1049	1012	1059	1071	1169	1068	1185	1278	8961	8419	9945	12767	5113	9203	8905	8224	9517	6249	14984	1149	1235	1302	1333	1240	1131	1215	1188	1153	1116	1083	379	333	344	347	381	363	366	324	354	318	382	
1721.80109372511	182	168	160	185	188	188	173	181	172	188	173	219	189	198	215	181	219	187	200	195	180	184	233	193	181	203	213	204	238	233	180	222	218	224	210	235	235	212	227	230	198	206	212	214	257	251	255	48	240	249	260	254	254	258	239	342	287	342	274	314	331	323	308	303	307	327	462	460	472	430	476	464	452	434	431	468	437	1194	1157	1149	1032	982	1127	1077	1168	1036	1131	1142	9127	8317	9609	12838	5234	9049	8896	8153	9177	6007	15072	1137	1174	1311	1301	1238	1156	1189	1207	1181	1097	1073	332	292	300	355	325	351	342	350	307	327	342	
1723.36718747511	169	185	182	182	195	201	185	196	185	168	192	191	208	193	204	218	200	197	172	187	189	185	211	211	196	208	208	179	208	195	209	213	205	215	219	229	233	214	204	240	211	233	226	223	269	249	257	42	252	275	236	286	262	249	245	306	316	302	283	316	329	306	256	272	293	300	441	466	458	450	444	442	460	449	413	435	498	1095	1071	1199	1020	953	999	1075	1124	1052	1089	1141	8952	8424	9306	12794	5103	9144	9079	8150	9186	6057	14978	1070	1156	1285	1242	1254	1096	1103	1270	1127	1061	1036	323	303	298	295	321	359	349	330	322	340	298	
1724.93218747511	182	197	174	190	181	201	195	204	160	158	172	213	207	177	217	169	210	221	192	223	213	207	209	218	217	222	226	244	187	199	202	199	201	250	229	207	237	253	217	198	225	233	197	219	271	241	279	51	232	231	236	248	242	251	249	292	311	290	297	326	320	307	309	281	312	272	457	505	445	432	390	455	438	457	458	450	460	1055	1125	1161	1059	899	1032	1046	1055	987	1049	1158	8849	8190	9476	12629	5085	9001	8968	7948	9213	6015	14738	1076	1147	1206	1292	1198	1116	1142	1197	1125	1082	998	335	323	345	346	335	377	343	331	330	331	308	
1726.49734372511	192	158	179	175	198	187	182	183	144	163	184	194	185	196	221	197	217	196	185	187	189	193	193	196	228	210	213	207	206	223	213	205	227	252	228	204	228	187	233	238	205	201	211	195	247	249	236	41	236	209	254	243	229	268	248	275	301	284	321	290	308	277	322	275	300	281	476	455	436	425	448	435	448	466	422	446	469	1061	1060	1129	889	913	969	1022	1042	977	1061	1131	8722	8028	9175	12589	4926	8990	8792	7904	8954	5727	14620	1037	1115	1182	1197	1194	1132	1075	1192	1102	1025	969	306	280	299	350	312	351	345	307	304	309	315	
1728.06140622512	174	166	186	169	181	172	190	173	181	171	172	217	209	208	191	190	170	198	184	183	192	188	214	200	205	193	224	204	211	185	208	205	188	232	237	221	212	230	186	245	211	223	196	227	249	238	235	28	248	229	264	204	264	242	232	287	298	298	281	296	286	290	273	299	272	285	447	421	439	422	416	404	458	425	416	410	444	1050	1017	1046	950	876	908	946	1059	944	1065	1142	8449	7875	9255	12339	4827	8937	8757	7832	9066	5778	14720	965	1129	1187	1195	1195	1030	1080	1153	1038	1028	989	302	288	308	321	343	337	345	306	313	288	295	
1729.62578122512	184	190	183	165	183	192	185	193	185	156	175	183	178	179	180	198	184	203	177	184	213	178	181	228	217	234	188	171	214	226	219	195	179	225	235	217	223	230	212	199	223	229	210	211	224	223	233	64	244	226	232	263	241	239	224	291	263	277	292	300	263	319	292	283	309	294	444	452	431	378	425	409	440	428	418	431	433	1006	1058	1058	918	836	887	999	990	919	1032	1056	8352	7624	8972	12130	4813	8570	8730	7769	8794	5722	14401	966	1052	1014	1186	1091	1029	1081	1183	1023	961	917	317	312	307	315	327	337	329	344	328	318	311	
1731.18906247512	158	177	189	197	160	176	182	178	180	191	181	192	205	204	194	197	181	194	176	185	206	188	188	174	180	201	226	210	180	217	203	230	194	228	211	211	221	192	236	221	216	229	241	199	212	267	227	48	256	233	266	228	233	235	252	307	280	286	285	283	308	290	277	295	272	295	399	368	409	458	413	402	441	440	397	434	413	929	966	1015	866	836	862	1025	1008	907	1027	1026	8162	7738	8879	12213	4784	8446	8503	7511	8686	5620	14274	905	1001	1153	1149	1116	1041	1082	1085	1021	962	912	279	280	292	336	308	323	290	322	314	294	313	
1732.75249997511	170	170	203	177	180	169	175	197	162	193	185	208	203	214	196	170	185	193	187	195	163	200	211	221	202	203	218	209	191	175	210	206	181	217	181	217	207	200	217	199	212	219	242	217	222	234	211	38	252	227	229	255	241	216	249	290	264	252	258	289	263	295	289	272	290	303	384	405	394	413	382	420	395	414	437	399	393	968	927	987	889	848	872	943	966	932	996	1046	7778	7442	8501	12016	4646	8306	8463	7584	8930	5441	14307	947	952	1070	1093	1111	925	1098	1025	986	975	867	280	261	273	292	295	324	317	345	305	286	264	
1734.31484372511	181	191	154	170	184	188	189	176	181	172	182	191	194	169	192	195	192	182	186	198	218	199	185	212	219	189	195	179	207	198	193	200	196	210	210	191	194	233	238	190	240	240	211	222	238	228	236	63	217	239	226	243	253	245	209	271	282	273	275	241	266	304	293	288	284	286	398	365	377	389	405	426	388	449	389	381	408	950	911	951	859	769	839	927	951	892	978	975	7669	7219	8550	11821	4437	8358	8309	7217	8475	5461	14338	935	970	1015	1042	1081	969	991	1080	1061	999	836	272	295	251	313	316	315	308	310	291	286	275	
1735.87734372511	170	200	195	191	163	194	171	176	189	179	169	208	193	181	191	176	174	193	213	202	176	199	205	197	201	209	215	221	192	183	216	194	209	199	203	181	195	205	213	198	214	199	222	216	212	202	242	38	221	217	213	246	226	232	247	263	258	229	249	255	263	306	268	273	268	243	355	364	363	377	390	385	391	393	404	408	423	926	958	969	765	806	778	829	934	866	998	1028	7829	7216	8431	11405	4439	8249	8242	7328	8477	5358	14096	911	958	1049	1045	1043	960	999	1079	1037	965	856	253	281	312	275	288	325	331	306	312	305	299	
1737.43874997512	163	151	154	171	168	167	190	179	159	183	176	181	168	188	188	178	175	187	233	200	205	178	193	187	195	197	190	205	194	215	187	217	197	197	183	192	216	198	192	182	204	201	197	198	203	219	245	28	243	226	229	215	203	208	250	245	236	278	223	284	249	271	264	293	284	263	379	369	381	351	367	371	402	384	419	393	375	872	939	925	797	767	798	843	932	875	896	983	7699	7006	8296	11222	4184	8007	8140	7034	8269	5341	14011	921	965	985	1058	991	895	946	1033	937	939	828	257	270	264	276	300	305	293	302	295	309	293	
1738.99968747512	173	131	159	186	174	194	187	178	155	186	178	186	176	180	181	187	211	177	187	221	219	178	192	192	202	183	210	208	183	183	166	189	196	214	205	204	191	207	193	207	203	197	188	185	229	252	224	41	228	201	250	195	235	241	245	271	260	247	284	259	259	279	290	254	258	263	431	366	367	355	354	366	392	405	400	368	380	931	934	949	753	734	788	866	978	897	902	972	7640	7076	8013	11049	4110	7840	7923	7134	8181	5248	13742	865	938	1026	1049	1008	948	986	1030	924	893	826	276	239	265	295	292	303	297	274	315	277	273	
1740.56093747511	192	178	168	183	170	192	161	163	163	175	155	181	178	210	185	188	162	192	189	196	169	197	211	161	191	189	204	191	231	202	208	178	185	207	225	181	202	210	204	211	209	208	205	230	239	221	207	40	204	214	211	243	236	252	220	253	263	207	269	267	252	256	267	267	303	255	369	365	407	327	379	370	365	345	452	403	413	876	902	888	777	755	806	842	907	824	869	969	7744	7005	8089	11107	4213	7840	7829	6967	8009	5085	13567	849	903	907	1045	988	852	876	1020	884	873	822	244	253	254	281	277	310	275	322	285	287	272	
1742.12109372511	179	177	189	187	197	168	174	161	159	197	174	190	196	213	148	183	193	169	174	183	174	197	213	195	200	194	168	202	194	208	216	219	201	205	217	205	213	205	173	216	207	211	197	199	210	200	237	45	224	231	215	238	229	261	222	268	261	264	259	268	248	258	271	254	258	277	374	362	387	360	357	374	392	358	373	388	395	857	832	935	748	718	775	833	858	824	902	965	7622	7061	8040	10824	4049	7666	7773	6642	8004	5063	13573	877	923	959	983	991	829	900	1031	871	887	773	262	241	253	277	288	278	277	284	280	254	288	
1743.68078122512	169	188	167	158	163	176	162	164	173	148	156	167	188	164	172	182	185	187	168	195	171	198	159	201	196	189	210	189	197	176	190	182	187	204	219	211	197	202	216	205	205	222	205	182	217	197	212	57	208	184	230	210	227	253	220	279	252	258	257	238	250	236	267	233	292	264	397	385	390	339	337	367	398	400	351	388	419	848	823	882	724	742	695	860	847	787	882	936	7494	7017	7967	10770	4086	7564	7530	6571	7871	4995	13220	853	870	971	1038	1013	832	888	996	949	859	803	249	228	255	289	285	304	283	253	275	284	241	
1745.24062497511	160	175	169	186	156	165	161	159	169	159	147	208	188	181	199	175	193	193	158	140	178	178	200	220	176	178	178	199	171	173	199	194	196	200	225	195	223	205	211	201	200	186	181	198	221	232	219	38	201	246	214	232	225	263	222	256	267	238	252	267	243	284	286	274	280	274	387	374	377	354	378	335	389	404	370	370	395	904	838	882	761	739	749	840	871	808	877	886	7472	6813	7869	10826	4139	7522	7552	6541	7728	4911	12979	836	944	931	940	963	919	871	986	924	813	791	256	253	259	281	269	304	266	292	277	265	272	
1746.79937497511	181	167	164	168	162	172	143	177	153	156	149	194	172	194	164	164	187	183	166	193	192	183	221	162	172	219	195	199	169	175	194	184	182	203	205	190	196	208	165	187	228	189	192	200	201	221	248	53	246	230	252	228	222	214	202	287	257	262	248	248	251	256	247	288	258	299	399	390	366	317	402	356	377	359	380	393	346	895	848	913	763	704	784	818	832	800	842	897	7456	7013	8039	10750	4047	7406	7502	6325	7648	4828	12745	757	860	957	1033	947	857	901	903	865	844	767	243	271	258	279	279	293	281	296	268	298	267	
1748.35781247511	182	170	171	165	172	195	160	159	165	138	157	172	203	189	190	173	165	187	158	184	163	155	197	192	169	214	199	197	195	175	191	174	189	225	237	225	186	193	199	192	223	194	221	181	221	234	218	53	212	217	238	220	237	224	192	273	274	256	258	269	286	261	242	265	258	297	378	327	368	343	333	361	383	383	338	300	366	857	840	890	727	673	789	754	848	774	840	857	7546	6905	8056	10736	3953	7544	7256	6327	7554	4819	12867	834	886	926	936	940	870	925	993	883	829	765	275	248	273	260	296	274	301	258	282	272	268	
1749.91562497511	177	174	173	151	153	158	165	176	151	167	150	196	194	194	178	178	181	193	196	193	164	186	210	189	186	200	198	176	203	182	180	204	175	187	203	210	220	188	187	197	201	171	196	174	218	219	192	47	216	229	235	213	183	226	241	250	248	257	256	263	256	281	271	251	241	239	368	366	361	386	372	382	357	357	333	394	374	839	913	894	759	733	750	797	849	733	867	871	7516	6832	7865	10619	4024	7584	7379	6469	7555	4684	12733	795	893	1020	961	982	856	863	940	900	811	737	235	255	274	264	272	292	253	265	254	267	262	
1751.47312497511	160	165	186	181	177	158	165	182	142	175	167	173	184	195	212	168	166	176	167	192	161	175	200	193	203	193	184	214	202	185	182	177	188	195	224	205	199	205	195	193	194	185	200	207	236	213	236	41	235	227	216	224	237	227	220	254	259	261	265	254	251	262	261	245	239	234	380	339	392	370	358	361	367	405	368	382	367	908	825	889	754	705	773	814	898	767	846	800	7439	6955	7883	10946	4011	7675	7360	6349	7482	4752	12870	841	885	939	981	905	854	890	940	845	799	705	280	227	226	269	272	293	293	274	267	257	263	
1753.03078122511	208	175	138	191	169	163	174	149	166	152	160	194	167	173	195	165	165	183	162	192	170	192	161	205	185	188	196	196	184	175	194	187	196	198	193	209	191	214	214	175	210	190	199	204	226	216	223	52	207	210	226	227	250	228	189	237	252	226	229	261	283	261	278	237	240	292	388	425	368	327	337	337	382	369	397	359	369	828	883	891	735	737	728	772	793	724	799	854	7211	6766	7800	10713	4004	7664	7391	6437	7589	4738	12694	768	826	920	912	965	815	882	982	893	854	747	276	231	251	240	283	287	306	274	258	268	290	
1754.58734372511	151	153	185	192	152	161	183	149	182	173	155	170	176	193	191	163	178	172	188	161	188	156	186	167	191	195	160	179	196	185	211	185	154	188	188	200	179	186	198	210	185	191	205	199	201	220	191	49	220	229	241	192	237	226	220	243	251	269	278	250	270	259	272	245	255	242	383	386	346	339	353	331	343	358	373	372	381	788	834	890	766	724	732	840	839	745	833	871	7415	6743	7805	10701	3975	7397	7370	6313	7412	4790	12478	751	814	915	914	941	874	926	913	871	796	764	255	258	252	260	274	294	282	269	252	274	225	
1756.14343747511	170	167	145	171	148	178	160	172	134	189	179	186	166	176	153	184	160	180	182	178	176	149	202	185	198	196	174	184	205	178	182	170	185	200	210	167	203	195	206	194	197	176	210	182	230	212	209	61	240	213	189	231	214	188	199	246	257	266	253	258	242	265	243	291	229	269	371	320	370	322	333	368	377	364	382	350	377	822	832	855	734	705	713	820	812	687	790	890	7223	6686	7819	10836	3881	7386	7292	6226	7406	4781	12651	749	880	938	1038	921	851	921	913	855	778	721	250	273	241	251	295	285	295	298	262	254	243	
1757.69921872512	168	168	174	164	161	172	153	164	168	174	153	184	210	184	184	170	180	196	180	203	191	195	165	187	189	202	165	206	191	189	186	204	169	187	201	211	189	197	201	182	222	217	197	197	210	192	211	40	232	204	238	253	189	196	235	272	262	238	235	253	267	251	243	255	249	252	350	355	336	360	371	349	363	405	352	348	379	845	854	846	704	697	709	768	815	691	789	897	7115	6701	7756	10686	4028	7434	7438	6389	7523	4768	12700	835	830	924	957	959	890	882	994	888	819	733	257	258	247	250	285	311	276	273	258	284	278	
1759.25437497511	147	183	156	157	183	132	176	166	162	165	165	166	186	166	183	180	183	166	186	209	176	154	182	175	195	185	182	184	185	197	175	196	208	219	190	189	191	192	198	215	199	194	201	181	224	224	195	44	258	202	212	196	253	214	243	232	232	255	244	246	252	246	243	269	261	273	358	377	364	358	338	353	361	367	398	365	342	812	812	871	730	714	750	798	824	772	888	862	7055	6807	7729	10864	3985	7290	7531	6412	7678	4633	13192	749	815	913	1007	1019	883	900	923	845	862	771	256	244	270	256	261	286	268	268	276	271	254	
1760.80921872511	167	183	148	162	167	184	153	178	151	195	165	162	180	205	197	161	189	163	183	167	187	183	169	162	182	171	202	203	202	178	184	191	195	197	194	177	209	203	177	198	189	190	201	205	196	194	206	58	224	219	213	242	222	215	212	242	241	223	257	258	271	270	258	254	233	268	366	364	356	359	321	357	369	359	353	366	333	818	785	819	782	715	777	768	864	748	814	871	7189	6720	7709	10589	3969	7426	7388	6373	7688	4759	13046	786	821	876	916	970	825	918	983	857	856	791	227	238	259	265	273	275	281	290	241	247	260	
1762.36359372511	160	183	153	180	175	161	159	171	179	149	158	182	172	171	166	162	177	211	182	195	169	180	174	193	184	197	170	170	202	186	189	179	158	203	187	178	173	202	187	206	197	160	218	180	232	207	220	56	226	192	208	228	203	219	227	240	241	263	242	224	214	261	268	245	267	262	352	388	368	330	333	320	358	337	369	361	359	767	762	885	745	720	719	775	808	775	807	830	7085	6528	7685	10538	3909	7218	7200	6262	7620	4580	12963	780	864	889	947	917	816	854	938	879	829	733	231	210	244	267	272	268	254	269	265	238	264	
1763.91749997511	158	181	156	151	146	151	151	164	167	182	174	173	175	155	171	184	200	185	166	185	182	171	172	157	197	169	174	193	190	207	175	193	190	210	175	188	192	192	191	213	188	195	189	205	203	187	208	38	202	215	226	224	203	195	235	236	217	226	239	235	281	253	258	260	251	239	352	346	380	347	335	369	370	366	356	339	325	787	776	795	721	674	701	760	833	777	843	868	6816	6264	7376	10123	3832	7004	6887	6188	7331	4621	12532	737	817	864	915	858	863	818	923	883	767	852	204	235	227	226	247	255	271	269	281	263	233	
1765.47093747511	171	162	152	157	151	145	156	187	137	137	160	191	170	167	174	164	145	178	152	167	186	157	186	147	193	156	186	192	174	177	185	196	223	197	215	194	195	186	163	176	197	202	212	215	212	191	199	50	203	211	219	223	212	217	213	251	216	246	259	223	231	268	252	256	220	253	349	347	331	283	324	353	352	363	354	358	331	777	823	789	671	662	731	743	811	782	764	857	6954	6370	7317	10164	3725	7127	7082	6244	7434	4560	12671	744	787	872	943	885	819	796	925	867	810	729	229	278	249	213	255	277	262	298	285	262	253	
1767.02343747511	171	167	164	157	164	184	194	161	169	144	159	168	185	187	156	178	194	177	177	183	192	188	171	174	202	187	207	175	178	180	194	180	173	203	191	188	197	175	180	210	184	211	171	172	228	218	228	43	193	204	240	234	203	221	213	229	260	216	247	267	245	253	270	246	284	239	361	346	335	315	324	337	365	388	335	340	371	816	827	839	721	667	729	778	759	759	790	881	7074	6685	7411	10184	3830	7102	7113	6218	7367	4611	12417	772	816	846	950	911	817	830	864	880	826	714	251	229	226	239	249	287	263	239	293	231	256	
1768.57593747511	203	145	174	156	190	174	128	164	170	163	165	159	165	187	161	163	161	158	185	191	171	175	163	181	177	194	165	179	160	181	196	179	188	190	197	214	195	185	197	194	173	184	201	204	202	214	173	52	227	211	224	210	223	181	194	235	249	243	239	254	234	234	250	280	242	253	331	332	347	358	336	338	374	358	352	336	358	834	832	805	704	694	724	725	828	715	798	868	7065	6439	7375	10142	3741	6953	6924	5993	7168	4534	12420	748	856	906	919	947	798	851	936	810	754	750	254	233	223	239	260	262	241	267	265	290	253	
1770.12812497511	172	168	130	140	160	155	166	160	134	167	160	172	183	175	154	185	163	177	161	171	161	185	171	171	198	198	169	191	197	177	166	192	186	182	190	214	177	202	210	169	215	155	194	179	189	241	212	51	218	203	204	208	221	213	207	248	240	257	229	218	240	258	265	244	225	236	351	366	360	345	342	329	348	340	322	388	328	831	762	801	676	622	730	728	770	749	752	805	7053	6560	7418	10160	3671	6955	6919	6000	7152	4508	12126	845	822	881	950	898	807	809	893	815	846	692	253	241	231	249	280	275	259	265	278	268	236	
1771.67984372511	159	159	183	155	162	170	137	182	163	167	159	189	166	173	209	159	179	170	153	166	156	175	200	214	184	162	181	184	177	177	177	182	171	194	197	183	168	201	209	201	183	199	198	159	207	218	207	63	200	195	230	196	206	235	221	250	236	238	230	253	215	268	221	244	262	205	336	336	370	323	336	326	346	367	322	346	353	821	794	859	679	701	713	789	807	724	778	851	6880	6399	7294	10152	3718	6906	6832	5948	7036	4495	12127	796	815	898	949	925	805	825	872	757	739	711	248	235	246	243	269	266	258	246	261	231	226	
1773.23109372511	161	142	146	188	167	171	158	160	138	148	168	172	171	156	192	185	163	191	215	161	179	159	162	179	183	176	154	182	188	171	157	196	190	195	208	195	172	169	183	195	193	173	191	204	205	207	208	34	203	211	198	218	225	193	206	247	262	249	225	226	221	233	253	257	236	240	330	333	313	335	348	325	366	339	316	328	375	752	801	812	711	656	687	753	789	741	743	826	6903	6527	7400	10059	3738	6932	6903	5974	7129	4462	11996	763	883	849	954	915	854	828	852	792	809	716	243	250	243	238	263	238	282	248	265	259	254	
1774.78140622511	147	173	175	168	163	174	168	144	138	172	147	174	146	179	179	163	157	158	167	169	180	174	173	189	195	199	171	176	175	193	183	167	171	195	176	210	197	192	169	194	208	189	178	199	196	226	192	40	182	213	192	201	220	189	212	220	248	253	245	226	268	258	255	278	248	266	355	337	359	329	336	338	355	346	354	336	333	811	848	823	719	654	690	766	816	713	791	841	6889	6455	7485	10111	3676	7106	6928	6088	7127	4522	11989	758	878	921	891	957	830	881	898	846	794	753	214	237	227	241	256	280	275	266	271	247	215	
1776.33171872512	174	163	184	145	167	152	170	160	157	140	183	166	188	180	172	185	178	164	191	173	183	166	175	179	194	191	211	171	170	186	196	166	165	206	202	178	204	195	223	194	209	209	218	161	221	193	224	55	212	180	207	199	213	188	212	229	269	273	242	278	229	238	248	219	243	235	364	348	342	323	321	327	363	349	351	343	352	877	800	907	693	672	742	761	820	709	764	822	6848	6432	7560	10509	3808	7139	6874	6050	7220	4501	12029	766	891	860	887	927	814	841	930	845	792	714	249	262	262	243	254	235	267	258	269	238	233	
1777.88171872512	151	172	155	142	157	166	150	145	166	162	159	173	173	193	191	177	177	159	165	156	151	160	175	174	174	168	165	187	186	197	170	193	173	174	211	184	173	191	165	168	195	168	199	184	225	210	199	39	223	192	201	208	188	214	211	236	226	234	242	226	270	221	245	252	271	230	320	364	334	323	310	323	349	345	340	319	376	836	834	782	684	718	704	767	804	703	779	832	6912	6472	7358	10124	3825	7101	7022	6178	7083	4464	11927	747	833	927	911	947	811	831	907	829	769	745	241	255	224	260	262	259	290	263	232	256	233	
1779.43062497511	170	147	160	177	140	150	156	140	144	165	169	185	165	161	171	161	179	189	155	189	160	170	184	152	184	163	160	209	179	176	188	167	189	175	178	171	174	193	198	179	199	183	170	184	230	183	193	37	230	214	215	196	220	215	214	260	261	239	207	242	240	231	268	253	277	237	360	356	321	328	319	363	345	367	369	363	352	767	807	805	659	692	683	788	816	728	766	848	6968	6434	7243	10102	3804	6969	7021	6075	7205	4415	12061	740	815	947	913	892	832	825	941	818	740	678	221	234	255	229	278	290	253	273	246	260	253	
1780.97968747511	159	162	156	164	158	146	159	156	149	134	176	189	161	158	172	184	175	191	167	168	152	181	153	180	173	192	211	159	176	158	162	175	177	190	191	194	182	187	185	183	219	185	191	195	206	178	225	57	224	201	184	228	222	223	223	262	261	250	227	206	242	270	266	238	235	235	325	327	361	325	338	371	340	367	350	314	339	783	776	816	715	655	689	751	795	713	849	835	6825	6407	7239	10229	3707	7093	6945	6105	7352	4464	12185	783	831	904	912	916	819	841	876	844	795	727	260	234	233	279	285	289	266	256	270	260	236	
1782.52843747512	147	173	146	168	163	153	159	168	144	153	169	159	174	155	185	189	160	168	174	183	173	158	197	165	184	200	176	185	182	183	169	201	186	188	154	194	178	190	187	195	172	208	192	210	217	190	194	56	221	230	204	212	228	207	203	245	215	276	240	251	258	265	251	240	272	240	341	353	336	322	320	343	354	337	365	360	380	798	792	855	674	660	693	800	831	695	796	790	6675	6217	7173	10009	3708	7055	7029	6069	7298	4483	12206	755	792	919	932	888	818	786	875	855	729	700	220	259	234	228	250	273	265	266	212	259	241	
1784.07593747511	175	184	159	149	165	156	162	167	138	133	171	158	149	170	154	140	176	159	174	181	169	149	172	187	184	167	181	189	176	193	192	167	203	188	176	187	193	199	215	186	209	185	205	178	217	196	229	41	217	232	198	212	245	185	241	235	218	237	231	229	264	203	232	233	251	240	324	297	320	321	308	347	341	357	335	325	344	750	769	817	667	690	704	791	796	727	790	799	6707	6249	7235	9956	3677	7035	6806	5924	7092	4467	12230	762	823	896	907	934	814	860	858	835	804	741	252	239	251	241	266	257	283	265	287	255	220	
1785.62374997512	147	172	145	164	181	147	153	155	149	162	154	175	198	191	180	146	170	174	158	182	176	178	160	186	181	142	183	167	184	146	181	175	184	208	176	167	192	182	188	176	226	179	200	195	209	189	205	60	193	193	234	184	207	186	225	251	246	229	262	235	247	241	261	218	210	235	331	346	364	318	339	313	356	374	336	312	365	777	814	862	700	644	680	721	777	668	770	799	6850	6177	7082	9842	3541	6784	6813	5953	6854	4407	12018	754	799	846	937	861	803	815	896	838	783	705	220	223	261	223	261	269	280	241	249	266	228	
1787.17031247511	156	173	150	160	174	155	165	141	131	182	159	159	176	166	163	154	165	178	179	176	185	140	187	148	177	192	173	177	187	176	153	196	159	172	166	203	187	185	189	186	179	193	220	196	194	200	176	56	206	198	194	198	182	195	187	222	210	214	217	236	228	225	234	261	228	230	341	371	330	323	319	315	352	337	386	330	348	800	695	803	643	658	697	743	803	692	810	829	6570	6089	6897	9750	3634	6930	6632	5787	6814	4403	11842	715	809	824	838	950	748	811	854	827	773	721	236	241	210	254	229	255	245	282	304	243	197	
1788.71734372511	144	146	137	131	136	137	173	153	145	159	152	181	163	161	169	140	166	165	169	177	175	149	181	159	175	164	181	161	172	196	187	154	186	184	175	181	164	187	171	181	191	183	189	150	187	204	216	64	165	218	200	203	213	195	230	237	231	215	220	198	232	227	224	235	223	261	372	281	301	326	325	360	328	333	302	329	330	774	703	763	668	611	622	746	746	740	794	809	6461	5973	6987	9411	3565	6673	6549	5675	6885	4282	11937	690	793	801	837	913	803	817	865	813	769	715	211	218	214	233	247	253	255	269	241	245	249	
1790.26312497512	180	177	145	143	135	147	162	166	175	148	146	153	172	174	176	156	188	163	160	175	167	155	163	166	205	165	168	152	151	163	177	186	188	171	171	195	184	183	192	161	173	187	186	163	211	185	192	44	208	179	197	220	198	194	213	217	246	246	205	251	238	245	221	229	263	254	343	330	336	312	312	312	317	333	319	356	323	729	726	801	655	647	683	735	763	694	751	843	6463	6080	6873	9476	3532	6549	6452	5641	6908	4220	11735	705	757	823	859	860	745	762	878	772	748	693	232	202	223	250	269	263	266	278	237	237	235	
1791.80906247511	158	144	135	176	142	159	151	153	164	134	146	188	158	176	175	195	160	164	168	170	166	155	188	172	162	184	164	185	177	149	161	168	166	198	169	196	166	155	171	191	171	176	159	202	189	174	198	42	203	209	178	197	195	191	209	241	233	217	220	215	257	227	233	257	232	227	354	347	344	290	317	292	299	331	337	336	329	777	717	798	652	624	659	715	790	697	718	797	6383	6032	6903	9359	3555	6551	6455	5613	6697	4183	11810	703	779	865	860	849	784	810	890	817	703	708	248	212	258	225	225	275	232	247	261	247	237	
1793.35406247511	149	133	157	159	133	142	154	158	159	137	149	167	152	149	166	150	162	141	169	179	173	130	206	165	204	160	170	190	174	161	186	168	205	179	196	189	214	170	170	190	203	168	194	185	200	192	188	41	181	219	202	197	198	223	167	243	241	208	232	221	228	242	253	269	225	226	307	347	333	305	314	334	346	359	336	371	361	749	719	772	655	638	636	686	778	725	766	769	6434	5961	6768	9352	3426	6534	6608	5662	6752	4180	11293	717	782	824	879	901	777	823	864	806	764	708	227	228	221	262	246	239	244	262	236	224	242	
1794.89921872512	169	156	159	145	170	157	161	158	158	158	127	170	156	176	156	138	179	189	160	154	185	159	199	173	195	169	165	150	195	160	176	162	169	179	148	172	182	182	161	192	193	178	134	164	185	216	202	50	203	193	203	215	203	208	193	237	225	244	227	234	244	232	229	231	225	234	333	327	339	304	298	342	335	346	350	329	326	763	733	815	679	619	650	684	787	654	731	775	6483	5914	6836	9545	3462	6487	6353	5569	6729	4098	11252	700	785	841	858	883	773	839	878	757	684	644	201	234	194	262	249	264	240	258	256	229	245	
1796.44328122511	164	158	150	169	143	142	156	157	154	160	139	169	164	170	166	168	180	126	180	136	162	173	186	176	187	158	161	169	152	184	145	182	173	188	188	176	168	183	191	183	171	175	177	176	203	197	205	43	181	185	182	179	184	208	208	221	227	231	230	224	225	234	211	225	219	251	366	354	315	307	308	343	316	323	322	317	322	734	739	760	652	652	654	715	697	628	704	779	6527	5905	6937	9413	3527	6511	6434	5395	6666	4133	11096	689	793	874	869	829	762	739	860	783	734	679	235	223	225	221	233	275	268	247	254	255	216	
1797.98687497511	159	151	140	167	162	153	177	179	132	148	152	197	162	176	167	156	162	151	167	165	168	158	191	181	165	173	152	177	167	180	175	155	169	180	173	162	182	181	195	181	191	171	178	174	202	175	181	37	220	209	181	182	177	213	229	240	208	212	236	214	247	243	275	222	215	228	311	323	333	364	308	340	322	337	310	328	349	731	742	763	662	624	669	685	808	680	744	813	6527	6106	6854	9486	3518	6554	6434	5487	6531	4125	11263	756	782	821	910	839	763	771	868	772	733	649	230	239	237	253	233	261	259	227	270	231	203	
1799.53078122512	149	167	150	157	122	152	157	148	163	119	162	173	183	156	164	168	170	140	172	156	159	169	199	181	181	174	186	153	160	149	184	200	177	189	184	174	180	163	188	179	201	186	162	185	233	201	220	42	198	201	220	191	196	201	194	237	240	253	237	234	210	254	221	242	248	230	344	321	345	316	307	307	370	351	319	347	336	759	699	830	655	660	693	725	717	699	747	741	6583	6073	7055	9601	3503	6656	6492	5426	6512	4265	11207	715	805	811	921	841	795	796	861	769	707	643	213	203	225	254	248	267	265	268	251	224	243	
1801.07359372511	151	154	151	150	152	149	151	142	166	141	148	175	157	162	185	150	177	153	151	156	176	165	170	166	173	186	176	183	163	172	177	164	183	200	184	203	176	153	169	189	185	179	198	180	198	196	197	49	195	210	203	190	203	203	219	259	246	255	227	227	243	241	230	218	238	237	342	332	307	321	289	336	326	340	356	333	331	796	760	802	645	621	711	755	766	658	715	795	6745	6087	6976	9567	3536	6727	6635	5645	6652	4160	11474	703	808	903	894	867	759	763	818	786	727	683	256	237	232	222	236	277	250	259	228	245	231	
1802.61578122511	156	153	155	134	165	146	148	167	160	141	151	187	181	169	140	163	157	148	195	156	148	185	188	170	157	185	173	153	202	199	168	171	164	175	186	199	180	210	175	169	167	173	197	188	182	196	225	43	214	197	194	217	191	194	198	214	247	233	247	221	246	221	239	215	246	238	345	314	338	321	318	346	316	321	323	342	328	735	765	779	653	615	660	750	762	663	740	779	6446	6130	7132	9460	3609	6695	6562	5695	6753	4171	11621	740	761	878	877	818	764	789	873	738	785	664	214	229	237	242	270	293	267	262	246	228	219	
1804.15765622512	152	184	145	144	153	150	139	159	165	134	144	154	181	141	171	152	158	158	147	154	154	155	179	174	179	218	176	175	167	167	165	177	160	178	205	182	179	185	210	159	182	192	183	160	211	198	207	45	182	172	190	202	190	194	200	236	241	238	233	212	241	235	238	225	250	251	334	315	351	330	319	334	367	346	328	340	317	809	763	757	631	586	722	737	745	668	747	829	6569	6104	7067	9777	3615	6766	6395	5657	6679	4270	11542	724	844	847	865	879	713	821	843	799	720	685	230	251	241	256	282	264	287	277	240	267	220	
1805.69921872511	162	157	178	134	163	144	139	163	154	159	135	175	163	159	155	188	173	162	175	160	159	163	197	171	161	166	188	199	177	168	151	167	179	190	171	175	180	172	181	187	181	171	196	199	203	179	185	53	204	200	213	179	203	190	215	243	219	209	220	232	261	233	268	249	220	231	319	310	299	310	320	315	327	353	312	352	345	806	749	769	639	618	647	761	776	656	784	786	6339	6039	6907	9549	3632	6675	6498	5681	6875	4276	11616	749	776	862	908	896	795	820	870	817	800	708	206	236	231	229	237	257	282	257	231	253	253	
1807.24093747512	160	160	147	151	151	143	149	182	158	144	185	171	121	166	161	167	173	174	162	165	155	179	171	166	157	180	175	159	195	182	188	168	193	182	154	193	186	194	170	199	183	165	200	161	194	193	222	34	155	212	214	210	220	193	210	224	241	226	223	256	225	224	239	247	237	256	304	321	303	348	319	322	355	329	345	353	346	754	718	765	648	644	666	718	769	707	734	763	6307	5887	6638	9257	3593	6543	6497	5656	6787	4208	11612	721	772	899	853	873	800	787	885	792	769	698	238	235	222	238	215	246	268	269	266	225	227	
1808.78140622511	173	173	148	145	161	144	155	163	145	159	145	130	153	178	147	166	183	155	173	173	147	175	155	169	169	183	175	148	169	181	171	161	132	149	183	181	159	172	166	159	178	172	209	191	209	189	191	59	200	191	210	199	208	207	197	210	237	220	225	240	241	225	273	253	259	240	315	315	325	295	286	339	317	345	308	344	342	726	750	757	664	609	684	650	747	658	727	793	6209	5914	6731	9221	3503	6619	6603	5683	6700	4229	11557	749	757	772	909	820	761	797	845	792	729	662	228	234	265	254	259	259	287	252	281	235	225	
1810.32156247511	139	133	144	156	153	143	144	157	150	146	168	171	146	174	161	157	179	139	181	161	182	158	158	180	175	157	187	167	165	190	184	176	147	168	177	168	195	182	167	205	176	192	194	188	187	178	166	46	231	174	205	187	205	209	225	192	217	214	227	223	235	242	228	248	233	278	347	319	326	323	255	333	353	334	366	350	334	704	754	771	677	609	707	668	741	709	770	772	6202	5925	6729	9167	3541	6540	6347	5622	6636	4328	11386	701	817	833	843	818	726	811	838	806	740	715	211	208	207	226	234	235	249	253	243	271	219	
1811.86124997511	142	163	148	139	134	111	189	164	157	138	166	169	164	189	161	149	176	160	181	171	177	166	173	180	149	185	176	155	175	202	184	168	177	158	173	184	167	183	176	176	188	173	181	176	182	167	201	52	209	218	200	186	207	206	180	223	211	224	248	216	237	244	233	243	229	218	327	316	317	287	325	313	340	345	308	321	330	731	732	764	661	571	632	758	707	677	742	777	6067	5756	6495	9138	3412	6515	6377	5533	6469	4169	11326	730	774	790	842	851	764	830	904	781	760	661	206	233	212	235	245	277	272	232	301	230	226	
1813.40062497511	126	149	147	141	150	177	148	160	157	130	161	164	160	159	124	170	174	177	170	163	177	178	160	173	169	181	150	161	188	157	162	172	179	172	174	193	169	190	168	187	172	179	186	165	191	198	224	28	193	200	183	167	189	199	177	231	232	236	232	218	221	223	227	250	239	237	306	291	330	312	289	295	333	327	314	301	342	720	724	717	592	653	642	700	694	705	741	798	6070	5710	6582	9110	3373	6331	6252	5491	6513	4172	11311	709	753	859	868	830	714	797	854	799	738	671	238	238	215	235	243	257	253	239	259	211	249	
1814.93937497511	152	146	138	168	166	135	182	134	143	163	156	176	159	169	157	160	197	156	192	162	156	162	167	159	153	155	185	187	159	185	156	182	168	178	176	188	195	171	154	183	155	198	159	188	191	182	187	40	224	205	196	208	174	211	225	216	239	229	234	211	218	246	236	234	245	244	306	302	297	306	329	330	354	327	299	360	345	718	738	735	581	594	632	737	760	666	713	799	5945	5773	6363	8855	3397	6381	6315	5508	6606	4120	11153	660	737	786	796	863	771	814	845	795	746	651	226	229	230	240	262	274	255	247	237	241	236	
1816.47781247512	149	140	152	153	141	121	156	158	156	132	177	148	158	163	155	159	168	141	138	174	142	136	171	151	155	176	165	164	176	178	170	153	193	145	167	155	166	192	192	181	172	151	162	188	188	187	206	52	181	191	188	189	206	181	171	230	251	236	212	213	198	217	220	220	241	207	295	299	323	294	325	322	294	347	324	304	329	720	729	745	704	626	589	651	729	653	676	760	5923	5610	6469	9024	3385	6384	6188	5319	6444	3982	10930	695	773	779	835	843	762	776	880	786	745	638	225	238	237	233	257	240	245	252	204	217	209	
1818.01578122511	153	129	150	146	160	142	140	136	167	153	115	157	147	158	140	158	163	165	150	190	178	167	150	165	151	173	184	178	139	169	172	141	177	174	181	158	173	175	173	165	196	189	168	156	188	206	193	37	200	180	199	206	179	202	180	234	245	223	207	200	205	236	238	224	220	223	312	303	319	287	291	304	341	303	300	301	342	677	770	706	601	568	635	701	750	623	758	762	6081	5637	6575	9027	3296	6368	6079	5281	6400	3979	10715	674	763	776	796	819	728	743	777	782	703	609	234	210	209	223	253	265	250	241	238	229	233	
1819.55343747511	139	148	155	137	169	163	137	136	142	172	137	171	163	166	162	184	154	180	161	165	144	163	163	160	170	176	192	159	173	176	157	180	167	177	163	171	181	178	169	173	169	171	180	193	179	196	203	37	194	220	202	189	191	218	204	194	215	213	237	210	195	233	220	221	233	205	304	336	290	284	294	324	309	305	313	329	342	730	673	784	635	589	642	690	696	666	690	765	6123	5709	6624	8891	3220	6149	5964	5244	6203	3988	10511	657	741	786	814	819	797	673	809	729	675	603	217	240	199	234	218	236	254	253	234	229	197	
1821.09046872511	132	138	158	146	136	158	143	143	152	134	141	156	176	165	157	147	149	148	161	165	154	151	194	170	162	157	171	167	158	157	163	165	167	165	190	150	188	196	167	168	184	168	187	156	200	206	206	43	172	204	209	188	187	167	187	216	213	230	202	197	230	221	220	243	210	215	332	326	322	311	303	299	284	323	285	292	318	740	697	697	613	594	622	619	723	623	682	730	6235	6025	6561	9027	3315	6069	6036	5189	6235	3860	10606	649	742	795	854	807	697	708	833	739	729	672	234	197	230	233	240	266	235	247	200	202	219	
1822.62718747511	143	162	126	160	155	157	125	121	182	141	138	166	160	138	164	149	162	174	170	173	172	160	165	152	157	163	160	165	161	150	171	175	135	185	150	203	192	189	182	170	189	199	207	188	185	181	204	52	179	214	207	175	188	181	188	219	241	217	214	244	224	233	238	230	232	226	320	311	347	296	296	319	301	331	329	336	322	761	731	776	646	554	639	670	697	656	734	714	6232	5813	6624	9061	3317	6169	5989	5310	6193	3846	10725	733	729	799	837	798	756	723	791	742	698	615	275	227	217	268	251	282	238	224	253	212	209	
1824.16343747512	161	142	130	149	153	146	167	138	163	160	136	193	159	136	172	161	166	145	177	173	144	156	178	167	165	179	164	167	183	160	146	167	172	211	165	173	187	161	178	193	187	175	174	180	169	171	207	37	194	188	179	202	197	200	202	234	230	249	216	228	235	207	234	232	221	214	309	332	322	280	297	293	304	345	319	322	321	756	755	807	627	611	649	685	719	624	722	684	6176	5959	6745	9185	3410	6214	6132	5397	6290	3927	10767	739	770	832	852	831	773	815	788	748	705	647	227	222	218	246	222	234	240	201	249	202	224	
1825.69859372512	138	169	139	137	119	142	131	143	150	123	146	165	171	171	134	157	145	145	167	182	157	171	189	175	177	187	171	172	172	160	186	187	172	189	186	178	149	171	176	179	156	168	192	178	217	197	179	42	210	193	199	207	197	190	203	235	195	203	200	194	249	219	241	226	234	233	359	334	271	285	283	319	314	310	313	291	325	721	720	765	623	579	656	659	710	670	704	668	6249	5967	6667	9107	3415	6250	6122	5281	6209	3875	10715	741	800	782	871	918	677	743	808	780	742	652	243	201	205	210	264	256	253	251	220	251	228	
1827.23390622511	150	160	161	162	163	134	151	157	119	135	137	194	162	155	158	154	163	161	167	176	161	146	152	183	194	160	162	171	146	159	159	170	178	177	194	180	185	170	209	173	173	191	147	146	187	195	210	47	199	175	166	188	205	187	189	253	238	218	231	244	225	220	229	245	205	234	341	287	356	323	302	322	345	329	325	293	316	702	735	762	607	637	659	678	675	600	693	763	6271	5871	6709	9195	3439	6331	6146	5319	6342	3869	10577	710	773	823	856	849	761	787	782	756	725	655	217	208	217	265	256	263	236	253	251	231	236	
1828.76890622511	119	123	166	159	139	145	149	164	109	157	142	155	158	153	163	166	154	157	174	167	146	149	161	193	170	175	167	194	152	174	165	157	137	182	160	198	193	150	173	195	168	192	175	190	197	185	191	27	199	216	224	172	181	192	222	239	218	188	254	216	270	229	242	246	244	206	371	297	323	284	326	340	306	323	334	315	323	726	732	747	650	589	627	745	704	678	683	736	6153	5692	6521	9069	3408	6357	6301	5221	6288	3878	10664	706	710	857	880	886	777	790	772	755	732	665	219	224	199	244	265	238	238	224	267	229	226	
1830.30343747512	144	162	132	120	156	134	156	131	163	131	167	165	131	167	144	159	168	153	137	166	165	137	179	156	182	158	164	175	182	178	162	171	157	189	172	172	180	176	178	169	188	174	157	168	177	181	185	60	209	218	204	209	202	205	185	210	235	231	202	220	197	207	232	236	216	218	295	316	319	258	316	310	351	303	317	331	354	759	736	817	627	617	639	676	677	633	714	766	6107	5693	6532	8841	3373	6183	6131	5268	6395	4047	10811	682	763	838	795	856	794	756	814	788	711	666	224	240	236	208	253	241	275	240	230	258	228	
1831.83749997511	141	127	141	169	140	153	167	146	166	153	140	148	185	161	128	172	169	166	164	184	180	164	157	178	166	175	193	157	171	169	153	160	150	157	195	182	151	175	193	178	176	174	181	176	202	195	172	45	205	160	199	190	201	178	187	210	226	236	239	213	213	224	251	228	235	235	311	336	323	317	296	283	356	379	328	319	297	747	699	770	601	580	579	722	732	691	693	752	6185	5641	6601	9254	3370	6354	6237	5276	6351	4094	10909	687	789	842	890	822	726	748	854	774	661	675	230	204	220	229	261	273	244	249	227	210	234	
1833.37046872511	141	141	143	168	144	163	161	167	142	138	133	181	161	166	165	179	175	160	168	159	161	144	159	152	162	180	151	192	167	174	177	174	141	170	169	151	201	167	186	170	168	185	176	179	214	169	201	58	190	227	204	203	185	200	209	221	193	211	225	217	239	257	229	223	221	248	298	319	328	283	351	335	336	305	359	322	298	778	780	702	626	642	610	677	757	670	689	779	6169	5699	6535	9109	3377	6286	6235	5281	6319	4009	10946	713	761	865	876	828	754	750	802	742	721	648	237	186	190	225	247	256	241	226	242	249	223	
1834.90374997511	138	159	141	143	159	134	138	147	133	164	162	161	125	157	150	150	162	175	190	157	169	165	145	169	180	170	145	161	185	170	176	191	181	175	177	193	165	162	182	170	169	172	201	149	197	173	194	32	191	200	173	205	220	182	214	207	207	219	209	206	218	233	216	235	243	265	314	320	285	310	305	336	304	333	300	345	367	725	717	747	602	595	614	649	732	671	719	771	6000	5487	6396	8978	3420	6297	6165	5326	6524	4043	10860	739	704	767	833	845	711	800	809	745	720	640	218	219	189	213	231	255	241	271	234	209	214	
1836.43656247511	169	143	126	149	135	159	166	140	169	154	159	163	160	155	158	170	172	156	166	149	167	169	160	160	156	157	183	158	173	179	182	182	163	174	175	162	167	179	190	177	168	170	163	169	178	194	206	55	177	196	181	212	184	195	221	223	241	219	205	227	232	261	215	223	227	225	305	293	328	301	297	315	320	370	301	341	310	684	694	751	579	545	654	700	742	637	772	739	5910	5559	6473	8851	3322	6390	6161	5292	6352	4015	10825	694	754	798	855	863	753	747	830	788	750	667	208	211	240	223	252	242	237	254	267	226	229	
1837.96828122511	145	142	153	149	154	166	109	147	151	148	153	149	153	162	169	172	163	173	176	151	133	145	153	179	154	160	181	181	181	189	164	171	168	201	167	168	172	182	168	171	192	164	172	197	173	175	162	47	204	175	177	207	181	202	180	221	230	220	205	204	225	219	210	254	218	222	297	310	335	265	320	285	309	306	326	334	336	694	661	723	598	599	640	707	711	644	697	728	6017	5553	6317	8563	3276	6241	6002	5329	6267	4012	10831	687	696	775	817	774	756	748	817	741	699	668	211	212	229	227	221	245	267	265	263	239	243	
1839.50015622511	140	142	155	157	130	148	139	158	141	133	117	162	115	153	160	148	161	168	166	153	145	161	155	171	124	136	162	160	187	177	162	185	178	178	173	146	189	184	163	181	171	166	195	182	173	185	201	43	191	182	184	182	207	185	215	207	213	231	211	207	243	234	225	242	222	226	277	313	324	343	309	297	334	338	335	279	313	728	671	705	578	603	616	665	690	653	684	716	5889	5359	6200	8566	3174	6268	5960	5189	6227	3976	10712	661	716	730	841	777	734	745	763	684	691	648	208	192	206	213	243	268	230	242	250	243	219	
1841.03093747511	175	165	135	149	160	150	154	128	143	139	138	157	133	160	160	144	179	162	147	178	161	154	164	150	165	178	185	155	136	146	166	149	171	162	171	176	197	186	164	152	189	177	203	161	205	203	232	37	179	183	182	208	181	204	204	232	230	202	221	190	216	214	220	223	226	243	306	314	321	277	294	283	371	343	324	287	334	710	700	701	563	604	617	650	694	606	683	775	5887	5475	6255	8605	3190	5919	5881	5044	6163	3874	10713	670	754	765	832	777	668	728	782	743	739	660	219	205	225	207	255	241	250	213	249	222	240	
1842.56203122511	131	150	141	142	143	138	136	138	135	137	155	144	185	147	148	167	169	141	160	147	179	156	170	151	166	158	154	166	196	177	151	184	166	158	176	165	169	163	154	161	169	159	167	181	170	170	194	45	193	185	188	180	182	195	197	203	211	218	220	231	240	211	242	230	218	237	298	328	296	304	293	300	315	272	315	301	336	683	679	691	579	592	595	666	671	619	693	775	5810	5334	6147	8577	3232	5753	5851	5129	6149	3933	10590	665	718	793	808	770	713	735	780	727	747	637	204	208	213	231	243	232	230	238	225	226	223	
1844.09203122511	151	121	133	145	144	146	133	147	159	143	147	182	163	125	145	143	125	168	127	168	147	135	175	150	154	147	154	161	188	164	162	178	175	166	168	130	161	187	175	196	181	171	202	196	189	201	175	41	194	182	183	168	185	170	180	217	218	219	211	238	214	203	207	209	237	242	318	285	326	282	277	296	300	289	306	288	304	665	680	685	607	566	586	638	645	619	711	726	5879	5546	6271	8374	3159	5979	5796	5018	6130	3857	10610	659	778	774	781	722	701	731	812	738	655	648	195	203	214	198	266	246	215	239	234	205	198	
1845.62234372511	152	180	121	135	135	177	141	137	159	114	140	147	163	166	169	141	153	152	149	160	156	171	149	158	152	151	173	163	166	170	171	148	128	176	167	161	145	173	193	167	170	172	176	177	218	197	196	42	172	185	199	184	182	220	210	230	227	207	212	211	205	201	225	198	237	208	309	317	307	274	284	285	305	308	322	329	303	683	662	705	603	511	598	669	690	612	701	717	5902	5405	6220	8481	3206	5801	5624	5024	6099	3803	10487	679	749	782	796	781	677	701	790	720	725	619	218	196	208	233	243	249	226	218	238	210	230	
1847.15140622512	149	150	146	154	148	144	133	160	145	162	146	137	150	187	163	168	155	151	168	149	141	139	162	154	149	174	169	187	161	161	169	159	173	179	186	155	185	168	169	191	157	171	176	176	194	195	196	46	179	188	186	196	175	178	171	227	183	189	230	209	238	220	196	239	237	214	303	351	304	304	307	286	298	290	311	318	320	643	687	763	618	614	637	655	717	636	724	715	5731	5549	6130	8484	3117	5817	5724	5021	6147	3783	10329	640	712	790	835	799	697	767	758	745	710	637	208	187	201	221	209	246	235	226	208	216	211	
1848.68078122512	147	141	138	138	147	136	135	145	143	134	138	149	152	154	149	139	151	163	143	161	164	142	169	163	160	151	165	175	185	146	144	153	157	157	189	174	144	187	184	175	195	149	181	157	178	181	178	36	184	174	194	160	188	186	173	219	226	224	228	220	211	205	233	233	191	239	292	287	317	321	299	308	297	310	332	297	309	719	664	710	636	574	623	630	699	624	682	708	5656	5436	6217	8319	3136	5936	5799	5067	5998	3837	10332	677	732	761	757	778	683	700	790	695	731	635	217	216	195	233	227	283	236	252	226	211	221	
1850.20906247511	149	168	131	153	158	152	173	140	122	131	127	144	157	163	147	147	162	143	161	169	167	152	159	160	158	156	156	143	169	170	153	158	156	174	167	186	148	150	202	182	204	180	199	152	172	184	191	48	199	174	179	197	176	190	185	209	210	199	200	233	208	209	197	215	188	227	275	293	300	306	267	288	300	300	281	303	277	688	699	687	603	597	596	639	689	624	653	729	5642	5735	6155	8533	3272	5919	5644	5057	6140	3811	10244	658	764	802	832	776	733	722	756	755	701	615	226	221	209	198	213	221	231	228	240	218	217	
1851.73749997511	128	137	160	137	145	145	154	118	139	154	126	146	157	136	186	174	155	144	149	165	135	141	150	161	143	153	180	190	167	161	160	151	178	183	182	159	183	148	194	179	156	155	146	166	180	202	170	50	195	169	179	164	201	183	188	223	202	195	209	189	222	227	226	231	215	238	295	329	337	291	282	319	290	287	334	291	296	736	696	713	542	514	642	647	682	625	655	711	5831	5645	6230	8309	3184	5846	5737	4809	5797	3767	10249	698	734	754	780	756	761	697	775	734	701	576	228	214	221	218	214	245	262	216	242	267	194	
1853.26484372511	121	145	130	152	120	144	167	143	139	109	140	169	149	171	148	174	157	146	188	147	162	163	163	132	163	166	138	159	159	160	173	147	171	170	169	174	168	168	169	156	157	163	176	150	194	190	197	34	186	179	216	175	183	197	185	217	199	234	193	221	230	207	214	233	215	217	276	321	304	306	270	296	310	324	289	298	314	705	638	718	594	555	592	662	644	605	671	703	5842	5571	6072	8469	3135	5811	5673	4917	5840	3776	9989	707	703	776	794	754	693	681	746	721	661	636	230	198	230	224	237	251	239	239	198	216	215	
1854.79187497512	153	139	150	159	163	153	137	140	147	159	148	139	173	143	165	166	172	170	165	139	149	181	179	192	173	145	151	171	163	162	177	134	171	168	157	191	180	172	192	148	167	199	180	177	204	194	191	43	221	190	191	184	193	204	198	218	205	224	197	220	244	208	228	214	229	242	295	317	290	294	311	316	315	316	295	319	339	713	733	669	601	610	644	711	686	557	633	710	6115	5666	6169	8464	3317	6093	5741	5005	5866	3779	9990	700	754	747	788	784	727	712	760	775	676	604	250	221	192	257	234	225	243	202	224	219	222	
1856.31843747511	142	145	135	129	138	115	142	169	149	162	154	170	154	155	153	173	165	143	167	124	156	152	172	163	170	191	135	160	156	194	165	164	160	181	164	170	200	169	149	192	183	182	173	157	202	183	185	38	181	155	195	168	189	202	193	214	221	227	216	201	209	226	245	227	226	217	286	311	333	304	300	308	292	296	292	315	302	766	666	727	636	563	598	660	727	640	657	746	6001	5613	6280	8677	3286	6047	5884	5135	6075	3822	10319	685	741	829	788	812	732	720	841	731	731	612	248	214	209	218	242	257	258	255	218	199	235	
1857.84515622511	143	156	124	129	124	144	150	150	141	148	144	153	156	167	166	144	131	156	155	165	159	149	164	178	181	155	179	190	165	162	169	173	192	162	153	169	169	183	172	171	162	155	189	170	198	185	210	41	189	214	208	198	170	199	210	239	242	203	210	209	218	231	200	218	209	250	315	301	302	267	309	340	315	313	275	314	321	719	695	751	598	613	644	678	717	660	663	710	6085	5585	6365	8703	3301	6166	5902	5168	6093	3810	10301	686	702	781	841	802	758	767	819	734	672	629	251	229	227	221	245	237	228	250	240	207	222	
1859.37093747511	163	157	164	131	156	152	148	139	152	160	130	147	152	162	173	146	176	152	161	172	156	175	160	151	154	159	179	172	178	168	157	168	142	161	144	209	180	155	176	154	171	217	170	170	190	166	198	59	170	182	182	184	204	218	179	220	226	206	248	231	223	243	221	199	220	223	267	288	332	283	303	303	306	342	283	280	330	729	681	761	581	608	616	690	644	614	689	692	5958	5669	6505	8858	3184	6034	5903	5031	6055	3867	10239	683	773	835	841	823	768	737	789	779	685	626	209	199	232	225	238	265	234	256	235	237	204	
1860.89624997511	164	136	136	160	166	147	142	128	131	159	132	146	139	169	171	146	141	171	161	157	168	163	181	130	166	160	167	159	175	179	151	180	165	175	170	176	171	183	199	168	162	183	146	166	179	188	171	53	202	204	201	204	201	188	191	203	218	203	247	231	213	228	250	227	196	213	283	353	294	332	290	291	291	279	306	329	299	697	669	715	597	579	637	684	694	635	694	751	5844	5525	6262	8657	3276	5997	6080	5073	5949	3893	10177	691	755	801	769	821	735	723	829	735	690	633	222	199	221	202	234	265	208	248	243	187	185	
1862.42093747512	139	165	136	153	137	149	166	146	134	137	149	152	153	154	133	163	146	141	149	147	156	140	191	135	165	172	137	174	160	175	169	162	184	128	171	171	181	179	168	188	175	181	153	170	181	181	193	48	178	210	192	182	197	174	171	187	216	194	202	228	236	210	222	196	226	201	279	307	313	274	302	306	290	307	294	317	333	711	711	718	586	584	604	648	698	650	689	697	5686	5531	6395	8597	3147	5942	5947	4989	6031	3949	10247	700	751	792	828	746	699	757	788	732	658	608	191	205	228	206	265	256	250	255	230	235	245	
1863.94546872511	155	145	164	150	160	144	160	161	149	113	131	167	155	136	149	155	147	162	135	167	162	155	162	156	161	170	172	168	173	153	171	157	166	166	155	164	172	177	178	167	170	165	162	158	187	201	175	46	169	177	207	191	200	192	203	228	188	214	218	212	198	224	233	227	220	221	281	277	325	278	282	309	344	306	314	310	300	690	694	674	565	598	621	661	685	611	625	741	5639	5484	6346	8488	3121	5967	5859	5088	6145	3825	10129	638	729	766	763	803	709	766	812	755	651	635	211	195	210	254	237	245	247	245	271	249	213	
1865.46999997512	138	151	122	132	128	138	137	140	144	156	118	150	130	161	181	145	157	155	174	132	151	158	145	143	176	167	162	169	172	182	144	161	155	180	161	179	161	174	178	165	183	147	176	179	183	153	175	47	185	159	201	195	161	175	167	217	198	212	228	195	205	199	237	224	196	220	297	276	318	267	295	298	313	288	307	307	299	667	685	686	614	554	596	632	687	623	675	659	5597	5392	6192	8570	3109	5845	5874	5105	6115	3760	10089	689	665	813	829	830	707	738	777	718	652	655	201	188	228	213	241	243	237	233	218	228	233	
1866.99359372511	141	167	161	140	159	147	156	136	137	134	172	150	137	137	142	147	166	156	146	167	145	165	182	138	169	165	136	147	182	163	159	154	191	151	163	151	175	166	187	169	178	172	190	169	171	203	173	47	212	207	196	199	171	166	182	204	215	213	219	212	220	209	251	237	213	219	309	311	279	290	285	307	315	305	321	335	306	709	676	726	595	625	617	659	629	630	682	754	5625	5240	6216	8327	3148	5786	5758	5062	6108	3845	10158	684	747	784	844	774	661	728	794	729	656	579	197	184	196	208	248	255	235	227	226	230	239	
1868.51671872512	156	158	146	160	147	167	152	160	140	160	151	147	166	153	165	165	156	164	169	155	159	162	166	152	144	169	178	149	146	157	150	126	145	149	175	175	176	163	170	180	156	152	187	170	179	190	188	58	169	192	206	171	189	179	191	220	220	238	212	226	229	221	231	214	207	206	335	280	294	275	294	298	271	325	330	296	277	685	651	716	608	588	619	665	704	621	733	721	5755	5214	6041	8310	3180	5859	5623	5045	6044	3890	10275	631	681	753	826	817	715	711	786	737	689	611	209	199	188	230	237	253	250	229	236	244	235	
1870.03937497511	153	138	121	139	133	167	138	144	153	147	135	137	166	158	142	160	163	154	161	161	137	133	174	154	158	152	159	144	171	174	147	141	176	154	156	167	163	168	148	162	177	151	153	173	183	190	168	59	175	164	175	164	177	163	195	201	214	215	235	196	220	214	217	233	226	197	298	295	311	279	296	292	293	310	268	312	320	623	633	702	582	557	615	657	720	611	700	703	5666	5309	6023	8443	3096	5849	5680	5033	6024	3818	10288	645	699	843	837	821	727	694	789	757	681	623	206	214	203	227	231	225	232	226	213	227	198	
1871.56171872511	150	164	137	142	143	134	159	156	139	142	146	150	136	132	144	149	151	157	136	160	162	142	174	162	161	147	147	176	167	149	171	149	172	159	165	146	159	171	172	175	165	173	177	159	153	164	153	35	196	209	170	181	186	181	178	233	210	202	210	191	182	203	231	213	220	211	293	294	291	294	286	295	305	322	300	300	323	717	674	683	607	579	625	646	700	647	662	728	5644	5094	5986	8300	3094	5807	5710	5035	6110	3855	10381	649	694	777	823	745	733	727	773	692	728	667	211	197	208	214	252	247	247	232	248	226	233	
1873.08359372511	162	123	162	137	142	155	140	132	151	138	121	149	159	162	166	157	157	156	160	157	170	156	158	155	151	140	177	171	166	156	190	151	184	174	172	161	159	163	159	153	197	198	191	166	209	196	185	53	176	181	201	182	169	195	183	227	228	208	204	206	214	226	231	243	231	217	293	288	290	249	260	278	305	283	297	323	328	677	689	708	532	554	601	655	653	595	637	726	5766	5213	5982	8057	3074	5651	5515	5054	5989	3778	10209	645	681	772	772	765	670	684	778	758	703	664	213	206	208	241	237	242	255	246	227	220	235	
1874.60499997511	150	125	140	159	140	123	129	138	140	151	149	150	172	147	133	141	137	144	192	166	175	136	164	162	161	179	156	158	158	155	163	166	178	163	169	166	172	173	158	171	174	175	197	164	181	163	170	46	190	163	175	169	207	180	178	199	207	204	216	187	208	227	214	226	194	201	288	309	298	247	277	291	313	283	313	297	304	670	717	706	563	548	569	612	648	586	658	730	5573	5245	5973	8043	3055	5597	5424	4748	5796	3777	9955	661	742	801	792	799	678	707	767	711	715	640	186	221	213	221	236	240	222	218	196	233	211	
1876.12593747511	139	139	126	144	142	151	149	133	139	142	144	153	135	132	151	141	148	154	144	151	146	162	172	172	176	170	153	152	199	142	159	149	181	161	179	161	139	176	159	169	155	154	182	162	162	196	167	36	199	177	169	170	189	191	184	214	220	223	224	172	212	218	185	214	194	198	315	277	285	276	257	286	316	307	282	300	303	693	628	665	544	568	593	630	624	581	668	717	5785	5288	5962	8006	3080	5633	5633	4784	5698	3676	9959	702	692	776	794	729	683	707	753	694	669	629	207	234	188	207	234	242	236	234	223	217	226	
1877.64656247511	138	176	125	152	140	150	127	121	153	127	142	150	155	162	150	152	155	151	159	177	169	151	154	185	172	157	156	176	137	153	154	135	152	175	171	146	164	166	169	151	165	161	173	151	188	210	162	41	187	175	189	174	170	194	194	206	240	200	197	203	221	242	217	211	215	213	278	301	324	269	247	284	298	281	311	321	310	672	725	713	590	575	573	620	598	596	647	697	5861	5566	6020	8533	3197	5677	5546	4839	5579	3664	10010	681	699	746	802	791	707	721	750	750	699	595	230	196	234	220	218	232	247	237	231	228	233	
1879.16609372511	139	162	149	126	127	139	134	139	133	146	121	128	139	159	163	168	141	135	148	137	149	160	158	154	144	155	169	181	168	137	158	177	158	179	150	193	200	149	173	167	166	146	174	173	165	187	168	35	198	163	176	179	187	182	184	207	213	226	213	209	250	218	206	228	223	205	317	326	291	294	292	312	288	297	300	305	311	684	680	709	602	591	613	616	656	578	655	720	5772	5532	6109	8406	3135	5625	5638	4839	5759	3681	9920	697	732	779	835	790	713	708	747	710	676	625	197	199	225	225	209	240	238	211	200	234	215	
1880.68578122511	144	150	124	123	144	130	165	141	146	126	128	177	162	153	137	154	148	131	159	138	167	123	162	161	157	170	182	170	145	147	165	139	144	151	153	160	183	171	160	152	161	164	175	153	202	181	191	38	184	189	181	201	180	179	179	248	211	239	200	202	227	230	181	210	222	222	288	303	327	287	293	292	289	274	286	294	279	666	698	721	614	584	591	656	691	599	617	668	5801	5388	6143	8383	3150	5811	5564	4876	5663	3473	9714	690	759	780	829	827	699	698	773	710	681	655	232	210	213	197	230	234	219	251	237	181	226	
1882.20499997511	120	160	124	137	146	133	135	137	123	162	132	148	151	149	176	149	161	132	163	147	162	173	157	149	164	164	169	162	145	142	167	155	154	179	182	197	165	158	165	168	137	178	170	151	186	186	183	53	190	172	188	171	173	189	185	221	218	191	221	214	198	185	212	197	197	204	304	285	331	290	298	288	265	302	279	297	307	680	678	761	607	607	581	661	660	625	623	658	5674	5434	6125	8419	3098	5795	5522	4927	5776	3668	9877	659	707	783	834	800	701	703	761	739	640	610	220	240	195	231	229	245	253	239	240	232	205	
1883.72390622512	125	129	126	138	123	117	138	121	144	164	132	140	164	141	171	150	133	141	142	130	158	160	178	165	152	152	154	172	161	164	141	170	158	170	168	166	165	186	159	169	175	171	159	168	181	178	187	43	177	191	197	190	186	166	197	217	208	217	210	213	199	201	212	204	219	206	306	313	298	292	287	315	279	268	293	288	278	692	623	709	625	557	610	631	715	592	713	710	5718	5356	6197	8352	3177	5779	5487	4964	5615	3448	9780	705	747	813	808	771	691	690	791	667	609	620	223	209	245	215	211	261	237	225	223	244	198	
1885.24234372511	138	131	128	133	131	148	144	160	136	133	145	146	147	167	148	133	155	141	143	134	139	115	188	147	162	163	160	184	151	157	168	160	172	153	167	149	177	163	148	154	166	158	176	187	196	199	173	54	227	197	164	172	181	170	169	205	195	214	213	193	239	209	191	230	188	196	286	321	285	281	300	291	292	276	283	289	289	716	633	671	621	581	602	634	646	555	633	701	5765	5216	6153	8313	3190	5776	5611	4771	5661	3597	9700	662	728	770	791	777	728	727	759	701	668	649	219	203	187	219	218	235	221	241	237	206	196	
1886.75968747511	141	150	153	144	167	138	145	137	122	121	126	165	143	157	150	161	178	177	132	143	147	165	153	160	146	138	179	151	141	157	156	157	147	160	166	170	162	160	147	154	148	163	153	153	183	193	180	42	178	175	191	190	183	182	200	223	200	206	226	203	203	181	213	220	219	185	290	284	312	270	307	289	303	282	278	290	295	677	715	706	589	568	559	636	657	586	627	684	5637	5383	6074	8279	3094	5662	5648	4704	5551	3672	9648	628	740	745	828	868	742	729	787	683	681	606	198	182	206	229	207	241	251	207	219	217	213	
1888.27734372511	137	134	156	144	147	138	129	140	126	154	123	154	187	129	146	144	167	142	169	128	153	163	139	139	158	173	142	164	155	163	137	127	163	166	167	178	168	181	195	158	173	167	157	159	176	182	190	22	179	181	189	157	180	167	185	197	237	211	211	202	238	220	213	192	213	191	273	307	280	312	309	310	293	261	303	261	286	663	649	714	629	560	618	616	650	557	635	669	5551	5466	6219	8255	3134	5696	5579	4795	5697	3585	9672	650	681	749	765	866	716	753	765	713	672	606	233	219	229	253	272	263	237	238	226	198	217	
1889.79453122511	147	162	126	144	148	133	131	156	127	149	141	151	154	159	152	119	139	169	141	177	150	154	185	153	153	173	165	168	157	161	143	145	141	159	166	167	191	162	189	168	153	174	184	160	169	183	190	56	192	171	192	185	182	181	176	201	207	219	187	193	194	218	207	221	207	204	300	305	285	255	253	285	277	288	270	277	265	638	659	722	552	581	651	701	658	584	666	656	5651	5187	6006	8278	3243	5863	5746	4965	5743	3664	9764	679	727	750	872	797	724	714	812	730	678	608	200	226	221	211	240	273	247	235	248	230	217	
1891.31062497511	175	140	153	143	125	166	142	151	149	108	143	153	128	131	146	161	162	157	138	178	158	158	162	179	145	148	166	153	170	147	161	182	146	175	171	153	162	159	175	186	180	161	155	168	164	188	179	45	172	187	197	209	179	203	188	210	215	246	206	215	213	237	252	216	215	197	300	269	253	292	284	310	360	306	303	269	297	662	667	703	565	575	603	701	648	591	697	690	5558	5161	5922	8191	3124	5639	5764	4946	5845	3758	9855	672	698	735	800	776	695	786	773	749	634	636	193	207	209	225	220	266	248	210	241	223	207	
1892.82687497512	107	117	151	144	160	142	124	134	159	144	144	154	138	160	139	146	157	143	152	144	144	124	152	156	134	171	176	159	168	150	157	141	163	155	143	166	160	180	156	190	185	179	149	198	179	174	190	40	182	190	195	182	188	191	160	209	210	182	216	211	199	200	223	205	200	209	277	281	273	303	265	295	299	317	263	285	288	630	681	714	584	533	635	602	660	597	659	689	5467	5099	5710	7832	3042	5750	5742	4853	5901	3708	9573	639	701	753	813	815	745	709	745	781	659	611	214	174	221	199	243	268	251	274	203	213	213	
1894.34281247511	140	137	118	140	141	135	149	111	124	135	156	157	127	162	127	140	169	153	140	153	160	153	162	173	149	152	159	168	171	149	138	153	169	159	151	126	149	139	139	168	173	168	171	145	182	167	168	36	190	183	168	201	203	172	162	224	207	215	198	225	194	202	211	195	213	220	271	272	294	264	269	301	303	306	290	290	292	640	639	643	598	553	561	640	664	595	682	732	5394	5212	5707	7827	2926	5570	5597	4993	5916	3705	9626	636	705	716	752	805	688	682	765	724	682	594	227	215	187	226	230	233	215	268	204	211	233	
1895.85765622511	131	132	138	152	135	163	118	123	154	110	125	171	146	144	147	136	153	124	151	145	153	143	163	157	146	153	178	155	158	136	142	145	162	162	173	146	138	156	203	177	186	163	170	134	176	170	172	46	177	153	169	156	204	195	179	204	232	208	234	202	203	205	217	186	210	232	301	267	306	261	249	278	304	319	250	317	291	704	646	685	578	573	575	582	672	591	666	714	5633	5262	5750	7912	2966	5592	5544	4950	5972	3727	9713	666	714	772	782	777	686	683	779	723	680	602	220	216	205	230	239	241	260	235	237	222	208	
1897.37265622511	125	136	125	132	124	119	136	114	154	131	105	160	143	155	153	159	139	117	161	158	153	149	140	133	139	134	153	164	143	173	142	165	171	165	169	176	189	160	146	155	192	167	170	189	193	161	153	42	173	167	188	172	177	173	190	189	216	217	173	187	228	207	231	204	210	213	271	302	293	281	282	301	317	307	279	287	295	659	700	663	568	537	613	642	659	605	660	702	5667	5384	5905	7871	2912	5398	5776	4912	5749	3744	9685	675	759	793	781	745	633	685	762	725	659	621	203	214	221	209	220	225	216	200	233	229	182	
1898.88671872511	144	155	142	122	127	121	135	146	139	133	133	193	125	143	153	127	166	165	160	129	144	146	147	144	167	151	177	133	151	156	145	159	161	138	155	178	159	152	149	161	132	171	166	152	163	189	182	35	181	187	199	187	205	161	182	234	192	207	199	206	202	190	236	224	210	207	328	310	290	275	278	261	290	288	307	311	307	637	665	699	564	552	551	559	685	666	662	686	5593	5278	5990	7987	2911	5389	5707	4892	5696	3665	9853	669	724	697	821	723	668	709	757	702	697	626	226	215	206	204	198	232	262	235	223	233	210	
1900.40093747511	127	133	129	128	145	125	119	136	171	137	117	174	161	145	138	136	137	153	141	125	155	157	129	137	144	145	155	151	136	153	128	139	155	179	137	189	144	177	161	133	193	164	181	174	183	185	183	50	179	163	184	144	157	206	204	223	219	212	197	200	199	214	221	185	227	192	290	293	287	274	248	283	303	309	297	287	301	713	682	665	589	530	550	594	627	608	669	667	5614	5296	5976	7853	2944	5378	5555	4921	5771	3626	10016	653	700	754	766	792	705	725	788	769	687	643	219	217	188	208	232	235	243	230	229	212	216	
1901.91406247511	137	151	139	129	153	137	137	138	142	148	123	141	149	141	145	145	158	148	153	137	141	132	175	149	157	167	142	153	161	156	171	166	163	141	176	165	160	152	162	159	171	183	178	166	162	205	139	40	189	188	168	177	193	189	178	194	228	186	189	216	201	179	200	197	218	218	317	276	288	296	259	291	275	279	282	285	299	662	630	682	562	586	498	618	668	626	642	644	5584	5236	6035	7908	2898	5293	5599	4998	5634	3739	10003	663	707	748	797	760	668	705	776	659	703	663	199	190	202	205	215	201	224	239	241	237	198	
1903.42734372511	138	152	121	106	122	129	147	143	140	133	151	150	152	138	130	125	142	144	140	165	118	129	176	157	167	143	138	126	153	148	166	145	146	162	151	161	154	159	151	148	136	166	155	155	166	191	185	52	167	183	176	185	183	193	177	219	194	210	205	205	188	186	193	188	192	222	317	269	255	272	272	282	270	283	265	279	291	673	679	680	586	535	534	601	633	610	656	657	5538	5235	5964	7965	2986	5324	5350	4842	5493	3601	9738	687	732	801	768	775	695	687	794	681	644	591	222	223	197	208	217	248	224	237	249	208	213	
1904.93968747511	133	156	118	124	148	167	126	128	129	132	137	137	155	126	158	159	139	130	131	154	148	134	143	164	153	142	153	130	124	131	165	156	141	168	162	193	163	146	193	136	189	158	139	144	153	161	181	41	164	168	165	171	179	192	175	202	241	200	208	198	197	228	213	209	225	213	258	296	284	242	280	248	311	289	278	301	334	686	679	690	574	532	541	616	635	555	650	672	5677	5343	6099	7941	3019	5496	5354	4697	5481	3645	9755	691	703	782	830	791	648	661	718	707	677	626	213	191	204	246	259	210	230	207	245	251	219	
1906.45156247511	135	126	129	155	137	138	120	133	118	146	151	146	152	141	147	150	145	134	146	128	144	131	157	174	146	169	152	137	144	168	175	144	156	168	147	185	176	157	156	159	148	158	155	165	206	162	165	47	157	172	193	177	140	183	172	204	197	173	214	197	207	192	178	186	213	198	260	312	294	289	274	255	278	251	294	298	316	667	668	683	593	580	610	555	634	564	639	694	5555	5325	5984	8195	2969	5548	5365	4675	5385	3475	9641	689	736	802	803	774	705	691	750	703	667	627	214	224	227	215	265	235	219	219	197	219	210	
1907.96359372512	133	136	116	109	119	146	132	148	123	128	116	159	150	158	144	125	137	152	146	127	149	150	157	123	178	159	144	148	124	125	156	129	152	169	168	161	146	182	155	161	153	148	178	143	184	182	203	40	183	195	165	159	186	168	157	183	199	198	159	201	221	213	177	203	196	194	278	274	256	264	261	283	283	306	279	269	284	662	667	721	573	553	580	573	695	539	623	645	5420	5179	6024	8256	3160	5478	5342	4672	5383	3526	9424	671	724	767	814	735	637	702	741	659	614	612	220	186	231	203	224	241	211	237	221	202	231	
1909.47468747511	141	130	133	125	147	133	119	162	136	131	119	137	133	149	139	151	159	145	172	138	144	134	141	163	157	160	147	147	153	153	150	150	157	154	174	170	185	145	157	159	156	147	162	159	188	185	178	64	172	175	179	183	181	180	193	181	226	189	218	209	179	186	215	194	199	214	268	283	283	296	281	282	336	295	282	292	305	685	635	683	568	524	561	602	651	602	624	690	5624	5187	5978	7995	3023	5424	5254	4643	5482	3596	9730	668	771	773	804	779	639	713	735	687	607	619	185	232	222	210	224	237	236	253	230	241	218	
1910.98515622511	133	113	100	134	122	130	138	130	116	133	132	131	152	152	140	147	139	149	154	151	131	139	145	173	143	163	156	142	155	153	124	162	173	169	121	154	168	156	137	141	154	156	163	163	165	147	179	52	147	154	183	192	166	187	171	204	215	196	236	209	204	194	176	218	205	200	287	296	270	309	283	294	298	299	268	282	325	677	671	686	566	559	554	595	661	600	623	679	5474	5110	5942	7880	3024	5445	5250	4674	5593	3654	9876	624	719	749	839	751	657	669	742	690	638	578	192	255	225	247	217	228	227	238	202	202	187	
1912.49531247511	128	143	141	118	114	156	120	126	118	117	115	158	164	157	139	135	161	152	123	154	137	146	161	137	149	146	150	126	153	158	140	139	178	160	146	143	143	162	164	143	159	131	142	163	161	170	178	51	181	173	195	176	178	192	176	209	200	186	209	164	204	193	183	189	194	221	290	275	305	265	277	316	300	314	268	291	319	654	623	672	559	567	572	608	632	552	594	683	5263	5200	5933	8075	3114	5340	5302	4760	5418	3628	9528	659	710	755	811	809	663	716	764	718	697	622	172	210	206	227	247	276	204	225	218	205	192	
1914.00578122511	142	142	125	156	134	117	133	100	143	130	149	140	146	149	124	169	140	150	155	136	139	137	160	153	143	142	164	145	145	145	171	139	166	153	163	151	154	183	168	175	166	182	172	135	191	194	177	53	177	180	169	174	161	173	181	198	226	237	219	207	203	217	202	203	179	217	291	263	281	273	296	271	289	285	263	273	295	584	625	702	591	563	585	643	599	596	676	686	5455	5016	6024	8163	3068	5415	5369	4665	5559	3529	9623	668	692	789	762	710	672	664	702	727	625	590	203	194	208	215	237	218	202	206	223	203	190	
1915.51515622511	154	133	130	126	137	130	141	122	128	143	124	131	150	134	163	161	153	145	133	118	135	127	153	147	137	143	140	144	166	145	132	157	154	161	138	146	163	163	164	143	175	150	144	152	164	176	165	57	178	193	166	168	155	180	182	198	194	189	223	177	173	194	200	202	217	191	246	303	283	290	291	285	297	278	284	277	283	629	631	693	549	546	591	644	653	596	578	651	5322	5131	5969	7925	3028	5462	5407	4617	5301	3504	9450	626	719	808	779	797	671	678	739	691	668	600	214	190	216	221	206	242	251	207	214	227	199	
1917.02406247511	134	116	120	121	132	127	108	143	131	98	113	167	138	144	141	134	105	139	132	131	117	110	166	155	162	148	148	140	133	130	167	130	147	141	164	141	171	142	170	159	160	146	136	151	152	177	159	36	178	177	158	169	173	132	165	187	209	205	199	172	226	181	213	215	212	205	273	303	306	278	288	261	294	303	309	262	277	623	646	654	578	566	576	578	640	575	578	662	5336	5108	5781	8040	2993	5467	5305	4642	5523	3426	9461	661	701	774	775	787	705	696	735	689	637	598	210	223	181	223	204	226	215	196	220	212	201	
1918.53249997511	125	149	135	149	146	127	144	109	133	139	118	134	131	135	159	152	141	118	115	137	132	149	173	152	140	153	159	140	143	139	135	138	149	135	165	160	138	164	144	172	155	155	131	168	157	162	173	45	175	166	141	182	172	159	162	197	189	179	205	212	200	199	221	176	228	190	275	310	281	268	295	328	314	302	278	295	287	607	657	698	589	584	530	617	612	567	633	675	5262	4982	5893	8017	3099	5549	5393	4876	5323	3497	9222	688	735	729	786	754	698	692	776	672	634	609	197	170	200	198	234	226	237	221	246	209	219	
1920.04062497511	125	134	142	135	143	152	143	133	132	143	121	124	144	133	137	135	158	121	144	122	152	142	140	131	155	142	129	156	140	149	134	158	141	137	144	171	156	166	161	143	145	155	161	185	181	153	173	41	166	160	182	162	165	152	183	164	209	218	216	174	222	210	211	195	202	193	287	292	288	264	261	289	284	271	298	283	263	662	647	645	569	600	598	656	639	517	639	640	5038	4949	5713	7900	2920	5415	5426	4844	5415	3369	9197	668	710	749	805	716	736	741	725	700	658	599	174	177	199	222	223	221	236	231	203	210	215	
1921.54828122512	123	132	142	122	117	140	140	152	120	111	153	144	149	125	139	134	153	121	130	128	143	153	160	115	149	168	139	140	137	132	149	128	150	137	166	145	162	153	200	141	149	151	148	131	178	163	180	41	165	178	174	158	171	140	156	205	196	207	188	185	207	192	198	179	186	201	264	266	284	265	292	291	304	270	243	280	238	665	591	652	562	551	593	617	632	550	596	655	5194	4896	5627	7767	3048	5373	5365	4723	5432	3395	9077	602	700	764	805	780	701	704	730	672	673	623	197	182	188	215	213	230	233	179	217	195	201	
1923.05546872512	126	131	115	127	145	118	128	148	128	129	108	142	152	115	130	151	141	137	121	125	146	159	135	134	149	136	144	165	134	163	119	148	131	141	153	155	132	154	167	156	155	161	140	124	189	178	149	58	160	174	176	144	128	140	173	204	181	215	211	177	194	209	180	178	188	207	281	293	297	259	246	256	296	275	265	270	261	624	637	637	543	545	609	582	627	560	645	656	5239	4921	5707	7788	3020	5433	5326	4765	5333	3291	8877	631	691	683	794	729	714	688	765	673	599	563	208	179	198	221	207	262	234	197	219	211	213	
1924.56296872511	115	107	130	146	127	124	149	137	114	117	127	134	137	166	123	141	149	129	147	125	117	118	134	143	132	148	147	141	151	149	147	165	152	171	159	161	142	124	146	146	158	142	152	153	146	171	137	47	160	179	177	191	188	159	171	187	198	191	195	213	194	215	187	207	177	205	291	276	291	283	291	284	243	291	274	259	291	681	583	653	582	513	588	603	628	593	646	649	5109	4707	5592	7616	3005	5278	5460	4790	5479	3427	8990	632	691	710	754	710	673	725	783	733	634	571	216	187	221	189	220	217	220	242	210	217	183	
1926.06937497511	103	115	116	105	136	150	144	141	117	118	131	132	145	126	154	133	141	146	154	137	130	142	140	153	138	148	122	137	159	155	146	148	137	116	150	163	145	156	105	180	170	157	170	152	158	171	172	35	197	178	168	186	158	144	167	215	169	201	195	198	192	185	214	193	203	191	242	272	274	281	237	289	277	278	269	291	249	676	629	653	546	494	561	620	674	583	637	658	5133	4928	5598	7518	2989	5205	5316	4804	5519	3458	9034	648	706	731	768	752	668	682	753	695	642	627	202	191	231	222	227	218	232	222	221	193	212	
1927.57468747511	136	137	140	118	108	144	129	140	113	104	119	132	150	131	124	161	135	160	127	133	129	145	140	147	135	143	144	136	142	128	155	133	137	182	155	165	124	162	153	150	174	161	170	142	177	177	160	50	156	153	155	154	176	168	179	187	196	174	208	203	187	213	192	177	231	213	301	262	266	242	251	258	287	291	267	291	273	654	646	633	540	546	592	613	600	569	668	653	5153	4817	5486	7600	2938	5306	5349	4863	5600	3589	9202	616	697	774	767	737	657	683	768	671	658	599	166	197	204	201	229	245	227	237	237	203	215	
1929.08015622511	107	125	120	113	130	117	144	140	121	123	128	148	149	160	154	147	127	138	145	134	155	138	138	136	123	146	139	134	170	145	123	150	136	158	173	154	158	128	164	155	163	140	153	144	154	153	153	51	158	140	187	167	166	182	153	199	186	175	177	171	197	207	233	193	209	208	295	289	283	267	272	279	280	294	275	268	304	638	635	609	521	519	569	639	627	525	649	673	5403	4886	5444	7566	2844	5152	5247	4640	5566	3486	9255	654	715	745	723	695	699	718	776	680	664	603	194	194	206	214	217	229	212	237	226	214	199	
1930.58531247512	105	131	113	125	117	101	150	138	106	108	114	147	129	118	122	109	117	146	114	153	160	133	151	140	125	141	152	149	142	154	156	145	151	151	149	145	147	166	159	142	145	135	171	151	180	162	170	49	196	148	150	158	172	153	171	200	201	187	167	204	191	171	204	194	190	201	273	273	282	253	250	250	244	290	287	274	299	657	595	615	512	518	529	555	645	603	633	618	5492	4987	5281	7511	2787	4942	5035	4672	5461	3606	9194	648	657	720	729	724	670	689	736	671	664	607	182	225	181	205	224	227	202	224	231	190	223	
1932.08999997512	129	124	140	137	133	140	120	126	131	118	109	157	121	151	133	114	126	138	135	140	143	150	138	135	163	116	155	128	141	137	157	160	132	174	166	157	137	147	138	125	144	157	174	140	191	157	162	52	173	147	158	161	169	164	170	181	201	173	184	195	189	223	238	203	194	208	272	297	283	273	261	281	282	285	274	274	277	638	639	675	547	526	507	586	594	585	625	629	5423	5171	5784	7657	2870	5065	5098	4535	5672	3482	8999	662	738	741	783	680	626	668	725	666	643	586	212	197	197	224	238	202	231	231	214	241	214	
1933.59437497511	108	125	137	135	128	124	115	123	128	134	123	142	163	140	131	122	139	129	165	139	122	134	149	156	140	165	146	118	153	145	138	135	145	149	127	148	175	137	123	143	157	138	144	146	171	169	161	45	147	160	173	167	172	154	157	202	197	187	170	181	189	206	194	193	210	200	299	301	271	266	274	279	265	267	249	309	267	623	652	637	553	547	539	590	628	532	640	663	5343	5081	5655	7621	2848	5011	5130	4595	5504	3629	9266	706	738	752	763	755	603	688	762	686	644	578	206	206	219	210	216	201	197	223	201	235	211	
1935.09828122511	125	153	129	89	102	114	139	128	120	127	122	126	133	125	133	122	118	128	119	145	137	142	137	137	158	115	124	134	137	120	136	151	135	131	154	131	160	152	155	139	178	166	163	165	192	172	193	38	158	158	124	166	132	166	169	201	162	216	161	186	191	174	192	179	189	213	278	264	269	269	227	257	271	298	280	294	281	653	622	679	565	519	522	575	616	548	672	656	5377	5045	5818	7495	2893	4909	4933	4432	5399	3534	9344	637	732	734	788	751	630	661	718	716	663	586	208	206	202	211	210	221	223	215	226	224	198	
1936.60171872511	123	134	113	123	124	142	117	125	134	114	123	132	142	115	129	142	116	122	134	126	130	122	146	148	143	118	133	139	152	126	132	160	138	139	134	157	145	156	159	135	134	138	143	174	148	166	162	53	162	155	182	170	164	175	164	215	195	204	192	170	183	200	198	193	209	198	248	279	292	259	251	247	245	270	270	272	291	655	635	637	530	519	506	564	603	553	646	658	5241	4976	5817	7857	2872	5129	4804	4464	5307	3608	9290	637	710	753	751	723	652	620	719	685	656	576	183	195	194	217	228	226	228	216	219	224	219	
1938.10406247511	123	142	129	147	133	122	120	130	139	131	134	129	145	124	154	115	121	97	127	128	127	138	170	157	121	147	146	135	137	133	132	141	162	144	145	162	170	137	144	156	132	166	131	149	180	179	159	40	187	173	135	166	173	157	161	178	205	202	183	212	195	196	196	180	203	161	291	230	289	275	256	281	292	259	275	292	280	600	636	656	538	530	581	601	601	573	595	631	5218	5018	5899	7855	2866	5104	4955	4531	5386	3407	9340	609	737	792	838	761	632	661	725	674	662	605	197	191	162	211	222	241	207	215	185	204	183	
1939.60671872512	153	134	128	127	120	118	93	116	124	126	140	134	139	161	138	133	145	130	128	130	116	114	156	138	122	129	131	160	164	136	141	129	139	167	137	136	154	157	158	172	165	168	165	149	181	141	177	50	158	162	166	143	163	171	155	200	160	189	205	198	182	205	192	197	193	205	273	261	248	253	247	274	287	257	259	259	262	664	622	707	552	518	542	587	602	555	584	673	5269	4963	5789	7846	2895	5107	4986	4396	5219	3385	8985	632	702	755	793	746	650	649	705	632	617	628	187	198	221	208	202	228	227	190	193	185	207	
1941.10890622512	126	137	104	124	147	130	123	108	125	110	115	121	134	135	127	127	151	151	133	150	134	137	128	124	128	142	137	131	158	143	144	144	140	140	151	150	151	145	139	148	145	161	147	157	149	165	151	34	160	176	168	162	145	168	173	155	204	190	211	175	173	189	166	180	196	209	247	284	278	285	283	269	281	285	263	275	266	630	641	643	535	534	510	589	578	525	625	620	5201	4970	5715	7621	2870	5288	5045	4338	5230	3364	8942	630	707	781	768	736	721	656	739	669	594	569	177	205	213	193	241	212	221	220	191	217	200	
1942.61062497511	109	123	127	126	122	125	112	120	127	120	108	117	125	108	139	143	151	119	119	99	112	128	140	149	134	162	153	166	128	147	128	130	128	130	134	150	159	161	161	170	127	144	145	153	140	143	176	45	146	134	164	158	133	174	146	185	182	184	193	161	204	194	194	193	175	165	258	255	283	256	277	254	283	278	275	287	284	615	581	670	569	572	572	593	592	545	577	642	4797	4745	5649	7759	2969	5122	5218	4402	5118	3369	8954	622	738	798	751	741	685	693	732	644	606	566	222	194	210	187	221	223	228	222	217	172	196	
1944.11140622511	97	133	103	118	97	120	115	111	122	87	115	130	150	117	131	148	122	127	121	109	133	134	129	139	132	133	136	134	137	121	145	117	136	123	156	108	154	168	165	143	137	152	134	125	147	141	187	34	150	157	141	158	177	166	153	188	159	188	189	178	200	184	186	199	178	177	236	275	243	261	285	260	260	283	235	243	279	600	577	598	579	556	574	579	589	568	573	595	4925	4763	5524	7520	2966	5137	5015	4504	5043	3255	8846	598	699	758	767	738	635	632	677	643	631	564	188	189	201	197	237	244	208	203	206	217	181	
1945.61234372511	125	124	133	109	118	136	121	134	115	104	109	140	133	121	134	101	122	118	115	136	161	148	136	133	125	141	157	141	127	137	142	122	131	136	153	120	156	126	148	142	136	142	127	133	165	164	139	44	149	165	158	144	138	149	156	176	197	183	181	198	183	202	204	173	162	203	262	233	297	250	247	223	263	258	255	246	268	604	565	626	513	521	538	555	566	513	555	628	5098	4765	5540	7473	2883	5058	5076	4461	5059	3348	8744	625	675	796	760	733	662	701	702	655	580	548	181	179	217	222	222	237	233	211	217	216	189	
1947.11281247512	91	117	119	109	115	127	111	102	97	120	131	108	129	131	124	141	120	137	147	104	114	141	160	127	134	139	141	146	127	123	111	131	113	136	143	142	165	134	152	149	144	139	124	129	173	129	154	42	156	164	142	161	151	151	142	191	164	187	187	204	184	197	184	193	184	196	277	257	250	236	277	268	253	251	252	266	263	600	599	651	513	516	550	585	626	549	575	589	4953	4679	5670	7633	2902	5124	5071	4363	5090	3319	8806	580	642	748	799	752	672	641	717	665	616	572	183	205	185	197	237	224	195	210	192	192	187	
1948.61234372512	107	130	113	102	113	118	117	107	111	125	113	119	118	109	103	122	116	143	126	137	132	139	147	117	141	127	108	139	137	130	154	120	128	123	141	133	140	164	120	123	128	137	151	127	145	155	157	37	145	157	165	166	153	159	174	183	203	172	177	158	201	191	192	189	179	195	279	268	262	229	264	267	277	271	269	301	221	553	585	616	541	506	562	610	647	534	596	584	4967	4694	5609	7635	2870	5137	4961	4377	5071	3247	8705	649	705	749	749	740	637	682	748	653	623	523	210	184	186	206	221	228	233	202	196	199	188	
1950.11203122511	129	116	113	107	119	117	120	114	141	132	117	116	129	113	129	137	145	138	115	124	118	141	128	134	169	137	141	125	119	124	150	114	105	133	155	149	138	147	146	149	157	139	148	126	127	127	150	51	131	167	141	147	142	172	147	188	187	181	179	197	177	184	172	162	166	182	257	245	285	243	239	255	273	274	268	235	266	611	599	599	524	533	546	556	569	564	582	613	4996	4626	5572	7436	2799	5213	5074	4412	5049	3301	8599	627	676	758	741	750	674	687	728	646	593	532	210	179	204	234	236	243	218	195	194	208	197	
1951.61062497511	113	107	129	123	135	112	105	119	101	111	108	104	105	134	115	130	126	121	129	125	135	139	130	126	144	165	147	145	116	138	153	119	140	124	136	159	140	147	125	168	112	130	122	147	139	164	168	39	183	155	147	144	128	148	145	151	180	166	191	163	197	194	189	181	185	172	228	273	271	267	223	269	263	282	256	263	262	624	559	632	545	533	530	577	590	527	564	606	4925	4646	5455	7444	2909	5238	4990	4422	5179	3312	8522	570	682	758	751	685	653	659	727	643	610	517	197	174	171	219	224	242	225	218	189	205	207	
1953.10953122511	117	124	112	93	120	93	119	106	116	118	109	121	105	137	130	117	134	130	143	123	114	127	129	120	136	143	130	127	171	127	133	152	136	142	138	142	143	146	122	134	107	141	124	134	136	170	180	52	167	146	154	140	155	123	147	178	175	195	190	165	179	181	184	171	187	182	257	258	249	279	256	272	251	271	245	231	274	604	576	622	529	509	574	587	595	535	590	597	4928	4645	5625	7453	2864	5221	5058	4500	5102	3330	8549	605	646	785	766	670	655	647	715	644	591	583	183	191	187	221	200	236	203	208	192	177	187	
1954.60734372511	133	124	118	109	129	135	105	121	107	112	123	139	121	119	131	123	146	128	122	113	136	135	132	116	138	144	153	126	129	141	111	126	122	133	125	162	118	164	147	128	145	143	133	115	167	144	154	39	155	154	161	158	157	146	157	190	191	173	186	185	161	193	174	157	192	173	243	249	251	238	239	265	271	254	259	249	268	596	572	644	497	507	533	597	589	539	586	595	4940	4707	5345	7301	2886	5063	5079	4478	5229	3343	8684	578	701	754	752	733	681	691	702	676	628	573	183	181	200	216	254	221	209	244	210	202	192	
1956.10531247511	132	119	104	126	119	123	121	127	107	121	143	109	121	154	109	105	122	126	139	120	133	124	122	124	124	105	130	138	141	133	135	129	136	133	115	156	133	151	154	145	118	140	130	144	126	147	132	43	165	159	139	153	173	166	145	168	168	154	181	177	191	163	181	171	147	171	271	245	258	266	228	278	244	262	268	268	276	599	569	643	542	507	528	607	623	568	552	582	4995	4646	5416	7307	2825	5071	5088	4514	5265	3402	8632	587	661	707	766	765	634	669	762	651	627	553	215	184	186	225	206	216	221	211	217	206	200	
1957.60234372512	138	117	104	126	120	104	116	133	120	118	115	141	94	103	134	121	122	136	119	147	112	108	121	127	146	125	127	119	147	154	135	129	146	137	158	112	143	141	144	137	147	148	140	163	132	150	161	49	139	153	156	175	175	140	144	168	164	166	175	192	176	185	191	182	159	201	235	256	250	254	254	301	263	253	246	266	241	589	597	584	530	502	524	593	579	573	665	611	4860	4633	5282	7171	2798	4980	5070	4656	5486	3404	9000	653	633	736	739	699	643	681	739	672	610	630	187	183	198	197	242	211	210	223	237	198	195	
1959.09890622511	101	120	114	104	121	107	110	106	86	125	131	132	129	105	113	117	141	132	134	132	120	159	128	125	118	119	143	118	129	136	133	123	130	136	147	161	122	130	145	130	121	153	132	127	154	136	136	36	154	157	154	130	137	163	150	160	186	178	177	202	172	203	192	181	181	181	248	243	262	235	241	270	265	273	262	264	269	614	605	613	490	503	505	580	629	534	559	646	4984	4602	5289	7021	2796	5005	4939	4580	5341	3330	9009	620	680	761	733	754	649	678	771	693	620	571	198	206	196	203	207	238	221	218	234	207	217	
1960.59562497511	131	98	107	117	112	121	96	112	131	117	137	109	128	130	105	98	118	104	135	125	130	125	146	125	109	142	113	130	140	137	110	137	137	123	141	135	152	150	118	134	137	137	130	152	135	132	146	50	136	156	122	147	192	162	169	163	176	172	176	158	162	196	162	189	180	164	249	278	261	220	237	235	240	275	235	256	245	593	586	592	484	477	544	603	570	553	585	615	4918	4564	5265	7034	2600	4859	4816	4472	5234	3238	8903	623	674	751	721	707	631	680	735	703	641	611	184	182	184	183	244	188	219	211	204	210	200	
1962.09140622512	112	106	109	109	111	90	108	114	108	104	110	121	107	120	127	110	117	91	121	125	113	138	139	103	148	132	120	131	143	117	127	131	113	128	154	133	117	148	109	125	144	125	141	141	131	146	162	45	142	145	132	155	153	157	166	210	138	159	176	173	164	170	169	195	181	191	237	263	262	214	239	237	252	247	242	214	264	658	582	628	486	479	516	571	564	524	570	599	4953	4687	5428	6921	2710	4835	4678	4466	5233	3450	8878	630	695	768	727	699	627	649	722	696	642	633	227	207	169	213	189	212	203	219	181	229	190	
1963.58671872512	136	102	109	117	109	119	126	107	128	112	104	125	125	117	121	123	109	119	126	130	119	115	107	138	128	127	134	133	108	117	156	131	147	129	148	155	138	135	134	121	137	136	145	168	169	155	145	45	145	142	182	141	133	159	148	160	197	179	150	173	168	197	180	181	179	188	252	246	262	240	246	245	252	291	249	251	281	630	612	596	495	521	521	576	576	509	605	608	5290	4825	5493	7185	2658	4758	4751	4301	5128	3327	8789	630	725	761	742	673	592	589	658	614	617	611	203	184	205	222	212	222	200	220	228	238	198	
1965.08218747511	106	105	114	114	114	99	84	94	113	110	107	115	119	114	112	113	123	107	129	97	127	125	102	103	123	148	141	129	112	149	110	139	140	131	141	125	111	119	98	111	138	135	146	140	139	142	151	43	155	135	156	151	167	134	132	191	173	168	172	162	169	172	169	170	169	163	260	259	242	236	249	230	237	236	258	261	250	619	585	653	518	497	499	539	571	519	574	625	5083	4715	5486	7011	2645	4751	4677	4191	4905	3343	8770	647	688	772	735	675	636	653	708	652	611	587	191	200	199	226	208	221	208	229	209	210	220	
1966.57671872511	105	111	111	91	104	131	122	106	97	93	104	103	124	114	133	126	115	115	118	112	108	127	131	124	108	117	145	130	137	101	136	121	119	122	144	103	135	147	121	111	136	112	143	128	134	142	137	58	149	131	135	135	168	145	146	181	194	191	175	184	167	159	162	181	173	187	269	229	256	223	232	267	266	242	248	244	229	594	588	633	557	424	490	515	562	493	585	578	5173	4819	5533	7125	2697	4769	4686	4285	4984	3201	8534	618	673	755	759	675	655	635	720	629	605	585	182	195	190	194	224	202	189	210	191	172	164	
1968.07078122511	111	118	136	102	130	109	103	101	87	103	81	126	121	137	114	134	131	127	155	134	128	119	127	143	150	130	130	116	106	109	112	127	109	111	143	123	153	129	130	94	144	119	129	115	145	149	169	43	177	136	126	139	146	148	164	181	185	155	150	145	168	185	201	163	130	162	253	241	283	226	227	214	244	230	226	261	247	588	595	582	537	495	524	582	557	521	516	572	5179	4831	5479	7377	2738	4751	4622	4217	4870	3211	8384	658	755	748	731	665	628	627	669	629	579	557	192	161	204	218	189	235	212	200	166	219	214	
1969.56437497511	99	89	117	106	140	123	106	99	96	98	103	101	119	102	129	116	95	84	117	104	106	107	113	144	133	123	120	131	129	123	116	116	137	112	124	111	148	127	161	123	106	125	117	131	160	150	134	45	155	143	131	139	146	142	124	203	169	184	213	162	181	175	194	181	200	161	292	261	262	265	245	231	244	222	224	259	238	627	620	617	528	524	517	553	551	533	570	611	5174	4774	5731	7263	2762	4880	4700	4160	4900	3121	8153	633	714	759	739	698	664	667	697	653	625	538	190	191	180	195	221	244	210	176	217	207	199	
1971.05765622511	121	81	86	99	95	110	94	94	110	97	92	137	111	141	116	95	100	134	102	121	125	107	132	123	137	133	117	122	138	131	112	121	120	128	154	108	131	147	114	140	140	139	116	114	133	153	184	38	136	159	152	147	149	123	128	195	165	173	160	155	185	192	189	159	185	163	249	242	256	229	211	233	261	277	257	253	233	625	592	603	500	493	527	555	551	546	579	573	5124	4739	5653	7185	2759	4895	4884	4270	4959	3248	8153	604	689	773	734	717	673	669	710	650	594	545	202	175	195	207	215	211	215	199	209	195	165	
1972.55046872511	119	107	102	119	125	113	133	111	104	109	116	122	115	120	106	110	134	127	115	101	125	115	137	117	119	138	122	136	123	123	114	115	130	99	153	147	111	145	132	127	128	135	117	135	134	117	125	58	150	136	146	143	138	148	152	155	187	163	175	183	180	176	166	162	166	191	239	265	277	257	249	237	246	265	246	265	258	584	631	586	541	483	530	565	581	506	607	596	4993	4638	5499	7277	2800	4984	4913	4324	5061	3212	8521	651	704	779	788	720	647	674	673	681	617	539	198	189	195	210	201	230	197	213	221	200	189	
1974.04359372511	107	121	105	135	106	112	97	110	98	117	101	107	113	111	105	120	142	109	106	115	98	113	138	97	126	132	105	134	127	123	122	127	121	119	133	129	124	123	130	142	133	127	122	129	132	110	161	42	163	130	127	145	163	133	152	168	149	168	185	181	182	197	189	169	181	171	265	251	229	240	268	270	262	275	252	248	245	595	593	627	486	489	541	588	550	528	582	577	4834	4752	5476	7226	2838	4941	4963	4355	5228	3300	8477	620	707	750	685	715	657	642	700	665	605	566	197	204	184	203	226	236	209	227	226	226	190	
1975.53546872511	115	101	106	105	111	121	115	132	116	105	90	122	89	126	124	115	108	110	115	129	117	94	130	122	137	127	120	127	110	146	130	142	120	116	125	115	114	117	138	131	144	124	124	124	151	148	166	41	143	161	133	151	153	151	145	175	182	170	159	140	201	180	179	174	155	199	214	252	245	248	216	211	258	258	231	248	257	584	558	611	513	531	537	542	588	542	594	577	4889	4805	5388	7223	2797	4973	4968	4460	5258	3304	8516	610	695	785	797	708	692	712	690	653	624	558	199	201	176	201	223	219	242	209	225	183	217	
1977.02703122511	96	130	104	111	93	95	93	108	98	124	121	111	108	120	131	107	116	111	119	119	118	117	132	126	139	125	126	113	130	129	111	134	123	133	139	117	122	127	141	139	113	145	128	131	154	134	145	51	142	158	154	154	151	152	161	188	162	152	157	169	184	168	182	169	173	196	233	272	252	220	248	226	229	264	249	206	238	564	553	624	531	516	482	554	590	525	610	645	4836	4648	5446	7186	2713	4933	4916	4360	5165	3288	8546	646	707	730	764	712	676	655	652	650	588	551	182	190	162	204	216	236	215	187	213	222	206	
1978.51828122511	92	103	100	110	99	105	95	115	123	121	104	121	93	133	128	104	108	124	134	108	115	118	105	105	92	102	124	135	128	150	117	119	131	128	123	107	116	130	124	133	136	134	126	107	137	134	130	44	110	145	139	141	134	141	154	155	152	164	176	183	161	184	169	189	155	179	258	226	252	254	241	270	226	221	239	259	250	543	571	605	474	516	533	529	581	531	531	656	4649	4443	5251	6999	2818	4841	4791	4400	5129	3245	8497	562	676	754	742	712	600	662	705	641	605	582	188	190	200	222	213	182	194	221	197	230	209	
1980.00906247511	111	117	89	102	98	113	110	112	85	115	125	99	138	127	116	108	90	122	113	115	147	114	126	109	135	103	122	133	113	131	126	112	113	130	113	128	135	110	114	150	140	139	144	141	129	162	130	55	142	142	152	140	143	162	138	175	154	174	145	153	172	186	159	155	167	179	270	237	244	229	230	272	241	246	257	232	225	587	567	609	496	511	509	581	588	527	602	601	4664	4396	5323	6882	2665	4838	4905	4371	5182	3404	8472	587	690	708	748	695	655	648	758	656	623	565	164	181	180	188	187	220	225	226	222	209	173	
1981.49937497511	93	115	100	118	114	103	105	99	104	109	104	117	111	115	110	131	138	119	93	140	115	132	107	101	124	138	118	108	93	146	108	118	109	133	145	125	129	137	124	122	121	139	147	106	138	153	137	44	134	124	160	139	161	156	160	173	159	150	162	161	160	174	187	175	176	183	236	210	273	232	212	231	256	249	265	236	261	554	573	594	490	470	494	554	567	543	620	621	4707	4525	5247	6924	2697	4914	4838	4195	5147	3277	8692	607	694	744	736	699	684	654	650	656	574	541	194	174	188	199	220	196	239	208	219	205	203	
1982.98859372511	109	98	89	112	95	84	110	109	100	99	104	108	111	104	126	114	106	95	122	99	118	123	114	119	100	110	119	119	133	124	120	114	115	125	114	134	120	130	135	144	116	125	113	128	147	107	141	43	127	127	155	137	154	121	131	174	173	169	126	154	183	168	162	175	185	161	219	245	226	249	205	246	231	245	237	246	234	543	543	593	489	503	519	551	528	496	543	613	4581	4451	5176	6808	2676	4699	4690	4182	4993	3297	8493	542	721	684	729	732	702	685	685	661	617	541	181	199	205	188	212	229	228	195	221	193	185	
1984.47812497511	150	105	77	109	104	102	108	110	87	116	94	105	104	105	98	110	119	112	117	117	103	121	111	118	113	128	124	113	113	108	117	123	121	102	123	114	122	129	121	127	132	127	140	134	122	125	164	20	141	123	142	127	139	146	131	173	172	182	150	173	138	159	171	164	180	167	223	229	203	228	231	240	248	264	225	246	272	587	508	580	464	453	500	537	550	519	574	586	4628	4480	5206	6606	2547	4615	4637	4123	4866	3200	8410	578	688	709	695	691	591	661	693	677	548	548	170	174	199	193	192	210	200	210	227	194	184	
1985.96718747511	99	108	117	115	111	109	108	94	107	83	105	103	102	116	100	107	103	123	129	99	115	135	108	112	113	116	125	133	120	129	122	111	119	136	122	129	142	115	129	106	143	140	107	132	158	134	153	66	127	152	137	141	144	154	138	181	167	138	161	140	161	183	130	160	144	172	226	225	275	222	215	218	208	220	206	249	252	531	544	595	473	480	499	529	583	491	577	568	4630	4459	5076	6596	2624	4645	4562	4123	4842	3142	8331	593	704	673	696	702	625	649	704	646	587	530	175	170	180	196	197	237	216	189	207	193	200	
1987.45593747512	103	115	90	91	102	99	82	109	86	108	93	101	96	115	107	120	142	87	107	101	108	98	135	108	108	125	114	119	127	128	121	127	131	134	113	121	124	118	128	136	125	93	121	128	107	127	131	26	133	136	139	140	134	144	157	145	142	163	145	146	173	182	182	152	153	176	239	248	254	224	204	238	244	264	218	247	264	569	568	579	481	448	500	541	524	509	564	569	4810	4634	5194	6794	2626	4520	4558	3984	4919	3169	8226	593	672	707	667	680	639	648	680	622	606	577	226	168	186	196	188	216	207	210	172	204	200	
1988.94421872511	99	102	96	93	101	102	134	110	97	78	100	115	115	135	104	127	110	101	121	113	122	98	136	116	98	92	106	103	119	102	112	118	109	114	111	121	115	133	111	121	101	128	128	123	132	146	144	39	150	141	134	153	130	147	139	138	142	170	167	153	142	183	162	151	158	164	215	246	234	214	231	235	254	201	230	228	257	571	505	591	453	426	465	534	556	572	568	556	4667	4498	5095	6703	2673	4445	4664	4092	4855	3098	8128	636	731	678	705	698	638	617	689	623	553	551	207	207	227	190	201	239	219	209	193	191	165	
1990.43203122511	99	118	95	113	102	96	117	84	85	97	80	110	118	119	112	123	111	98	98	109	124	94	108	119	128	109	127	121	109	107	101	117	77	137	139	116	98	112	132	93	121	102	108	119	146	127	128	43	147	136	132	129	138	136	137	143	174	140	166	162	156	161	171	178	168	146	247	211	219	219	214	233	218	250	258	245	234	554	549	594	482	465	483	517	531	492	528	584	4726	4446	5196	6702	2499	4555	4627	4039	4706	3075	7914	612	659	685	705	703	654	631	699	627	585	543	217	171	179	190	212	208	195	224	204	184	179	
1991.91890622511	107	93	84	94	104	97	90	92	93	92	101	93	98	109	109	88	104	87	109	94	127	105	123	105	105	130	108	111	133	105	104	134	118	124	129	103	141	128	117	130	127	142	125	135	144	141	128	30	131	123	126	132	134	122	134	167	154	164	175	154	161	175	162	156	173	145	229	227	231	194	229	251	241	232	228	249	232	526	577	566	495	425	487	544	521	507	540	564	4726	4421	5043	6597	2537	4533	4473	4027	4761	3072	7954	619	687	695	706	623	641	619	692	648	578	530	181	174	173	185	200	182	190	193	172	181	180	
1993.40593747511	106	109	101	77	108	97	115	83	112	99	102	117	102	110	102	109	103	104	108	97	91	117	129	126	125	113	120	93	111	127	114	90	98	133	123	122	124	123	96	121	122	129	115	124	119	162	131	48	120	111	132	143	140	125	129	164	160	172	146	141	158	148	155	133	154	148	238	234	245	203	241	239	236	228	214	213	204	544	515	557	507	462	456	539	519	497	509	562	4713	4471	5082	6684	2625	4505	4431	3833	4815	3093	8007	606	653	693	717	648	626	619	696	629	574	533	189	189	171	215	204	211	199	184	211	177	173	
1994.89249997511	90	104	101	97	117	118	96	105	104	91	99	99	112	112	103	103	115	97	123	115	99	114	102	127	108	112	131	145	112	112	90	110	85	137	106	133	133	121	121	117	123	129	115	103	150	141	127	32	117	115	138	118	113	137	143	155	170	144	161	174	167	177	162	167	137	162	225	228	229	197	224	220	218	241	218	243	231	561	548	597	501	470	475	550	533	525	516	538	4731	4467	5192	6816	2652	4609	4548	4085	4947	3027	8060	640	657	688	692	672	626	634	659	669	563	506	218	185	172	199	207	208	206	200	233	199	182	
1996.37812497511	83	91	96	99	87	98	97	108	105	110	102	95	102	114	99	116	89	111	107	109	115	99	99	120	110	112	120	105	114	128	105	96	105	151	133	126	144	114	113	118	101	134	109	110	134	127	141	55	122	122	132	98	139	118	140	161	169	155	161	181	159	143	174	189	138	167	239	231	240	238	234	227	232	258	225	243	233	567	568	549	493	465	507	508	509	510	550	617	4868	4488	5267	6864	2659	4642	4729	4027	4941	3251	8176	643	691	750	699	697	680	673	684	652	558	589	198	205	184	195	188	191	211	198	212	188	189	
1997.86390622511	98	80	88	80	102	97	106	109	98	91	96	119	107	133	93	123	108	116	95	125	118	114	116	110	104	103	121	116	129	105	109	119	105	122	117	112	128	137	117	117	128	107	137	123	138	117	154	40	130	136	115	140	150	145	140	155	152	133	141	180	161	138	142	150	175	168	251	238	269	218	221	221	258	279	256	216	223	559	574	633	502	495	494	557	541	456	540	572	4914	4669	5300	6800	2718	4710	4629	4287	5040	3169	8345	621	682	740	741	704	642	660	720	651	607	545	193	170	186	214	231	210	237	207	215	189	206	
1999.34937497511	108	125	96	91	103	109	85	87	98	97	102	85	126	102	108	127	101	107	95	111	105	107	123	128	123	129	96	133	91	106	114	113	106	124	116	126	120	115	133	117	113	111	137	108	133	147	113	58	101	129	137	133	127	150	149	158	158	180	181	177	179	197	153	156	182	153	257	247	271	243	219	216	227	262	237	250	239	570	578	605	490	455	560	497	538	519	591	560	4918	4530	5477	6889	2701	4791	4723	4081	4987	3192	8383	608	710	777	750	675	645	708	703	668	604	592	177	205	189	188	222	212	221	194	221	216	206	
2000.83374997511	96	101	101	102	103	92	97	107	103	96	90	101	89	122	117	89	112	109	95	99	95	98	107	109	106	111	113	104	125	130	103	110	110	114	118	124	110	113	135	108	120	112	120	130	111	131	137	40	156	109	116	101	136	113	146	137	169	162	165	166	183	168	134	185	171	153	259	224	240	225	242	240	220	266	236	230	242	610	534	637	461	467	463	528	527	493	557	588	4792	4579	5276	6776	2682	4679	4643	4184	5033	3359	8336	621	702	765	732	700	678	693	706	676	632	580	190	226	182	185	202	205	224	191	223	171	181	
2002.31828122511	89	97	87	94	93	96	121	105	93	96	107	124	101	108	85	111	110	102	97	96	119	104	101	115	122	106	107	118	125	102	121	122	131	120	136	123	129	129	111	121	127	124	127	125	114	111	111	28	140	124	131	139	141	121	123	159	151	151	152	160	174	180	171	162	173	153	250	248	220	239	210	243	252	274	251	235	249	525	575	575	497	479	536	583	535	507	551	555	4695	4458	5165	6783	2638	4703	4777	4190	4895	3110	8329	641	680	715	712	723	686	675	717	657	601	572	195	196	172	183	221	236	195	220	195	218	172	
2003.80171872512	103	112	109	94	107	93	117	95	97	112	103	126	96	95	129	84	106	99	104	110	110	106	119	127	120	123	127	125	98	103	114	125	100	150	113	114	139	115	111	103	109	134	127	118	144	128	131	53	125	118	159	160	113	146	130	157	167	163	142	172	154	163	170	141	141	133	244	229	214	211	233	199	247	210	233	256	223	538	558	588	473	508	497	530	519	494	573	587	4767	4586	5351	6657	2662	4595	4704	4148	4878	3186	7993	620	667	721	691	688	649	693	719	649	550	502	185	172	160	213	227	196	196	211	192	216	186	
2005.28546872511	101	101	82	98	96	83	110	101	117	94	76	97	103	106	101	93	123	113	102	114	107	118	121	124	100	112	110	129	90	133	94	106	118	106	105	131	108	117	129	129	114	114	124	115	135	141	114	36	132	141	130	129	142	115	135	149	158	131	170	143	137	159	143	163	162	140	212	202	229	240	237	240	213	248	215	223	223	585	546	582	517	467	492	504	512	502	567	595	4756	4579	5182	6598	2530	4507	4502	4096	4808	3303	8069	585	666	725	713	706	657	643	732	630	582	571	176	183	194	174	190	186	192	201	211	194	166	
2006.76828122512	101	84	91	79	81	91	111	79	100	77	93	107	81	103	98	92	111	108	106	119	104	84	115	110	116	87	122	115	101	110	112	96	120	93	134	119	132	121	82	103	115	114	121	133	134	133	129	33	134	112	127	149	128	125	139	150	164	165	145	117	146	172	162	159	130	169	227	224	225	200	221	188	239	241	213	240	214	589	584	535	468	469	527	569	527	471	553	549	4671	4437	5244	6593	2546	4688	4732	4120	4774	3043	8210	614	699	687	698	700	669	641	724	631	609	504	205	181	175	184	191	202	153	219	188	185	183	
2008.25124997511	93	82	101	106	96	90	99	111	114	87	88	99	113	127	103	122	117	105	110	104	93	95	108	104	123	130	130	127	106	102	102	108	83	150	112	129	117	125	129	95	131	107	121	95	135	129	139	43	130	125	122	144	112	150	144	162	162	132	152	150	151	146	170	146	156	164	246	227	226	199	225	198	223	241	229	227	256	554	582	573	467	427	488	544	530	517	528	551	4654	4444	5305	6610	2534	4606	4566	4134	4811	3092	7872	560	688	669	734	692	639	652	703	633	558	522	172	186	167	177	210	203	227	206	200	180	192	
2009.73312497511	83	70	104	93	96	95	102	93	114	84	85	106	104	121	89	97	95	95	99	96	101	82	102	88	111	107	106	103	106	111	84	111	113	113	91	115	102	123	105	133	116	113	111	116	138	117	119	47	136	141	143	118	135	113	118	159	150	138	177	153	143	135	150	169	135	140	196	238	229	215	230	226	229	214	219	233	209	498	562	557	498	450	475	512	536	473	534	560	4627	4246	5083	6464	2688	4632	4457	3866	4539	2933	7746	606	690	666	662	680	644	670	661	612	584	524	163	189	194	182	227	195	191	197	197	183	178	
2011.21515622511	92	82	88	97	88	107	103	110	93	89	89	93	115	87	104	89	108	92	99	82	94	125	87	115	102	83	106	88	110	81	115	79	101	95	106	107	115	107	140	107	120	117	93	118	132	105	122	46	137	116	116	149	119	147	133	143	162	146	158	138	158	144	160	131	129	144	222	226	215	204	202	234	214	192	213	208	189	545	553	563	475	434	478	475	509	481	574	544	4563	4352	5136	6372	2455	4426	4348	3852	4566	2901	7514	567	644	652	711	651	584	601	653	620	503	515	191	159	189	174	184	217	179	183	178	186	191	
2012.69624997511	98	112	85	98	85	67	80	51	106	85	88	94	102	98	98	102	104	75	95	97	120	104	105	104	115	95	99	110	105	115	92	102	95	133	116	126	96	137	107	102	109	127	107	101	142	105	139	60	102	107	128	131	118	100	133	144	153	139	156	175	143	151	148	158	151	139	224	196	196	212	196	202	224	215	193	216	229	553	554	552	471	410	462	487	524	476	509	560	4643	4161	4978	6136	2459	4293	4260	3769	4533	2929	7757	601	660	679	708	636	594	550	633	605	584	516	178	152	179	181	170	175	180	167	184	201	171	
2014.17687497511	79	87	106	75	87	78	97	83	97	112	65	110	92	88	107	99	97	77	84	106	91	83	93	102	78	98	111	120	118	95	89	105	95	108	109	105	121	101	103	81	90	116	104	111	106	123	128	28	120	127	119	132	133	128	116	147	157	151	151	135	139	138	144	160	152	142	195	237	198	198	233	211	209	209	189	193	218	542	556	537	434	442	491	504	516	476	527	557	4550	4193	4841	6219	2473	4285	4303	3821	4534	2996	7731	568	615	716	686	636	581	629	707	591	597	537	165	184	180	163	179	175	171	164	178	187	154	
2015.65718747511	92	82	80	75	96	76	91	75	89	77	101	99	100	85	102	88	96	88	86	80	100	89	109	124	108	113	111	100	105	117	122	109	99	112	114	74	96	104	115	125	116	116	120	136	107	136	129	47	121	129	127	134	127	120	120	151	157	157	129	152	132	162	159	137	148	175	220	209	199	221	185	198	234	219	220	210	223	526	515	528	440	423	520	548	524	483	526	560	4341	4187	4789	6267	2493	4337	4275	3765	4729	2973	7751	559	639	651	700	597	586	612	668	593	589	549	171	180	160	172	201	205	208	200	206	184	169	
2017.13765622511	106	97	105	104	111	87	104	86	100	75	90	94	97	94	88	98	110	92	100	109	101	100	97	109	104	117	113	105	107	117	101	112	100	109	100	128	97	112	113	111	112	147	105	102	127	122	129	35	124	113	124	140	129	127	129	165	149	122	150	145	148	173	154	161	137	121	215	205	217	215	197	228	223	229	217	186	218	518	565	571	464	469	489	499	508	501	539	565	4473	4206	4987	6475	2463	4445	4390	3873	4687	3088	7903	574	611	704	675	635	610	584	690	617	559	523	176	147	167	217	185	196	191	183	173	188	179	
2018.61703122511	71	85	83	86	93	87	68	83	98	93	66	98	104	97	119	114	86	80	112	100	92	89	121	91	95	104	93	112	116	123	106	134	118	107	88	100	111	113	107	104	109	138	126	121	113	109	132	29	146	128	90	101	119	128	123	119	123	149	151	163	173	141	119	151	158	169	209	222	227	230	216	217	247	185	226	238	232	573	510	513	468	423	476	521	523	496	530	575	4445	4240	4928	6226	2527	4369	4367	3968	4678	3125	7972	550	585	676	752	631	647	553	664	637	593	558	173	189	172	156	206	197	209	200	192	167	187	
2020.09609372511	102	78	92	110	99	90	108	99	108	77	110	102	83	105	87	89	115	102	91	113	106	108	83	91	111	108	95	96	121	99	108	95	105	111	130	101	109	128	83	97	119	104	119	120	108	134	149	50	117	128	104	111	135	130	131	157	137	174	141	109	129	130	153	141	127	151	229	231	195	200	216	236	236	208	230	221	246	512	451	545	451	393	485	521	560	520	558	571	4463	4159	4943	6260	2633	4493	4405	4005	4798	3013	7968	586	654	653	686	677	566	572	722	628	585	519	200	205	160	181	182	207	191	200	189	210	182	
2021.57468747511	64	82	87	68	77	91	90	78	79	70	92	85	95	90	114	93	107	106	96	99	112	79	75	104	84	110	96	89	89	93	112	86	104	120	111	103	84	104	119	99	112	123	119	115	121	130	122	56	108	113	120	117	125	128	121	126	124	138	158	144	129	178	176	155	164	135	204	206	203	220	208	215	209	235	194	235	222	521	551	563	462	465	497	479	545	462	491	601	4448	4161	4918	6205	2485	4552	4428	3994	4677	3023	8040	552	596	625	706	697	617	610	685	656	561	510	183	171	181	189	195	207	216	216	182	177	187	
2023.05281247511	86	99	86	108	95	94	95	84	90	100	97	91	90	105	113	80	80	86	115	108	90	82	99	104	116	100	85	100	84	120	92	117	97	93	98	112	104	81	111	104	88	102	107	105	118	108	118	48	136	143	134	116	145	105	117	127	163	138	146	156	150	140	149	151	174	143	224	224	197	218	194	206	199	221	232	248	223	550	526	585	491	467	509	549	554	515	524	601	4485	4259	4965	6478	2624	4361	4513	4134	4724	2991	7817	577	623	697	724	700	629	604	668	633	569	538	175	188	166	192	208	217	217	220	175	186	188	
2024.53140622511	106	76	89	85	80	83	91	96	77	102	99	104	98	99	90	83	110	95	98	82	105	101	106	132	92	116	90	100	107	108	112	95	71	108	114	110	129	114	102	108	127	97	121	105	129	150	103	32	137	137	111	126	121	114	118	165	157	143	143	128	147	144	157	144	155	173	210	209	226	210	202	201	223	230	204	218	214	556	520	583	477	426	475	490	573	476	517	611	4515	4379	5054	6500	2495	4368	4569	3929	4755	3130	8090	601	619	708	704	668	596	607	681	638	595	569	182	198	161	189	199	208	192	207	176	191	200	
2026.00874997511	89	93	87	108	91	97	84	86	89	97	83	78	89	87	106	88	100	106	95	120	116	101	94	121	92	106	108	85	94	80	119	97	110	107	105	109	90	126	90	89	117	95	107	110	108	124	130	28	122	120	122	94	101	128	122	135	155	176	148	136	134	149	172	150	141	135	215	236	210	200	212	210	234	243	209	219	244	547	566	569	437	445	509	545	512	464	544	549	4540	4281	5011	6334	2529	4523	4596	4039	4807	3026	7970	592	645	667	713	688	646	650	707	624	617	516	182	179	176	223	215	219	204	195	207	205	196	
2027.48562497511	71	98	86	90	75	77	77	84	94	101	66	91	84	103	95	93	120	69	83	95	93	100	106	104	95	105	117	120	102	108	81	113	117	84	98	120	108	105	122	96	72	108	105	96	98	99	108	37	111	114	108	134	113	125	128	150	141	125	160	111	145	148	151	111	162	173	221	244	195	225	205	214	216	223	240	246	224	585	508	571	511	481	485	505	556	497	554	530	4587	4257	5215	6369	2590	4458	4527	4078	4712	3053	8000	610	637	685	701	693	664	635	711	626	570	554	196	179	182	190	177	217	176	197	207	205	171	
2028.96234372512	90	95	75	100	83	93	86	105	87	63	92	101	96	109	96	80	110	95	96	105	85	89	101	113	88	104	114	103	94	98	134	103	102	109	116	100	112	129	102	99	123	127	111	95	134	115	121	55	128	113	111	138	134	107	131	173	165	150	142	160	133	131	180	140	117	167	214	243	215	213	225	237	249	229	207	213	224	528	539	593	460	466	482	501	541	488	475	556	4664	4323	5213	6530	2609	4530	4585	4056	4603	2888	7680	626	664	649	725	678	640	617	695	618	560	529	188	170	184	188	208	229	192	196	205	183	171	
2030.43843747511	106	81	85	90	111	96	81	77	78	91	96	102	115	105	96	91	109	79	79	86	74	97	98	94	100	109	111	95	96	102	82	106	93	98	113	112	98	119	90	94	123	113	121	112	124	118	119	45	113	112	130	127	111	125	117	130	123	133	148	141	141	129	162	127	136	148	187	225	242	204	207	220	205	203	234	202	213	518	551	554	469	469	489	528	509	427	506	521	4570	4419	5016	6473	2569	4512	4386	3820	4419	2929	7579	597	668	700	712	690	606	599	620	578	496	497	190	155	184	229	227	201	192	187	214	206	201	
2031.91421872511	73	64	89	95	110	74	94	90	80	82	69	93	88	85	86	89	85	73	87	73	80	74	105	64	94	97	107	104	99	94	96	115	89	112	121	91	116	108	104	118	104	107	117	108	126	131	105	44	121	127	101	109	109	104	111	155	130	126	133	153	125	159	116	143	137	130	201	201	212	211	191	217	208	216	199	232	226	583	540	553	447	457	473	480	525	387	510	485	4627	4352	4955	6456	2458	4262	4360	3742	4283	2802	7624	606	642	707	778	669	566	623	621	608	590	535	205	186	158	189	189	201	203	185	203	171	152	
2033.38953122512	100	99	73	116	78	91	82	102	101	88	92	102	103	94	101	75	87	93	92	92	88	89	99	100	99	91	104	82	91	102	86	89	87	108	101	110	104	102	94	83	105	93	119	119	120	135	112	42	109	123	102	133	110	121	109	144	134	129	134	126	121	150	140	119	150	148	236	211	205	187	189	173	218	256	191	214	212	496	533	541	453	438	437	490	496	515	491	490	4525	4335	5040	6316	2537	4381	4256	3746	4339	2766	7087	600	623	649	725	727	572	598	671	602	517	449	198	159	178	175	178	210	178	172	201	168	186	
2034.86453122512	79	79	93	93	81	85	90	97	89	86	83	91	110	89	105	88	72	91	99	77	96	104	86	102	82	91	105	80	124	111	92	102	96	120	91	98	118	109	110	115	83	127	100	98	133	130	107	64	124	118	132	91	132	111	108	151	134	148	159	135	137	140	130	133	128	133	224	220	214	212	210	196	202	206	178	194	211	514	528	551	437	433	476	467	504	455	481	520	4523	4219	4900	6197	2476	4261	4265	3655	4323	2755	7410	607	647	669	665	675	617	621	613	588	539	541	177	183	194	160	197	187	197	185	198	201	200	
2036.33843747511	92	80	75	85	70	91	97	65	78	77	88	91	102	102	88	78	81	81	99	91	84	92	106	85	99	108	82	91	83	97	80	106	112	104	112	100	112	92	101	114	102	107	73	122	102	117	107	37	117	115	100	88	117	91	98	113	137	130	147	157	149	137	141	130	134	162	221	208	215	210	209	214	214	191	203	187	207	505	512	539	438	422	444	489	547	449	464	512	4438	4138	4865	6306	2436	4263	4221	3615	4312	2788	7347	567	589	714	707	664	575	610	630	533	575	515	189	183	184	164	181	205	183	196	214	174	178	
2037.81249997511	105	84	63	69	91	90	67	74	75	79	96	91	81	92	77	73	100	110	97	80	77	97	106	95	88	85	73	82	108	96	108	88	99	97	107	113	99	115	94	90	103	105	93	116	116	119	117	43	119	102	107	125	106	108	119	135	122	157	139	115	144	140	138	147	131	135	202	218	223	186	219	195	186	204	180	201	200	563	526	512	453	411	462	482	469	418	505	524	4440	4210	4911	5905	2362	4183	4130	3564	4245	2835	7332	652	610	659	681	605	543	577	604	564	527	505	174	172	161	181	199	172	176	175	192	155	171	
2039.28624997511	72	89	83	76	99	85	86	91	78	59	79	76	107	89	107	94	84	77	69	95	96	80	105	89	75	104	96	105	95	95	96	99	104	104	96	94	94	106	127	99	106	106	101	108	115	112	121	40	120	98	96	105	92	130	117	148	139	138	135	138	120	144	149	146	113	163	226	199	219	201	166	187	205	222	231	224	218	515	473	528	443	435	461	511	533	452	533	548	4381	3965	4687	6205	2349	4078	4152	3813	4419	2899	7567	543	599	602	665	601	564	560	639	613	557	545	181	175	195	184	198	185	195	194	209	187	196	
2040.75953122511	95	73	68	90	77	74	79	90	72	83	59	97	89	82	95	85	76	91	94	89	87	91	85	83	72	100	87	90	89	105	104	111	97	103	105	103	108	95	72	123	94	83	78	108	106	130	105	22	95	114	122	135	99	119	104	129	148	126	149	122	138	144	157	149	148	134	198	199	211	162	189	189	201	198	181	219	197	511	493	519	474	424	451	491	523	472	546	571	4278	4073	4661	5886	2352	4080	4207	3682	4490	2823	7645	600	565	604	671	630	581	603	671	619	550	534	170	188	167	157	193	206	169	203	200	184	182	
2042.23249997511	77	77	79	95	90	86	91	80	83	66	92	81	80	80	91	84	85	97	88	84	114	96	80	96	91	98	91	70	93	84	85	103	98	98	98	98	85	117	116	106	96	101	100	100	138	125	106	40	124	115	101	132	104	126	95	123	126	121	124	129	161	139	123	125	144	145	200	200	192	180	200	190	230	225	218	197	219	495	482	535	406	402	441	478	499	452	506	539	4192	3835	4666	5804	2402	4171	4262	3733	4467	2880	7580	547	597	646	675	659	573	580	632	623	595	485	162	153	139	178	190	189	185	179	189	169	161	
2043.70437497511	77	79	96	74	92	90	85	77	106	88	67	71	122	90	87	77	73	103	93	95	99	103	86	103	98	100	106	88	76	92	91	77	70	99	89	98	95	90	94	109	109	97	106	93	144	99	111	49	92	105	116	118	117	126	113	145	139	149	154	137	120	154	155	130	134	140	203	206	229	172	192	197	245	202	221	206	225	478	493	545	464	457	455	470	548	458	548	524	4150	3965	4710	5895	2432	4118	4195	3658	4538	2858	7546	535	585	662	684	604	586	575	636	627	557	511	187	164	165	191	169	193	191	214	218	190	195	
2045.17656247512	80	86	71	90	76	83	72	78	85	85	65	92	85	80	71	86	79	89	98	79	79	85	119	100	98	86	89	92	105	94	91	99	98	112	80	108	114	105	104	101	106	82	120	91	121	129	111	46	99	122	99	98	113	105	119	130	154	138	114	133	153	142	129	157	138	145	187	200	210	194	209	197	197	210	187	232	242	531	492	517	403	424	461	487	512	463	507	522	4129	4074	4697	6211	2416	4107	4238	3709	4587	2950	7547	586	599	618	719	650	655	558	694	607	610	562	178	175	171	161	164	206	192	180	186	175	147	
2046.64828122511	101	88	73	82	71	95	91	84	80	69	85	72	70	76	91	67	85	96	82	94	82	80	98	119	111	93	89	104	119	92	82	108	102	100	91	111	99	102	96	102	105	89	117	108	104	107	114	47	121	107	96	129	106	117	119	151	146	136	108	136	158	138	140	159	122	146	203	186	205	197	209	225	230	213	205	194	224	552	521	552	442	444	477	538	513	464	504	547	4243	4098	4766	6166	2415	4395	4241	3832	4638	2871	7570	580	614	667	692	637	601	625	633	603	548	542	184	167	154	217	195	223	186	198	182	195	186	
2048.11890622511	66	86	89	94	66	95	76	94	84	73	74	80	95	96	95	105	77	91	81	89	93	85	61	78	85	80	105	83	101	71	79	86	92	104	91	112	100	95	104	109	105	100	108	79	119	109	125	55	111	113	127	103	129	156	116	141	157	124	157	127	134	135	155	156	144	126	215	181	200	176	197	188	217	214	232	216	214	493	529	588	467	432	443	482	513	459	520	543	4323	4162	4993	6347	2522	4443	4336	3942	4585	2925	7610	522	589	633	696	634	607	575	680	621	582	485	172	165	188	181	206	195	191	187	192	204	184	
2049.58968747511	98	76	96	85	79	82	75	84	83	92	91	107	82	94	76	83	99	80	92	97	71	83	97	97	91	94	85	85	87	105	90	92	102	86	90	97	102	111	110	108	88	117	94	108	127	127	98	41	128	107	108	97	110	120	129	129	144	147	137	151	146	139	143	123	165	125	217	237	204	201	203	222	204	229	237	189	205	521	553	535	454	461	464	511	509	435	520	542	4390	4163	4967	6180	2489	4292	4357	3933	4659	3013	7644	599	607	721	669	628	595	610	623	633	572	534	179	166	189	191	199	205	195	212	205	187	173	
2051.06031247511	99	95	96	79	98	66	91	98	73	86	77	87	90	78	92	78	95	85	65	69	97	93	106	87	100	69	83	96	103	121	105	86	90	96	105	101	90	109	77	103	89	106	94	91	96	100	117	49	104	116	97	105	120	102	127	121	124	138	119	133	141	131	138	116	153	161	195	216	189	201	193	187	225	214	188	191	211	514	467	515	493	424	429	500	512	497	509	563	4345	4158	4766	6287	2512	4310	4332	3881	4559	2829	7520	606	627	694	674	626	633	603	693	635	590	508	163	175	162	181	178	195	191	188	209	175	182	
2052.52968747511	78	100	65	75	80	89	79	81	84	83	77	93	97	93	82	86	74	81	100	106	89	70	80	73	103	87	96	88	112	95	95	76	96	116	99	105	92	94	101	76	90	112	113	87	135	124	154	48	121	108	126	97	123	108	121	130	143	140	138	131	124	155	131	145	141	154	207	201	228	209	204	216	226	215	217	196	222	477	576	560	415	451	482	489	485	476	499	517	4270	4189	4906	6290	2527	4303	4464	3878	4520	2991	7614	625	650	653	690	683	557	630	647	614	617	528	186	173	187	194	196	218	201	180	210	182	188	
2053.99937497512	74	75	81	109	101	69	85	96	87	75	57	90	79	83	82	76	74	80	85	87	91	99	106	71	78	90	71	108	109	110	91	86	86	119	110	99	104	88	105	110	83	104	115	95	86	101	110	38	124	115	112	102	109	101	105	109	153	142	145	152	148	129	137	121	141	111	197	221	189	195	184	207	176	204	225	214	211	502	551	554	466	450	426	474	508	451	496	534	4367	4275	5007	6208	2438	4079	4445	3670	4469	2775	7414	592	635	646	750	639	563	601	715	559	556	486	190	181	168	178	171	184	213	211	197	172	167	
2055.46796872512	93	64	68	92	79	84	85	69	70	90	91	99	66	88	89	66	81	83	88	87	97	98	93	85	84	86	93	85	101	76	86	80	80	90	109	83	125	93	105	97	101	89	94	77	110	106	124	40	111	128	104	119	125	115	98	135	137	161	114	131	135	122	127	125	121	139	203	222	202	225	189	200	214	208	208	188	222	510	502	524	439	457	431	492	450	471	454	522	4302	4191	4984	6257	2470	4264	4147	3707	4320	2784	7099	583	604	687	667	626	578	603	670	584	527	488	177	179	173	199	179	189	176	191	211	165	162	
2056.93687497511	98	103	59	74	96	60	67	63	90	60	59	76	93	71	88	100	107	73	91	98	99	68	72	89	85	104	82	93	86	77	78	91	89	101	105	107	100	85	102	90	79	94	89	70	108	104	105	50	134	135	130	113	100	124	120	137	136	120	123	125	115	162	134	157	136	132	207	243	200	168	190	172	212	204	204	194	221	550	554	532	450	387	434	470	507	438	547	474	4513	4303	5019	6165	2395	4132	4184	3632	4313	2633	7257	580	652	663	696	634	549	579	605	604	471	524	198	170	180	189	182	202	190	191	182	169	148	
2058.40468747511	60	73	81	91	65	71	69	88	83	73	80	71	97	68	110	59	86	89	90	81	63	67	101	94	94	87	95	84	93	98	81	103	103	99	127	106	87	112	97	97	87	96	61	86	114	113	104	48	98	130	112	86	116	118	108	135	92	156	120	122	122	143	108	125	116	124	188	200	202	201	190	211	228	205	195	206	176	527	511	573	453	431	405	451	464	451	463	483	4406	4110	4822	6010	2373	3887	3964	3545	4297	2672	7012	577	614	660	617	657	594	545	600	602	549	490	167	170	179	200	198	162	176	180	181	190	162	
2059.87281247511	87	88	57	91	76	63	85	66	47	61	86	95	93	92	72	71	90	101	69	91	80	73	93	82	77	81	108	93	89	77	88	95	90	104	105	102	89	108	98	95	110	97	89	106	100	96	120	41	112	110	121	129	98	109	84	143	120	130	131	105	143	124	127	121	121	125	220	212	191	184	188	178	183	207	189	186	212	481	491	499	393	421	429	457	448	428	437	477	4379	4002	4556	5872	2326	3864	4015	3456	4210	2606	7076	559	585	613	693	607	533	579	623	549	532	487	192	171	181	185	175	175	183	170	177	168	167	
2061.33984372511	81	73	62	90	87	87	73	60	85	77	84	79	78	67	83	99	85	78	102	96	99	84	93	86	108	100	90	83	86	81	108	74	77	95	107	113	85	86	93	82	77	107	105	65	94	110	105	51	81	78	109	90	103	107	106	134	127	130	124	116	123	131	136	150	141	132	214	168	182	168	183	222	226	194	198	199	204	458	508	562	429	396	405	451	462	443	519	515	4271	4041	4635	5902	2273	3857	3867	3417	4147	2777	7244	594	603	631	693	646	551	560	614	605	576	519	168	166	180	201	200	199	164	179	175	185	176	
2062.80640622511	72	85	72	88	92	69	73	81	84	76	83	77	100	104	103	78	97	80	97	81	87	85	109	77	70	94	92	96	88	85	87	69	90	84	97	101	106	105	106	108	95	81	111	92	112	127	98	43	117	110	99	101	100	105	101	135	114	126	129	130	128	144	151	141	117	136	230	162	203	176	185	189	195	180	198	193	184	499	483	497	449	389	435	499	515	472	460	512	4275	3951	4592	5652	2288	3942	4163	3657	4284	2832	7455	586	586	618	655	635	569	583	636	594	533	485	198	198	175	174	174	181	177	149	173	191	159	
2064.27328122511	70	73	62	69	73	90	77	84	88	82	88	99	75	85	86	81	84	80	81	86	94	62	100	76	85	84	83	71	94	75	89	97	89	96	105	67	87	90	92	80	92	81	114	100	95	105	101	43	115	91	100	119	121	130	114	143	133	135	146	133	135	137	127	127	120	148	184	180	202	170	169	190	190	220	166	182	217	466	486	497	434	432	444	482	497	443	499	508	4177	3814	4600	5861	2371	4178	4233	3717	4395	2781	7307	557	551	624	665	613	597	600	641	571	550	488	199	166	162	189	202	220	202	191	204	188	163	
2065.73906247512	60	83	92	81	96	77	79	68	76	88	70	75	97	66	91	79	90	73	86	82	74	92	75	105	81	90	109	77	84	89	85	96	88	107	89	82	101	77	107	92	89	97	71	103	97	118	120	61	111	83	84	98	125	119	112	139	132	134	134	136	121	116	137	128	135	132	223	209	206	192	191	198	207	212	215	207	233	501	521	528	458	400	448	488	475	431	509	479	4130	3958	4745	5973	2326	4080	4201	3660	4355	2708	7489	540	601	650	704	668	598	569	667	642	564	520	182	171	188	192	204	228	201	177	183	188	183	
2067.20453122512	70	69	95	89	86	66	65	92	78	76	95	87	72	89	85	70	72	71	106	89	82	78	96	64	77	80	84	91	82	78	78	77	108	82	94	93	107	90	98	101	92	107	92	128	106	102	109	31	121	121	116	121	101	108	117	123	110	127	143	109	135	116	138	147	140	142	187	220	237	176	185	189	230	180	196	220	215	507	484	515	462	451	447	516	505	446	486	521	4153	4102	4729	6031	2409	4117	4201	3720	4281	2733	7462	569	615	680	651	651	633	608	657	645	612	507	159	172	151	194	205	194	250	164	211	175	178	
2068.66953122511	71	81	66	61	72	87	91	67	63	87	78	77	81	89	64	60	97	90	73	85	97	90	86	105	95	74	82	94	78	74	97	85	69	72	96	99	87	98	96	99	114	82	103	77	95	109	90	45	97	102	103	129	108	104	93	99	152	137	116	133	144	152	125	132	126	150	219	204	195	184	181	173	205	196	199	201	207	469	530	504	481	379	463	469	506	488	503	512	4156	4053	4728	5888	2336	4075	4243	3612	4432	2774	7501	570	625	648	683	637	563	592	700	602	541	490	170	168	166	159	202	208	203	191	176	156	176	
2070.13484372511	80	91	81	75	76	81	85	88	73	67	64	72	80	71	99	70	100	73	92	67	78	95	81	89	88	103	85	76	68	77	90	79	89	92	85	105	93	102	108	100	116	99	85	63	118	104	105	49	91	89	103	102	112	106	99	134	140	141	127	146	116	149	153	146	115	133	202	187	213	184	205	214	207	199	204	181	217	475	518	550	441	411	464	528	507	487	514	533	4064	3933	4777	6029	2359	4107	4291	3697	4271	2947	7504	579	568	617	673	599	617	604	627	603	534	517	173	146	199	157	202	181	181	187	195	180	187	
2071.59890622512	70	76	74	67	55	79	62	77	76	94	69	88	69	85	70	80	79	83	88	73	90	80	84	77	73	88	73	99	75	104	87	82	78	98	89	88	105	88	85	94	84	93	98	98	95	106	89	13	84	101	95	104	95	103	102	109	134	132	130	146	133	109	115	129	137	137	194	241	187	184	202	201	212	188	206	213	232	447	492	520	457	474	468	471	521	486	535	513	4157	4011	4805	6135	2353	4185	4323	3826	4463	2853	7241	547	637	656	643	657	601	638	666	601	557	546	153	175	172	164	157	210	220	165	189	183	192	
2073.06281247511	92	79	82	49	84	94	78	75	65	72	76	79	92	87	61	77	85	89	87	82	79	83	89	92	97	79	89	93	89	90	98	82	77	86	92	88	95	95	95	107	102	88	96	92	97	100	123	44	111	91	99	110	124	127	89	143	139	143	139	148	137	129	135	150	136	112	189	216	206	178	194	214	191	216	181	197	199	477	531	503	426	437	456	492	485	472	516	481	4144	3946	4795	6155	2479	4053	4245	3664	4464	2772	7321	574	637	723	697	657	573	596	700	613	584	462	175	158	176	179	182	194	199	202	199	197	185	
2074.52624997511	71	69	84	104	93	84	87	88	89	71	64	90	93	84	86	81	62	84	85	68	77	83	62	87	88	77	101	89	83	91	83	91	81	111	78	84	109	84	83	89	105	111	103	85	113	95	96	31	103	102	123	99	91	93	93	137	144	133	138	138	144	162	136	114	140	124	194	188	206	197	197	197	192	219	216	190	231	483	501	521	425	402	417	478	494	401	479	506	4051	4051	4827	5890	2452	4000	4067	3561	4444	2779	7210	576	648	624	705	638	568	595	635	594	562	495	140	141	168	181	231	214	216	187	208	189	183	
2075.98921872512	71	76	69	76	86	81	77	81	48	107	80	79	73	88	83	83	87	77	86	80	73	83	84	89	92	89	86	84	89	97	101	93	87	78	75	83	99	98	85	89	88	80	121	93	107	89	107	35	106	99	85	97	114	113	96	113	97	130	117	126	133	151	130	134	119	144	173	218	173	215	169	189	184	170	199	209	215	520	529	483	390	399	439	482	498	447	512	544	4342	4034	4842	5978	2443	4032	4265	3695	4457	2743	7233	588	636	678	690	710	606	575	640	613	576	477	185	175	163	183	188	213	174	178	194	181	181	
2077.45171872511	63	64	72	75	80	66	95	58	74	77	86	63	82	80	85	95	92	84	85	106	85	77	71	98	99	74	93	90	95	81	89	93	86	113	95	108	82	108	72	96	95	96	104	92	107	113	128	45	105	89	102	117	103	96	95	139	136	128	137	133	139	141	142	141	118	141	206	191	232	169	198	198	198	216	184	200	220	516	458	539	491	424	409	490	462	439	537	547	4281	4057	4800	6215	2396	4164	4313	3636	4500	2874	7311	619	633	684	710	670	610	626	613	608	536	543	155	165	165	189	198	182	171	198	204	208	158	
2078.91390622511	81	90	73	86	68	75	68	77	79	75	61	96	93	83	101	84	73	93	90	83	83	98	90	93	64	79	111	95	61	76	85	95	83	100	93	97	91	95	119	79	84	105	97	91	138	90	97	50	117	113	124	104	104	104	111	145	136	115	133	117	128	131	142	142	122	128	213	232	199	187	190	215	199	206	215	203	207	479	511	542	444	438	443	445	494	443	494	482	4276	4076	4835	6087	2388	4048	4159	3653	4337	2857	7170	573	626	696	647	657	588	648	665	571	555	510	174	175	186	198	176	191	174	200	162	202	188	
2080.37578122512	66	67	48	88	83	55	69	71	71	75	65	82	93	80	87	86	86	66	94	77	71	49	96	67	95	82	67	102	79	71	87	99	92	91	70	93	118	88	72	109	77	84	69	88	112	93	86	49	95	121	110	107	114	108	106	131	115	125	135	100	123	123	130	132	120	141	212	176	195	176	207	213	215	199	198	218	204	509	498	550	421	450	403	486	467	436	474	513	4309	4175	4912	6180	2439	4046	4047	3622	4194	2645	6997	627	620	673	707	654	555	564	641	541	538	530	175	162	173	198	173	181	182	189	178	173	182	
2081.83718747511	78	78	58	55	60	66	81	73	43	85	79	75	66	87	77	81	96	101	50	63	83	84	89	81	90	94	68	84	80	78	78	89	83	89	103	87	65	86	92	83	90	85	94	76	109	124	93	47	115	105	99	107	96	85	101	115	133	118	115	107	120	122	110	140	131	131	198	197	198	167	182	219	181	190	191	178	179	504	498	558	426	425	418	439	441	423	412	490	4278	4053	4768	5995	2313	3874	4053	3481	4090	2662	6867	587	636	636	649	633	591	589	591	572	525	482	170	167	171	177	202	190	178	145	186	164	159	
2083.29812497512	60	65	72	70	84	81	70	58	67	61	61	66	75	65	78	68	89	79	99	73	69	75	82	81	76	85	86	91	75	76	99	93	69	100	102	102	91	100	90	84	88	83	83	78	119	119	80	44	99	118	87	85	87	83	108	114	149	128	117	137	125	137	127	119	137	110	188	207	175	173	198	186	186	183	187	178	199	478	528	495	442	397	462	464	441	393	463	460	4338	4063	4790	5937	2409	3953	3982	3525	4154	2618	6649	597	639	670	702	662	563	597	574	521	524	453	174	165	212	187	165	185	198	179	197	186	153	
2084.75874997511	62	79	73	83	77	50	62	89	57	69	59	84	89	78	75	78	66	53	67	75	66	83	94	103	79	93	91	94	82	80	87	79	104	90	92	58	87	80	74	89	89	89	66	102	95	101	100	32	112	99	99	87	99	95	108	120	112	115	129	102	115	99	121	124	129	107	189	224	217	187	184	197	184	203	166	182	192	569	497	524	417	407	418	457	488	380	435	486	4337	4100	4730	5927	2426	3900	3956	3391	3971	2611	6703	584	587	638	676	611	560	531	587	559	498	460	174	185	192	184	182	173	162	177	182	161	133	
2086.21890622511	82	64	64	71	61	73	80	78	75	51	56	91	83	72	79	70	85	84	78	69	85	72	83	92	89	77	66	82	75	87	83	90	77	85	110	94	81	79	93	97	102	105	84	96	85	91	112	46	95	94	112	111	105	112	95	158	132	127	115	135	123	121	115	121	114	127	184	206	216	186	182	196	192	195	172	189	186	497	505	526	403	386	434	453	389	443	456	507	4326	3937	4646	5664	2302	3857	3714	3380	4048	2553	6748	581	659	640	653	630	557	587	609	513	572	465	164	157	151	200	217	179	182	197	178	158	163	
2087.67874997512	77	72	63	80	78	97	76	71	60	72	99	86	82	77	64	91	75	86	79	66	77	83	90	89	82	89	76	63	82	96	79	83	90	76	85	90	106	70	74	81	99	93	79	97	108	123	90	44	83	99	106	102	88	98	114	117	136	120	130	129	127	111	137	149	127	126	207	197	177	169	203	182	187	194	197	199	195	477	467	540	394	383	455	460	479	410	447	522	4364	4016	4655	5688	2290	3856	3882	3356	4182	2696	6955	571	619	652	630	632	552	601	576	545	487	483	162	182	158	151	209	185	159	186	162	182	173	
2089.13812497511	59	80	68	103	74	74	67	78	86	78	65	76	82	65	92	65	67	61	55	69	64	62	81	70	79	86	73	95	92	82	57	87	73	73	103	82	92	82	99	90	70	96	83	75	92	63	83	41	110	100	85	108	88	110	105	125	119	143	140	135	138	118	110	115	137	128	199	204	184	173	168	185	215	185	192	170	216	561	505	490	440	429	425	461	479	437	468	478	4229	3745	4533	5596	2237	3759	3828	3455	4211	2740	7005	559	611	676	628	598	562	598	651	560	572	507	182	176	178	182	172	191	162	182	164	172	167	
2090.59718747511	53	69	61	70	45	74	89	71	61	70	71	87	78	83	59	76	70	69	85	99	75	75	86	92	98	75	68	94	96	71	89	78	99	83	101	106	76	104	88	79	103	67	103	102	87	107	93	30	105	91	100	95	82	105	77	136	138	135	111	119	135	125	134	131	133	125	170	184	185	172	188	169	174	176	184	169	210	443	470	499	414	391	398	428	460	421	483	457	4099	3788	4395	5626	2275	3708	3948	3493	4076	2698	7128	579	593	640	608	628	561	539	578	570	582	533	179	193	162	149	198	201	187	188	201	182	184	
2092.05515622511	89	89	92	59	94	93	74	62	57	78	71	87	64	59	85	76	89	80	80	82	92	78	77	81	98	93	77	89	75	89	67	84	59	82	83	92	98	60	92	95	69	100	94	83	107	108	91	37	87	96	96	101	100	110	111	144	149	111	119	121	116	135	121	129	120	110	197	200	206	186	169	166	199	179	173	172	194	498	471	493	410	365	408	480	477	448	480	506	4068	3616	4431	5532	2222	3698	3990	3434	4120	2619	6934	576	582	620	650	634	590	574	564	546	551	466	194	133	155	175	172	180	186	188	180	168	180	
2093.51328122511	64	49	76	59	65	83	83	88	62	64	72	83	84	88	69	88	72	61	86	68	79	74	83	79	71	74	101	66	74	92	73	67	58	92	75	82	85	85	82	103	105	91	94	93	105	80	94	42	107	104	115	80	127	97	94	119	120	124	116	130	138	154	127	133	133	125	213	166	185	173	188	170	184	192	167	199	217	453	463	487	415	424	451	464	465	440	480	498	4040	3769	4413	5569	2234	3867	3886	3402	4138	2758	6983	551	604	650	645	617	613	590	597	606	574	526	179	168	172	185	181	193	193	184	173	169	149	
2094.97109372511	74	69	75	56	74	79	60	73	66	96	85	96	58	90	58	86	87	74	74	92	76	69	93	91	96	72	84	91	76	87	92	85	73	88	82	71	89	74	79	91	104	87	96	85	100	116	92	38	91	103	99	98	100	87	84	112	122	135	90	136	113	129	117	125	121	141	188	185	179	149	141	197	180	198	179	185	196	469	482	466	413	398	411	488	470	423	468	485	4062	3711	4482	5455	2215	3728	3918	3538	4285	2732	6990	570	564	628	642	555	571	612	621	593	532	502	176	165	175	172	182	201	201	190	172	184	173	
2096.42781247511	63	56	76	69	82	43	81	59	70	59	80	69	84	68	73	93	80	54	65	95	71	88	79	77	80	97	91	80	88	92	73	73	67	114	85	89	97	77	100	82	105	105	90	85	97	97	116	49	96	90	91	108	120	97	115	141	111	134	125	129	116	123	138	132	137	135	193	204	219	183	183	210	202	207	205	217	219	469	483	496	431	402	403	449	508	427	498	544	3969	3786	4320	5525	2336	3845	3892	3540	4307	2839	7283	551	574	663	610	619	602	565	665	605	531	511	165	169	167	179	188	186	185	175	194	197	156	
2097.88484372511	68	74	74	79	82	72	60	79	63	89	62	78	70	86	84	84	79	60	81	72	83	94	85	76	83	76	87	102	70	93	74	82	99	89	74	65	78	69	79	89	79	87	90	98	96	108	92	40	133	89	98	108	99	114	111	119	123	91	131	115	117	102	108	140	127	109	165	196	182	173	147	194	171	207	173	226	201	469	476	499	405	432	406	434	490	422	476	501	3987	3790	4540	5706	2292	3742	3967	3613	4374	2787	7357	573	589	611	677	631	553	588	688	569	576	518	200	171	180	178	197	170	186	191	173	177	170	
2099.34140622511	67	69	75	73	61	72	71	85	67	81	78	89	57	73	71	57	89	105	82	75	67	93	85	72	70	98	74	81	95	96	98	75	89	82	88	75	91	82	93	87	119	80	82	85	107	118	103	43	85	87	109	114	104	112	109	121	121	118	137	111	140	140	124	139	142	150	202	188	194	179	183	209	215	216	175	195	209	484	463	487	421	412	472	443	482	428	507	503	3930	3816	4577	5716	2257	3695	4089	3674	4313	2875	7205	598	597	650	704	624	589	614	667	613	560	480	196	176	157	178	169	208	183	193	167	187	175	
2100.79703122511	69	72	82	80	83	71	74	77	76	62	85	58	80	80	80	86	64	68	89	80	72	78	80	90	76	86	78	87	76	88	65	106	74	102	74	98	81	105	103	78	107	99	100	71	99	109	102	44	102	86	97	109	87	114	105	126	132	101	125	124	128	125	140	133	135	118	175	194	208	196	197	180	214	222	179	184	199	449	482	491	466	418	448	464	489	421	494	512	3801	3871	4607	5884	2421	3929	4173	3618	4241	2868	7195	602	626	683	702	640	596	577	675	618	576	501	181	169	194	201	199	189	194	197	197	178	191	
2102.25281247512	67	71	44	71	71	71	68	81	62	54	80	83	77	93	79	78	73	102	70	73	83	65	94	85	87	74	73	99	97	83	63	95	99	85	97	93	87	93	90	91	77	91	74	94	109	93	78	35	86	106	106	98	119	105	111	133	135	111	134	113	121	127	121	141	132	137	181	208	183	193	188	191	173	211	225	234	210	502	531	486	431	418	423	452	502	474	475	532	4172	3895	4892	5956	2488	3952	4192	3615	4386	2888	7259	589	593	654	645	638	630	637	642	631	561	542	151	208	175	181	204	184	192	193	177	164	179	
2103.70765622511	60	73	60	82	68	57	94	89	53	52	84	85	68	65	71	69	83	76	61	86	61	78	81	88	101	77	84	81	78	72	87	68	95	68	91	67	71	93	89	75	112	86	77	91	91	99	113	44	103	79	95	108	106	104	102	129	142	125	114	140	132	126	123	123	141	120	199	183	216	209	194	179	221	230	205	198	216	528	511	511	411	384	454	467	517	462	523	546	4176	4020	4746	5941	2380	3915	4059	3651	4361	2791	7165	644	642	659	678	610	581	597	702	594	557	554	209	191	164	166	171	182	191	190	196	179	173	
2105.16265622511	66	86	71	101	58	79	75	74	67	65	68	74	82	80	83	91	86	78	91	78	73	65	86	99	76	83	87	79	63	78	93	67	82	89	91	82	88	87	93	97	86	104	86	80	118	98	103	45	94	118	105	105	95	113	97	137	118	103	109	110	122	130	119	118	142	138	208	202	203	197	182	201	194	216	203	199	220	504	544	542	448	423	418	495	479	454	478	513	4227	3966	4663	5995	2438	3869	4171	3725	4275	2707	7247	641	596	640	700	661	583	589	687	557	528	532	187	174	175	178	177	168	196	205	183	180	184	
2106.61656247511	53	65	59	75	85	75	69	71	77	62	82	86	90	70	70	91	79	62	72	59	57	53	97	64	89	93	82	90	88	102	82	84	82	110	78	93	91	69	84	91	90	87	83	66	78	118	79	36	93	103	103	101	102	111	93	135	115	113	124	101	112	137	117	111	123	107	203	193	203	173	188	213	205	209	190	192	208	513	503	560	437	425	429	486	496	441	483	547	4017	4003	4792	6005	2420	3929	4279	3593	4254	2793	7144	593	642	675	673	641	607	628	669	540	588	545	202	206	171	185	204	209	184	193	200	186	181	
2108.07078122511	84	68	53	67	71	79	81	88	61	66	59	81	67	77	80	74	94	88	68	85	77	93	80	79	93	66	80	80	105	70	71	97	74	86	76	75	81	107	110	96	88	83	100	88	87	117	134	44	94	88	99	101	107	122	95	137	133	114	144	135	112	131	112	110	135	130	187	205	169	188	197	205	224	194	192	201	201	509	495	549	425	407	467	509	537	440	490	540	4214	4050	4899	5959	2395	3857	4184	3682	4436	2820	7118	629	614	678	688	625	609	573	684	657	550	498	173	167	180	184	194	201	210	202	201	182	178	
2109.52406247511	52	77	72	86	59	75	79	69	86	55	71	82	91	89	85	93	83	82	71	99	77	73	71	76	71	84	73	68	64	69	69	87	80	84	89	102	82	86	108	57	84	117	80	104	93	87	91	50	111	97	113	113	102	107	110	132	126	130	124	120	127	134	143	119	140	127	175	210	203	188	217	152	197	200	210	205	229	528	477	514	414	470	430	505	487	500	484	536	4125	4115	4871	5887	2405	3941	4210	3711	4425	2849	7269	641	638	682	709	654	588	590	701	590	555	559	216	165	171	183	195	189	193	202	224	198	195	
2110.97749997512	63	63	75	87	68	81	53	67	74	58	51	83	90	86	87	100	87	66	75	71	69	73	91	87	82	83	87	85	88	102	85	92	80	106	90	83	101	77	92	106	84	89	71	90	84	88	92	41	110	110	79	101	127	93	106	105	120	131	117	138	149	110	139	129	139	118	201	206	196	191	219	222	206	227	179	220	203	561	509	546	414	432	449	491	505	464	492	555	4166	3967	4839	5980	2379	3909	4309	3676	4391	2804	7236	647	640	703	683	650	565	643	646	621	598	531	211	205	191	181	188	201	214	214	171	193	187	
2112.42984372511	76	73	57	68	53	77	79	83	78	57	84	69	56	67	77	84	76	92	71	73	82	77	74	76	64	67	68	84	83	79	94	72	84	79	83	97	98	100	86	98	84	96	95	87	96	101	101	39	96	91	82	113	106	78	107	118	130	131	140	110	135	125	126	123	130	116	212	191	200	162	183	219	203	212	177	197	210	494	556	574	488	432	441	500	472	463	472	506	4138	4068	4863	6017	2419	3919	4300	3635	4295	2764	7043	635	637	695	742	627	634	653	689	616	562	565	228	176	168	195	218	205	199	201	201	163	163	
2113.88171872512	70	97	71	73	96	78	51	71	77	66	70	83	77	69	89	83	78	79	77	76	82	91	71	77	103	92	86	60	61	68	87	79	101	87	96	113	93	77	93	98	82	85	92	56	114	118	84	43	89	121	88	105	99	84	120	125	133	119	130	121	121	133	129	131	130	126	193	182	210	184	204	176	219	219	188	221	206	538	558	582	431	456	519	518	477	460	480	549	4211	4134	4934	6193	2470	4157	4308	3520	4216	2701	7077	658	646	692	720	692	578	615	656	564	571	507	220	211	192	191	197	180	189	182	168	198	163	
2115.33406247511	65	56	63	65	78	50	48	74	68	73	74	67	76	72	79	60	49	65	67	63	59	58	91	75	50	77	79	92	73	80	79	84	81	87	79	102	83	92	70	103	96	102	87	86	95	101	87	34	108	98	88	84	99	99	71	134	120	122	104	122	125	125	115	116	107	119	198	194	178	187	219	175	199	192	202	195	224	565	508	579	450	449	484	475	472	441	445	537	4291	4172	4963	6026	2384	3982	4289	3632	4311	2706	6963	717	673	757	697	660	598	588	682	601	567	553	225	198	195	186	188	228	202	194	183	179	156	
2116.78515622511	69	65	59	57	68	80	87	70	73	71	66	86	76	71	75	74	80	74	77	80	104	75	64	79	84	76	59	85	72	55	91	77	79	92	109	95	102	95	92	83	95	78	96	101	95	85	109	43	94	111	80	93	94	100	64	122	122	135	117	130	138	135	148	118	123	123	207	219	191	185	189	190	213	221	186	188	210	530	506	606	453	427	475	497	458	428	467	559	4310	4146	4773	5841	2412	3921	4257	3606	4021	2748	6856	693	611	644	671	641	635	645	653	581	513	523	220	200	189	183	203	196	178	197	189	210	171	
2118.23609372511	71	57	70	57	87	70	67	73	65	58	77	67	68	90	69	73	73	63	110	82	73	94	85	76	57	86	83	63	82	71	84	64	66	109	93	117	88	104	86	69	77	89	87	65	112	94	80	51	79	84	109	91	85	97	115	127	131	107	126	107	114	129	138	126	127	100	199	217	177	190	199	156	195	209	179	213	199	521	503	554	454	410	526	499	463	407	526	499	4331	4053	4825	5763	2432	3783	4108	3494	4056	2670	6525	732	645	652	680	628	636	616	609	591	544	537	207	199	161	177	196	215	212	182	173	191	181	
2119.68640622512	76	56	65	58	75	69	66	73	64	94	58	77	83	79	59	64	63	57	71	57	67	61	85	87	73	74	84	87	93	65	94	85	93	80	91	92	74	98	94	65	66	80	92	75	113	90	98	38	101	109	91	85	100	86	75	132	128	118	117	139	107	132	121	131	134	143	197	202	190	171	191	199	189	179	186	200	189	494	562	562	420	412	438	471	477	410	509	531	4212	4039	4693	5712	2371	3699	4070	3436	3992	2764	6687	677	670	715	717	637	603	627	677	562	517	503	218	186	187	194	171	203	200	195	184	182	157	
2121.13703122511	86	77	47	59	76	87	79	86	52	68	58	74	62	82	52	69	67	77	80	85	79	59	86	82	84	78	68	63	88	92	87	64	59	76	80	100	91	97	91	60	82	60	95	106	120	107	98	38	88	114	93	109	121	109	99	131	133	132	102	121	142	117	120	127	110	121	191	196	191	178	186	169	176	209	163	199	202	533	521	505	448	397	396	445	460	478	528	479	4249	3887	4687	5613	2335	3733	4037	3425	4142	2850	6744	707	698	645	693	656	578	588	669	612	536	541	232	181	162	191	214	207	206	179	194	178	191	
2122.58671872511	80	78	73	79	76	54	83	77	69	77	59	68	77	66	60	81	81	63	71	69	84	86	65	90	80	80	99	81	82	55	73	69	83	109	79	93	92	90	98	74	85	89	79	71	103	95	97	60	93	72	114	101	86	105	98	141	132	100	125	130	123	116	147	114	138	120	194	170	204	179	183	170	199	187	208	206	175	516	485	532	438	417	450	457	496	459	511	544	4177	3853	4678	5575	2373	3601	4161	3499	4162	2892	6777	681	603	705	686	567	568	611	685	610	551	521	215	170	219	197	192	223	176	184	205	199	198	
2124.03593747512	63	55	54	64	50	61	59	69	77	45	54	69	59	69	79	79	72	71	92	65	86	59	83	73	69	71	83	89	93	78	71	71	74	94	75	90	97	77	88	99	83	71	89	97	106	102	90	45	111	96	97	98	108	104	91	120	149	123	123	129	110	114	138	123	126	142	177	201	172	183	171	188	212	185	208	202	196	522	511	571	470	414	464	524	519	479	513	571	4130	4017	4829	5831	2330	3843	4307	3569	4195	2882	6949	713	664	707	709	639	626	655	664	622	586	565	246	180	169	166	176	200	216	212	167	195	180	
2125.48468747511	77	66	59	58	74	76	58	75	60	57	82	71	69	75	52	74	83	79	82	80	75	80	69	69	78	90	65	91	82	77	78	69	81	67	79	95	74	101	93	77	103	99	103	76	107	122	87	40	111	104	93	106	109	84	71	128	143	117	120	122	117	143	112	126	125	127	199	197	197	198	188	197	188	204	156	229	183	531	525	585	447	404	443	515	456	435	510	538	4077	3998	4934	5730	2481	3764	4282	3562	4257	2871	6978	698	687	719	700	643	631	640	683	660	554	545	210	189	212	175	186	200	189	225	193	193	193	
2126.93312497511	67	79	73	91	91	66	55	75	79	79	67	54	85	58	88	94	111	61	87	77	69	76	62	69	66	66	67	73	87	69	50	65	69	99	81	85	73	100	92	95	73	98	98	69	84	102	115	53	71	95	106	85	98	103	96	142	113	111	134	130	117	134	114	99	126	129	192	233	201	185	207	208	213	196	200	198	205	580	507	593	461	444	460	489	482	445	522	535	4167	4069	4947	5665	2374	3772	4278	3717	4427	2855	7200	667	641	748	688	659	599	625	693	669	605	557	241	203	212	218	171	214	186	191	205	208	199	
2128.38124997511	53	68	42	65	47	71	63	85	75	45	73	91	72	95	74	64	69	57	81	78	81	55	90	93	82	84	87	73	100	77	89	98	94	65	74	77	89	92	93	106	98	90	82	104	84	104	95	36	104	102	116	99	104	96	118	107	104	125	123	124	131	133	149	139	123	140	183	213	229	190	201	192	197	185	215	205	211	522	499	572	443	441	515	491	560	466	524	567	4116	3897	4825	5743	2439	3723	4251	3678	4357	2991	7206	699	722	743	741	635	633	669	670	594	614	584	240	200	182	197	199	212	194	213	191	212	171	
2129.82874997511	58	72	77	82	78	81	82	76	55	69	60	80	71	63	51	68	76	72	75	77	78	79	71	77	87	83	78	58	81	73	66	75	86	66	90	88	91	76	77	80	70	95	82	88	106	125	89	50	121	112	110	118	114	111	107	103	127	108	127	129	128	114	122	127	117	143	193	226	193	165	175	219	203	208	215	182	202	532	511	571	450	469	496	528	509	510	554	549	4205	4020	4946	5735	2421	3768	4328	3751	4393	2951	7435	673	695	711	731	664	640	597	705	669	614	592	238	195	184	182	212	211	201	193	208	198	194	
2131.27609372512	82	73	43	67	72	83	58	57	66	50	75	69	97	80	80	61	74	77	91	75	73	83	76	69	70	79	73	65	79	74	76	72	69	99	86	87	102	83	100	89	96	105	89	80	111	95	87	60	76	85	102	82	109	107	106	109	130	121	139	118	140	142	125	133	133	126	205	193	231	186	191	197	209	185	210	197	205	494	523	577	460	426	496	503	498	492	509	588	4191	4012	4897	5824	2463	3898	4387	3851	4422	2989	7265	690	619	678	743	677	649	630	696	669	640	574	249	195	180	230	198	203	209	205	194	203	203	
2132.72296872511	81	65	43	68	53	57	64	71	41	96	53	66	66	68	60	54	75	65	69	75	85	67	92	96	72	75	69	89	94	84	77	76	90	92	112	72	105	86	92	95	94	88	100	100	80	88	92	57	97	109	103	99	87	88	83	120	131	132	134	112	137	137	139	128	124	131	209	213	209	187	204	216	219	188	183	197	221	572	570	575	457	460	531	522	510	478	505	589	3991	4114	4903	6018	2472	3986	4356	3720	4450	3056	7473	675	690	746	706	652	616	613	690	655	612	574	213	220	200	181	197	198	207	230	197	191	186	
2134.16937497511	60	65	66	71	59	74	80	70	72	76	70	55	73	67	73	73	88	71	60	74	85	73	68	86	96	94	68	78	76	86	69	55	74	88	82	84	89	94	104	85	78	94	81	79	102	103	105	49	101	101	103	101	114	97	89	119	106	131	107	128	111	123	113	116	118	118	201	201	208	191	175	209	200	222	218	213	188	538	511	580	463	471	545	519	525	493	534	524	4200	4137	5093	6108	2519	3918	4380	3810	4429	3006	7250	733	700	735	720	653	597	659	675	664	589	571	277	212	224	179	218	181	222	193	196	198	188	
2135.61546872511	53	81	70	82	63	74	90	64	73	64	70	61	76	85	84	81	66	67	74	76	87	59	79	73	78	82	100	85	62	80	76	76	97	92	94	95	77	75	97	81	72	95	96	80	85	118	94	37	90	102	101	104	111	98	88	129	160	117	134	110	105	105	117	126	130	122	194	219	209	193	193	208	207	203	201	186	223	517	506	541	455	452	534	544	512	463	575	575	4283	4062	5065	5833	2445	3862	4371	3651	4439	3041	7205	738	674	714	722	675	579	679	668	643	601	574	264	226	202	184	166	191	204	180	206	216	183	
2137.06109372511	72	68	59	55	82	76	54	77	73	73	66	61	66	92	79	66	67	68	81	62	74	61	77	85	68	75	60	89	93	71	56	78	65	84	63	95	87	88	67	94	75	91	82	83	100	96	75	54	98	97	90	94	92	121	121	127	122	143	135	109	121	133	130	131	117	126	176	199	189	189	182	208	240	204	182	234	209	566	537	532	470	421	485	544	515	447	509	548	4165	4037	4935	5749	2400	3888	4308	3628	4227	2935	7379	696	677	720	708	675	605	611	677	631	587	557	221	224	174	190	216	198	181	203	185	210	188	
2138.50578122511	80	77	67	89	48	64	69	63	53	59	79	71	64	90	66	50	76	47	70	77	90	77	87	83	87	84	63	80	68	59	81	51	82	90	87	90	64	90	75	109	92	83	93	83	81	85	88	46	88	118	76	107	103	101	99	142	134	145	127	134	132	119	127	104	137	141	205	191	210	187	173	190	189	210	213	218	189	508	512	528	426	405	490	493	519	431	519	487	4157	3935	4771	5758	2382	3899	4140	3651	4355	2859	6754	685	665	774	656	655	615	622	690	619	583	555	271	186	167	187	191	188	206	192	200	184	204	
2139.95062497511	68	60	73	57	74	74	57	64	66	67	72	73	83	76	73	76	80	63	85	80	73	73	72	91	73	78	92	82	75	92	72	99	62	86	93	83	78	86	73	84	83	102	91	93	102	96	101	42	113	85	103	82	89	85	124	117	126	125	118	124	99	124	143	129	121	118	213	209	227	180	171	200	190	187	180	206	191	511	519	566	421	442	486	523	466	420	507	516	4160	3960	4900	5801	2462	3950	4228	3485	4222	2851	6859	715	627	759	688	661	599	630	643	657	558	511	259	192	176	182	175	178	228	177	193	175	188	
2141.39499997511	66	55	71	53	65	57	83	68	72	79	67	77	69	82	72	75	53	49	75	74	63	67	67	76	75	75	82	73	86	93	70	78	75	78	73	82	98	80	82	81	70	94	86	72	100	83	81	37	91	102	104	83	105	88	98	110	127	94	127	116	137	107	122	118	107	107	197	213	223	184	179	195	203	194	193	186	181	514	480	577	453	440	461	506	465	467	489	506	4093	4221	5030	5879	2410	3815	4118	3429	4206	2816	6594	733	677	748	689	628	605	596	664	601	569	522	237	210	176	195	176	182	168	182	197	181	183	
2142.83921872511	79	97	67	41	60	97	73	73	62	56	74	80	77	81	67	59	91	71	73	68	86	73	70	81	91	69	80	75	77	78	78	64	57	99	94	88	92	87	80	81	76	86	97	75	112	111	94	45	93	85	121	110	105	112	102	141	142	102	119	125	132	112	114	105	129	154	191	198	209	182	157	162	220	166	167	173	182	544	483	536	413	424	470	482	436	422	449	488	4232	3977	4860	5581	2365	3759	3899	3329	4110	2706	6520	729	682	682	649	596	578	581	607	581	513	471	247	168	196	164	179	194	198	185	194	156	152	
2144.28218747511	67	68	74	81	83	76	58	59	77	86	67	79	72	71	77	59	63	69	71	69	56	75	69	78	81	73	60	66	75	78	66	76	81	73	79	97	93	77	80	94	75	91	59	65	87	112	102	61	94	85	103	90	76	95	103	137	114	103	111	107	113	129	106	121	121	132	197	182	204	165	167	172	179	147	190	181	185	498	510	552	412	391	474	486	443	383	476	461	4027	3922	4832	5669	2223	3653	3841	3290	4039	2627	6481	719	638	739	669	602	538	553	628	575	528	487	236	183	175	183	189	168	189	180	155	151	196	
2145.72546872512	61	69	64	51	75	65	62	72	64	63	53	63	77	64	71	61	73	57	79	68	58	57	83	58	71	71	55	86	85	74	67	74	67	72	78	75	94	79	88	73	58	80	80	84	79	85	106	42	90	96	101	73	96	82	103	120	107	113	115	105	121	135	89	127	103	113	219	177	177	194	183	167	177	179	173	200	173	494	473	459	404	395	450	429	469	400	445	449	3820	3714	4709	5495	2200	3516	3792	3183	3921	2625	6443	653	620	681	668	548	549	601	608	569	533	482	224	204	167	166	201	192	162	178	158	167	168	
2147.16843747511	57	66	63	56	53	69	68	59	67	52	61	79	73	75	64	74	68	75	78	66	54	77	82	87	74	66	83	81	87	71	62	54	75	80	73	96	80	68	65	67	91	88	73	87	92	92	117	47	101	89	88	67	78	89	76	129	125	126	86	97	114	108	123	108	93	126	177	190	182	185	160	151	184	162	154	171	181	524	497	465	408	349	432	449	448	412	421	436	3930	3723	4505	5231	2143	3563	3794	3241	3878	2571	6316	680	611	615	608	579	534	573	607	571	497	486	237	193	184	125	190	202	171	179	175	168	182	
2148.61031247512	57	82	77	61	56	67	69	68	54	69	49	69	71	69	63	78	60	56	59	67	62	94	69	75	88	73	89	64	61	63	78	75	65	99	76	74	84	80	63	95	89	91	64	59	103	75	99	42	94	93	90	77	83	96	99	128	127	117	101	119	106	112	122	117	134	97	189	193	167	171	214	206	184	151	165	161	186	445	480	485	389	361	449	479	417	388	409	470	3801	3632	4358	5168	2185	3427	3721	3230	3884	2532	6307	632	563	605	632	581	520	562	583	571	508	445	239	162	156	200	167	193	167	173	173	163	168	
2150.05249997511	81	53	62	62	51	79	53	76	75	65	75	48	79	81	76	83	58	64	75	65	50	51	83	57	79	61	85	90	76	65	73	70	68	68	56	76	75	67	69	85	71	89	82	88	85	88	101	39	79	90	86	75	93	75	95	106	108	114	122	112	120	106	122	102	98	122	150	171	159	160	175	181	178	182	169	173	191	494	468	467	355	372	434	472	433	404	444	474	3647	3671	4354	5223	2131	3428	3711	3240	3904	2482	6224	607	562	615	601	611	514	539	647	514	513	476	235	178	153	174	182	157	153	177	153	159	149	
2151.49359372511	57	78	43	55	56	60	41	53	72	67	82	81	72	69	75	64	72	75	77	82	89	81	85	66	80	70	76	67	90	68	83	83	73	74	87	90	85	94	74	63	97	64	91	95	78	115	84	40	82	89	81	88	85	104	93	119	112	116	105	87	133	105	85	111	105	118	172	168	186	157	163	171	188	194	169	175	153	500	435	481	374	402	407	436	460	418	453	469	3630	3643	4274	5172	2124	3453	3769	3442	4034	2612	6497	640	586	630	599	630	526	523	622	585	537	515	221	177	173	166	171	171	173	204	172	178	166	
2152.93484372511	64	67	65	61	75	67	73	72	86	65	70	56	80	71	70	82	72	68	76	73	65	72	61	63	76	83	69	73	74	86	61	81	50	80	73	76	67	86	85	62	74	94	85	92	91	75	111	49	83	81	70	109	84	94	107	124	94	113	121	122	108	129	96	100	122	114	205	185	181	159	178	188	179	169	170	193	202	497	430	460	365	407	438	482	480	418	448	443	3629	3589	4176	5295	2211	3529	3816	3374	4004	2656	6427	600	578	598	637	584	520	562	634	572	548	470	234	165	163	181	176	163	194	172	213	179	170	
2154.37578122512	64	62	41	71	53	70	89	60	73	75	53	59	75	71	59	70	62	75	75	66	74	59	81	78	66	80	77	73	78	73	65	79	69	66	60	68	98	67	66	94	91	74	72	86	90	82	77	45	91	108	93	87	96	108	86	95	107	107	113	117	114	117	112	113	108	134	162	198	177	174	183	189	181	180	174	181	178	467	459	487	413	406	451	445	467	417	486	489	3748	3656	4491	5545	2334	3635	3819	3439	4000	2606	6539	664	596	627	652	662	577	573	603	569	525	525	200	189	182	166	178	150	188	181	182	179	164	
2155.81578122512	83	67	65	64	49	63	63	75	56	67	75	72	66	64	69	48	69	75	79	61	69	67	90	84	72	70	84	63	87	80	81	80	51	80	68	96	80	84	70	86	80	96	102	81	122	92	74	48	90	101	91	103	96	126	86	126	96	110	139	117	107	118	106	84	135	124	187	164	184	170	171	188	189	184	177	187	203	467	476	525	401	386	421	490	451	411	469	496	3916	3800	4628	5537	2241	3719	3820	3387	4088	2658	6596	641	616	661	719	598	568	602	624	572	573	505	223	172	152	166	181	199	171	194	177	183	171	
2157.25531247511	71	79	62	89	81	53	73	42	65	54	73	38	81	86	83	71	71	78	92	73	59	66	66	80	70	76	88	82	70	66	74	89	71	88	87	86	89	90	105	80	92	83	84	60	95	94	101	45	92	91	103	90	91	80	81	121	130	121	117	127	94	121	99	108	132	95	186	172	214	166	180	200	180	173	161	148	191	520	484	523	396	386	465	415	451	417	442	514	3995	3846	4635	5449	2266	3648	3828	3391	4188	2611	6664	647	600	659	650	608	553	604	617	591	535	486	217	170	175	186	167	172	199	181	177	161	185	
2158.69499997511	63	82	58	59	85	61	58	63	72	60	50	67	68	87	78	73	69	71	69	56	45	66	80	70	69	73	59	82	80	98	71	74	71	81	89	83	75	106	61	99	73	75	75	96	95	96	86	27	110	109	80	103	91	85	98	119	125	125	117	119	115	116	113	111	94	120	181	178	182	169	174	178	181	154	160	166	197	475	488	510	437	386	414	456	459	383	437	473	3980	3824	4638	5452	2274	3661	3971	3375	3972	2616	6510	665	565	632	634	615	529	568	592	554	536	524	232	186	184	149	180	191	189	176	178	170	169	
2160.13374997512	65	55	78	72	75	75	40	73	75	60	73	77	55	61	80	74	61	55	62	75	59	74	75	89	67	79	83	88	71	73	73	68	69	85	90	81	80	83	105	77	82	75	77	75	91	100	81	51	103	95	110	94	83	87	84	116	112	129	115	103	122	110	121	71	122	125	229	189	178	165	182	175	167	181	166	134	139	463	484	497	368	374	441	420	438	376	440	461	3923	3755	4496	5585	2256	3702	3828	3310	3748	2437	6418	618	586	612	732	614	573	613	615	568	517	495	237	182	185	164	155	189	171	192	160	134	176	
2161.57281247511	65	60	89	60	68	64	67	73	65	41	34	71	66	83	80	78	60	80	77	70	78	73	55	69	78	69	69	74	52	71	88	69	67	70	84	69	85	61	93	73	68	71	77	77	89	81	93	33	75	95	89	87	92	122	101	104	86	107	96	104	134	121	120	120	95	120	193	194	160	141	180	159	164	181	161	201	198	485	474	485	391	372	423	417	436	405	424	447	3956	3863	4458	5479	2247	3544	3600	3103	3770	2449	6393	629	555	646	661	548	518	550	591	537	522	495	216	186	175	177	175	173	206	203	159	170	171	
2163.01078122511	67	75	51	56	73	55	65	73	48	65	67	80	63	68	73	73	66	63	72	51	66	71	87	65	62	89	51	76	90	89	73	93	71	80	61	70	75	58	82	68	79	82	88	85	91	83	74	37	94	99	108	97	88	78	87	97	116	112	121	98	114	118	107	108	120	124	195	176	179	165	156	168	149	153	173	153	188	470	469	452	378	384	377	440	452	424	413	411	3912	3689	4362	5229	2162	3537	3621	3232	3724	2405	6123	606	573	631	631	612	529	558	581	536	494	470	171	205	180	161	184	161	173	185	158	166	173	
2164.44828122511	65	77	62	63	66	76	68	75	58	75	83	77	61	63	77	50	67	72	55	67	57	75	61	74	95	79	82	73	84	77	58	65	71	66	101	76	79	84	81	73	85	81	80	62	90	100	97	50	95	80	98	85	80	80	86	106	119	107	88	137	111	136	121	99	111	116	183	164	177	169	154	173	181	185	173	160	173	478	414	474	380	334	394	379	377	362	402	424	3708	3639	4179	5269	2141	3465	3603	3106	3600	2265	5979	529	587	631	611	586	534	565	536	500	504	397	231	169	175	159	169	173	176	159	164	160	159	
2165.88546872512	43	78	46	66	65	81	64	60	64	58	40	68	71	93	70	54	65	61	67	74	54	69	71	78	73	72	56	75	67	72	62	71	64	86	56	86	87	76	91	74	78	81	70	52	95	95	86	53	80	88	118	101	93	94	77	120	118	94	111	110	105	145	114	113	120	115	157	177	189	143	149	165	163	152	150	182	175	465	476	460	361	371	397	405	384	367	415	388	3664	3603	4349	5145	2137	3274	3489	3054	3656	2329	5888	562	540	569	582	598	519	478	547	505	448	412	176	178	157	185	176	184	191	193	179	183	164	
2167.32296872512	65	68	70	53	65	59	67	75	56	66	72	78	69	58	54	61	65	65	70	70	75	53	71	72	69	62	64	94	65	79	60	87	92	71	69	89	69	59	74	92	66	67	73	82	77	85	64	39	110	103	93	77	89	82	95	113	114	129	85	111	115	94	100	136	101	107	185	170	168	160	160	173	179	174	191	158	189	470	431	497	358	371	387	408	348	377	406	441	3700	3541	4013	4940	2082	3213	3531	2999	3497	2460	5959	589	542	611	631	576	504	541	566	526	478	444	200	202	150	176	164	144	167	181	170	171	146	
2168.75937497511	90	71	54	53	51	72	75	66	58	77	74	74	73	60	80	62	80	67	61	88	57	61	86	68	79	57	67	65	81	81	68	65	64	98	85	68	75	70	72	86	73	79	83	66	80	87	80	39	81	87	73	80	86	101	88	106	118	110	97	90	120	106	111	89	87	134	184	171	172	171	158	151	146	195	137	168	157	412	466	467	363	359	346	382	392	369	448	430	3657	3537	4055	4850	2000	3115	3497	3027	3754	2443	6127	597	540	563	553	522	476	489	592	493	494	444	196	168	156	161	159	190	149	169	158	186	184	
2170.19531247511	48	70	47	70	53	73	67	66	81	56	66	61	65	63	74	84	64	78	55	86	75	58	64	72	73	73	71	85	75	80	74	82	76	87	59	78	75	86	68	76	93	86	76	70	73	84	90	44	91	79	82	97	95	78	102	80	138	110	112	100	89	131	109	127	133	97	177	160	166	137	161	152	160	143	172	186	170	425	416	433	356	352	371	400	403	383	412	441	3564	3341	3900	4733	1977	3285	3612	3077	3743	2355	6113	515	537	567	579	578	528	516	565	502	475	439	149	161	165	158	168	143	165	146	178	151	172	
2171.63093747511	70	53	56	67	63	62	44	77	53	60	46	80	75	73	82	63	67	57	66	80	73	69	86	75	64	53	69	80	72	67	64	83	82	81	57	71	83	81	88	78	94	69	65	81	77	74	101	33	84	96	73	95	81	94	93	101	88	114	101	75	118	112	109	110	102	100	188	167	149	180	176	160	176	161	173	186	163	386	367	414	322	340	360	396	401	385	439	461	3480	3410	3943	4941	1983	3245	3593	3167	3759	2444	6312	525	504	585	568	536	538	567	556	574	562	467	171	153	160	157	149	185	198	180	174	184	139	
2173.06624997511	64	59	57	63	63	68	74	56	59	49	74	76	74	54	82	73	58	85	76	61	63	77	60	77	60	79	89	80	71	61	79	55	78	77	89	74	81	77	62	67	82	79	83	85	81	89	90	55	79	90	91	94	82	91	86	108	116	135	109	99	115	108	98	116	77	119	164	144	163	153	144	158	168	186	178	162	165	424	426	424	360	356	389	386	413	396	444	431	3578	3488	4055	4958	2123	3303	3637	3225	3878	2452	6154	568	531	581	618	572	511	524	574	545	529	438	182	145	158	177	181	178	173	148	182	177	153	
2174.50109372512	68	53	60	69	76	72	69	50	67	70	68	71	82	72	48	77	65	74	74	87	80	70	75	73	78	80	82	75	56	76	69	88	58	86	80	83	77	88	72	79	80	81	48	66	87	83	69	34	71	85	99	98	81	106	90	100	106	86	110	98	118	119	105	106	114	99	185	183	163	163	153	139	168	161	189	160	193	424	409	461	355	394	395	389	406	376	444	474	3490	3508	4065	4967	2024	3453	3681	3185	3768	2482	6175	543	489	607	608	565	521	522	559	502	525	431	175	161	186	151	161	211	191	185	176	179	162	
2175.93546872511	51	67	53	70	88	61	65	68	61	63	56	62	66	59	70	59	56	68	76	59	67	59	104	67	56	65	91	80	63	99	83	85	79	84	84	75	83	83	71	73	64	78	86	85	105	79	103	38	80	118	112	82	92	67	83	100	86	99	109	110	106	134	99	103	109	121	167	165	158	180	151	163	188	157	145	166	178	453	412	456	388	358	356	416	428	392	440	428	3614	3573	4147	5112	2085	3377	3546	3204	3907	2484	6166	561	520	599	599	585	463	517	580	571	494	472	212	184	173	149	167	173	162	183	191	176	147	
2177.36953122511	60	76	66	55	58	64	60	59	53	59	69	76	67	56	61	65	73	69	61	58	67	54	82	86	72	54	63	73	79	65	81	62	80	69	111	101	86	88	84	76	83	69	87	77	92	89	98	50	91	83	84	98	60	88	84	133	100	115	98	102	114	118	100	106	103	125	184	166	187	157	145	154	195	178	142	164	186	427	395	447	372	364	436	413	432	367	421	465	3657	3529	4234	5126	2091	3462	3714	3185	3753	2558	6377	573	576	589	610	537	545	535	588	515	505	444	180	171	173	150	184	160	172	168	175	149	151	
2178.80328122511	52	63	66	76	55	66	69	60	63	43	61	64	74	73	77	81	77	65	52	69	77	62	79	73	69	86	71	73	61	74	74	75	61	81	84	90	83	72	99	75	82	93	71	69	82	78	96	45	79	93	98	96	72	97	91	116	121	115	141	113	123	116	98	101	118	128	153	175	180	141	155	159	194	176	167	188	180	457	445	445	354	345	389	405	422	354	432	460	3604	3553	4152	5226	2131	3533	3749	3194	3757	2407	6155	503	561	589	608	560	504	523	605	571	514	426	158	165	175	159	165	179	182	187	174	167	156	
2180.23656247511	60	71	57	73	77	68	65	63	49	65	57	71	59	79	77	79	69	78	66	69	53	69	72	78	65	63	66	72	76	82	60	78	79	77	82	96	84	55	87	79	71	71	75	98	69	88	86	39	95	101	84	92	88	81	84	88	127	119	78	106	110	116	115	120	112	120	153	179	179	163	154	186	154	176	165	187	194	433	423	424	401	367	385	409	366	394	428	458	3601	3785	4207	5368	2106	3563	3614	3032	3700	2473	6252	553	507	610	616	585	511	534	575	554	528	480	183	152	153	155	166	179	179	173	156	180	159	
2181.66953122511	82	61	61	49	64	74	63	51	61	41	71	80	51	72	49	56	73	74	63	57	70	68	67	80	68	96	72	76	89	78	74	60	63	65	77	77	66	73	82	73	66	71	81	84	73	111	98	32	93	90	59	106	95	81	88	101	107	115	88	112	143	130	98	112	106	110	162	171	183	160	153	159	169	161	160	161	177	463	443	447	393	405	403	407	418	391	427	421	3743	3755	4256	5246	2109	3374	3635	3072	3660	2317	5900	585	548	553	635	537	531	517	617	525	479	423	204	153	147	181	149	166	165	198	162	138	149	
2183.10203122511	58	65	60	66	73	63	62	65	77	50	57	49	66	51	81	73	62	56	81	60	65	62	71	49	87	75	96	51	54	70	73	69	73	79	87	92	61	48	76	74	66	82	68	70	75	94	74	57	74	108	83	70	65	75	94	112	98	110	102	114	105	121	97	111	116	109	185	178	176	165	175	177	154	161	159	165	153	429	416	442	372	345	424	385	404	341	371	434	3695	3670	4195	5215	2155	3387	3505	2946	3505	2274	5833	537	553	594	628	562	514	502	554	485	464	414	176	142	174	175	183	204	174	158	181	148	155	
2184.53406247511	57	48	65	52	64	77	43	71	56	48	51	92	64	82	64	82	80	52	50	54	62	59	82	74	71	71	78	73	76	77	70	78	69	65	77	71	96	84	54	70	59	57	67	74	82	81	99	45	77	103	89	88	74	78	67	99	117	107	91	114	99	88	111	119	99	106	161	200	145	166	157	157	153	139	130	167	170	441	421	442	386	381	388	413	394	340	393	436	3679	3671	4207	5104	2086	3298	3480	2895	3398	2243	5590	585	547	611	621	520	490	476	557	504	474	438	163	157	163	170	194	183	165	171	158	163	124	
2185.96578122512	61	72	47	67	56	66	51	52	53	59	55	78	70	64	55	31	59	66	56	65	64	72	83	81	96	68	75	64	89	60	100	57	70	84	85	90	69	61	67	82	66	76	65	62	100	103	80	51	89	82	74	88	103	89	85	133	113	127	100	108	93	98	85	106	89	115	175	157	182	159	158	170	170	195	157	140	162	438	433	449	357	326	329	404	381	344	404	418	3629	3656	4136	4927	2010	3200	3334	2841	3402	2205	5709	560	537	597	611	536	483	488	510	503	447	408	166	172	160	147	166	161	147	159	137	172	128	
2187.39718747512	75	56	50	64	62	70	60	40	64	71	67	61	49	67	48	51	70	69	67	54	76	73	61	86	81	82	79	65	61	53	81	56	63	77	73	65	70	56	95	78	86	72	81	68	96	72	93	38	71	77	82	94	76	78	91	115	109	75	120	102	85	110	116	109	119	109	159	149	183	156	135	154	165	155	155	139	154	414	435	443	368	374	360	367	396	331	389	408	3549	3519	4092	5015	2003	3099	3267	2849	3481	2135	5588	489	533	573	584	502	504	460	583	503	481	436	193	154	158	169	177	174	150	141	165	130	144	
2188.82749997511	70	59	56	45	61	52	64	66	58	82	57	71	58	72	61	61	60	63	71	60	64	55	80	62	58	55	70	59	72	84	61	69	71	55	67	78	98	65	68	81	70	77	62	80	96	68	86	43	80	90	87	101	82	81	79	109	96	109	103	106	117	106	125	109	109	86	157	134	170	168	154	151	140	139	149	174	159	435	432	419	347	347	365	348	400	373	423	434	3388	3434	4055	4790	1936	3241	3256	2741	3430	2223	5641	547	512	589	560	508	487	477	532	528	466	401	125	170	137	162	163	176	178	172	165	147	161	
2190.25812497511	62	83	57	65	65	69	55	65	53	66	59	63	62	81	71	66	68	68	65	70	53	62	59	72	91	66	72	59	61	68	85	76	65	76	83	59	56	74	80	75	69	61	76	61	92	97	79	42	79	67	80	101	82	73	78	108	104	114	86	110	85	92	119	81	112	95	163	168	174	153	140	170	175	165	147	162	150	386	386	466	311	336	355	343	370	355	389	407	3446	3336	3941	4876	1891	3032	3291	2873	3413	2216	5429	528	512	578	576	505	475	524	559	540	442	395	154	129	135	138	150	176	167	170	149	129	153	
2191.68828122512	78	37	67	75	74	59	61	51	51	44	54	74	64	66	59	48	88	48	75	75	52	51	65	65	68	81	87	57	57	71	65	68	69	106	73	63	69	67	73	79	93	75	58	75	102	73	86	30	60	78	95	70	94	94	73	101	117	94	104	102	98	105	129	115	101	122	150	165	173	146	173	183	175	151	169	150	186	385	413	430	339	339	358	387	385	376	429	412	3463	3314	3933	4818	1933	3071	3194	2755	3458	2231	5721	473	523	571	572	519	501	508	534	488	445	433	148	136	168	161	173	166	152	163	151	165	131	
2193.11812497512	69	61	62	79	65	63	61	59	55	66	70	76	55	68	63	64	62	63	72	67	64	54	82	59	66	73	60	73	86	76	50	75	88	80	71	71	77	75	67	95	60	82	82	75	75	89	70	53	99	89	85	94	103	91	88	99	103	113	121	85	104	87	114	110	100	96	160	175	134	149	156	167	153	177	141	170	185	405	404	430	349	348	376	368	418	363	425	417	3337	3361	4065	4754	1875	3025	3284	2894	3528	2178	5780	479	534	569	589	549	471	491	541	552	497	430	164	120	147	150	144	155	173	157	150	161	162	
2194.54687497511	60	63	57	70	66	68	58	65	69	61	77	80	55	70	50	68	67	64	66	63	85	77	75	82	76	67	87	93	77	57	86	64	62	53	84	77	61	83	73	93	82	72	88	83	81	88	95	54	59	85	112	86	86	88	85	117	99	92	108	98	103	124	110	97	90	113	174	152	155	166	150	161	155	159	150	136	153	387	372	418	323	319	317	377	372	367	419	404	3341	3292	3745	4669	1920	3207	3420	2967	3626	2422	5853	524	542	568	544	526	507	518	562	530	515	470	156	149	152	145	167	199	139	166	201	143	158	
2195.97593747511	44	69	62	62	59	51	67	51	68	61	51	67	75	64	69	78	63	68	78	78	60	61	54	56	76	87	87	68	63	64	74	59	74	74	73	93	82	87	69	63	69	72	77	81	89	93	91	43	77	74	92	90	68	63	105	86	109	109	110	97	105	112	108	104	104	122	161	144	141	143	156	163	151	168	161	160	153	402	409	462	359	353	386	382	370	352	364	432	3265	3290	3850	4600	1908	3177	3414	2967	3563	2398	5913	465	499	569	553	526	449	517	562	538	452	459	146	140	162	166	168	160	168	152	163	191	149	
2197.40390622511	42	57	53	54	63	71	58	67	42	57	38	81	87	69	60	60	66	45	68	47	61	42	60	50	60	64	70	85	88	79	51	76	82	76	69	62	66	66	67	86	66	75	88	78	88	76	64	36	76	99	58	88	92	86	103	108	77	103	89	89	115	102	93	105	143	83	146	187	166	166	153	162	176	154	153	152	176	406	357	436	342	333	356	382	390	377	409	426	3399	3237	3763	4547	1911	3180	3392	3034	3654	2269	5942	502	500	526	557	484	480	513	573	514	529	433	139	178	153	141	157	145	175	182	140	172	141	
2198.83218747511	60	58	48	56	51	46	70	62	63	41	68	59	60	47	67	63	61	71	74	46	62	71	70	70	74	62	65	81	69	67	92	57	72	55	90	63	54	64	63	78	90	69	87	67	93	77	96	47	67	90	88	86	93	89	79	109	111	100	91	93	94	108	104	122	116	121	151	144	148	139	140	150	169	150	151	164	148	388	399	436	351	345	366	402	377	372	386	421	3188	3255	3808	4505	1892	3224	3361	3008	3577	2313	5796	511	489	567	563	547	537	496	559	523	455	419	154	121	153	133	171	178	154	174	164	136	159	
2200.25999997511	56	74	58	72	70	69	33	64	46	54	69	67	64	76	67	65	77	72	66	75	86	69	63	79	57	94	71	65	73	93	77	71	54	74	75	77	72	82	91	81	60	68	70	85	99	89	86	44	84	86	96	76	82	93	82	82	117	88	110	103	100	108	118	106	106	112	178	181	143	151	163	161	173	164	147	179	172	376	370	442	381	312	384	422	361	391	470	433	3416	3186	3771	4631	1943	3277	3398	3029	3677	2317	5830	445	518	517	544	525	517	509	538	561	452	420	151	165	151	146	142	172	192	168	152	155	168	
2201.68687497511	45	52	58	66	56	69	41	82	75	53	54	59	58	80	66	76	65	49	73	46	41	58	78	56	79	74	74	88	62	80	76	64	69	65	89	60	62	68	65	84	78	67	67	66	63	77	95	32	66	107	83	95	87	76	99	93	85	107	124	109	112	103	95	90	112	76	138	168	144	154	144	158	187	162	140	152	162	423	398	388	361	362	400	404	399	340	402	428	3208	3100	3790	4618	1969	3297	3578	2955	3614	2400	6163	451	497	516	596	507	534	557	551	508	498	448	138	153	124	143	165	188	162	160	161	175	164	
2203.11390622511	60	71	51	58	73	51	54	57	55	58	55	80	67	66	47	64	67	77	50	72	67	83	63	71	73	85	64	66	53	57	88	76	65	80	97	65	67	62	87	80	83	107	80	82	78	98	103	46	83	96	101	88	82	95	90	98	114	112	87	116	109	121	110	113	112	117	155	166	202	131	160	142	174	198	165	175	167	407	395	433	338	359	389	404	390	369	379	439	3440	3311	3824	4634	2049	3228	3494	2997	3500	2321	5937	512	533	559	572	554	506	525	521	526	485	461	145	157	173	161	189	153	195	149	193	159	170	
2204.53999997511	73	56	72	73	70	63	54	45	57	66	70	58	67	57	76	70	81	60	75	61	76	79	64	76	66	81	81	55	49	97	70	68	70	66	57	86	88	73	84	64	48	73	66	81	89	94	94	44	83	78	89	90	81	95	93	105	114	105	100	101	105	94	108	130	121	101	154	172	174	152	186	185	194	154	162	141	193	423	417	398	341	356	385	364	375	351	440	431	3543	3205	3816	4664	1941	3291	3464	3068	3516	2304	5942	478	507	549	552	559	499	540	566	521	490	438	149	149	154	155	179	193	177	151	165	168	149	
2205.96562497512	40	67	53	66	58	58	49	62	60	78	52	72	91	73	58	82	60	47	85	51	63	82	79	63	68	72	73	77	87	86	63	88	63	70	68	61	84	64	82	85	68	59	76	85	94	89	88	42	92	101	78	84	90	89	82	86	110	112	93	89	117	99	105	91	114	111	147	166	162	139	177	161	160	167	170	174	160	391	373	428	371	355	387	401	435	341	384	447	3456	3254	3901	4734	2022	3323	3565	3081	3682	2369	5748	493	506	528	613	537	467	584	541	512	525	448	153	157	137	169	146	173	181	173	154	166	147	
2207.39156247511	70	59	36	52	56	62	70	60	72	74	71	60	57	73	59	67	72	56	66	85	50	75	75	78	78	74	64	73	69	77	78	74	54	80	75	57	72	81	71	85	102	58	87	62	61	104	86	37	69	87	74	82	77	70	81	106	117	95	109	103	105	139	114	117	109	121	208	169	166	157	179	169	153	174	143	166	159	387	361	422	346	348	395	403	408	362	418	399	3500	3199	3837	4756	2039	3308	3553	2979	3703	2276	5824	489	515	535	593	586	558	525	534	553	459	429	187	155	148	160	196	179	182	147	133	139	163	
2208.81656247511	63	60	59	69	66	60	61	59	56	54	67	65	70	50	78	66	77	68	70	65	64	53	79	63	64	56	92	63	61	73	79	58	63	96	78	88	77	69	60	73	65	73	85	69	94	62	87	42	99	66	71	79	67	90	92	127	102	109	105	125	92	89	85	90	112	108	155	155	166	159	161	172	172	144	151	168	136	392	404	448	412	347	394	379	412	348	434	423	3392	3270	3971	4915	1933	3339	3316	2838	3580	2266	5827	466	542	558	578	529	457	490	578	500	454	473	160	156	137	166	165	173	167	151	188	177	152	
2210.24109372512	62	34	61	63	76	60	56	67	53	70	56	66	71	67	63	55	62	54	65	53	59	49	82	50	60	88	77	75	75	67	72	61	66	87	88	67	76	59	67	82	83	68	57	95	89	68	59	26	83	86	95	71	80	98	73	94	105	92	90	111	119	97	110	99	92	122	146	161	172	140	144	160	166	166	179	163	172	397	417	426	351	396	373	404	381	370	366	432	3555	3455	4044	4898	1970	3215	3260	3024	3594	2271	5738	533	534	573	641	593	490	547	546	529	507	414	169	147	157	176	163	161	175	167	159	165	135	
2211.66578122511	62	52	63	67	54	72	72	47	42	50	65	77	60	94	40	52	59	73	63	57	64	74	85	78	85	80	70	62	58	70	61	67	71	90	89	63	58	80	65	78	72	67	69	62	75	91	59	52	100	93	66	82	86	90	78	105	134	89	107	117	92	108	104	116	92	117	182	157	166	145	152	165	166	173	134	143	167	426	451	418	333	326	347	413	354	348	379	368	3477	3360	3983	4797	2027	3180	3268	2814	3303	2102	5222	463	555	591	578	509	463	480	485	519	470	392	153	147	160	172	172	175	177	169	175	153	144	
2213.08953122512	70	63	64	72	81	65	64	58	66	64	64	44	69	61	61	69	74	59	66	64	55	75	73	65	60	74	74	64	59	73	66	73	67	78	56	77	61	86	102	67	72	68	72	73	102	75	88	43	84	87	83	91	82	53	101	105	106	83	92	117	98	118	83	83	112	96	176	132	157	166	158	166	147	175	173	162	135	431	383	443	365	307	355	368	348	298	372	419	3438	3384	3888	4774	1922	3027	3109	2690	3167	2131	5199	473	571	580	557	496	502	482	486	471	404	406	174	161	166	141	190	153	158	121	146	139	126	
2214.51296872511	59	54	66	54	67	60	56	62	59	83	60	73	63	75	51	80	70	58	51	60	60	59	77	62	58	44	67	70	69	72	52	91	65	83	68	59	83	73	85	61	79	52	81	65	83	58	75	46	105	90	74	111	77	70	56	116	105	96	99	92	115	119	103	106	80	114	144	174	150	146	148	141	153	174	154	158	167	415	417	428	355	335	323	364	393	326	358	410	3487	3390	4028	4697	1796	2943	3198	2712	3337	2085	5241	521	548	534	548	481	463	523	516	503	476	421	170	171	163	134	146	159	154	170	161	153	150	
2215.93593747511	64	62	64	46	65	75	72	56	58	43	61	69	52	76	61	50	81	64	54	69	67	47	54	79	67	73	71	59	77	53	64	51	56	63	68	77	65	90	74	64	80	62	68	77	72	77	102	50	87	77	81	91	79	82	75	91	103	108	94	101	75	87	91	80	99	90	173	161	171	140	129	126	167	166	134	137	142	420	386	421	339	351	328	342	349	323	364	408	3478	3341	3851	4563	1780	2987	3069	2625	3206	2155	5189	562	536	620	561	496	463	460	475	463	468	394	162	132	154	166	157	168	128	151	174	169	137	
2217.35921872511	59	61	64	70	44	79	69	42	54	52	58	62	74	71	64	58	66	51	59	69	60	56	73	83	74	77	63	72	77	69	63	50	51	91	57	74	100	77	83	62	55	80	70	64	74	71	67	57	65	88	88	91	90	67	85	112	98	93	103	115	94	116	104	118	94	116	125	160	179	147	144	150	163	190	139	140	149	426	419	424	340	314	351	334	350	329	381	429	3338	3206	3780	4567	1764	3018	3107	2683	3182	2085	5191	499	496	565	561	540	457	481	514	448	427	408	143	144	142	150	146	189	163	145	169	150	130	
2218.78140622511	63	59	62	54	57	61	49	54	55	52	57	75	66	66	63	46	68	54	61	44	64	64	45	53	91	66	59	80	82	62	66	79	81	73	64	77	81	55	80	85	61	70	76	78	85	75	79	45	76	80	76	80	95	81	76	104	107	96	97	98	117	112	86	89	96	99	162	170	155	136	161	144	130	128	141	138	159	413	423	426	341	312	342	373	378	317	356	380	3420	3342	3816	4436	1760	3029	2929	2582	3206	2078	5291	494	498	573	535	503	457	474	534	456	456	382	165	176	160	152	168	158	182	157	165	115	144	
2220.20328122511	71	59	45	60	61	39	75	57	63	50	37	49	67	52	61	75	64	53	54	62	61	64	73	71	78	63	55	62	82	66	72	43	71	60	89	89	59	76	92	70	85	75	78	74	84	85	82	57	67	81	71	89	78	74	90	115	120	112	96	112	82	115	88	74	103	120	158	146	151	147	150	147	171	181	120	162	153	409	369	429	338	285	325	330	341	349	387	409	3336	3275	3833	4334	1712	2812	3007	2534	3221	2088	5314	538	514	531	557	491	459	505	528	478	416	451	155	165	158	140	164	160	162	157	132	122	160	
2221.62468747511	52	58	79	58	63	64	54	50	51	66	43	67	67	54	75	73	58	74	67	61	71	56	61	68	64	82	72	75	57	59	67	76	69	70	75	86	71	55	60	74	64	66	70	68	68	89	85	41	77	76	87	75	65	82	79	110	121	82	89	104	109	106	118	94	95	102	141	162	162	152	125	154	138	160	163	162	187	362	396	397	319	310	325	379	390	367	389	395	3234	3053	3541	4282	1802	2960	3083	2723	3397	2133	5388	502	505	514	500	485	465	515	483	470	434	441	147	137	154	150	160	160	158	132	171	172	160	
2223.04578122512	53	47	40	57	51	54	61	51	52	78	62	65	55	77	65	61	59	54	58	74	45	87	80	75	68	65	74	63	76	74	67	72	82	77	59	66	80	64	76	69	68	62	57	73	69	89	76	42	99	82	91	93	92	64	93	107	104	104	104	99	110	92	110	99	86	99	167	162	131	162	159	186	130	151	136	139	171	385	381	371	329	304	341	371	419	338	383	411	3142	3030	3599	4176	1810	3072	3210	2793	3349	2226	5444	445	497	496	479	482	473	537	538	488	447	465	139	143	144	106	147	149	157	167	139	151	148	
2224.46640622511	69	59	40	59	60	60	62	60	49	48	60	64	60	78	68	46	81	62	45	75	70	64	75	52	62	82	67	66	55	73	67	58	68	71	74	77	74	77	74	77	89	72	87	68	83	86	84	40	88	104	87	85	79	90	98	97	104	85	95	89	86	102	108	106	98	88	139	172	143	154	157	183	162	152	143	160	156	397	368	417	329	342	360	378	362	329	409	454	3100	2988	3630	4288	1778	3015	3109	2818	3410	2229	5691	460	486	534	547	493	494	535	603	503	483	426	164	118	144	143	171	155	148	162	152	168	122	
2225.88671872511	54	58	54	60	72	80	61	59	44	47	62	60	73	63	65	60	57	64	71	55	47	70	50	58	82	77	85	74	58	76	78	76	60	60	66	86	78	78	89	82	74	69	59	76	91	72	67	42	92	77	86	89	86	87	105	101	101	101	104	109	102	118	106	88	120	121	148	147	164	115	168	149	140	139	156	178	156	374	406	415	315	318	353	395	397	353	377	425	3097	3023	3555	4394	1846	3215	3268	2819	3439	2231	5795	464	502	533	540	497	505	494	510	506	470	417	137	144	130	131	153	159	141	160	155	150	149	
2227.30671872511	59	59	50	54	57	59	46	77	49	67	73	72	58	71	62	81	74	55	63	76	65	60	69	66	73	75	74	76	76	65	72	81	64	79	80	57	79	74	77	78	88	62	75	69	71	85	77	28	92	73	62	90	102	67	95	93	113	95	102	91	88	88	117	109	97	94	152	192	149	143	137	164	144	146	168	160	153	368	350	401	336	354	347	380	407	386	392	424	3016	3014	3654	4491	1862	3214	3391	2914	3466	2261	5533	438	498	559	534	508	470	524	545	543	490	429	165	131	148	156	137	168	161	192	167	168	144	
2228.72624997511	71	50	41	43	69	69	69	69	55	47	60	73	59	60	57	62	72	68	80	79	63	66	67	90	63	53	77	82	59	68	70	39	81	62	83	87	72	87	72	75	65	77	99	61	82	89	81	44	90	79	79	87	83	88	75	114	109	96	103	116	101	110	98	103	101	83	156	166	150	127	128	153	176	168	158	174	145	346	386	413	366	380	367	374	382	363	379	390	3108	3023	3792	4634	1905	3087	3335	2849	3386	2152	5582	442	519	541	575	558	511	480	565	485	475	447	162	134	131	153	172	169	174	182	176	173	149	
2230.14531247512	49	48	73	64	70	67	57	58	52	60	74	67	73	55	80	62	77	76	63	59	50	78	73	84	79	87	98	51	73	51	65	78	67	59	70	77	75	58	69	74	67	83	63	85	87	73	62	39	74	86	81	98	74	89	89	99	83	86	99	104	93	122	114	109	138	123	170	145	160	164	150	152	168	162	154	158	199	365	417	412	352	339	391	366	395	318	391	422	3102	3081	3898	4681	1918	3137	3302	2833	3301	2170	5696	458	542	569	563	570	484	504	530	469	448	441	134	140	176	135	165	175	173	166	144	152	140	
2231.56421872511	74	43	69	55	72	44	70	65	55	62	54	46	68	77	40	74	65	67	69	69	68	51	69	58	80	61	76	79	70	64	58	51	73	57	73	75	49	79	91	75	65	60	69	64	77	84	84	40	59	85	73	80	80	56	83	85	95	103	95	83	78	106	95	104	114	94	158	134	150	160	177	123	161	156	171	156	144	393	385	392	336	329	351	369	377	339	393	380	3168	3127	3789	4517	1857	3074	3317	2813	3479	2287	5480	468	509	569	582	497	496	537	572	524	464	380	149	173	148	152	157	149	166	180	161	156	120	
2232.98187497511	67	63	60	57	54	58	74	66	52	50	67	73	81	57	59	53	56	66	55	82	66	69	84	80	71	55	54	67	74	67	89	75	70	69	86	70	64	87	57	63	80	85	84	54	84	93	94	37	66	76	82	100	75	84	74	87	101	106	88	99	105	98	109	96	100	95	135	156	161	140	141	139	160	158	142	147	153	378	387	388	339	360	351	370	403	348	382	375	3305	3163	3826	4645	1894	3143	3438	2780	3380	2118	5199	469	536	565	599	507	510	529	550	510	435	427	153	161	151	130	172	189	143	165	172	163	151	
2234.39984372511	64	61	70	66	70	48	57	57	62	51	43	58	49	66	55	70	73	63	69	62	74	71	66	75	72	77	81	64	65	69	50	63	67	81	71	76	65	77	90	57	66	73	78	71	77	90	59	35	69	88	83	100	77	86	82	108	118	94	109	111	105	113	115	105	130	83	164	151	135	167	137	155	146	168	136	160	190	420	409	426	324	314	348	370	354	340	353	408	3180	3225	3860	4702	1935	3043	2991	2710	3330	2153	5313	480	510	641	601	577	490	488	534	481	431	387	153	156	148	135	137	159	168	101	158	176	127	
2235.81749997511	53	61	65	43	59	57	66	53	77	63	55	74	61	73	59	74	55	59	52	54	69	59	73	58	61	53	60	76	62	73	87	63	63	80	65	59	81	87	75	81	70	63	70	76	92	82	69	50	76	95	77	76	75	72	80	103	94	101	98	98	121	114	102	119	82	114	140	134	138	159	154	139	147	154	143	136	161	405	405	411	328	349	361	387	334	341	370	376	3212	3279	3762	4387	1855	3021	3055	2684	3373	2094	5153	464	511	597	580	514	456	531	567	505	458	424	172	163	148	134	152	148	154	157	153	130	149	
2237.23484372511	52	76	45	57	58	61	64	66	51	44	58	68	69	79	41	59	85	74	41	64	63	64	76	63	80	61	62	56	75	66	75	79	76	83	72	54	58	74	60	61	85	67	80	69	72	91	69	37	81	80	85	86	66	60	71	92	102	99	91	110	106	98	88	69	110	109	164	150	169	137	143	168	153	160	162	139	139	415	421	414	361	302	306	360	389	316	358	384	3267	3206	3737	4447	1835	3006	3050	2577	3166	1966	5021	498	495	577	561	546	477	489	511	493	404	381	161	163	155	157	166	181	121	168	161	127	155	
2238.65109372512	70	81	68	57	72	41	53	48	55	44	51	52	70	55	69	61	59	44	62	63	75	49	50	66	71	52	57	64	69	68	69	69	59	94	77	79	81	59	86	76	66	70	77	53	95	100	91	40	84	71	83	61	92	79	85	112	86	97	104	93	98	99	96	100	115	106	144	165	160	137	132	124	146	160	134	137	146	425	378	427	361	319	341	326	382	297	388	340	3187	3107	3660	4466	1823	2778	2905	2554	3144	1953	4982	493	543	524	539	468	467	413	457	499	404	402	168	146	163	139	177	141	170	144	167	157	142	
2240.06749997511	64	58	53	49	40	54	60	75	52	57	54	93	64	65	58	48	67	69	51	69	49	53	57	59	74	62	50	70	71	61	58	73	61	85	77	66	79	66	64	75	78	64	93	83	87	53	72	31	84	75	87	84	79	82	81	98	94	99	92	86	102	115	101	115	89	101	159	181	143	139	146	128	147	172	148	124	129	401	373	416	332	303	372	355	338	353	307	346	3239	3161	3680	4340	1734	2871	2872	2406	3074	1991	4815	478	527	544	538	471	443	486	522	479	426	403	142	159	146	158	141	149	135	162	152	159	110	
2241.48359372511	61	58	53	54	56	66	64	56	48	57	54	79	74	63	52	38	70	61	56	48	82	64	72	61	80	45	75	62	75	54	75	66	61	59	62	75	60	59	69	73	58	78	72	66	95	85	72	26	89	101	73	79	86	87	76	112	131	96	73	102	85	97	85	88	92	90	168	124	153	152	122	145	148	157	162	146	169	423	385	407	309	319	324	355	324	313	340	352	3191	3137	3532	4106	1721	2880	2931	2480	3004	1949	4870	549	539	559	529	482	438	473	475	416	418	380	170	140	146	151	160	137	135	161	141	138	131	
2242.89874997511	71	67	67	60	49	47	69	58	49	56	66	61	77	46	81	73	63	70	63	70	77	68	53	65	77	78	66	57	57	59	57	61	59	71	59	74	81	64	76	68	74	67	86	52	87	81	86	34	59	76	85	65	69	86	77	91	108	97	93	118	98	101	116	100	88	92	159	141	157	147	130	154	154	160	156	140	150	403	404	417	331	313	299	334	333	308	326	371	3206	3126	3694	4258	1707	2769	2804	2427	3096	1969	5044	447	507	559	536	479	457	438	511	488	410	437	152	169	162	148	167	140	153	128	161	150	150	
2244.31406247511	69	51	50	73	51	69	48	56	57	85	47	69	60	56	46	62	57	51	55	54	59	62	60	61	67	54	44	83	77	74	57	76	66	54	88	45	85	69	76	73	73	44	86	60	79	76	74	36	80	86	89	90	45	84	79	104	91	100	101	89	96	111	89	105	96	85	138	179	157	113	148	173	131	127	141	176	156	354	347	352	322	309	300	378	366	325	335	361	3097	2919	3407	3885	1637	2718	2851	2470	2997	1933	5205	521	475	548	507	492	420	472	483	503	423	396	131	133	140	143	144	138	141	151	139	129	137	
2245.72890622511	37	63	61	40	55	60	54	57	58	49	77	67	63	52	66	59	54	61	46	67	75	76	78	72	79	68	77	82	83	61	64	71	61	84	88	79	82	78	69	73	51	87	78	67	68	93	92	39	74	77	70	88	102	83	84	93	95	92	102	92	106	107	96	74	84	108	179	142	134	130	127	165	162	144	168	136	159	378	307	361	318	293	344	320	353	333	364	408	3039	2856	3192	3939	1727	2877	2974	2511	3160	2050	5354	450	477	470	505	491	393	472	507	457	450	403	139	135	134	155	178	148	136	187	157	152	132	
2247.14296872511	61	47	58	74	50	43	51	54	79	53	34	48	71	84	70	63	51	43	99	51	51	58	59	60	61	60	88	68	70	72	64	58	53	69	61	79	88	55	105	74	81	60	77	61	95	61	85	48	86	70	98	91	71	98	91	99	84	105	121	99	98	118	124	113	113	106	135	153	140	156	162	135	157	170	151	160	156	326	338	382	295	324	347	360	374	372	368	359	2927	2796	3347	4243	1749	2935	3041	2586	3301	2092	5256	490	464	511	507	485	497	450	503	483	450	430	148	102	128	161	124	156	155	143	168	167	175	
2248.55703122511	53	53	47	49	71	58	43	57	56	59	66	64	44	63	60	68	66	67	65	57	54	71	67	64	67	67	65	72	75	70	70	73	74	65	70	60	80	51	57	76	76	80	73	81	62	62	72	49	75	87	104	86	89	72	62	87	106	96	101	107	128	85	79	83	92	103	123	159	149	170	145	164	171	143	151	147	154	375	357	385	350	309	342	355	363	379	412	398	2871	2848	3477	4262	1761	3093	3057	2665	3240	2120	5279	483	473	551	570	502	477	513	530	525	447	428	134	143	119	146	133	181	156	169	169	163	171	
2249.97031247512	71	59	56	63	65	79	54	64	67	46	70	51	61	45	47	67	50	57	53	73	57	63	52	60	80	45	61	60	80	76	67	54	63	65	71	75	64	82	72	65	68	75	71	73	81	72	79	35	85	81	64	88	73	73	71	68	88	111	89	98	98	112	96	94	95	116	161	148	161	151	150	156	142	142	139	137	146	384	357	393	352	288	368	375	359	344	355	386	2952	3025	3523	4389	1830	2982	3139	2671	3262	2084	5260	445	457	506	518	507	493	482	506	480	446	393	160	153	138	167	160	161	132	169	174	135	132	
2251.38374997511	62	51	57	61	53	66	42	49	73	67	50	49	62	45	72	76	65	75	67	61	72	33	46	74	69	65	85	60	75	80	80	76	61	75	90	81	80	79	56	95	87	67	65	55	89	91	88	32	69	70	94	57	75	91	82	110	83	102	86	87	104	111	131	108	97	91	156	134	153	142	134	117	136	133	116	180	173	340	373	377	371	302	360	369	384	347	390	397	3103	3081	3690	4434	1798	2980	3105	2638	3229	2091	5277	465	480	528	531	528	505	473	530	494	465	415	156	140	152	153	148	150	178	151	160	173	158	
2252.79609372511	58	51	66	69	59	66	61	66	57	71	51	75	40	73	67	68	66	65	51	52	67	69	62	57	44	72	48	68	67	89	46	92	74	62	75	65	86	77	71	82	53	70	75	74	61	82	66	21	75	81	58	86	88	67	66	89	110	94	96	101	87	98	94	81	111	89	153	150	133	148	149	150	158	154	176	154	163	410	385	415	348	321	379	372	340	332	355	411	3116	3068	3697	4443	1801	3129	3079	2645	3259	2095	5193	467	506	549	589	493	482	481	554	476	444	408	142	160	149	124	137	152	163	170	155	148	134	
2254.20812497511	64	72	58	45	61	74	69	55	59	51	53	67	52	59	60	52	57	77	61	76	85	67	54	72	81	68	63	69	62	38	85	57	53	54	66	72	69	80	74	68	62	75	82	71	86	89	91	57	70	88	69	90	79	89	60	101	112	101	93	119	92	114	94	108	123	102	164	166	150	150	131	124	157	165	162	166	145	398	391	414	341	314	333	377	370	317	391	373	3122	3088	3637	4520	1826	3019	3153	2721	3226	2118	5242	443	538	526	558	498	461	496	521	517	453	411	146	145	135	136	158	187	150	172	160	158	161	
2255.62046872511	50	66	64	69	82	62	52	55	53	46	70	68	54	81	62	71	71	72	68	66	68	50	66	79	67	86	80	69	65	58	50	63	58	90	52	70	61	83	84	62	68	81	69	65	98	84	72	48	79	78	82	69	84	87	91	91	100	117	78	106	97	119	136	98	91	114	158	150	150	136	163	148	144	156	143	188	157	378	381	397	333	301	355	378	355	321	354	384	3171	3102	3599	4375	1747	3062	3093	2634	3253	2101	5173	478	467	505	524	515	474	490	492	508	403	368	151	111	135	163	156	164	166	154	150	141	147	
2257.03171872511	50	57	46	56	65	44	55	90	55	55	40	63	58	65	57	50	43	54	71	62	62	67	60	64	77	60	55	94	75	73	62	55	64	75	76	59	73	69	75	74	58	64	78	64	79	82	87	36	76	77	79	81	64	87	76	105	91	98	97	87	103	102	116	88	83	68	156	165	140	138	141	159	161	142	162	140	149	412	375	382	358	312	294	357	357	329	369	364	3137	3108	3704	4422	1748	2989	3096	2584	3091	2019	5158	482	513	580	546	511	508	455	478	465	427	403	136	167	133	146	164	156	157	149	155	133	134	
2258.44265622511	70	63	43	79	41	78	69	43	55	57	69	63	59	61	66	41	60	70	75	67	67	70	70	65	69	71	68	67	65	59	61	51	60	89	73	87	61	54	74	40	68	77	90	66	85	93	90	47	91	94	70	78	72	84	70	111	99	83	88	84	110	100	92	118	117	112	154	172	167	140	144	118	165	152	125	167	155	379	351	386	323	316	339	304	333	312	345	356	3225	2973	3537	4279	1747	2875	2883	2525	3063	2041	5072	485	487	495	515	481	423	453	495	475	444	402	181	165	157	171	157	134	146	168	171	159	141	
2259.85312497511	67	56	66	76	55	52	84	51	47	61	48	66	59	63	63	66	64	69	65	51	57	69	63	59	73	55	82	62	71	45	49	78	48	63	75	95	77	71	61	69	94	64	73	68	76	77	80	49	73	80	82	82	77	82	93	88	96	79	93	94	107	104	107	110	99	110	139	154	148	157	144	121	148	133	149	140	141	329	377	399	309	302	320	356	292	333	351	346	3038	2806	3427	4112	1706	2803	2908	2457	3068	1947	4893	439	452	529	541	502	425	449	495	435	397	392	156	145	155	161	135	146	158	157	130	153	156	
2261.26390622511	58	67	45	61	54	59	65	71	60	57	47	58	68	64	52	43	60	65	63	44	39	43	91	67	66	61	57	81	83	76	61	50	52	69	66	69	94	61	75	71	60	58	78	82	74	80	89	44	65	86	87	61	96	67	57	104	108	103	101	100	79	86	79	102	87	102	156	145	141	165	146	165	143	128	151	136	126	385	355	357	300	299	351	347	356	335	357	365	3039	2894	3341	4020	1754	2767	2709	2323	2944	1862	4577	453	450	517	505	510	448	457	472	493	421	372	143	133	133	132	140	141	142	157	152	145	131	
2262.67374997511	55	60	47	61	64	68	48	58	39	59	55	56	60	59	62	64	88	49	56	79	61	71	53	81	59	58	62	50	66	54	64	67	58	54	59	95	71	75	73	61	74	58	66	48	84	80	82	38	85	73	68	85	73	81	77	97	91	79	86	69	85	93	80	87	83	110	148	136	135	117	113	146	139	171	103	143	141	378	383	355	266	293	314	328	326	264	332	341	2992	2761	3258	3796	1587	2621	2735	2331	2784	1860	4710	430	511	517	490	465	430	441	448	429	408	357	155	138	129	154	157	168	152	144	156	133	136	
2264.08374997511	48	46	67	71	58	44	61	69	67	52	69	64	68	54	63	66	55	51	58	64	56	56	68	51	61	58	73	65	62	66	71	73	57	69	76	64	48	66	87	69	62	60	62	63	67	85	77	45	63	45	80	71	81	73	85	87	98	94	70	89	84	79	94	87	85	95	150	131	146	135	153	124	143	130	141	136	142	349	347	364	285	303	351	296	332	287	331	342	2905	2796	3114	3833	1518	2748	2747	2291	2910	1764	4543	423	444	497	498	443	422	457	463	409	407	391	135	109	143	156	143	164	153	131	152	153	132	
2265.49203122511	57	53	37	72	62	64	55	54	54	60	34	59	62	62	58	62	43	57	65	62	46	41	65	57	52	66	69	63	54	71	61	75	72	63	60	66	69	66	71	84	73	71	60	88	75	67	91	49	79	77	89	66	93	75	80	110	86	85	99	97	80	101	89	101	109	79	116	143	141	143	121	145	132	119	137	141	143	323	364	334	299	279	307	319	323	284	344	356	2863	2743	3276	3929	1565	2690	2782	2306	2863	1843	4602	452	430	473	480	460	432	493	458	414	399	393	139	121	135	142	150	152	145	153	154	133	138	
2266.90140622512	66	75	53	53	64	73	64	53	56	48	68	61	62	57	51	57	71	63	58	67	75	65	57	74	78	52	65	57	54	64	65	73	69	56	67	64	70	73	72	70	75	68	68	55	74	91	70	49	72	73	75	92	71	98	100	85	85	93	82	79	113	104	98	75	77	93	151	131	131	141	132	151	143	144	137	134	152	323	337	387	309	309	326	299	319	305	333	370	2753	2613	3206	3840	1554	2733	2880	2393	3021	1843	4548	424	501	477	469	466	400	433	443	435	444	398	133	132	124	147	132	152	161	132	157	135	148	
2268.30890622511	67	49	71	78	70	47	53	50	54	58	62	45	67	52	81	76	40	53	70	45	61	56	56	49	58	80	59	69	59	79	59	50	56	76	73	69	62	75	91	65	70	72	60	55	74	88	90	54	59	75	86	65	76	67	59	75	99	91	109	111	64	97	98	100	107	109	156	124	158	129	147	121	153	130	153	163	138	354	386	354	305	266	318	319	322	293	364	351	2717	2676	3365	3986	1646	2690	2801	2333	2950	1925	4724	401	453	486	520	486	409	450	469	471	372	391	138	133	152	144	168	148	155	138	136	127	125	
2269.71749997511	63	65	56	45	66	46	51	61	58	55	37	62	47	62	49	65	58	59	61	51	69	52	59	67	60	58	43	64	79	77	65	70	72	69	57	55	65	80	56	60	51	73	75	71	67	64	79	21	80	101	99	95	79	66	81	92	113	108	88	86	109	104	97	105	98	103	122	169	153	140	123	148	125	141	164	149	158	364	332	345	326	306	332	333	362	329	346	369	2757	2882	3307	4018	1629	2818	2836	2509	3095	2053	4892	423	449	502	512	484	447	427	492	478	432	427	129	133	127	134	136	152	121	168	157	163	133	
2271.12437497511	68	71	69	76	57	57	62	42	45	70	66	73	46	26	57	41	45	62	52	65	59	66	66	79	69	67	64	55	61	53	69	63	62	65	71	75	58	77	69	52	70	69	71	45	62	88	86	56	78	95	71	95	71	87	59	92	93	104	94	98	86	97	76	110	109	100	146	140	151	128	140	143	177	156	128	148	138	332	345	334	310	273	360	341	323	318	368	380	2880	2843	3384	4075	1734	2926	2921	2543	3149	2022	5020	435	466	542	529	476	450	481	503	469	441	422	157	115	113	124	149	154	163	143	164	148	122	
2272.53203122512	59	54	56	51	66	49	57	57	56	50	37	55	73	65	73	64	56	57	63	49	65	66	54	70	56	65	70	59	57	73	63	81	61	73	70	57	77	50	71	98	78	68	60	72	71	70	82	37	83	85	87	85	70	87	80	115	95	85	105	110	95	95	107	94	120	100	139	148	153	155	139	142	157	146	144	131	162	369	370	400	333	300	321	330	356	287	374	377	2856	2962	3480	4303	1702	2877	3004	2514	3155	1918	5064	407	492	498	543	501	465	464	508	493	444	397	133	136	127	156	121	155	173	150	152	155	152	
2273.93812497511	62	62	50	62	48	71	47	58	45	53	73	57	51	92	59	54	57	60	65	49	51	42	69	62	81	63	66	68	63	82	67	68	61	69	69	76	73	67	46	71	77	77	69	76	65	89	76	36	82	94	73	81	86	69	81	82	99	106	101	84	101	108	86	96	100	98	152	164	129	156	145	157	144	157	145	137	155	342	346	389	324	300	361	336	335	322	375	338	3020	3053	3352	4108	1681	2934	2873	2570	3068	1949	4752	444	505	506	499	482	453	479	491	453	421	395	146	167	109	153	131	173	137	161	136	147	142	
2275.34515622511	57	63	48	51	69	57	72	72	79	63	62	61	72	56	51	65	61	46	37	72	66	75	54	68	75	54	68	66	56	57	62	66	43	69	87	73	53	88	62	71	82	58	66	57	59	76	83	42	73	56	66	90	68	84	91	108	80	109	86	94	93	84	81	86	100	109	147	148	140	143	120	134	157	173	137	146	134	362	361	397	323	289	324	342	341	299	319	356	3061	2896	3482	4129	1668	2780	2844	2361	3005	1857	4667	497	527	533	535	451	447	454	468	473	403	349	156	125	131	124	173	162	151	140	181	105	129	
2276.75046872511	58	52	57	69	70	53	55	56	69	46	45	61	72	63	66	57	45	66	57	59	59	55	62	74	73	67	78	64	84	66	54	69	53	84	64	82	62	59	80	74	64	66	71	59	80	85	74	47	75	89	87	66	76	89	95	97	84	101	88	78	89	101	91	88	111	79	160	127	134	136	146	134	127	139	124	163	161	357	379	354	275	269	313	302	305	289	311	363	2990	2870	3243	3826	1480	2679	2658	2219	2863	1837	4413	452	493	487	464	454	411	444	428	421	405	338	165	133	152	127	149	140	158	137	128	158	112	
2278.15546872511	47	58	45	47	66	50	69	65	49	49	45	59	56	79	67	55	64	58	47	52	66	77	51	63	58	64	48	55	66	65	59	64	55	55	66	80	77	70	60	54	60	55	59	65	86	53	59	28	80	89	81	72	63	67	94	88	91	77	90	100	103	94	95	98	92	84	130	143	112	125	128	126	135	139	127	130	147	354	315	356	301	294	312	289	306	323	306	311	2769	2641	3122	3693	1591	2683	2619	2190	2721	1722	4408	423	439	481	504	413	405	395	444	416	415	345	137	130	113	123	151	142	129	155	137	141	153	
2279.56140622511	68	54	49	57	69	51	68	53	68	51	70	61	68	63	63	37	71	48	65	51	53	62	60	62	66	67	70	61	65	60	74	57	61	80	76	68	65	82	102	69	85	71	66	54	77	95	74	61	69	88	86	65	89	68	79	125	95	95	103	93	88	101	91	87	93	103	152	121	143	115	119	108	136	175	138	129	155	299	358	337	306	273	317	304	330	270	320	373	2728	2675	3041	3634	1551	2577	2642	2218	2768	1848	4361	456	409	458	492	473	405	445	436	407	399	338	146	125	120	124	150	154	168	156	142	125	133	
2280.96562497512	50	49	70	59	67	54	53	59	71	68	55	41	70	69	59	68	62	62	67	63	73	55	45	61	57	61	57	63	70	69	57	74	56	60	83	74	62	57	75	53	78	68	81	60	72	83	66	46	76	59	80	72	65	74	75	86	111	98	97	107	74	102	103	117	96	90	157	157	144	136	124	133	129	130	116	133	129	364	374	359	300	294	328	320	314	273	319	328	2686	2768	3120	3917	1564	2661	2742	2240	2849	1770	4294	397	459	492	473	452	438	412	444	418	383	341	126	133	143	152	140	118	124	144	132	156	142	
2282.37062497512	63	58	54	46	57	48	62	67	59	49	62	73	64	63	51	43	56	56	62	69	50	57	78	61	75	59	66	63	71	55	70	64	81	70	83	79	65	75	56	60	79	74	76	62	72	70	76	34	80	79	77	82	76	67	83	107	87	89	80	87	104	84	82	79	99	82	150	123	126	138	154	124	137	152	139	152	133	331	370	372	297	297	294	323	307	300	289	327	2855	2764	3323	3971	1623	2640	2656	2210	2631	1768	4482	429	482	543	544	469	438	456	475	412	377	357	147	151	143	132	161	131	143	148	182	138	146	
2283.77421872511	64	46	48	53	82	59	70	64	49	54	66	79	47	56	60	47	63	76	50	46	77	75	55	76	69	57	55	76	69	54	77	72	73	54	60	54	69	74	69	67	73	68	79	76	102	76	78	39	70	75	64	76	61	92	79	98	105	83	80	100	70	89	94	88	94	96	143	155	146	128	116	147	157	138	134	133	139	361	358	367	314	314	315	313	287	288	315	350	2914	2754	3388	4025	1518	2733	2723	2306	2790	1861	4521	466	445	486	524	455	396	430	462	413	376	343	145	123	127	159	150	155	150	123	138	150	158	
2285.17734372512	51	72	63	71	76	59	70	51	66	57	69	51	69	58	45	53	75	65	60	69	63	34	60	73	62	78	75	56	70	72	71	60	59	71	72	85	68	58	49	79	68	69	61	61	74	78	88	47	68	83	91	84	83	61	90	97	83	102	100	104	106	98	97	99	110	80	146	121	127	155	140	137	137	141	143	143	158	339	372	338	331	292	311	342	352	316	334	344	2851	2885	3407	3919	1625	2766	2790	2383	2942	1870	4698	425	499	480	503	474	450	429	477	456	395	366	160	132	127	170	147	157	160	142	139	158	130	
2286.58124997511	42	51	74	56	38	53	61	63	54	55	48	58	61	61	65	44	60	72	54	53	57	62	86	55	59	79	74	68	63	76	64	60	69	51	62	56	48	73	65	71	64	65	83	60	65	67	67	20	73	82	70	69	95	77	85	81	77	101	75	100	94	106	88	82	99	93	130	145	139	135	139	167	182	135	157	136	126	362	350	400	307	292	331	333	337	312	334	367	2939	2907	3430	4180	1674	2851	2837	2462	2966	1921	4851	470	513	521	561	465	470	444	520	515	431	387	154	145	139	161	160	144	169	149	143	153	115	
2287.98359372512	57	65	55	54	70	62	53	47	72	42	56	63	65	53	40	59	74	71	54	67	67	58	68	64	50	56	74	68	69	77	58	85	80	47	85	67	75	81	73	59	94	77	75	77	94	92	95	45	77	97	72	80	74	96	82	113	103	100	85	86	98	90	99	98	87	97	147	130	144	149	123	144	127	153	149	137	148	384	363	380	320	303	324	354	331	298	371	345	3079	2926	3399	3954	1670	2837	2977	2440	3011	2020	4906	460	488	510	558	466	461	447	509	470	416	402	133	115	135	149	140	152	173	169	134	145	145	
2289.38562497512	51	60	63	76	61	54	58	53	45	67	38	50	66	72	72	58	59	43	70	69	55	45	55	79	54	75	76	58	55	73	61	57	76	75	56	77	82	68	98	69	55	60	77	80	56	81	89	46	78	71	108	62	69	74	101	88	89	82	111	104	90	107	113	115	113	84	146	155	163	132	140	145	139	129	144	148	157	348	354	368	329	310	339	350	320	294	342	358	2889	2713	3344	3999	1655	2891	2843	2383	3034	1960	4742	459	486	482	507	500	461	472	517	479	419	405	160	118	167	164	134	135	140	172	141	178	131	
2290.78843747512	57	49	54	54	45	54	68	53	67	52	47	70	55	73	55	50	56	64	64	45	76	47	66	63	52	51	55	69	68	69	64	70	67	54	62	70	65	58	70	82	80	63	46	64	80	65	78	44	82	83	68	86	74	89	81	103	114	93	88	93	98	88	99	105	95	79	140	124	144	125	134	137	157	119	150	121	135	354	353	329	290	273	303	300	306	286	343	328	2791	2785	3081	3713	1581	2672	2790	2461	2914	1976	4666	457	466	489	457	434	449	441	477	457	389	410	138	131	138	130	120	156	131	158	151	147	158	
2292.18968747511	66	61	43	61	57	50	36	30	63	50	64	53	66	59	70	48	70	66	58	69	70	72	71	73	57	77	56	58	74	57	80	61	72	65	85	65	66	66	66	67	79	71	93	67	85	81	86	34	73	85	74	97	55	91	65	96	74	100	92	90	99	103	109	93	92	84	162	127	133	113	125	135	147	153	141	146	153	345	351	346	301	273	304	294	314	340	334	349	2701	2547	2951	3659	1571	2720	2906	2348	2926	1879	4700	414	429	494	487	444	424	459	467	443	421	371	156	144	128	133	141	137	137	141	167	147	153	
2293.59046872511	55	68	51	59	67	50	57	50	60	49	51	51	53	57	60	58	70	73	41	34	61	57	61	52	58	60	54	52	57	57	69	70	55	79	58	65	73	64	70	61	63	73	55	55	75	84	68	48	63	86	84	64	64	57	87	100	94	93	133	85	77	106	103	93	102	107	127	125	144	138	137	126	132	117	123	141	119	321	315	332	300	273	250	301	317	304	325	323	2558	2603	3038	3615	1495	2524	2641	2226	2829	1777	4324	414	440	460	471	402	417	425	440	448	393	343	132	124	160	129	152	135	148	128	131	150	123	
2294.99093747511	41	58	40	56	48	57	60	54	50	55	55	56	49	65	62	56	56	45	66	67	54	43	66	49	50	65	56	57	65	63	83	71	76	62	62	68	82	58	72	70	76	63	78	79	79	62	78	29	85	87	91	80	63	75	76	89	75	108	86	87	97	80	92	97	80	93	126	154	126	115	126	137	132	151	112	156	147	318	323	334	260	261	287	279	287	247	296	323	2643	2573	2997	3658	1443	2496	2495	2134	2602	1724	4133	402	444	521	451	371	405	404	476	414	386	388	119	109	135	151	140	124	141	161	133	150	114	
2296.39218747511	66	71	48	76	50	57	69	47	45	52	57	61	51	64	54	49	63	43	74	53	55	69	72	75	73	61	67	58	47	63	65	52	46	59	50	53	61	51	55	63	77	85	58	69	83	95	67	39	79	91	70	79	75	84	84	88	89	90	75	83	91	94	77	91	89	83	153	107	115	116	135	133	136	136	138	129	131	301	349	351	269	265	291	303	259	259	312	325	2596	2496	3051	3650	1469	2586	2602	2136	2597	1732	4303	420	408	458	503	431	393	396	470	405	374	345	137	114	115	140	126	151	122	123	130	136	138	
2297.79203122511	62	55	51	43	67	58	48	44	65	32	52	45	59	60	66	65	56	63	71	62	50	61	71	54	62	69	68	71	70	70	76	70	43	90	72	60	68	62	76	48	76	69	69	39	70	76	76	38	55	56	73	61	84	68	90	64	94	75	98	96	95	105	93	91	101	87	151	143	152	107	130	120	130	140	132	154	149	316	348	358	283	299	280	310	270	277	326	361	2795	2824	3249	3817	1649	2680	2745	2292	2754	1678	4321	414	453	490	499	446	429	420	482	419	365	393	121	135	141	146	143	161	156	123	145	157	105	
2299.19124997511	45	49	53	59	70	69	56	45	59	57	47	63	64	69	65	66	60	63	65	56	56	55	75	67	74	77	65	55	70	53	61	60	59	94	77	65	70	78	73	60	54	44	74	78	77	63	65	40	83	76	60	90	78	81	87	92	84	105	103	85	94	70	77	80	66	84	158	143	137	133	149	129	140	134	136	133	133	360	365	349	330	301	327	353	361	286	318	316	2883	2839	3360	4000	1623	2746	2818	2237	2801	1741	4343	453	445	512	516	454	456	437	472	453	386	355	173	144	173	139	158	162	154	144	125	143	132	
2300.59031247511	63	65	48	46	67	51	71	76	49	41	66	51	47	51	64	59	68	82	65	67	62	46	62	65	77	67	60	58	67	68	66	40	61	66	54	85	61	83	90	63	55	70	80	67	73	93	76	50	76	66	56	85	80	71	68	121	110	91	77	90	87	78	92	87	91	106	164	123	151	142	147	135	151	125	112	113	150	378	361	394	305	284	316	321	311	290	320	341	2838	2773	3319	3956	1589	2618	2716	2341	2873	1845	4257	461	491	478	493	436	430	442	498	431	388	373	128	133	146	157	135	150	149	138	158	136	126	
2301.98890622511	58	42	44	72	56	63	70	80	82	32	40	59	68	73	60	61	58	68	81	60	59	57	63	55	65	68	78	50	50	51	70	60	41	82	73	67	70	53	74	49	71	70	89	49	73	86	77	28	69	64	94	76	75	73	91	77	112	92	104	110	103	105	98	91	102	76	166	144	155	123	148	147	150	130	138	134	156	361	334	350	287	309	319	342	319	301	312	324	2783	2696	3155	3856	1566	2784	2839	2329	2806	1896	4309	439	485	514	514	470	451	467	461	441	410	348	148	141	169	133	163	155	163	169	138	140	111	
2303.38828122511	44	43	66	59	56	48	60	61	46	56	73	53	58	56	77	44	53	57	60	41	69	63	60	50	62	57	48	65	77	76	57	67	73	62	60	70	72	53	62	90	59	78	79	96	101	67	84	43	95	91	81	103	78	58	90	83	70	87	87	77	100	93	106	72	95	80	124	128	146	136	124	138	152	111	138	151	133	371	350	341	283	301	325	341	305	284	325	355	2798	2812	3232	3895	1515	2675	2853	2311	2832	1805	4516	434	442	509	508	467	514	463	477	464	385	385	131	144	118	142	135	156	165	160	126	167	138	
2304.78624997511	54	74	54	60	39	57	67	65	53	47	93	56	69	48	67	57	68	64	55	58	73	68	50	68	82	62	59	50	58	48	73	45	80	66	88	60	57	85	62	73	63	63	68	60	66	68	92	64	82	79	67	77	82	87	67	104	95	77	106	97	76	108	93	86	91	112	142	116	147	148	131	155	166	155	143	123	164	336	355	330	271	292	272	345	315	281	334	349	2715	2671	3268	3857	1581	2757	2772	2284	2860	1866	4545	446	443	471	506	436	449	419	496	475	401	404	165	114	138	147	129	136	162	141	147	131	138	
2306.18359372512	62	67	52	65	55	53	46	61	75	38	37	59	80	52	55	65	86	55	62	67	57	54	79	55	56	42	57	66	74	55	65	69	81	76	55	73	69	73	69	53	87	67	58	66	89	88	73	27	81	76	93	84	59	80	88	89	91	80	77	84	79	102	92	109	86	95	139	152	176	143	146	119	129	147	157	125	133	317	336	365	266	281	315	331	332	330	354	356	2663	2645	3211	3705	1534	2646	2877	2378	2911	1973	4648	411	452	442	467	454	435	449	471	449	383	371	112	138	154	134	170	172	163	163	154	145	158	
2307.58078122511	56	63	45	69	44	36	59	63	50	69	63	94	54	57	61	55	63	58	70	54	75	65	62	60	66	56	41	67	61	74	65	57	86	68	71	69	88	66	70	68	64	70	78	73	51	67	76	40	84	74	69	91	66	69	70	57	78	91	89	83	115	70	101	98	81	85	138	135	151	149	137	130	172	154	138	149	138	368	316	327	293	270	303	349	329	317	332	341	2530	2437	3225	3659	1544	2621	2783	2304	2877	1943	4494	402	461	490	517	379	427	449	495	448	432	382	120	132	113	144	167	134	129	151	152	124	109	
2308.97749997512	79	51	52	73	60	71	52	61	52	52	74	67	71	72	60	49	54	63	54	56	79	64	52	41	78	67	74	61	62	44	70	65	66	50	74	75	57	67	65	64	77	57	83	59	69	49	87	51	71	77	63	74	70	76	84	91	90	92	88	83	111	120	100	91	106	99	134	105	130	130	123	130	130	148	139	123	153	312	306	331	291	301	283	303	341	305	332	346	2524	2424	3049	3780	1533	2560	2705	2278	2758	1807	4571	411	424	480	518	450	360	425	492	452	400	412	139	139	125	145	147	137	132	149	159	140	137	
2310.37374997512	48	63	56	54	57	61	38	49	63	51	56	53	61	74	64	56	49	53	58	53	54	74	68	55	51	78	62	60	61	73	68	59	65	71	71	64	78	57	61	69	64	73	68	57	85	74	84	45	78	80	83	80	86	88	95	105	102	83	93	104	94	104	91	111	89	99	125	130	123	137	124	130	138	145	143	146	161	322	309	333	298	296	316	301	322	297	347	358	2436	2492	2978	3894	1449	2549	2681	2295	2813	1852	4499	373	467	450	460	439	407	389	490	448	419	367	103	105	149	153	138	156	177	156	127	152	124	
2311.76984372511	46	51	53	54	54	51	58	57	50	74	57	57	57	72	65	45	64	38	49	56	52	44	69	66	68	62	55	80	71	58	57	64	69	70	55	61	75	69	72	66	72	72	76	68	69	53	65	39	86	86	72	82	93	72	89	80	76	89	97	74	85	98	89	81	89	87	163	134	129	122	127	141	141	161	119	152	136	358	307	306	289	267	282	315	309	290	309	337	2572	2540	2873	3761	1417	2504	2678	2217	2824	1838	4569	452	348	486	473	426	376	452	508	431	413	378	131	121	156	141	125	143	151	138	158	127	123	
2313.16546872511	67	68	50	64	59	60	59	49	63	41	64	49	58	73	62	57	56	71	52	52	64	53	59	68	58	39	55	72	66	43	68	51	55	68	74	72	70	69	62	55	75	69	72	60	72	74	65	57	72	79	97	83	80	80	65	92	98	99	66	91	88	100	83	109	85	94	134	159	151	124	132	144	148	131	131	134	146	331	281	331	253	262	322	298	278	307	361	345	2630	2527	2981	3488	1424	2476	2545	2191	2879	1847	4568	443	445	453	424	437	392	442	503	440	431	360	124	137	149	107	154	162	140	174	134	153	146	
2314.56062497511	42	51	60	72	53	74	60	62	48	46	47	61	61	72	53	51	59	64	73	60	55	67	49	68	53	70	73	55	38	73	64	84	56	79	67	79	70	53	80	55	69	64	61	76	77	76	70	43	75	80	84	72	54	82	96	67	70	59	102	92	112	85	114	98	89	92	126	125	116	133	149	154	140	128	142	128	141	331	326	300	242	265	294	290	334	303	381	344	2498	2482	2906	3457	1429	2532	2621	2165	2877	1848	4277	418	427	449	419	445	400	408	464	457	433	380	136	126	127	133	123	133	149	152	142	127	128	
2315.95546872511	40	48	54	53	39	51	54	75	44	48	50	56	57	74	59	60	47	54	73	58	47	53	71	62	59	65	52	72	50	75	42	53	64	48	71	68	58	84	56	79	60	64	66	69	84	74	75	30	56	93	55	53	69	51	73	103	79	94	88	57	91	77	96	90	71	91	124	135	149	133	131	126	106	134	120	126	108	325	329	302	301	288	266	304	302	291	313	298	2490	2453	2847	3477	1343	2472	2443	1988	2561	1711	4131	395	388	479	474	414	409	400	482	431	385	355	117	127	126	116	120	143	123	160	125	137	136	
2317.34999997511	71	65	41	44	62	54	50	54	54	49	83	58	54	48	55	63	66	60	56	86	65	71	67	65	72	83	62	52	67	51	59	57	50	51	75	85	62	85	72	63	71	59	56	66	68	89	75	21	69	86	61	83	49	75	75	90	99	90	78	77	79	84	98	102	77	87	145	114	130	89	121	126	111	143	101	138	119	336	310	345	261	265	280	310	294	300	301	305	2584	2454	2850	3370	1394	2373	2421	1949	2563	1668	4202	409	466	401	450	416	405	376	423	405	385	328	149	151	130	148	152	135	147	132	127	113	131	
2318.74406247511	47	49	50	72	79	43	47	49	69	51	49	62	55	67	70	75	56	19	51	67	49	70	69	51	75	63	59	55	58	69	64	65	49	73	51	78	65	65	80	78	55	73	57	70	90	62	74	21	71	63	73	69	38	67	101	64	92	88	99	82	86	107	72	77	95	83	138	137	148	123	137	147	131	122	135	147	105	330	331	304	289	272	275	291	298	259	321	310	2535	2583	2966	3624	1476	2499	2598	2053	2554	1721	4121	415	415	446	466	447	424	389	423	416	361	361	131	126	139	153	129	167	141	136	125	149	125	
2320.13781247512	61	53	60	56	50	59	60	50	46	57	61	62	54	61	56	44	46	43	56	47	50	49	74	61	57	67	70	56	46	63	62	62	51	62	78	69	79	63	69	71	60	67	58	57	77	62	79	29	68	94	45	84	65	76	49	86	100	83	60	86	101	91	77	89	92	93	148	154	123	136	133	165	131	139	120	113	124	330	319	297	270	272	278	304	284	264	272	301	2653	2653	3093	3767	1497	2509	2452	2122	2514	1552	4112	419	423	470	485	456	383	425	460	379	360	354	130	140	127	145	120	127	129	145	135	121	125	
2321.53109372511	62	61	58	66	39	66	54	46	63	48	56	61	64	75	69	55	73	59	82	47	70	82	57	65	71	75	61	82	55	64	77	56	41	73	58	75	62	63	61	60	80	65	54	53	64	74	66	57	84	68	62	91	66	93	51	89	104	94	105	99	99	111	89	93	91	89	149	125	134	124	139	127	162	138	126	140	121	334	348	340	312	290	312	301	278	283	342	305	2758	2596	3191	3883	1494	2569	2654	2068	2495	1632	4072	444	446	539	477	421	431	384	438	408	359	323	150	122	127	134	170	171	145	130	137	111	144	
2322.92421872511	56	52	75	46	79	40	57	55	71	50	63	67	70	60	58	71	58	47	63	57	57	54	74	71	74	73	52	66	63	78	52	55	62	80	85	77	85	51	81	57	62	83	56	48	73	71	61	47	69	83	67	57	66	70	77	95	85	83	88	100	90	104	87	96	105	102	119	130	150	139	136	168	143	149	134	117	125	368	305	337	287	265	298	295	311	248	299	315	2718	2630	3157	3816	1513	2582	2576	2086	2449	1585	3958	393	460	474	509	462	427	455	434	423	383	357	134	117	141	152	130	150	151	155	153	135	123	
2324.31671872511	55	73	54	54	43	52	67	67	48	58	55	72	49	70	54	64	64	52	58	59	41	60	54	58	47	58	62	73	77	57	46	69	73	80	60	75	82	79	76	84	48	53	65	72	81	73	70	45	78	91	59	77	70	73	61	103	91	98	78	82	77	89	102	105	79	92	134	131	153	140	125	123	126	129	133	131	124	335	334	314	297	295	316	301	312	277	288	293	2723	2678	3134	3886	1575	2667	2630	2174	2505	1595	4095	454	473	475	532	482	425	461	447	405	347	345	139	130	116	117	134	146	162	143	103	137	147	
2325.70906247511	44	67	50	59	53	49	34	50	53	53	61	77	56	61	56	63	75	62	60	57	67	56	77	64	77	62	66	57	75	50	67	48	52	65	67	75	57	61	65	66	75	66	70	56	74	76	71	52	85	70	80	70	86	71	65	107	96	97	97	83	109	109	95	79	78	83	169	148	129	123	150	134	138	149	142	96	138	326	297	368	277	298	328	316	293	278	289	352	2793	2617	3102	3778	1620	2641	2723	2077	2547	1679	4004	461	432	511	495	477	419	423	437	438	375	350	143	139	122	157	137	139	134	128	136	131	144	
2327.10093747511	57	55	58	55	61	60	60	54	66	42	53	44	75	60	67	67	44	43	71	56	80	59	53	56	54	71	86	58	67	66	73	37	60	74	73	74	72	71	89	65	52	64	68	76	80	72	80	46	83	55	69	79	82	70	77	93	83	90	97	93	93	112	95	85	103	76	139	135	134	131	129	151	133	144	112	130	151	332	336	364	249	276	318	333	304	262	313	317	2792	2694	3209	3826	1547	2575	2542	2147	2594	1585	3989	425	442	489	477	486	389	413	408	367	364	327	160	123	146	149	149	159	153	126	145	114	127	
2328.49234372511	55	65	62	73	58	57	67	59	29	65	53	57	74	69	45	55	77	62	56	55	54	56	66	48	76	89	64	65	74	59	69	42	76	69	66	77	66	59	68	75	64	60	81	63	91	78	79	39	93	65	79	65	66	82	61	95	98	96	97	84	96	80	84	91	65	89	143	157	118	144	113	96	131	112	144	146	114	334	324	364	278	266	314	311	288	275	297	295	2659	2688	3072	3729	1545	2603	2588	2182	2462	1625	4138	409	478	487	463	438	425	439	426	399	382	366	141	146	122	152	137	146	137	171	160	112	133	
2329.88234372511	45	60	48	50	49	54	53	61	53	48	65	65	66	52	58	58	79	63	51	69	56	64	66	65	66	64	66	72	79	67	57	61	73	61	64	57	50	72	69	61	73	70	69	52	72	65	80	53	85	81	80	70	76	51	87	92	94	94	73	101	88	94	103	76	72	98	144	124	147	130	115	156	131	160	139	124	135	336	299	341	277	305	287	289	326	277	313	297	2580	2664	3152	3808	1454	2592	2586	2226	2696	1707	4220	428	430	496	449	444	435	437	512	366	409	354	145	124	145	145	156	170	134	144	150	144	143	
2331.27312497512	54	55	54	53	61	67	49	56	57	44	47	60	66	77	73	69	66	48	72	50	57	44	66	51	47	62	70	71	54	57	54	67	76	65	53	67	82	69	71	66	54	66	56	63	66	69	69	54	88	79	77	80	75	72	107	78	95	79	98	80	94	98	99	101	99	69	153	126	152	134	149	148	148	132	146	138	158	339	336	327	270	330	277	327	310	303	346	322	2697	2692	3209	3757	1388	2535	2658	2191	2653	1763	4157	472	455	524	445	459	423	404	469	432	415	382	127	129	135	141	134	168	164	161	143	130	95	
2332.66343747511	69	61	55	76	53	53	66	61	48	67	50	52	62	66	75	46	71	68	63	62	59	71	76	57	67	64	68	82	71	63	54	58	65	69	45	73	81	54	44	80	68	77	75	65	78	79	79	45	86	65	84	94	75	79	76	102	91	86	99	107	98	83	77	95	96	93	130	150	151	128	131	135	140	134	153	125	138	337	364	365	266	301	273	292	300	294	332	325	2674	2718	3050	3653	1386	2532	2615	2388	2803	1666	4289	430	429	505	481	434	406	468	443	415	450	362	137	130	117	141	122	158	143	156	138	134	119	
2334.05343747511	62	64	53	52	56	74	60	52	58	41	52	46	79	53	73	58	73	79	67	81	60	64	47	73	60	53	58	74	66	69	78	54	54	69	74	62	64	71	83	56	80	93	86	57	80	85	107	66	58	74	78	81	84	73	80	90	91	102	88	98	80	88	91	98	102	97	164	110	142	123	121	146	135	154	144	123	123	327	294	352	289	256	297	295	297	280	331	335	2568	2519	2983	3537	1380	2514	2567	2251	2726	1757	4345	431	408	415	464	384	387	456	494	447	419	371	137	118	137	129	139	126	153	164	153	128	130	
2335.44312497511	68	76	42	65	57	49	74	53	51	57	65	63	73	65	76	60	78	51	73	73	69	52	73	67	70	57	73	75	76	65	45	70	61	75	70	70	70	81	73	75	81	66	73	67	83	80	59	36	69	78	82	73	87	80	74	108	93	89	95	84	90	102	88	92	103	75	135	144	135	102	152	128	122	147	119	126	127	317	350	339	289	281	296	304	315	308	315	329	2663	2453	2973	3483	1443	2515	2542	2240	2777	1763	4375	436	452	455	447	438	419	464	470	438	414	377	156	153	136	120	117	117	118	152	168	157	134	
2336.83124997511	48	64	52	73	61	58	59	85	48	48	56	59	62	59	61	74	54	59	70	63	39	55	85	76	72	76	60	75	75	69	66	74	51	67	70	84	67	73	69	85	68	72	69	84	64	81	66	27	78	81	71	96	81	70	80	105	99	98	86	84	96	77	107	82	91	93	143	172	114	131	133	132	124	131	145	162	144	351	324	313	287	292	274	284	325	265	344	358	2525	2515	2919	3545	1407	2410	2486	2191	2654	1776	4377	418	452	458	436	438	356	432	447	431	374	396	148	135	143	142	125	170	163	144	162	121	134	
2338.22015622512	71	41	49	64	54	73	42	65	62	37	53	75	51	55	65	57	49	63	65	62	55	71	46	75	62	56	73	60	45	66	74	63	62	61	69	73	72	65	67	77	96	65	64	81	67	70	93	32	74	92	88	75	74	82	73	95	104	82	70	91	100	83	84	91	96	96	131	144	142	117	103	137	134	116	145	141	136	284	326	310	290	255	294	293	325	257	326	380	2516	2427	2816	3400	1400	2407	2512	2108	2710	1772	4293	401	428	458	439	443	376	401	493	425	450	380	141	94	121	128	131	153	143	134	160	132	131	
2339.60859372512	64	58	64	61	72	76	62	54	42	65	40	48	55	61	58	49	66	47	61	63	66	58	54	61	62	84	46	66	52	60	74	72	67	60	64	85	76	56	69	78	48	60	72	67	77	69	74	50	60	89	78	86	62	80	79	57	73	62	85	91	63	101	112	78	82	111	140	139	128	121	111	124	132	127	120	149	126	289	318	311	272	264	247	346	299	269	327	321	2473	2412	2959	3407	1368	2409	2443	2045	2661	1702	4237	388	443	428	483	416	390	359	425	482	403	343	133	119	130	114	145	166	121	131	148	137	126	
2340.99687497511	45	46	53	54	43	43	55	51	59	55	61	78	53	63	62	75	61	50	59	48	48	45	75	44	67	59	69	63	54	78	56	60	58	48	54	48	73	63	69	74	62	51	86	49	50	62	61	45	57	101	64	67	76	69	76	92	82	102	89	83	85	77	75	82	81	100	128	123	113	129	103	125	127	135	134	128	138	325	331	332	254	241	267	267	289	281	312	345	2448	2493	2849	3261	1345	2208	2352	1993	2559	1644	4169	414	398	448	409	387	351	364	423	402	415	364	147	122	120	121	148	149	146	129	131	133	131	
2342.38343747511	55	53	45	46	51	53	49	45	56	53	51	64	60	57	46	52	52	63	62	69	79	70	47	64	62	36	65	58	54	50	63	68	49	67	72	80	58	57	66	64	61	59	78	65	68	70	65	36	79	74	58	65	49	72	66	92	95	96	99	79	85	85	95	88	76	100	133	126	137	123	121	97	137	122	115	134	131	311	316	328	268	283	285	301	281	283	291	318	2261	2227	2768	3298	1286	2315	2419	1970	2657	1668	4243	397	416	422	407	392	400	378	411	386	363	346	134	123	108	133	150	169	148	101	155	130	134	
2343.77078122511	55	49	48	63	61	55	48	39	59	57	59	61	63	74	70	57	57	47	66	55	47	50	52	67	66	68	54	64	65	73	69	63	53	90	55	70	72	66	54	69	57	73	70	51	90	60	89	37	87	75	68	68	75	85	71	91	83	90	112	98	82	95	101	92	103	89	130	137	108	141	108	130	141	138	131	142	138	285	316	295	274	253	313	305	271	300	326	294	2349	2268	2782	3333	1278	2286	2266	1975	2599	1736	4097	359	415	430	445	407	411	366	437	415	367	369	123	125	145	135	124	156	122	135	144	126	123	
2345.15781247511	51	48	69	52	39	66	57	50	41	59	57	69	57	60	51	49	46	53	60	60	44	47	54	57	63	82	70	75	56	53	66	48	65	63	76	55	60	44	60	70	68	66	69	52	61	68	72	46	70	81	78	73	86	73	91	98	86	77	65	79	85	84	101	64	110	98	128	122	122	111	125	131	137	129	133	143	149	296	298	289	270	270	277	278	309	261	305	317	2313	2322	2735	3235	1326	2316	2350	2008	2557	1775	4198	375	417	444	426	430	370	394	423	404	411	369	120	108	131	122	132	127	119	149	135	121	131	
2346.54328122511	55	57	37	42	63	59	53	71	54	54	74	59	61	56	58	65	68	69	45	63	66	56	70	61	78	52	59	67	58	69	58	50	38	57	54	65	56	75	56	60	62	66	76	67	70	82	83	50	81	69	82	64	69	76	48	100	90	94	75	91	76	76	85	90	75	123	132	124	136	105	108	134	136	134	126	131	142	275	306	312	230	245	301	265	271	268	290	346	2318	2339	2744	3243	1351	2263	2368	2076	2579	1757	4111	438	378	418	436	421	378	391	491	391	402	318	129	125	122	115	133	143	117	128	150	132	140	
2347.92968747511	43	49	56	59	47	56	51	66	64	63	54	60	80	46	75	67	47	48	53	63	54	45	56	49	64	57	64	65	53	66	47	68	42	57	65	73	43	49	65	64	66	72	61	51	81	74	65	40	65	59	53	67	81	67	77	86	79	67	77	95	94	89	90	95	115	76	131	145	133	119	113	123	135	145	131	144	143	293	302	295	255	229	265	299	294	279	335	312	2258	2350	2651	3242	1286	2251	2459	2074	2562	1643	3957	392	423	451	420	405	392	385	426	415	376	347	129	146	138	142	150	152	146	138	140	137	115	
2349.31562497512	48	47	41	39	65	48	50	72	52	53	52	76	55	57	50	48	42	58	53	58	52	33	53	69	65	59	62	75	58	54	56	54	53	74	52	72	65	70	65	63	54	61	57	82	74	73	72	44	83	73	80	76	73	66	70	85	74	96	71	77	104	104	101	83	87	71	129	128	122	100	109	125	127	105	138	146	149	306	285	291	242	263	259	268	257	250	305	293	2378	2339	2641	3293	1237	2238	2414	1984	2463	1603	3802	393	381	463	431	383	386	412	442	400	393	379	131	142	125	136	123	141	118	139	124	125	123	
2350.69999997512	46	65	47	62	50	57	66	53	37	47	61	47	55	54	42	47	49	75	57	57	71	54	42	66	75	57	73	60	54	61	55	63	85	63	61	67	69	71	58	71	69	78	58	74	67	71	66	48	84	79	78	73	71	59	80	91	83	91	94	100	82	81	93	77	96	78	135	135	133	95	106	143	146	117	132	120	145	289	312	329	227	262	269	258	266	245	276	277	2222	2261	2703	3206	1281	2194	2326	1968	2517	1621	3989	394	417	431	456	417	353	389	410	393	385	349	120	123	115	128	131	131	112	146	137	110	130	
2352.08515622512	62	63	48	67	81	54	59	47	59	56	52	45	87	41	85	53	54	57	74	48	60	61	52	49	61	56	75	61	52	41	41	54	55	73	54	81	63	64	66	64	61	55	74	56	79	66	68	45	66	61	66	68	73	74	77	96	94	91	95	87	100	101	84	89	107	102	139	126	125	125	115	135	137	127	120	126	121	283	321	303	262	234	284	279	297	258	288	271	2353	2354	2698	3384	1341	2299	2291	1954	2522	1608	3958	392	369	407	470	443	382	349	436	418	362	318	141	145	125	141	138	144	119	136	155	126	136	
2353.46999997511	58	45	38	60	54	50	60	61	43	65	72	47	51	71	49	61	53	35	61	58	40	57	68	62	63	56	53	64	58	70	53	67	61	66	68	62	75	84	81	51	66	59	68	64	78	66	80	48	74	72	80	77	77	69	73	86	74	96	89	86	87	81	105	82	105	88	111	144	127	112	99	152	111	127	119	118	120	259	295	297	255	267	274	257	273	254	292	271	2386	2302	2774	3355	1291	2167	2266	1919	2343	1571	3738	363	405	437	470	409	394	357	422	353	349	329	119	113	134	129	125	132	135	156	128	123	114	
2354.85328122511	57	62	48	64	56	51	62	62	67	50	63	55	48	47	57	48	56	59	45	53	52	69	58	72	70	47	72	73	58	69	67	71	64	69	58	59	61	59	50	71	63	45	64	54	82	76	80	47	69	82	65	91	69	73	65	97	81	82	84	84	77	97	60	64	84	77	128	113	131	121	105	113	139	128	124	104	128	308	301	359	263	256	277	260	288	261	286	309	2397	2406	2762	3284	1381	2224	2170	1883	2428	1500	3767	405	421	414	478	380	354	403	417	378	319	324	142	138	129	137	125	128	132	145	136	128	123	
2356.23734372511	65	55	57	52	79	59	57	43	51	38	47	43	68	46	71	63	62	54	65	52	61	46	45	65	64	70	82	76	49	55	61	60	60	66	65	53	59	62	66	65	67	76	43	61	75	45	85	39	63	73	87	61	69	51	63	87	84	74	98	85	85	100	74	91	78	96	130	143	130	114	127	108	118	133	140	118	125	283	310	297	275	241	285	251	252	256	268	302	2378	2383	2844	3455	1351	2389	2277	1937	2321	1503	3756	404	424	471	424	424	363	389	430	372	340	302	124	123	145	141	124	147	146	143	122	134	116	
2357.61984372511	59	44	54	65	42	58	61	58	50	58	57	60	42	73	56	59	56	55	72	53	46	43	74	48	71	66	56	53	66	66	56	53	67	63	48	60	75	70	56	74	49	55	56	54	73	80	84	36	98	68	78	53	74	73	85	74	87	95	100	77	99	106	80	94	93	97	133	163	132	149	128	155	122	128	113	102	106	321	296	350	286	269	290	299	275	252	297	281	2518	2469	2923	3472	1455	2437	2368	2021	2361	1553	3835	443	471	490	462	474	396	405	401	392	376	301	115	122	146	143	127	138	115	161	146	140	125	
2359.00328122511	53	57	44	38	67	67	59	61	62	46	51	45	65	38	51	57	53	53	36	76	63	63	62	63	64	61	68	63	69	50	57	48	56	53	62	64	37	68	53	71	75	64	71	52	81	69	98	24	64	67	65	66	74	66	81	97	79	94	91	69	86	93	81	69	62	83	157	131	144	112	120	124	138	114	113	127	125	334	321	317	291	265	294	274	303	239	303	246	2565	2601	3030	3569	1432	2389	2354	1936	2399	1578	3801	417	476	463	477	461	427	422	429	392	362	325	149	140	127	152	132	137	131	140	132	112	112	
2360.38499997511	55	80	65	63	73	55	38	51	58	49	50	70	61	48	73	59	59	49	63	58	65	45	49	64	84	58	74	55	49	56	63	74	75	62	74	65	74	48	70	73	56	52	55	47	57	81	88	27	70	75	78	55	59	77	79	83	89	87	60	78	85	93	74	93	85	80	105	145	120	119	133	121	127	110	126	137	139	314	319	329	314	287	273	303	273	240	271	306	2578	2613	2968	3616	1389	2464	2376	2012	2422	1613	3729	423	466	423	486	438	408	402	406	382	351	331	137	110	156	146	130	123	121	105	145	120	110	
2361.76765622511	62	36	58	42	56	46	67	60	61	47	64	61	55	68	55	39	48	51	73	46	50	60	61	53	76	65	49	72	67	77	61	55	61	69	75	61	67	77	65	52	67	69	53	65	75	63	79	43	73	91	66	86	69	73	86	107	93	117	99	86	76	89	79	78	97	80	135	154	132	125	145	130	124	125	123	138	135	350	307	350	268	312	299	286	290	247	288	312	2522	2448	2911	3569	1371	2396	2433	1943	2397	1611	3984	397	472	506	512	416	395	341	411	434	398	394	137	138	131	133	125	108	118	118	130	131	122	
2363.14859372511	54	80	47	45	64	82	62	55	59	50	55	49	75	35	65	60	57	66	61	64	83	53	57	64	66	63	64	37	61	47	73	47	50	57	66	63	76	61	83	55	66	72	65	61	75	94	89	37	63	82	45	77	72	77	58	108	84	100	96	110	106	82	81	86	77	97	145	132	152	119	142	125	131	136	112	111	125	291	376	339	268	225	281	276	261	249	304	311	2602	2588	3033	3609	1420	2520	2383	2079	2621	1680	4079	425	492	532	479	452	398	421	446	455	412	385	123	118	134	144	155	158	144	124	152	144	132	
2364.53046872511	65	61	62	57	61	59	35	57	66	37	55	61	76	67	49	71	59	52	59	58	55	49	65	60	59	71	70	57	68	68	51	77	65	51	65	75	75	54	75	68	62	65	61	48	95	78	71	46	45	88	74	61	55	87	96	96	102	100	77	115	106	109	94	79	92	79	130	124	115	125	153	123	114	140	118	130	143	314	330	325	317	283	300	306	304	245	321	333	2494	2541	3058	3710	1406	2444	2535	2048	2563	1618	3967	414	435	472	493	443	400	393	462	441	377	366	143	113	133	144	112	134	134	136	136	129	141	
2365.91078122511	53	52	53	63	52	49	57	69	47	55	59	60	63	53	50	54	63	54	32	61	42	55	63	68	57	72	67	66	64	68	59	60	47	59	72	79	61	57	60	62	87	62	59	63	53	74	83	20	71	71	55	80	90	70	78	109	74	94	85	83	70	78	84	88	98	92	135	116	138	125	135	137	129	117	123	118	119	314	305	331	261	288	303	294	279	274	290	300	2528	2510	2986	3530	1376	2369	2507	2174	2652	1673	4053	441	425	472	478	409	425	453	467	419	390	379	128	137	129	135	141	144	141	131	133	130	106	
2367.29203122512	53	67	49	46	58	57	42	79	59	56	35	60	57	54	64	53	50	54	49	70	59	82	57	84	77	52	61	66	49	35	67	71	81	45	57	85	72	72	71	58	61	64	67	62	53	92	71	39	66	88	71	91	71	79	75	93	99	92	87	83	98	68	111	92	102	88	156	144	138	121	121	136	129	140	117	125	137	331	310	331	262	299	296	295	269	301	315	338	2466	2443	2949	3561	1333	2522	2485	2104	2594	1654	4063	411	466	455	489	434	383	430	496	461	382	345	150	125	110	143	127	164	157	154	135	137	122	
2368.67156247511	51	66	72	55	68	63	78	54	47	53	65	53	47	57	63	60	65	41	67	62	58	53	58	64	76	61	65	57	48	69	48	59	56	74	63	84	77	60	57	53	60	61	55	55	99	86	66	53	80	71	70	71	76	73	81	87	89	101	108	89	94	101	105	95	111	80	153	139	135	122	128	144	135	118	141	135	161	297	304	288	278	251	289	297	278	272	309	303	2448	2394	2911	3523	1444	2428	2450	2107	2609	1672	4139	426	428	491	457	442	449	400	455	421	432	404	119	119	144	147	152	160	144	130	140	136	125	
2370.05078122511	54	48	63	55	39	60	64	56	38	56	37	61	55	76	46	51	58	62	60	60	44	47	57	42	74	36	61	63	71	40	50	63	68	61	49	55	66	70	64	48	70	61	58	87	63	85	73	28	45	75	57	75	92	65	59	89	88	96	70	77	95	108	90	83	79	95	117	128	125	148	149	156	137	117	134	134	116	307	308	307	254	268	285	291	311	292	318	299	2346	2333	2929	3307	1484	2413	2409	2131	2616	1647	4014	374	411	426	450	406	392	461	476	429	383	349	134	127	137	125	136	136	152	146	132	131	141	
2371.43078122512	71	57	54	49	61	47	52	65	57	53	56	53	57	58	45	46	75	57	55	65	60	58	73	57	50	46	55	58	64	56	57	57	64	65	76	58	59	80	67	65	53	66	87	45	85	86	71	56	71	79	76	74	70	61	76	99	103	91	70	84	90	97	92	95	88	102	132	147	137	106	96	120	148	126	140	118	147	301	308	314	266	276	286	304	295	264	301	296	2313	2377	2755	3392	1356	2376	2467	2025	2577	1686	4052	374	447	463	486	412	421	429	493	422	392	361	155	143	130	119	127	125	155	150	149	139	138	
2372.80937497512	55	59	57	68	56	55	51	79	45	60	54	56	53	65	57	62	69	63	74	67	48	64	50	64	71	79	65	64	59	81	54	74	51	68	62	58	61	64	66	62	61	67	50	60	71	64	55	46	63	78	86	71	79	65	69	78	79	93	82	94	93	87	92	103	104	73	139	133	142	126	129	119	117	157	142	124	141	266	270	292	237	290	290	304	285	281	312	301	2219	2113	2646	3221	1329	2290	2464	2081	2668	1672	4060	366	380	458	446	418	391	385	470	432	413	351	140	104	149	142	128	130	147	136	153	147	137	
2374.18734372511	63	42	61	54	42	64	64	64	53	46	45	66	58	52	77	50	39	54	63	46	46	63	53	55	57	46	67	71	54	72	68	60	58	41	60	64	63	65	42	64	52	39	83	59	91	53	74	31	80	79	73	61	73	69	95	100	92	87	66	93	90	86	88	83	103	104	113	116	112	130	134	128	134	122	130	126	124	278	288	303	247	271	278	271	287	287	316	305	2181	2170	2694	3206	1288	2377	2357	2085	2558	1595	3942	361	408	438	431	421	415	431	472	401	395	367	111	124	111	119	150	139	142	144	117	148	132	
2375.56640622511	75	71	43	49	61	58	65	32	44	40	51	59	68	54	53	52	68	72	54	59	73	71	70	73	63	63	57	70	64	64	67	38	62	44	68	61	45	48	64	55	56	64	70	77	80	76	88	58	61	66	77	72	91	80	64	84	75	83	96	104	82	106	81	53	81	102	136	107	123	125	115	145	134	121	135	118	129	287	295	310	245	253	285	263	251	259	291	274	2180	2166	2611	3216	1315	2275	2403	2044	2527	1589	3887	389	413	466	435	410	368	414	440	470	383	360	116	118	107	144	146	156	150	154	138	132	127	
2376.94374997511	48	63	52	61	61	41	37	61	61	53	46	59	61	50	63	85	74	62	66	62	41	50	59	63	56	64	71	61	57	57	47	62	53	72	60	46	64	58	73	79	72	75	75	65	73	73	71	37	46	53	71	73	66	54	76	82	76	90	90	56	63	84	105	82	114	83	126	125	127	130	127	126	132	133	155	124	143	291	292	287	264	265	247	261	296	267	313	316	2102	2144	2617	3162	1313	2223	2395	2047	2520	1533	3871	344	393	436	403	435	411	441	452	432	363	366	116	124	147	128	129	151	154	108	138	145	138	
2378.32078122511	67	42	37	61	49	53	49	53	46	57	49	53	52	65	57	48	35	56	50	64	55	47	56	50	72	57	55	71	58	70	55	55	71	70	61	66	73	73	70	41	60	54	68	81	68	80	71	47	84	88	67	71	85	55	54	83	66	98	44	65	79	101	84	85	94	84	106	132	137	110	115	138	135	96	119	121	142	282	261	282	256	232	279	256	300	274	279	312	2183	2129	2526	3101	1189	2346	2328	1973	2466	1601	3962	367	391	397	441	384	408	424	457	410	419	354	114	118	134	115	128	120	151	147	125	137	118	
2379.69859372511	62	39	58	58	52	53	52	47	61	42	57	60	48	50	57	67	71	62	57	63	62	72	59	70	65	58	61	61	53	56	76	53	62	57	55	74	73	84	59	62	78	61	56	69	76	89	70	43	67	76	72	70	70	83	105	89	71	82	78	87	76	83	102	75	80	91	139	135	128	110	131	122	127	153	130	123	138	313	265	323	236	265	245	276	307	274	277	261	2192	2113	2596	3061	1221	2191	2399	2001	2560	1610	3846	337	411	413	456	409	387	422	410	420	393	336	125	123	132	126	154	144	136	146	140	146	137	
2381.07484372511	50	55	45	59	57	42	50	56	45	57	46	52	55	63	72	68	45	59	67	48	69	65	47	69	53	81	63	63	64	76	66	43	60	72	61	56	97	68	70	61	75	62	61	50	69	77	71	34	57	68	83	67	72	75	69	86	88	74	84	86	83	92	101	99	91	85	103	129	128	129	141	133	131	134	136	117	149	295	310	305	245	242	281	300	286	230	278	303	2231	2141	2597	3133	1227	2207	2328	2000	2530	1612	3802	359	380	439	425	422	418	399	468	411	374	367	119	130	128	110	141	144	143	113	129	125	135	
2382.45078122511	48	63	47	62	49	63	45	64	52	57	43	70	61	64	61	35	52	53	67	53	51	61	65	50	69	65	64	58	69	65	39	58	65	39	55	68	63	50	53	79	70	70	72	63	71	67	73	52	72	88	73	55	76	52	68	97	84	88	66	91	93	97	96	83	84	85	126	127	130	111	110	123	118	138	136	126	110	322	296	260	247	238	275	264	294	284	294	299	2200	2143	2613	2999	1231	2229	2325	1993	2483	1497	3659	380	371	434	426	401	395	440	433	368	333	336	145	122	128	114	150	121	147	140	129	111	108	
2383.82640622511	55	60	41	57	45	57	60	74	54	60	61	50	52	48	52	65	50	49	57	57	62	72	61	56	73	56	69	50	66	51	78	53	59	46	74	76	62	84	67	66	63	65	58	58	78	83	73	59	58	61	48	57	58	93	66	95	101	92	80	91	54	78	84	90	71	87	128	132	133	102	102	117	147	136	118	100	116	295	277	271	212	219	245	252	281	230	289	286	2264	2247	2538	3082	1190	2092	2267	1906	2376	1541	3604	357	391	400	385	416	407	378	409	398	342	313	126	106	120	135	115	160	145	140	151	112	109	
2385.20281247511	54	63	54	51	52	46	46	52	57	47	38	66	64	62	61	45	57	46	67	30	57	47	50	56	69	64	57	63	59	61	59	60	42	65	60	55	64	62	74	65	64	46	70	72	71	55	79	33	60	81	67	64	64	95	68	81	76	68	91	89	92	93	98	78	94	80	128	148	110	101	112	102	125	107	97	115	128	276	279	299	240	231	274	261	250	245	251	283	2272	2190	2685	3135	1188	2037	2113	1726	2237	1428	3482	381	408	450	447	377	382	345	395	382	330	343	138	95	155	128	115	129	138	108	129	119	105	
2386.57749997511	57	41	47	42	43	46	51	64	30	60	48	57	44	67	48	44	73	52	69	39	63	64	72	44	72	69	54	73	63	58	67	55	73	64	53	66	66	63	52	70	63	56	55	56	71	74	76	32	69	73	71	63	79	76	57	77	84	73	89	106	93	83	97	82	73	95	124	115	101	135	123	121	113	112	114	127	103	294	290	307	260	258	264	253	241	225	281	304	2362	2281	2791	3145	1216	2093	2079	1809	2231	1440	3492	389	392	452	416	374	403	365	361	373	364	322	127	131	120	106	133	120	121	149	105	152	100	
2387.95203122512	70	56	72	52	58	79	57	58	49	40	51	44	57	54	24	60	79	72	64	55	63	72	70	64	69	74	64	61	70	68	47	67	49	86	66	59	56	66	84	70	68	58	72	54	84	82	75	50	76	72	56	76	68	77	60	83	99	82	86	93	80	80	86	80	59	109	130	112	127	140	141	131	143	139	117	113	116	313	309	334	239	244	275	257	258	227	256	299	2425	2380	2958	3313	1228	2179	2163	1847	2210	1484	3409	406	385	497	499	384	397	356	400	367	348	301	127	121	113	144	123	144	116	115	113	113	132	
2389.32609372512	50	55	58	59	55	54	59	43	76	53	44	65	64	64	56	66	45	53	62	54	58	64	67	62	68	67	71	56	75	60	56	64	62	58	53	63	57	63	68	54	72	55	58	57	91	70	71	38	67	59	91	84	57	61	87	71	77	78	96	85	107	95	82	93	93	77	136	133	116	123	134	122	137	104	103	127	142	319	326	278	250	282	303	286	254	266	285	297	2498	2405	2861	3333	1340	2186	2267	1906	2253	1514	3730	432	429	476	463	441	424	385	402	384	326	337	121	135	137	115	118	139	150	121	136	133	113	
2390.69984372511	67	51	55	62	50	56	54	73	44	75	54	77	69	75	63	46	62	59	52	63	58	74	57	62	72	80	54	73	75	62	59	67	76	64	46	57	67	71	63	64	67	58	74	56	69	76	80	45	92	74	77	79	79	51	56	80	77	94	76	78	81	95	98	81	77	84	131	150	146	147	107	126	105	137	102	120	129	317	298	295	278	287	289	284	281	284	252	282	2316	2392	2870	3374	1347	2275	2281	1969	2343	1453	3797	410	447	488	470	439	433	427	475	398	366	350	155	133	140	111	138	149	134	136	125	133	129	
2392.07437497511	70	67	66	51	50	62	74	60	71	35	61	64	64	68	63	71	71	82	61	59	80	51	49	61	60	58	61	52	69	54	55	47	72	47	78	66	54	77	64	61	66	63	60	48	90	81	74	47	70	86	77	63	57	79	71	102	87	73	85	95	101	93	94	93	92	84	140	129	143	132	101	89	128	129	138	129	126	297	294	300	244	281	243	306	253	246	309	329	2390	2419	2938	3432	1354	2232	2278	1874	2398	1478	3771	409	457	465	450	448	405	410	410	401	382	327	133	138	144	161	142	152	128	150	141	135	147	
2393.44734372511	48	72	58	51	66	41	45	47	57	57	65	37	89	69	57	66	68	67	49	52	46	68	62	57	73	58	70	45	58	60	48	82	54	51	63	57	82	52	71	58	73	56	66	70	83	75	70	40	71	69	66	66	71	65	85	75	69	79	82	95	83	93	82	88	90	82	147	145	123	139	144	132	145	135	148	130	138	286	334	307	285	268	303	281	274	245	291	311	2219	2340	2820	3317	1335	2249	2362	2028	2485	1570	3927	404	402	477	444	448	390	431	415	389	401	337	115	132	151	150	156	140	115	134	151	148	140	
2394.81999997511	61	47	58	48	61	66	51	59	64	54	59	53	78	67	59	45	67	53	42	58	51	56	61	52	69	71	62	68	64	56	60	49	55	74	69	70	74	75	63	60	76	55	66	59	55	68	78	35	82	72	74	57	81	56	88	100	83	90	81	75	84	71	85	86	82	108	113	128	143	120	122	140	149	129	120	129	122	280	305	338	265	260	296	278	285	262	294	308	2275	2237	2826	3316	1370	2240	2361	1973	2454	1567	3911	374	443	442	471	434	422	432	463	423	397	395	147	146	139	121	137	143	127	136	132	136	144	
2396.19234372511	73	64	52	58	48	55	55	46	54	56	47	63	75	49	51	63	52	57	55	78	59	44	59	83	66	55	74	68	80	63	47	67	56	62	74	83	70	62	64	65	55	67	76	57	87	79	85	46	77	89	77	92	58	79	66	76	98	83	73	87	70	79	84	83	91	96	116	129	132	112	125	125	131	126	123	110	142	274	305	294	246	307	261	275	262	269	303	278	2133	2251	2811	3369	1296	2281	2277	2014	2512	1611	3868	385	418	469	438	398	396	420	463	421	377	364	146	130	122	129	170	131	154	130	140	118	150	
2397.56421872511	67	58	66	55	54	45	39	53	63	53	38	34	67	58	72	78	66	63	58	57	62	68	60	61	44	80	63	54	64	54	56	55	75	84	69	60	77	54	65	76	60	57	51	55	69	43	80	51	66	66	78	65	80	80	69	74	73	92	89	98	95	85	102	93	84	98	116	131	121	121	150	125	136	132	131	125	141	266	272	309	265	229	264	291	284	242	276	292	2132	2131	2665	3026	1235	2156	2297	1881	2432	1505	3783	339	401	431	421	405	386	413	461	421	390	351	116	130	131	117	131	145	146	147	129	134	128	
2398.93578122511	53	41	50	70	40	61	59	70	58	56	47	67	54	68	50	54	62	55	61	57	75	54	70	63	67	51	55	56	42	65	66	34	45	83	67	60	80	63	66	62	59	60	74	51	53	94	74	38	77	83	69	74	51	78	73	92	85	86	78	93	90	69	87	93	87	102	104	113	123	131	133	137	118	120	120	122	135	269	282	277	248	228	274	255	286	247	294	316	2048	2052	2436	3024	1213	2055	2195	1909	2363	1492	3691	308	406	401	421	387	349	398	410	387	415	337	121	129	131	117	132	134	126	145	142	115	119	
2400.30687497511	57	77	47	58	59	77	61	59	48	59	47	59	69	47	71	55	83	59	53	61	57	57	63	70	62	68	53	70	53	73	65	55	65	77	43	57	62	72	50	70	87	70	69	69	63	80	65	47	66	70	68	74	79	89	79	81	59	67	63	90	90	112	108	73	63	104	115	135	121	128	99	109	119	131	108	119	139	269	263	321	224	222	264	272	281	225	294	281	2130	2082	2495	2917	1186	2101	2179	1785	2446	1577	3602	399	423	433	405	396	355	373	389	443	354	350	138	122	118	99	151	152	145	137	157	150	109	
2401.67765622511	47	69	54	70	64	49	51	59	47	45	54	42	47	60	61	60	62	28	66	36	66	42	62	51	66	72	66	62	56	66	36	79	37	71	68	60	54	74	76	72	70	59	47	59	76	73	65	53	63	63	80	71	68	60	77	83	70	79	112	66	80	79	76	90	83	68	119	134	140	137	109	113	111	107	132	127	127	268	271	268	233	229	264	291	261	236	285	280	2106	1983	2408	2969	1164	2101	2189	1797	2294	1348	3329	363	419	467	424	398	387	385	403	368	315	355	127	126	134	139	113	106	126	120	131	128	119	
2403.04812497512	45	66	59	70	68	58	33	57	44	49	45	55	66	56	58	56	53	60	66	57	49	61	67	60	68	63	67	62	57	56	48	62	73	86	60	70	60	74	47	69	59	53	68	68	60	66	79	41	83	75	61	83	73	65	77	72	74	91	78	75	85	79	74	77	69	83	114	98	124	115	122	120	115	127	115	130	125	281	247	258	262	222	255	220	243	246	235	279	2068	2110	2504	2873	1139	1932	2032	1681	2055	1381	3332	379	370	394	406	388	342	350	400	360	335	329	142	119	124	124	121	129	138	126	121	121	129	
2404.41828122511	49	75	60	51	54	57	65	57	45	31	63	61	70	57	45	46	61	58	53	77	65	62	50	82	50	82	56	59	49	69	62	60	58	50	62	53	70	55	61	75	72	82	76	57	72	70	62	57	63	76	67	67	91	80	71	78	115	97	79	78	101	86	63	75	87	88	125	113	103	106	121	99	102	125	139	115	122	253	294	279	239	241	254	234	241	217	286	250	2162	2087	2403	2901	1190	2067	1992	1729	2090	1331	3362	370	402	421	446	361	379	380	392	412	346	343	129	136	110	130	137	139	132	141	140	135	133	
2405.78796872511	51	69	59	62	78	48	48	52	53	60	52	48	51	52	62	62	55	69	74	56	69	64	66	55	73	71	47	69	64	69	57	53	52	81	63	69	56	64	67	58	69	59	61	51	78	74	69	50	67	71	77	75	61	72	94	73	88	73	84	80	98	84	76	95	77	83	130	111	115	103	122	126	130	107	118	136	123	271	318	298	279	231	276	258	259	207	304	271	2278	2267	2713	3063	1276	2118	2079	1718	2150	1324	3320	378	439	434	443	408	395	381	392	421	338	327	131	134	146	133	137	142	142	130	127	148	115	
2407.15734372511	64	62	45	50	48	59	59	61	41	55	38	43	50	54	66	56	70	57	80	62	50	42	71	57	67	54	44	54	67	66	63	58	81	54	77	64	77	70	56	69	68	53	63	65	76	62	57	33	77	73	64	82	64	59	79	89	79	96	89	76	85	84	85	79	78	71	111	137	117	135	115	126	100	123	117	120	128	287	286	270	236	255	242	248	271	243	258	271	2354	2272	2788	3134	1269	2104	2053	1698	2147	1472	3578	413	419	473	445	398	368	380	407	351	363	331	134	131	131	112	138	121	128	138	140	115	104	
2408.52624997511	50	66	54	53	61	60	55	62	66	53	74	52	45	64	60	55	77	41	63	68	49	63	61	50	87	53	53	62	71	79	85	52	51	65	64	60	52	87	73	69	79	66	56	74	84	71	60	51	76	69	51	88	71	69	87	76	84	92	70	88	80	80	82	83	75	96	141	132	133	123	98	112	142	137	131	156	125	307	293	264	258	234	248	264	279	275	249	276	2263	2350	2633	3040	1222	2165	2017	1769	2208	1526	3711	405	413	420	459	402	403	392	431	390	389	369	141	134	119	122	149	163	141	153	132	130	129	
2409.89499997511	51	48	51	50	65	57	49	50	37	46	40	56	69	56	60	71	52	56	59	62	49	60	48	65	63	61	55	69	58	58	65	58	56	61	66	66	63	67	80	51	61	68	47	80	65	68	82	40	66	98	86	78	61	66	71	64	85	71	94	76	98	89	107	95	105	85	137	118	137	109	107	128	132	115	132	129	124	271	295	300	262	265	304	275	262	240	291	330	2402	2332	2819	3254	1308	2189	2206	1805	2327	1494	3868	393	417	453	479	422	371	381	436	402	392	354	125	121	124	152	136	124	165	123	130	128	109	
2411.26312497511	57	49	57	66	27	54	62	52	48	46	48	54	50	73	61	53	62	52	69	54	51	68	66	46	79	71	56	66	64	82	64	48	66	49	66	77	49	86	49	78	46	54	75	77	81	86	57	61	94	82	81	71	76	55	73	77	82	85	81	98	99	89	68	95	89	85	117	126	121	130	117	118	138	103	113	125	124	326	285	289	262	272	303	266	235	242	281	291	2321	2359	2807	3236	1277	2151	2220	1982	2408	1535	3757	403	388	486	470	427	398	411	445	435	415	329	146	141	137	86	133	165	158	167	130	116	106	
2412.63109372511	64	82	71	70	65	63	68	61	59	66	58	55	65	61	61	72	62	54	54	61	55	58	55	67	71	60	68	70	77	51	67	61	51	52	66	75	53	80	82	53	69	76	85	55	83	75	68	55	90	75	70	81	53	85	77	101	76	102	85	104	68	101	90	77	94	108	137	127	129	122	109	113	126	128	104	137	133	321	275	292	263	258	289	269	302	249	280	300	2283	2227	2723	3236	1312	2210	2181	1946	2339	1553	3863	361	428	469	490	422	399	397	418	411	347	323	148	108	129	133	133	146	157	146	121	146	129	
2413.99859372511	62	61	47	48	59	46	49	55	48	59	51	59	85	71	65	63	63	68	73	56	44	31	81	71	68	52	65	69	53	47	64	65	61	75	56	59	75	54	63	51	67	46	62	66	70	85	79	35	61	86	64	64	48	60	83	74	96	81	65	72	77	82	106	103	84	75	115	133	141	122	121	132	157	134	133	131	151	293	274	272	273	275	289	274	242	272	274	323	2235	2153	2754	3233	1268	2139	2232	1962	2420	1545	3649	373	428	497	426	415	400	411	407	413	373	341	129	128	144	124	130	152	145	129	139	158	141	
2415.36578122511	53	53	71	63	41	58	58	80	62	70	47	72	49	61	66	41	52	59	65	43	65	66	66	63	41	73	54	69	82	74	70	62	71	65	57	76	82	68	51	81	55	69	65	67	89	81	78	56	88	69	57	80	56	104	69	87	77	88	89	94	83	64	93	83	84	94	106	137	118	140	114	119	135	128	133	114	119	319	296	291	277	279	289	280	293	246	301	283	2251	2182	2691	3124	1254	2170	2237	1898	2357	1535	3587	408	408	455	464	414	403	436	480	405	373	342	130	143	114	122	140	153	133	138	136	133	117	
2416.73140622511	53	58	64	60	64	60	50	45	51	53	73	56	66	61	50	44	67	68	65	80	70	70	72	78	73	52	65	76	62	45	56	46	60	53	74	62	61	81	72	71	81	68	74	60	78	67	70	50	55	82	65	64	76	78	57	93	104	73	65	89	91	86	83	70	106	91	146	123	126	120	105	131	150	127	113	128	114	295	287	284	242	268	247	258	242	249	263	278	2239	2148	2676	3153	1231	2166	2183	1875	2273	1518	3653	383	401	444	436	440	360	403	485	376	360	330	126	122	130	138	152	122	150	134	134	129	129	
2418.09796872511	54	59	62	60	59	53	38	51	46	63	56	47	52	80	56	50	68	50	83	75	54	61	82	61	58	55	61	57	58	69	67	70	74	75	63	51	51	58	55	64	63	64	66	63	61	82	60	45	73	68	72	59	60	66	86	80	94	80	79	76	83	83	107	96	85	80	114	150	112	108	112	145	116	122	104	116	124	276	276	281	266	251	253	272	283	235	251	259	2124	2070	2574	3019	1223	2087	2318	1805	2205	1396	3350	380	404	460	407	413	383	408	419	407	381	331	106	107	100	115	133	149	136	134	119	151	137	
2419.46406247512	33	54	53	62	58	41	69	64	49	50	59	64	57	58	64	55	59	44	45	63	46	39	81	72	56	57	67	72	53	67	61	57	64	73	64	53	58	70	60	58	60	53	75	54	49	79	83	35	75	74	65	73	77	60	70	91	61	94	83	69	83	75	81	79	69	55	112	135	134	121	126	120	118	113	114	123	114	264	254	303	255	225	232	258	258	239	249	275	2241	2063	2518	2955	1169	1986	2032	1734	2193	1345	3277	358	422	467	396	393	366	381	405	385	329	308	128	143	111	132	128	115	139	135	123	113	103	
2420.82968747512	56	64	66	55	76	69	53	50	36	36	69	62	77	54	57	58	56	57	73	56	58	55	48	66	60	77	73	59	65	36	71	59	77	68	64	44	71	75	83	65	77	72	70	51	86	79	73	43	63	73	83	94	64	79	48	102	87	66	69	81	89	73	76	93	81	79	124	131	125	107	102	124	100	120	104	115	129	287	269	290	205	247	216	242	230	214	230	280	2167	2058	2420	2833	1117	1813	1981	1677	2073	1269	3280	395	401	390	400	380	333	349	425	383	342	275	156	122	141	139	122	123	137	139	147	143	136	
2422.19515622511	44	53	44	66	51	51	45	38	48	46	53	51	60	80	70	50	51	51	63	52	50	67	40	45	43	66	52	42	68	58	54	60	63	82	53	84	82	48	50	67	56	66	59	69	83	64	75	45	70	66	85	65	78	92	77	79	75	73	96	73	92	87	100	85	98	78	111	109	107	113	105	113	112	106	136	116	123	259	269	284	239	243	252	251	246	226	293	285	1958	2022	2363	2799	1098	1869	1923	1639	2050	1345	3237	351	386	431	405	389	333	338	393	343	322	311	123	101	142	125	134	125	99	133	110	137	120	
2423.55890622511	53	62	47	48	53	53	64	47	55	42	47	50	66	48	57	56	61	47	79	42	56	43	63	47	57	72	63	65	59	55	47	53	50	69	64	41	68	44	59	78	75	54	58	55	76	53	58	52	76	79	60	82	77	60	85	81	80	73	81	76	87	78	68	77	81	69	108	97	102	120	123	135	125	133	100	107	141	292	271	265	261	252	237	231	267	217	251	278	1981	1926	2312	2854	1106	1987	2007	1728	2172	1307	3377	390	405	397	362	362	348	383	432	389	331	322	120	113	137	121	124	155	121	110	138	113	124	
2424.92359372512	73	79	36	51	43	69	42	49	56	61	60	60	79	67	58	60	67	63	51	66	63	54	64	69	70	51	68	62	71	63	76	53	48	55	81	47	62	78	72	59	75	63	77	59	62	87	71	48	75	75	76	80	65	76	85	73	97	86	76	80	87	85	99	71	75	82	124	134	104	99	118	134	104	124	130	122	148	256	265	260	233	235	259	270	270	224	249	291	1999	1983	2407	2999	1228	2027	2103	1778	2288	1403	3555	377	404	444	431	388	335	391	422	389	375	338	131	106	112	113	126	141	132	144	130	123	137	
2426.28781247512	58	56	63	56	65	34	48	71	66	65	55	45	54	52	59	59	62	49	73	63	48	65	48	78	70	75	51	65	56	58	64	65	69	80	84	62	67	58	50	68	60	57	58	75	71	77	73	50	70	68	78	64	78	63	67	68	78	78	95	74	81	96	84	84	85	57	110	113	103	108	131	117	125	123	138	133	124	296	276	280	272	256	287	265	261	249	314	318	1965	1980	2489	3087	1217	2135	2210	1844	2304	1509	3754	316	388	476	430	436	429	381	418	408	384	341	115	155	162	127	143	154	109	129	156	143	124	
2427.65187497511	58	48	52	47	71	59	61	64	50	34	58	55	56	64	54	48	47	45	66	40	67	45	63	37	68	63	59	74	76	55	59	59	61	56	56	49	67	65	70	68	54	57	74	48	75	84	52	31	76	81	63	73	69	79	67	90	88	76	85	67	95	87	80	70	88	92	122	121	120	117	117	125	123	116	112	124	118	299	290	322	251	226	252	265	273	232	252	266	2106	2141	2544	3154	1226	2127	2181	1884	2341	1472	3597	370	389	453	470	456	405	383	453	404	366	386	117	122	122	119	132	130	134	131	139	138	108	
2429.01421872511	69	70	55	72	71	76	56	47	51	43	70	62	60	68	64	71	64	73	55	83	57	69	71	86	68	68	62	43	58	55	60	51	59	67	69	71	51	59	75	67	68	77	64	66	67	58	72	62	73	76	76	72	62	82	67	90	83	88	93	91	81	84	97	81	82	89	137	131	107	132	110	124	111	122	104	113	118	266	304	307	255	244	274	271	233	217	289	292	2233	2181	2708	3211	1163	2052	2170	1792	2182	1451	3597	396	405	443	450	388	355	371	412	405	334	289	131	123	126	125	140	122	120	133	115	156	132	
2430.37734372511	48	71	70	57	60	67	49	63	71	64	35	55	71	54	73	74	64	70	57	57	49	57	51	54	58	65	58	52	69	93	46	65	59	82	71	59	64	56	65	69	54	53	54	82	69	69	58	33	68	69	64	64	69	84	67	81	107	96	78	73	105	82	83	84	82	83	126	104	136	104	145	133	126	121	107	146	105	312	282	288	289	229	256	255	248	215	254	259	2227	2203	2624	3070	1159	1978	2149	1779	2206	1465	3478	398	389	446	433	358	391	401	421	399	345	316	130	131	136	128	133	131	126	129	134	142	110	
2431.74031247511	22	69	47	48	48	61	64	72	59	55	64	72	61	59	59	65	56	42	63	55	50	54	62	65	65	54	71	66	77	50	51	65	75	60	59	64	65	57	75	53	63	68	64	58	76	82	75	50	89	82	72	77	91	65	70	91	90	93	73	60	82	86	81	77	67	93	127	128	125	104	96	121	107	112	117	106	130	279	275	247	234	259	273	252	240	223	233	255	2153	2170	2551	3012	1169	1987	2023	1736	2036	1391	3241	416	404	443	450	383	380	367	420	327	312	314	124	140	119	114	125	134	120	146	124	122	110	
2433.10156247511	64	53	54	63	52	57	52	54	57	45	65	70	62	65	64	49	74	49	52	54	56	70	54	65	63	72	81	47	74	63	61	58	55	72	57	95	54	55	73	54	49	62	87	83	76	82	73	50	63	71	83	66	78	78	75	93	96	99	86	91	86	69	103	84	81	91	131	138	123	109	97	109	131	120	121	122	111	287	265	295	223	243	233	218	249	231	238	268	2186	2121	2570	2893	1087	1775	1941	1644	2089	1357	3201	393	445	459	439	406	353	356	369	376	358	329	131	114	129	138	125	117	139	126	114	123	123	
2434.46374997511	49	56	54	71	62	47	57	68	63	58	55	44	62	60	79	65	31	57	69	54	56	64	49	65	52	57	52	53	72	73	56	58	57	76	65	66	64	63	63	60	58	74	53	67	64	63	47	48	60	67	77	85	69	90	72	77	84	81	86	54	102	99	75	98	76	97	111	136	120	138	123	123	91	109	117	110	142	278	283	287	234	220	232	243	265	207	257	260	2208	2118	2364	2738	1042	1830	2019	1653	2051	1300	3179	356	415	431	415	358	359	364	392	367	354	297	144	129	115	132	139	140	130	118	140	139	125	
2435.82546872511	43	59	56	58	45	51	35	62	39	65	58	55	65	67	55	54	70	63	52	49	59	48	83	61	65	80	54	71	62	44	54	65	64	61	71	54	66	34	63	64	51	37	63	67	55	76	83	57	70	79	82	77	86	64	77	74	93	105	88	80	77	87	83	67	96	75	139	90	109	102	90	115	98	104	95	98	98	278	252	258	255	240	245	238	243	225	233	253	2011	2032	2404	2701	1106	1857	1989	1604	1922	1256	3133	375	391	434	363	361	347	350	412	378	371	315	128	129	116	130	118	109	128	145	134	102	105	
2437.18562497511	55	66	34	50	44	60	64	54	48	38	63	61	66	52	68	74	70	64	48	92	66	63	63	66	74	49	58	56	65	49	74	61	63	57	63	73	55	70	74	57	59	68	61	48	100	61	80	57	56	64	64	64	69	62	72	81	93	76	94	85	82	93	103	86	65	83	126	102	117	92	103	106	120	120	114	103	115	267	282	259	228	258	223	241	259	227	257	244	2050	1958	2310	2833	1034	1852	1886	1569	1982	1273	3211	386	367	403	349	358	344	358	401	335	331	313	145	115	128	139	129	121	137	139	141	120	111	
2438.54671872511	54	55	56	64	46	58	73	52	38	41	54	59	62	62	72	57	61	62	72	66	58	71	53	55	44	71	64	59	47	46	40	73	61	81	72	67	69	63	59	57	43	54	82	63	83	66	76	42	72	74	92	72	67	80	60	74	76	81	67	72	87	97	93	86	87	79	117	120	129	123	103	99	132	121	120	112	139	254	256	247	229	201	266	241	243	245	207	270	1953	1885	2271	2646	1057	1817	1943	1637	2047	1337	3138	356	387	421	397	362	338	334	374	363	376	313	135	112	120	122	131	126	115	151	121	123	120	
2439.90749997511	46	47	54	59	52	53	54	59	42	53	61	67	52	54	57	49	54	73	70	53	66	57	61	55	56	62	61	53	69	67	52	79	71	49	58	49	63	64	70	57	54	67	62	64	88	58	49	37	68	71	63	54	72	74	75	92	69	90	99	76	102	92	105	90	95	85	124	117	111	120	107	119	108	108	113	107	99	275	268	270	201	234	244	243	220	241	261	240	1921	1901	2356	2815	1111	1935	1858	1672	2060	1330	3266	353	376	451	402	360	367	377	396	383	340	307	111	120	138	124	144	133	97	132	139	114	132	
2441.26656247512	57	56	59	58	57	54	69	47	63	37	53	53	67	54	61	78	54	70	69	59	61	60	65	66	64	66	57	54	60	76	77	58	57	65	50	57	60	79	76	49	71	61	61	58	73	76	78	52	69	65	48	77	65	73	66	103	73	90	87	66	56	95	86	78	102	71	118	111	127	120	120	113	123	108	110	109	124	249	253	299	235	237	220	232	242	256	267	261	1911	1983	2417	2849	1090	2013	1953	1781	2261	1385	3451	329	361	393	421	377	352	361	402	403	336	315	122	105	119	138	128	156	133	135	139	121	111	
2442.62656247511	52	55	49	51	62	44	70	49	52	52	42	63	62	53	68	77	51	45	57	54	62	54	71	73	60	69	55	50	73	68	50	61	54	70	67	68	74	67	82	68	76	56	60	64	59	60	85	44	74	79	74	65	61	66	80	76	92	84	98	80	91	84	84	87	73	85	113	135	110	106	133	131	109	105	113	139	133	235	252	270	248	247	244	254	267	227	261	309	1968	1940	2381	2913	1187	2110	2087	1778	2239	1443	3252	353	345	431	450	410	398	392	411	383	342	362	120	109	127	121	133	137	133	118	139	148	133	
2443.98499997511	56	53	50	78	48	43	62	59	52	65	59	48	51	54	63	47	61	53	69	50	50	32	58	58	64	69	77	64	55	73	60	49	51	73	57	75	72	69	53	59	65	67	61	61	69	83	82	39	79	77	52	79	78	70	67	95	73	73	95	85	83	86	69	99	91	70	119	106	116	125	108	135	129	127	141	117	133	272	272	308	240	241	247	281	245	250	261	271	1893	1957	2654	2995	1147	2027	2089	1803	2210	1383	3392	353	404	418	447	424	403	384	416	367	369	361	135	112	122	124	121	138	128	166	127	149	104	
2445.34421872511	74	55	47	58	42	64	64	58	69	55	38	64	64	65	61	67	70	69	54	50	54	57	63	58	59	46	68	63	63	42	61	45	57	55	73	84	62	56	69	59	81	71	72	56	75	83	67	54	73	73	76	73	73	71	55	106	90	77	75	76	83	88	92	88	83	88	111	128	154	116	115	115	138	131	140	89	132	251	249	290	227	214	276	226	234	273	260	299	2009	2056	2516	2887	1147	1933	2090	1754	2227	1440	3530	340	376	410	422	377	384	395	443	370	366	334	134	114	128	133	149	145	125	161	141	157	135	
2446.70187497512	56	60	50	69	56	53	41	36	47	53	52	64	67	44	61	59	75	41	57	51	73	54	58	52	57	64	62	60	56	54	57	68	44	38	52	53	91	42	78	66	71	81	71	73	71	86	70	37	78	90	62	90	66	64	74	87	91	77	94	98	95	81	85	82	97	72	126	122	110	124	141	114	125	125	117	135	133	279	274	309	249	239	247	274	253	258	289	293	2073	2106	2610	2975	1152	2075	2151	1800	2191	1434	3591	385	384	467	397	397	395	400	440	395	339	333	128	130	149	134	139	134	143	134	142	146	128	
2448.06046872511	69	80	61	51	35	54	61	63	63	73	55	65	66	82	70	74	63	73	41	41	43	66	63	53	59	66	68	78	54	69	58	53	62	70	63	59	45	69	80	79	64	63	75	77	71	70	59	41	57	74	67	74	63	66	77	93	71	67	90	66	88	78	85	58	78	86	125	144	117	115	112	130	106	121	126	112	95	291	259	285	255	249	283	256	278	244	265	281	1995	2077	2594	3016	1201	1985	2102	1771	2258	1348	3423	373	399	449	449	410	408	418	439	389	371	310	155	130	141	138	124	146	123	115	137	132	113	
2449.41749997511	43	52	45	48	42	62	56	70	69	31	46	56	63	59	52	64	61	51	59	68	72	61	58	72	76	55	50	50	67	56	60	42	61	56	76	57	70	77	65	64	61	61	67	61	57	77	92	41	82	72	59	75	77	86	69	86	91	48	70	95	63	102	76	87	62	68	128	132	121	105	96	105	115	119	99	118	138	273	278	290	242	240	246	232	250	220	254	261	2201	2107	2654	2961	1190	1926	1972	1702	2099	1358	3325	364	405	438	432	391	359	344	418	385	356	330	137	122	126	145	125	143	113	132	133	121	126	
2450.77531247511	56	65	48	63	56	68	41	67	69	58	50	80	66	40	68	61	69	57	71	61	47	61	72	47	69	57	54	61	56	76	60	48	52	63	63	66	69	50	67	65	57	62	58	61	81	73	72	43	88	98	59	71	56	96	85	85	85	90	81	91	79	86	88	87	67	87	139	123	115	113	137	148	141	90	121	132	117	249	278	285	223	232	252	211	230	254	236	254	2083	2114	2429	2719	1037	1934	1861	1608	2082	1358	3126	386	453	415	420	361	370	363	380	368	317	341	125	130	127	136	128	138	141	131	121	133	93	
2452.13156247512	63	55	51	57	38	63	61	56	55	42	60	60	63	62	36	75	47	64	60	41	52	53	61	53	58	60	65	75	61	59	67	60	66	66	73	59	58	64	52	61	67	67	68	54	75	86	69	36	52	78	75	67	70	55	68	111	91	94	78	100	94	75	79	75	70	89	160	100	134	124	111	141	118	116	104	115	114	280	263	284	226	251	237	217	234	214	248	237	2134	2002	2385	2661	1158	1876	1837	1525	1936	1219	2995	354	415	418	431	380	412	348	390	342	340	277	130	111	126	105	126	126	138	123	121	117	126	
2453.48859372511	67	59	56	40	65	65	66	69	68	50	55	66	61	55	63	66	65	74	53	58	53	64	73	56	81	68	54	52	50	57	64	54	51	60	61	74	61	75	66	51	67	65	68	53	71	69	68	56	70	70	65	83	66	66	57	73	105	84	85	79	75	83	81	82	72	80	125	137	118	117	107	108	96	107	96	115	112	266	271	276	215	216	248	252	257	233	265	274	2045	2025	2349	2634	1061	1733	1691	1583	1885	1176	3036	370	387	371	395	359	387	342	386	361	326	314	146	108	102	97	143	149	143	127	135	123	112	
2454.84421872511	51	56	51	62	57	42	43	58	45	51	51	53	53	63	61	80	58	51	63	63	56	64	63	61	68	58	44	60	29	60	39	65	55	60	62	64	72	58	66	71	66	59	60	63	64	70	60	57	63	60	69	62	58	48	67	76	65	75	94	76	60	78	69	95	82	76	128	108	116	115	98	94	106	108	118	126	104	261	267	244	235	215	224	241	254	232	247	219	1897	1924	2228	2583	992	1747	1887	1633	2003	1264	2992	341	362	402	417	354	370	334	402	385	344	293	118	130	116	109	111	139	148	109	115	103	131	
2456.19937497511	55	48	58	42	49	46	52	64	29	54	55	68	62	74	65	45	47	51	51	71	54	60	58	55	77	46	58	74	62	50	75	54	65	53	76	75	70	77	50	53	91	58	73	56	61	68	50	39	74	85	74	78	77	78	78	75	81	78	79	75	94	93	81	73	77	83	124	127	101	105	115	127	121	118	104	129	105	241	234	254	234	238	241	245	232	208	232	245	1851	1821	2294	2738	1078	1821	1908	1592	1969	1209	3106	360	389	397	373	363	356	384	422	376	357	312	125	110	131	108	110	134	129	107	123	111	134	
2457.55546872512	61	49	50	52	67	68	66	66	60	52	71	43	60	63	48	57	64	67	53	62	54	73	62	71	56	41	74	55	61	40	61	58	55	58	62	72	58	66	68	70	61	87	59	77	70	71	69	57	62	60	72	58	66	80	72	82	78	96	85	100	79	92	96	88	92	90	137	122	114	114	118	128	130	128	129	121	122	269	272	272	229	220	262	233	264	226	277	266	1880	1827	2308	2762	1088	1731	1849	1673	2117	1305	3127	351	365	401	423	375	308	367	376	384	335	303	134	112	120	147	124	147	140	113	114	115	117	
2458.90999997511	54	59	67	74	58	50	56	48	61	64	52	52	65	57	69	64	64	74	70	53	52	61	65	62	60	81	76	66	67	58	65	62	56	61	70	63	73	72	51	70	54	59	48	62	58	69	66	51	81	80	72	64	61	59	71	76	59	66	87	81	68	81	84	82	87	93	110	106	106	111	106	123	122	116	137	140	101	240	270	238	235	255	234	267	254	238	249	253	1894	1802	2352	2859	1173	1872	2008	1772	2090	1309	3366	335	389	431	386	413	371	402	421	384	329	312	133	123	124	140	123	141	128	125	142	139	135	
2460.26406247511	45	47	58	56	54	56	39	65	59	57	57	71	55	63	66	49	72	45	57	55	56	35	68	42	53	63	70	65	70	60	74	61	73	55	63	59	58	75	69	64	74	49	61	71	63	68	76	40	82	69	78	68	60	54	86	69	81	97	66	77	77	99	86	109	82	98	122	127	105	117	108	116	122	106	119	118	132	262	266	266	235	262	235	246	260	273	251	290	1907	1950	2426	2827	1107	1973	2022	1720	2214	1356	3305	358	364	386	447	408	374	391	417	391	333	332	113	118	117	133	120	121	139	137	120	115	140	
2461.61906247511	69	71	49	55	65	63	59	71	62	47	52	69	71	59	66	82	63	54	42	63	80	58	66	74	79	65	73	74	58	70	60	52	67	77	66	73	62	71	69	74	53	60	55	54	74	67	91	55	72	59	77	71	65	66	75	96	81	85	83	73	77	79	90	77	68	79	120	110	142	120	111	121	131	126	128	115	104	254	250	277	234	242	237	249	205	252	273	226	2018	1997	2486	2891	1139	2085	2059	1744	2160	1368	3299	361	413	462	420	421	378	405	462	386	311	335	153	118	102	145	129	126	129	125	145	133	130	
2462.97249997511	61	63	63	70	53	82	59	57	60	68	35	49	80	71	72	67	65	51	76	75	65	68	67	56	51	69	72	69	59	78	59	64	63	73	63	68	85	65	77	56	59	67	63	74	83	71	69	48	78	77	77	75	77	83	63	80	73	74	91	83	83	83	101	85	91	106	138	132	110	115	118	104	104	139	136	117	113	257	289	290	212	232	280	262	268	236	267	267	2069	2004	2585	2868	1175	1912	2016	1637	2172	1376	3361	380	414	457	443	399	358	389	416	368	347	309	139	112	143	129	122	131	157	121	116	143	140	
2464.32546872511	65	49	56	57	60	60	51	48	55	63	65	73	56	66	59	57	62	77	55	54	29	50	70	61	59	65	57	69	50	77	74	72	52	58	65	59	70	56	61	76	76	66	61	65	59	72	76	54	68	78	73	59	93	60	78	98	96	103	84	82	80	82	79	85	88	107	119	133	89	113	119	117	117	112	132	93	115	285	267	286	229	245	265	242	253	234	277	258	2047	2107	2476	2713	1085	1904	1947	1577	2008	1310	3234	375	411	445	434	403	372	361	390	367	364	338	127	146	119	119	110	113	134	137	120	121	146	
2465.67937497512	58	68	57	57	47	56	55	65	65	66	66	53	75	74	56	69	53	61	47	74	62	57	53	58	80	69	58	67	66	69	68	57	55	68	77	68	61	57	67	58	76	83	63	46	56	84	78	53	77	63	61	71	82	71	73	107	90	75	85	83	66	87	83	79	78	100	124	121	136	129	123	125	124	129	108	109	131	287	290	272	240	216	239	257	241	210	287	275	2008	2009	2387	2562	986	1863	1912	1635	2184	1289	3317	353	416	407	401	374	357	374	411	378	320	326	145	111	118	120	127	145	138	140	149	138	111	
2467.03171872511	57	58	50	54	60	53	48	59	53	50	38	50	63	52	76	57	70	56	69	67	51	50	67	57	64	63	73	56	50	72	66	75	75	67	67	77	83	59	44	71	73	74	57	60	82	74	60	41	62	70	79	83	75	81	83	79	80	86	95	74	82	86	81	99	90	77	97	114	105	114	110	115	108	127	116	117	113	255	255	229	237	223	237	240	259	226	262	256	1892	1947	2308	2600	1016	1861	1919	1660	2100	1370	3153	351	410	428	382	431	352	376	428	374	377	323	138	109	118	134	124	124	125	131	154	127	125	
2468.38374997511	60	57	50	47	46	55	58	59	56	50	41	70	50	65	75	50	61	48	55	53	53	56	79	54	54	53	65	73	61	73	65	56	55	60	64	44	68	63	67	75	62	82	66	60	51	77	78	53	54	72	47	78	65	78	86	66	66	92	87	60	92	61	77	72	87	79	113	124	122	103	115	103	146	126	121	106	108	260	255	251	211	217	239	249	215	214	250	276	1928	1945	2157	2505	987	1864	1855	1564	1964	1309	3115	368	389	411	392	383	334	360	379	396	282	309	118	121	114	123	125	117	132	135	119	128	111	
2469.73531247512	64	66	61	55	73	66	56	62	54	42	55	52	56	66	49	69	69	60	64	69	70	62	64	47	74	56	62	57	67	76	68	49	62	54	82	74	68	55	71	80	76	69	62	73	89	63	80	53	69	79	67	69	77	55	63	107	78	76	84	103	73	88	77	73	74	76	129	107	112	118	109	109	105	126	114	96	123	246	280	298	231	183	237	244	240	193	232	235	1958	1914	2252	2517	1000	1699	1765	1558	1954	1238	3033	333	402	393	397	361	298	369	363	379	320	297	137	122	105	127	144	130	131	115	126	142	128	
2471.08781247511	50	68	51	49	61	76	48	54	58	44	58	54	73	70	63	57	60	69	59	63	48	69	54	62	70	47	59	56	51	61	43	53	53	75	60	49	73	61	72	82	73	77	75	71	58	73	60	54	61	78	80	85	70	69	80	82	83	80	79	80	90	75	77	83	76	71	114	140	122	111	145	99	104	85	104	123	107	226	251	249	221	208	213	256	227	216	235	265	1795	1841	2179	2500	988	1682	1765	1490	1974	1259	2935	320	384	421	368	333	362	349	372	358	309	312	111	137	128	103	149	118	131	122	112	127	112	
2472.43874997512	51	50	58	50	50	57	47	66	59	63	42	63	50	66	55	62	49	46	54	44	49	76	71	72	60	75	69	85	76	59	50	55	71	64	73	62	56	61	74	83	52	62	73	57	57	74	82	39	66	67	75	89	67	81	50	80	73	110	89	82	89	70	70	73	85	80	138	102	106	103	111	127	111	117	119	124	100	239	249	249	207	203	214	218	211	217	222	241	1782	1809	2117	2574	978	1709	1794	1469	1936	1226	2917	320	345	364	408	364	345	348	364	383	317	328	141	129	129	117	118	113	128	119	98	105	99	
2473.78937497511	52	43	44	43	50	69	68	53	56	36	51	63	64	58	50	66	51	64	59	61	74	84	58	56	65	46	47	46	69	36	68	53	60	65	69	69	79	72	67	54	70	76	49	68	67	61	75	48	78	72	69	75	81	76	80	87	83	93	63	88	79	73	81	74	82	92	122	97	119	105	119	96	97	100	123	101	123	260	234	247	249	234	231	197	211	251	245	266	1689	1764	2143	2512	1028	1584	1731	1540	1885	1246	2977	308	365	357	394	352	326	343	374	364	320	319	141	93	114	134	137	143	149	127	127	114	119	
2475.13953122511	50	56	79	52	64	67	52	41	51	53	50	61	66	73	57	51	61	62	80	48	52	49	66	70	66	58	61	74	56	63	58	60	60	67	63	73	73	55	62	83	45	61	57	63	84	75	45	47	72	57	80	67	80	81	78	69	87	86	99	80	107	88	94	96	89	81	112	115	113	123	122	107	108	101	110	123	127	235	258	245	207	229	243	228	253	202	234	259	1773	1749	2190	2652	1040	1682	1716	1494	1830	1250	2915	321	371	393	384	370	326	337	364	381	319	306	122	113	118	104	114	118	127	108	117	138	131	
2476.48937497512	51	51	45	43	51	41	63	72	62	57	57	61	44	57	58	82	46	72	58	55	58	73	67	71	59	51	49	64	73	56	62	53	72	65	58	60	64	70	68	72	70	74	67	63	69	74	59	47	74	70	69	61	75	48	60	87	60	74	94	79	94	63	85	87	88	83	120	77	97	137	121	96	114	109	116	113	105	240	243	268	213	204	220	214	220	198	239	239	1750	1708	2255	2499	999	1701	1725	1445	1777	1189	2784	349	360	379	411	388	338	343	365	327	326	320	104	121	123	121	123	117	135	128	122	110	101	
2477.83890622512	46	63	53	50	49	67	54	65	54	41	65	66	73	59	50	58	75	80	53	60	71	53	73	57	86	54	49	58	61	54	64	60	53	56	64	81	71	67	74	57	68	56	49	52	72	74	62	53	69	70	67	77	66	78	62	88	93	82	88	82	69	83	89	88	82	92	128	119	124	91	105	103	118	110	112	111	114	232	265	251	203	222	211	229	241	208	238	220	1734	1743	2122	2538	1000	1696	1745	1452	1880	1172	2804	349	374	380	431	359	335	355	380	356	305	314	131	129	139	130	140	125	131	153	119	149	123	
2479.18921872511	42	62	69	53	71	41	59	45	56	49	61	48	57	60	51	46	56	73	61	55	48	52	72	88	54	65	64	62	66	70	56	70	70	81	61	61	42	64	70	71	61	60	54	64	80	72	71	55	74	56	64	70	86	77	85	83	70	92	103	87	80	85	102	86	80	65	102	119	92	116	114	112	117	111	135	130	119	246	260	266	191	227	234	258	228	229	236	245	1792	1773	2177	2615	978	1716	1786	1458	1823	1159	2789	323	377	418	436	345	332	364	368	349	319	283	121	111	109	135	120	137	150	109	105	137	111	
2480.53812497512	54	40	71	65	59	45	68	57	47	79	53	76	55	82	71	68	31	68	72	64	67	38	61	68	72	59	68	68	65	54	71	61	71	72	53	43	66	69	78	74	61	49	77	61	57	65	80	41	73	83	64	58	68	60	75	72	72	81	77	84	89	75	88	77	77	68	117	130	126	116	81	122	106	113	115	102	112	279	255	261	220	244	237	205	196	201	222	247	1816	1841	2141	2579	1022	1639	1754	1515	1857	1199	2857	362	361	402	420	381	345	345	433	362	321	314	109	127	102	115	112	121	145	135	128	121	118	
2481.88656247511	83	67	60	61	69	68	53	56	64	58	55	75	63	59	41	62	55	73	40	78	82	64	54	61	65	63	57	57	65	59	73	57	59	57	80	69	48	74	63	60	54	68	63	68	72	64	85	56	74	63	70	80	84	63	80	77	85	66	88	88	85	89	104	91	88	97	117	102	116	85	107	115	118	106	111	123	110	248	224	263	219	223	232	235	237	242	261	246	1876	1837	2167	2503	1011	1766	1770	1532	1874	1212	2838	326	322	370	371	389	327	345	347	358	290	272	102	120	100	116	141	140	116	129	126	127	136	
2483.23453122511	59	56	58	60	78	45	60	70	50	67	66	62	70	58	72	67	70	53	64	80	57	47	59	59	59	76	61	44	69	73	46	58	72	73	69	73	79	76	56	61	64	61	65	59	56	69	74	56	69	61	65	72	69	80	89	97	94	97	89	88	76	84	75	85	79	90	107	109	129	128	108	98	125	125	124	134	117	231	264	234	234	225	242	221	233	213	234	221	1863	1837	2279	2642	1034	1723	1821	1572	1906	1213	2881	328	362	413	411	392	344	363	366	356	315	312	129	139	140	118	127	133	129	120	128	124	107	
2484.58234372511	60	53	39	58	48	54	67	67	53	57	55	60	85	64	55	66	51	57	60	58	67	46	56	60	65	52	58	81	66	71	75	59	68	68	63	64	49	82	70	73	62	54	77	62	75	60	80	51	91	66	79	77	88	70	65	112	91	88	83	99	75	89	93	111	86	86	112	126	136	97	124	103	109	109	123	114	118	296	258	249	235	233	218	213	221	226	239	245	1905	1882	2304	2634	1048	1808	1879	1613	1947	1197	2941	340	359	396	407	391	332	341	410	397	351	280	125	141	124	126	131	111	120	128	134	111	95	
2485.92968747511	63	58	40	75	64	73	63	51	62	45	57	67	67	58	71	48	57	64	56	74	72	61	70	77	58	62	58	51	51	66	57	68	47	64	57	74	64	58	65	81	77	85	73	53	66	60	78	53	83	63	79	76	65	88	80	92	90	106	76	93	76	86	95	89	58	90	108	107	112	128	124	115	123	116	113	108	124	247	266	285	217	207	256	258	243	241	283	251	1946	1911	2327	2716	1078	1814	1910	1735	2037	1256	2950	367	370	403	401	370	336	402	385	374	340	301	129	119	136	124	119	147	133	118	147	133	125	
2487.27671872512	66	45	60	75	62	63	54	65	55	50	65	54	62	63	67	50	68	67	63	60	67	46	65	64	53	64	62	74	51	70	65	69	60	71	75	62	73	61	50	87	69	64	58	60	74	50	73	52	69	75	84	77	68	64	73	83	90	73	79	93	76	80	90	80	77	79	112	138	105	115	142	116	116	122	134	130	103	267	280	273	251	254	236	255	264	246	247	263	1918	2011	2463	2829	1110	1886	1962	1678	2027	1275	3046	377	403	412	423	401	392	354	437	376	325	335	129	136	136	140	135	153	134	139	121	150	126	
2488.62343747512	74	57	64	65	67	71	46	51	41	71	73	65	53	57	46	66	43	69	69	62	59	49	68	64	58	60	61	79	65	70	75	65	77	74	89	54	60	73	69	66	68	62	74	66	78	59	88	36	94	80	67	69	60	81	77	78	71	90	83	65	90	72	79	79	74	92	129	138	109	117	146	136	110	111	132	108	124	275	289	273	226	223	246	254	239	243	269	278	1975	1911	2368	2645	1087	1810	1934	1661	1973	1309	3158	384	380	440	419	414	359	397	431	362	366	316	144	134	130	105	124	120	130	159	116	116	109	
2489.96968747511	54	64	47	62	47	63	52	71	66	64	62	53	61	62	68	71	91	60	53	89	64	67	62	81	70	56	93	64	58	73	75	51	60	78	73	75	58	63	71	53	80	66	65	56	74	88	71	61	77	69	72	81	51	72	74	91	86	85	83	96	90	78	89	62	77	83	127	114	107	113	137	122	121	121	140	121	116	309	247	314	221	219	236	236	239	236	247	210	1896	1877	2395	2755	1097	1869	1921	1637	2034	1279	3095	342	412	404	438	368	366	411	438	415	325	326	129	105	132	133	125	140	133	134	140	133	123	
2491.31562497511	53	47	73	56	59	57	44	59	54	46	40	81	61	69	70	69	75	61	67	48	69	56	51	84	50	75	69	80	53	71	62	80	70	77	69	63	75	74	63	76	70	51	78	101	76	71	72	50	67	87	89	81	51	92	74	92	86	82	89	79	97	82	97	86	79	87	99	139	114	114	130	126	109	118	134	123	127	266	255	259	250	226	210	255	232	252	240	297	1875	1914	2373	2702	1108	1948	1876	1589	2010	1327	3101	384	382	421	391	440	340	397	445	389	370	315	137	134	121	117	136	126	127	130	145	117	99	
2492.66124997512	66	58	48	48	80	48	71	53	45	54	52	76	40	90	58	49	59	72	63	43	74	55	70	62	77	67	53	70	68	68	67	64	80	69	67	49	77	57	66	75	69	77	65	82	58	78	68	53	85	86	85	91	79	66	62	64	64	93	89	77	89	82	95	92	77	106	119	135	91	92	124	125	117	133	109	122	115	259	275	273	219	240	247	255	242	226	270	267	1893	1944	2334	2777	1107	1843	1910	1580	2065	1298	3082	357	377	444	432	402	372	443	431	378	358	357	137	128	133	130	116	128	131	140	130	127	89	
2494.00656247512	64	80	66	61	66	51	79	54	70	52	59	39	69	41	59	57	73	69	62	63	63	64	67	66	61	77	64	65	55	76	85	59	48	68	76	76	66	68	81	61	78	74	76	60	82	69	80	44	73	79	81	92	81	79	70	114	70	96	106	87	75	105	85	70	65	94	127	111	125	126	112	116	129	135	117	112	113	251	259	257	226	243	234	269	249	244	246	251	1910	1860	2352	2726	1090	1883	1947	1693	2121	1280	3191	329	363	464	425	390	400	382	438	408	348	342	121	139	126	139	127	157	154	108	113	118	136	
2495.35140622512	53	53	54	68	69	53	64	58	58	71	62	56	69	61	71	82	76	61	74	44	70	63	52	80	58	75	54	69	73	80	78	57	60	82	86	50	86	71	61	70	70	67	63	67	76	68	79	53	85	68	73	69	68	62	87	86	105	78	100	81	121	83	90	85	88	74	110	115	121	123	130	125	102	99	125	133	119	252	254	257	220	247	232	249	257	236	245	273	1835	1865	2313	2751	1096	1806	1878	1598	1951	1294	3124	367	386	407	403	404	370	385	415	369	386	329	142	118	133	125	140	132	133	110	134	136	124	
2496.69593747511	46	46	58	57	62	65	69	60	55	49	51	75	53	65	66	53	72	55	48	80	41	67	51	76	82	65	56	69	67	68	63	65	64	55	76	83	71	76	65	66	58	57	64	67	64	92	64	49	87	67	57	77	95	65	82	95	82	98	85	102	101	101	81	94	88	73	110	122	106	111	109	107	102	132	122	125	130	259	244	263	231	230	239	229	229	230	263	263	1735	1846	2316	2722	1087	1836	1856	1585	2021	1270	3147	347	310	440	397	369	365	371	418	360	383	321	125	144	119	103	102	139	144	142	120	137	117	
2498.04015622511	75	66	65	56	64	76	67	60	53	44	64	74	63	64	42	56	59	74	61	73	69	65	66	71	53	74	74	71	46	56	64	67	73	69	86	73	62	58	69	63	79	85	71	71	91	89	83	59	63	88	72	90	84	86	68	102	76	99	89	83	80	79	100	101	87	93	119	117	129	105	104	123	132	125	120	123	140	241	244	276	229	230	258	234	251	213	246	263	1780	1890	2273	2674	1067	1851	1873	1605	1981	1254	3093	342	357	381	435	399	381	399	398	379	349	313	123	123	121	120	136	136	138	148	148	115	146	
2499.38281247511	75	47	54	44	54	62	46	55	54	69	46	47	67	69	44	58	51	42	61	62	61	59	54	67	47	56	51	69	51	71	59	85	63	69	59	46	61	72	68	62	50	39	64	49	71	68	62	50	67	96	69	65	64	60	75	77	83	83	80	79	92	76	95	67	89	93	98	140	107	103	125	122	145	98	102	122	124	246	259	247	245	244	225	214	249	201	203	261	1832	1859	2347	2693	1021	1881	1861	1612	1939	1287	3137	330	388	429	453	349	381	357	390	403	348	307	107	133	124	117	142	130	131	119	118	121	123	